"flight_date","dep_time","sched_dep_time","dep_delay","arr_time","sched_arr_time","arr_delay","airline","tail_number","flight_number","origin","dest","air_time","actual_elapsed_time","distance","cancelled","diverted"
"2018-10-01",540,545,-5,639,650,-11,DL,N910DL,708,TLH,ATL,41,59,223,0,0
"2018-10-01",625,600,25,821,805,16,DL,N813DN,1237,ECP,ATL,41,56,240,0,0
"2018-10-01",556,600,-4,757,807,-10,DL,N938DL,2714,VPS,ATL,42,61,250,0,0
"2018-10-01",615,622,-7,731,746,-15,MQ,N662EH,3570,TLH,MIA,61,76,402,0,0
"2018-10-01",623,634,-11,914,915,-1,OH,N555NN,5623,VPS,CLT,66,111,460,0,0
"2018-10-01",633,636,-3,754,810,-16,OH,N518AE,5584,TLH,CLT,61,81,386,0,0
"2018-10-01",639,644,-5,842,850,-8,OH,N534EA,5082,TLH,DCA,106,123,716,0,0
"2018-10-01",650,700,-10,856,920,-24,EV,N605QX,2889,ECP,DFW,98,126,685,0,0
"2018-10-01",651,700,-9,846,855,-9,EV,N13988,3979,ECP,IAH,91,115,572,0,0
"2018-10-01",721,700,21,1011,946,25,G4,"224NV",1900,VPS,CVG,87,110,600,0,0
"2018-10-01",655,700,-5,900,919,-19,AA,N984TW,1538,VPS,DFW,100,125,641,0,0
"2018-10-01",652,700,-8,800,804,-4,DL,N340NW,496,TLH,ATL,41,68,223,0,0
"2018-10-01",701,705,-4,853,903,-10,YV,N244LR,5725,DFW,VPS,89,112,641,0,0
"2018-10-01",713,715,-2,928,926,2,DL,N948DL,955,VPS,ATL,42,75,250,0,0
"2018-10-01",713,715,-2,920,925,-5,DL,N3759,2430,ECP,ATL,41,67,240,0,0
"2018-10-01",739,740,-1,904,900,4,WN,N756SA,1764,BNA,ECP,66,85,401,0,0
"2018-10-01",738,745,-7,851,900,-9,WN,N798SW,4197,ECP,BNA,62,73,401,0,0
"2018-10-01",744,750,-6,1028,1035,-7,EV,N717EV,2899,ECP,CLT,68,104,437,0,0
"2018-10-01",744,751,-7,847,916,-29,MQ,N245NN,4116,TLH,DFW,108,123,767,0,0
"2018-10-01",820,826,-6,1023,1037,-14,G4,"274NV",1914,VPS,MCI,104,123,764,0,0
"2018-10-01",831,836,-5,931,941,-10,"9E",N922XJ,3281,ATL,TLH,35,60,223,0,0
"2018-10-01",847,850,-3,1008,1023,-15,YX,N408YX,4609,DCA,VPS,110,141,789,0,0
"2018-10-01",851,855,-4,918,931,-13,OH,N564NN,5564,CLT,VPS,73,87,460,0,0
"2018-10-01",852,900,-8,1052,1052,0,YV,N89304,6222,VPS,IAH,93,120,528,0,0
"2018-10-01",900,900,0,1022,1025,-3,OH,N590NN,5272,CLT,TLH,62,82,386,0,0
"2018-10-01",902,900,2,902,903,-1,DL,N993DL,2029,ATL,ECP,46,60,240,0,0
"2018-10-01",941,930,11,1128,1125,3,WN,N756SA,1764,ECP,DAL,95,107,674,0,0
"2018-10-01",921,935,-14,1131,1144,-13,YV,N244LR,5725,VPS,DFW,99,130,641,0,0
"2018-10-01",941,944,-3,941,950,-9,DL,N913DL,2716,ATL,VPS,40,60,250,0,0
"2018-10-01",947,947,0,1139,1149,-10,DL,N993DL,2029,ECP,ATL,41,52,240,0,0
"2018-10-01",952,1000,-8,1150,1145,5,EV,N14562,4451,IAH,ECP,93,118,572,0,0
"2018-10-01",951,1001,-10,1226,1247,-21,OH,N564NN,5564,VPS,CLT,71,95,460,0,0
"2018-10-01",1009,1019,-10,1124,1127,-3,"9E",N922XJ,3281,TLH,ATL,44,75,223,0,0
"2018-10-01",1023,1025,-2,1150,1150,0,MQ,N673AE,3663,MIA,TLH,75,87,402,0,0
"2018-10-01",1053,1031,22,1130,1118,12,G4,"224NV",1901,CVG,VPS,80,97,600,0,0
"2018-10-01",1027,1034,-7,1246,1249,-3,DL,N913DL,2716,VPS,ATL,43,79,250,0,0
"2018-10-01",1044,1050,-6,1133,1150,-17,DL,N944DL,489,ATL,TLH,36,49,223,0,0
"2018-10-01",1043,1054,-11,1400,1408,-8,YX,N408YX,4609,VPS,DCA,114,137,789,0,0
"2018-10-01",1145,1055,50,1340,1228,72,OH,N590NN,5272,TLH,CLT,64,115,386,0,0
"2018-10-01",1044,1055,-11,1236,1255,-19,YV,N906FJ,5740,DFW,VPS,86,112,641,0,0
"2018-10-01",1109,1112,-3,1102,1116,-14,DL,N943DL,1733,ATL,ECP,39,53,240,0,0
"2018-10-01",1107,1122,-15,1304,1326,-22,G4,"274NV",1915,MCI,VPS,101,117,764,0,0
"2018-10-01",1124,1131,-7,1200,1210,-10,EV,N717EV,2916,CLT,ECP,64,96,437,0,0
"2018-10-01",1207,1155,12,1349,1344,5,EV,N16571,3995,IAH,VPS,75,102,528,0,0
"2018-10-01",1155,1200,-5,1358,1412,-14,DL,N943DL,1733,ECP,ATL,39,63,240,0,0
"2018-10-01",1223,1209,14,1519,1504,15,G4,"224NV",1916,VPS,LCK,94,116,675,0,0
"2018-10-01",1209,1220,-11,1354,1409,-15,AA,N9618A,1047,DFW,VPS,89,105,641,0,0
"2018-10-01",1215,1225,-10,1405,1424,-19,EV,N616QX,2895,DFW,ECP,93,110,685,0,0
"2018-10-01",1224,1230,-6,1345,1355,-10,MQ,N673AE,3663,TLH,MIA,64,81,402,0,0
"2018-10-01",1227,1234,-7,1329,1348,-19,DL,N944DL,489,TLH,ATL,42,62,223,0,0
"2018-10-01",1238,1240,-2,1439,1459,-20,EV,N717EV,2876,ECP,DFW,97,121,685,0,0
"2018-10-01",1305,1305,0,1606,1612,-6,MQ,N250NN,4069,DFW,TLH,101,121,767,0,0
"2018-10-01",1305,1306,-1,1346,1349,-3,OH,N566NN,5500,CLT,VPS,66,101,460,0,0
"2018-10-01",1310,1315,-5,1453,1500,-7,WN,N8622A,3079,DAL,ECP,87,103,674,0,0
"2018-10-01",1312,1315,-3,1440,1446,-6,OH,N588NN,5662,CLT,TLH,55,88,386,0,0
"2018-10-01",1309,1320,-11,1504,1515,-11,EV,N14562,4134,ECP,IAH,95,115,572,0,0
"2018-10-01",1321,1328,-7,1523,1535,-12,YV,N906FJ,5740,VPS,DFW,96,122,641,0,0
"2018-10-01",1338,1342,-4,1337,1348,-11,DL,N936DL,2873,ATL,VPS,41,59,250,0,0
"2018-10-01",1346,1354,-8,1343,1352,-9,DL,N955DL,2506,ATL,ECP,40,57,240,0,0
"2018-10-01",1415,1415,0,1610,1610,0,EV,N16571,4042,VPS,IAH,92,115,528,0,0
"2018-10-01",1420,1421,-1,1511,1523,-12,DL,N994AT,1399,ATL,TLH,38,51,223,0,0
"2018-10-01",1425,1426,-1,1722,1714,8,OH,N566NN,5500,VPS,CLT,81,117,460,0,0
"2018-10-01",1427,1432,-5,1650,1644,6,DL,N936DL,2873,VPS,ATL,44,83,250,0,0
"2018-10-01",1426,1436,-10,1649,1643,6,DL,N955DL,2506,ECP,ATL,43,83,240,0,0
"2018-10-01",1452,1439,13,1615,1608,7,MQ,N657AE,3861,MIA,TLH,63,83,402,0,0
"2018-10-01",1501,1445,16,1641,1630,11,EV,N13553,4249,IAH,ECP,83,100,572,0,0
"2018-10-01",1444,1449,-5,1643,1708,-25,AA,N9618A,1047,VPS,DFW,97,119,641,0,0
"2018-10-01",1434,1458,-24,1725,1744,-19,EV,N616QX,2916,ECP,CLT,74,111,437,0,0
"2018-10-01",1510,1510,0,1510,1516,-6,DL,N904DE,2802,ATL,VPS,39,60,250,0,0
"2018-10-01",1518,1525,-7,1722,1705,17,OH,N588NN,5662,TLH,CLT,71,124,386,0,0
"2018-10-01",1541,1545,-4,1718,1725,-7,WN,N8622A,3081,ECP,HOU,88,97,571,0,0
"2018-10-01",1552,1558,-6,1650,1707,-17,DL,N994AT,1399,TLH,ATL,41,58,223,0,0
"2018-10-01",1600,1600,0,1812,1813,-1,DL,N904DE,2802,VPS,ATL,51,72,250,0,0
"2018-10-01",1612,1610,2,1732,1737,-5,OH,N558NN,5248,CLT,TLH,60,80,386,0,0
"2018-10-01",1613,1617,-4,1701,1712,-11,DL,N999DN,1786,ATL,TLH,36,48,223,0,0
"2018-10-01",,1620,,,1809,,EV,N14568,4412,IAH,VPS,,,528,1,0
"2018-10-01",1636,1642,-6,1751,1805,-14,MQ,N250NN,4069,TLH,DFW,114,135,767,0,0
"2018-10-01",1712,1650,22,1859,1846,13,YV,N326MS,5906,DFW,VPS,88,107,641,0,0
"2018-10-01",1707,1700,7,1906,1855,11,EV,N13553,3967,ECP,IAH,99,119,572,0,0
"2018-10-01",1728,1715,13,1905,1900,5,WN,N7748A,1484,HOU,ECP,85,97,571,0,0
"2018-10-01",1654,1701,-7,1810,1827,-17,MQ,N657AE,3861,TLH,MIA,62,76,402,0,0
"2018-10-01",1755,1759,-4,2008,2013,-5,DL,N982DL,1403,ECP,ATL,42,73,240,0,0
"2018-10-01",1709,1713,-4,1703,1711,-8,DL,N982DL,1403,ATL,ECP,43,54,240,0,0
"2018-10-01",1717,1719,-2,1714,1722,-8,DL,N964DL,1167,ATL,VPS,40,57,250,0,0
"2018-10-01",1723,1730,-7,1843,1859,-16,MQ,N900AE,3844,MIA,TLH,62,80,402,0,0
"2018-10-01",1743,1745,-2,1804,1824,-20,OH,N570NN,5709,CLT,VPS,65,81,460,0,0
"2018-10-01",1749,1755,-6,1912,1927,-15,YX,N120HQ,4660,CLT,TLH,57,83,386,0,0
"2018-10-01",1740,1756,-16,1846,1903,-17,DL,N999DN,1786,TLH,ATL,39,66,223,0,0
"2018-10-01",1800,1804,-4,1854,1910,-16,DL,N893AT,678,ATL,TLH,37,54,223,0,0
"2018-10-01",1805,1805,0,1953,1952,1,YV,N85354,6215,IAH,VPS,79,108,528,0,0
"2018-10-01",1824,1830,-6,1855,1914,-19,EV,N616QX,2890,CLT,ECP,62,91,437,0,0
"2018-10-01",1759,1806,-7,2019,2030,-11,DL,N964DL,1167,VPS,ATL,41,80,250,0,0
"2018-10-01",1801,1808,-7,1925,1940,-15,OH,N558NN,5248,TLH,CLT,66,84,386,0,0
"2018-10-01",,1845,,,2044,,EV,N14568,4260,VPS,IAH,,,528,1,0
"2018-10-01",1835,1845,-10,2025,2044,-19,AA,N7541A,1445,DFW,VPS,85,110,641,0,0
"2018-10-01",1841,1854,-13,2133,2136,-3,OH,N570NN,5709,VPS,CLT,76,112,460,0,0
"2018-10-01",1842,1850,-8,2038,2055,-17,EV,N605QX,2870,DFW,ECP,92,116,685,0,0
"2018-10-01",1906,1927,-21,2027,2050,-23,MQ,N900AE,3844,TLH,MIA,62,81,402,0,0
"2018-10-01",1937,1921,16,2132,2130,2,YV,N326MS,5906,VPS,DFW,96,115,641,0,0
"2018-10-01",1932,1930,2,2045,2050,-5,WN,N7748A,1484,ECP,BNA,62,73,401,0,0
"2018-10-01",1931,1934,-3,1940,1940,0,DL,N3734B,2431,ATL,ECP,39,69,240,0,0
"2018-10-01",1955,2000,-5,2142,2145,-3,EV,N14991,4190,IAH,ECP,80,107,572,0,0
"2018-10-01",1930,1936,-6,1942,1945,-3,DL,N954DL,1856,ATL,VPS,39,72,250,0,0
"2018-10-01",2136,1940,116,2258,2050,128,WN,N742SW,3723,BNA,ECP,62,82,401,0,0
"2018-10-01",1934,1945,-11,2043,2056,-13,DL,N893AT,678,TLH,ATL,42,69,223,0,0
"2018-10-01",2036,2000,36,2240,2213,27,OH,N508AE,5597,DCA,TLH,103,124,716,0,0
"2018-10-01",1945,2010,-25,2125,2141,-16,YX,N120HQ,4660,TLH,CLT,69,100,386,0,0
"2018-10-01",2001,2017,-16,2059,2117,-18,G4,"224NV",1917,LCK,VPS,95,118,675,0,0
"2018-10-01",2220,2051,89,2313,2155,78,DL,N917DL,1669,ATL,TLH,38,53,223,0,0
"2018-10-01",2026,2030,-4,2340,2335,5,MQ,N249NN,4131,DFW,TLH,110,134,767,0,0
"2018-10-01",2230,2232,-2,2351,2359,-8,OH,N716PS,5284,CLT,TLH,63,81,386,0,0
"2018-10-01",2141,2145,-4,2309,2318,-9,MQ,N696AE,3325,MIA,TLH,63,88,402,0,0
"2018-10-01",2242,2245,-3,2239,2250,-11,DL,N841DN,2303,ATL,ECP,39,57,240,0,0
"2018-10-02",555,600,-5,752,808,-16,DL,N841DN,1237,ECP,ATL,41,57,240,0,0
"2018-10-01",2239,2241,-2,2333,2345,-12,DL,N955DL,485,ATL,TLH,38,54,223,0,0
"2018-10-01",2237,2241,-4,2305,2320,-15,OH,N576NN,5696,CLT,VPS,68,88,460,0,0
"2018-10-01",2241,2242,-1,2245,2248,-3,DL,N918DE,1590,ATL,VPS,39,64,250,0,0
"2018-10-02",541,545,-4,641,650,-9,DL,N955DL,708,TLH,ATL,40,60,223,0,0
"2018-10-02",607,622,-15,726,746,-20,MQ,N696AE,3570,TLH,MIA,60,79,402,0,0
"2018-10-02",554,600,-6,751,807,-16,DL,N954DL,2714,VPS,ATL,41,57,250,0,0
"2018-10-02",638,644,-6,827,850,-23,OH,N508AE,5082,TLH,DCA,97,109,716,0,0
"2018-10-02",631,634,-3,913,915,-2,OH,N576NN,5623,VPS,CLT,66,102,460,0,0
"2018-10-02",629,636,-7,759,810,-11,OH,N716PS,5584,TLH,CLT,59,90,386,0,0
"2018-10-02",656,700,-4,856,920,-24,EV,N605QX,2889,ECP,DFW,99,120,685,0,0
"2018-10-02",653,700,-7,840,855,-15,EV,N14991,3979,ECP,IAH,86,107,572,0,0
"2018-10-02",652,700,-8,758,803,-5,DL,N917DL,496,TLH,ATL,39,66,223,0,0
"2018-10-02",654,700,-6,904,919,-15,AA,N7541A,1538,VPS,DFW,105,130,641,0,0
"2018-10-02",736,740,-4,843,900,-17,WN,N7748A,1764,BNA,ECP,56,67,401,0,0
"2018-10-02",708,715,-7,923,926,-3,DL,N918DE,955,VPS,ATL,45,75,250,0,0
"2018-10-02",713,715,-2,921,925,-4,DL,N3734B,2430,ECP,ATL,43,68,240,0,0
"2018-10-02",739,750,-11,1008,1035,-27,EV,N616QX,2899,ECP,CLT,65,89,437,0,0
"2018-10-02",738,745,-7,857,900,-3,WN,N742SW,4197,ECP,BNA,60,79,401,0,0
"2018-10-02",742,751,-9,855,916,-21,MQ,N249NN,4116,TLH,DFW,109,133,767,0,0
"2018-10-02",832,836,-4,922,941,-19,"9E",N929XJ,3281,ATL,TLH,37,50,223,0,0
"2018-10-02",841,850,-9,1013,1023,-10,YX,N113HQ,4609,DCA,VPS,111,152,789,0,0
"2018-10-02",856,900,-4,1035,1052,-17,YV,N85354,6222,VPS,IAH,84,99,528,0,0
"2018-10-02",850,855,-5,919,931,-12,OH,N563NN,5564,CLT,VPS,68,89,460,0,0
"2018-10-02",903,900,3,1028,1025,3,OH,N589NN,5272,CLT,TLH,65,85,386,0,0
"2018-10-02",924,930,-6,1110,1125,-15,WN,N7748A,1764,ECP,DAL,94,106,674,0,0
"2018-10-02",854,900,-6,854,903,-9,DL,N992DL,2029,ATL,ECP,43,60,240,0,0
"2018-10-02",926,930,-4,1111,1112,-1,G4,"274NV",1902,VPS,BLV,85,105,587,0,0
"2018-10-02",942,947,-5,1141,1149,-8,DL,N992DL,2029,ECP,ATL,38,59,240,0,0
"2018-10-02",953,1000,-7,1145,1145,0,EV,N11536,4451,IAH,ECP,88,112,572,0,0
"2018-10-02",944,944,0,942,950,-8,DL,N915DE,2716,ATL,VPS,42,58,250,0,0
"2018-10-02",958,1000,-2,1248,1246,2,G4,"305NV",1900,VPS,CVG,90,110,600,0,0
"2018-10-02",1014,1020,-6,1125,1128,-3,"9E",N929XJ,3281,TLH,ATL,41,71,223,0,0
"2018-10-02",958,1001,-3,1230,1247,-17,OH,N563NN,5564,VPS,CLT,68,92,460,0,0
"2018-10-02",1028,1034,-6,1238,1249,-11,DL,N915DE,2716,VPS,ATL,42,70,250,0,0
"2018-10-02",1022,1025,-3,1148,1150,-2,MQ,N905JH,3663,MIA,TLH,67,86,402,0,0
"2018-10-02",1045,1050,-5,1137,1150,-13,DL,N973DL,489,ATL,TLH,37,52,223,0,0
"2018-10-02",1108,1112,-4,1105,1116,-11,DL,N918DE,1733,ATL,ECP,39,57,240,0,0
"2018-10-02",1100,1054,6,1425,1408,17,YX,N113HQ,4609,VPS,DCA,121,145,789,0,0
"2018-10-02",1051,1055,-4,1222,1228,-6,OH,N589NN,5272,TLH,CLT,62,91,386,0,0
"2018-10-02",1051,1055,-4,1243,1255,-12,YV,N909FJ,5740,DFW,VPS,88,112,641,0,0
"2018-10-02",1128,1131,-3,1204,1210,-6,EV,N617QX,2916,CLT,ECP,67,96,437,0,0
"2018-10-02",1156,1157,-1,1337,1339,-2,G4,"274NV",1903,BLV,VPS,80,101,587,0,0
"2018-10-02",1150,1155,-5,1328,1344,-16,EV,N13538,3995,IAH,VPS,77,98,528,0,0
"2018-10-02",1225,1225,0,1415,1424,-9,EV,N717EV,2895,DFW,ECP,90,110,685,0,0
"2018-10-02",1152,1200,-8,1358,1412,-14,DL,N918DE,1733,ECP,ATL,42,66,240,0,0
"2018-10-02",1215,1230,-15,1335,1355,-20,MQ,N905JH,3663,TLH,MIA,61,80,402,0,0
"2018-10-02",1242,1240,2,1443,1459,-16,EV,N617QX,2876,ECP,DFW,99,121,685,0,0
"2018-10-02",1230,1234,-4,1327,1348,-21,DL,N973DL,489,TLH,ATL,39,57,223,0,0
"2018-10-02",1314,1306,8,1400,1349,11,OH,N572NN,5500,CLT,VPS,66,106,460,0,0
"2018-10-02",1308,1305,3,1607,1612,-5,MQ,N246NN,4069,DFW,TLH,100,119,767,0,0
"2018-10-02",1317,1315,2,1452,1446,6,OH,N589NN,5662,CLT,TLH,61,95,386,0,0
"2018-10-02",1316,1315,1,1456,1500,-4,WN,N8646B,3079,DAL,ECP,89,100,674,0,0
"2018-10-02",1332,1331,1,1409,1418,-9,G4,"305NV",1901,CVG,VPS,75,97,600,0,0
"2018-10-02",1315,1320,-5,1510,1515,-5,EV,N11536,4134,ECP,IAH,95,115,572,0,0
"2018-10-02",1329,1328,1,1530,1535,-5,YV,N909FJ,5740,VPS,DFW,97,121,641,0,0
"2018-10-02",1103,1415,1248,1308,1610,1258,EV,N14907,4042,VPS,IAH,90,125,528,0,0
"2018-10-02",1337,1342,-5,1338,1348,-10,DL,N906DE,2873,ATL,VPS,40,61,250,0,0
"2018-10-02",1351,1354,-3,1346,1352,-6,DL,N970DL,2506,ATL,ECP,39,55,240,0,0
"2018-10-02",1439,1426,13,1721,1714,7,OH,N572NN,5500,VPS,CLT,70,102,460,0,0
"2018-10-02",1420,1421,-1,1509,1523,-14,DL,N991AT,1399,ATL,TLH,39,49,223,0,0
"2018-10-02",1429,1432,-3,1638,1644,-6,DL,N906DE,2873,VPS,ATL,42,69,250,0,0
"2018-10-02",1552,1600,-8,1801,1813,-12,DL,N996DL,2802,VPS,ATL,47,69,250,0,0
"2018-10-02",1428,1436,-8,1632,1643,-11,DL,N970DL,2506,ECP,ATL,43,64,240,0,0
"2018-10-02",1429,1439,-10,1543,1608,-25,MQ,N689EC,3861,MIA,TLH,63,74,402,0,0
"2018-10-02",1459,1445,14,1659,1630,29,EV,N12900,4249,IAH,ECP,87,120,572,0,0
"2018-10-02",1450,1458,-8,1727,1744,-17,EV,N717EV,2916,ECP,CLT,62,97,437,0,0
"2018-10-02",1502,1508,-6,1743,1747,-4,G4,"274NV",1918,VPS,SDF,78,101,532,0,0
"2018-10-02",1505,1510,-5,1503,1516,-13,DL,N996DL,2802,ATL,VPS,40,58,250,0,0
"2018-10-02",1521,1525,-4,1704,1705,-1,OH,N589NN,5662,TLH,CLT,63,103,386,0,0
"2018-10-02",1543,1545,-2,1715,1725,-10,WN,N8646B,3081,ECP,HOU,81,92,571,0,0
"2018-10-02",1551,1558,-7,1651,1707,-16,DL,N991AT,1399,TLH,ATL,41,60,223,0,0
"2018-10-02",1559,1610,-11,1711,1737,-26,OH,N567NN,5248,CLT,TLH,57,72,386,0,0
"2018-10-02",1613,1617,-4,1704,1712,-8,DL,N990DL,1786,ATL,TLH,39,51,223,0,0
"2018-10-02",1717,1620,57,1900,1809,51,EV,N18556,4412,IAH,VPS,79,103,528,0,0
"2018-10-02",1633,1642,-9,1745,1805,-20,MQ,N246NN,4069,TLH,DFW,109,132,767,0,0
"2018-10-02",1655,1650,5,1844,1846,-2,YV,N914FJ,5906,DFW,VPS,84,109,641,0,0
"2018-10-02",1647,1701,-14,1802,1827,-25,MQ,N689EC,3861,TLH,MIA,62,75,402,0,0
"2018-10-02",1721,1700,21,1906,1855,11,EV,N12900,3967,ECP,IAH,85,105,572,0,0
"2018-10-02",1714,1715,-1,1848,1900,-12,WN,N401WN,1484,HOU,ECP,78,94,571,0,0
"2018-10-02",1711,1713,-2,1703,1711,-8,DL,N938DL,1403,ATL,ECP,41,52,240,0,0
"2018-10-02",1713,1719,-6,1714,1722,-8,DL,N983DL,1167,ATL,VPS,39,61,250,0,0
"2018-10-02",1748,1755,-7,1922,1927,-5,YX,N119HQ,4660,CLT,TLH,63,94,386,0,0
"2018-10-02",1728,1730,-2,1903,1859,4,MQ,N680AE,3844,MIA,TLH,64,95,402,0,0
"2018-10-02",1740,1745,-5,1811,1824,-13,OH,N593NN,5709,CLT,VPS,68,91,460,0,0
"2018-10-02",1750,1756,-6,1912,1903,9,DL,N990DL,1786,TLH,ATL,42,82,223,0,0
"2018-10-02",1758,1804,-6,1857,1910,-13,DL,N946AT,678,ATL,TLH,37,59,223,0,0
"2018-10-02",1748,1759,-11,2001,2013,-12,DL,N938DL,1403,ECP,ATL,40,73,240,0,0
"2018-10-02",1902,1805,57,2039,1952,47,YV,N86350,6215,IAH,VPS,76,97,528,0,0
"2018-10-02",1822,1830,-8,1849,1914,-25,EV,N717EV,2890,CLT,ECP,60,87,437,0,0
"2018-10-02",1758,1806,-8,2021,2030,-9,DL,N983DL,1167,VPS,ATL,46,83,250,0,0
"2018-10-02",1802,1808,-6,1926,1940,-14,OH,N567NN,5248,TLH,CLT,60,84,386,0,0
"2018-10-02",1820,1832,-12,1854,1910,-16,G4,"274NV",1919,SDF,VPS,68,94,532,0,0
"2018-10-02",1844,1850,-6,2035,2055,-20,EV,N611QX,2870,DFW,ECP,92,111,685,0,0
"2018-10-02",1924,1845,39,2139,2044,55,EV,N18556,4260,VPS,IAH,82,135,528,0,0
"2018-10-02",1841,1845,-4,2025,2044,-19,AA,N979TW,1445,DFW,VPS,86,104,641,0,0
"2018-10-02",1927,1930,-3,2043,2050,-7,WN,N401WN,1484,ECP,BNA,62,76,401,0,0
"2018-10-02",1845,1854,-9,2125,2136,-11,OH,N593NN,5709,VPS,CLT,75,100,460,0,0
"2018-10-02",1919,1921,-2,2124,2130,-6,YV,N914FJ,5906,VPS,DFW,92,125,641,0,0
"2018-10-02",1923,1927,-4,2044,2050,-6,MQ,N680AE,3844,TLH,MIA,60,81,402,0,0
"2018-10-02",1931,1934,-3,1931,1940,-9,DL,N379DA,2431,ATL,ECP,37,60,240,0,0
"2018-10-02",2108,1940,88,2224,2050,94,WN,N915WN,3723,BNA,ECP,54,76,401,0,0
"2018-10-02",1934,1936,-2,1945,1945,0,DL,N954DL,1856,ATL,VPS,38,71,250,0,0
"2018-10-02",2027,2030,-3,2328,2335,-7,MQ,N227NN,4131,DFW,TLH,103,121,767,0,0
"2018-10-02",1933,1945,-12,2036,2056,-20,DL,N946AT,678,TLH,ATL,40,63,223,0,0
"2018-10-02",2008,2000,8,2151,2145,6,EV,N14573,4190,IAH,ECP,80,103,572,0,0
"2018-10-02",2110,2000,70,2306,2213,53,OH,N540EA,5597,DCA,TLH,94,116,716,0,0
"2018-10-02",1953,2010,-17,2120,2141,-21,YX,N119HQ,4660,TLH,CLT,66,87,386,0,0
"2018-10-02",2046,2051,-5,2137,2155,-18,DL,N950DL,1669,ATL,TLH,36,51,223,0,0
"2018-10-02",2228,2241,-13,2334,2345,-11,DL,N965DL,485,ATL,TLH,42,66,223,0,0
"2018-10-02",2159,2145,14,2336,2318,18,MQ,N681AE,3325,MIA,TLH,64,97,402,0,0
"2018-10-02",2227,2232,-5,2353,2359,-6,OH,N545PB,5284,CLT,TLH,61,86,386,0,0
"2018-10-02",2231,2241,-10,2305,2320,-15,OH,N557NN,5696,CLT,VPS,66,94,460,0,0
"2018-10-02",2237,2242,-5,2242,2248,-6,DL,N943DL,1590,ATL,VPS,39,65,250,0,0
"2018-10-02",2234,2245,-11,2230,2250,-20,DL,N818DA,2303,ATL,ECP,38,56,240,0,0
"2018-10-03",538,545,-7,633,650,-17,DL,N950DL,708,TLH,ATL,38,55,223,0,0
"2018-10-03",551,600,-9,755,808,-13,DL,N818DA,1237,ECP,ATL,43,64,240,0,0
"2018-10-03",554,600,-6,802,807,-5,DL,N943DL,2714,VPS,ATL,46,68,250,0,0
"2018-10-03",611,622,-11,725,746,-21,MQ,N681AE,3570,TLH,MIA,59,74,402,0,0
"2018-10-03",623,634,-11,906,915,-9,OH,N557NN,5623,VPS,CLT,69,103,460,0,0
"2018-10-03",638,644,-6,837,850,-13,OH,N540EA,5082,TLH,DCA,104,119,716,0,0
"2018-10-03",632,636,-4,800,810,-10,OH,N545PB,5584,TLH,CLT,60,88,386,0,0
"2018-10-03",652,700,-8,900,920,-20,EV,N717EV,2889,ECP,DFW,100,128,685,0,0
"2018-10-03",656,700,-4,932,855,37,EV,N14573,3979,ECP,IAH,85,156,572,0,0
"2018-10-03",650,700,-10,901,919,-18,AA,N979TW,1538,VPS,DFW,101,131,641,0,0
"2018-10-03",644,700,-16,820,844,-24,G4,"224NV",1902,VPS,BLV,77,96,587,0,0
"2018-10-03",651,700,-9,753,810,-17,G4,"326NV",1424,PIT,VPS,98,122,775,0,0
"2018-10-03",655,700,-5,757,803,-6,DL,N965DL,496,TLH,ATL,44,62,223,0,0
"2018-10-03",708,715,-7,910,926,-16,DL,N954DL,955,VPS,ATL,45,62,250,0,0
"2018-10-03",710,715,-5,913,925,-12,DL,N379DA,2430,ECP,ATL,43,63,240,0,0
"2018-10-03",742,745,-3,848,900,-12,WN,N224WN,1281,BNA,ECP,56,66,401,0,0
"2018-10-03",729,730,-1,1103,1100,3,G4,"274NV",1990,VPS,EWR,134,154,988,0,0
"2018-10-03",744,750,-6,1026,1035,-9,EV,N611QX,2899,ECP,CLT,67,102,437,0,0
"2018-10-03",744,750,-6,859,910,-11,WN,N915WN,716,ECP,BNA,62,75,401,0,0
"2018-10-03",745,751,-6,851,916,-25,MQ,N227NN,4116,TLH,DFW,110,126,767,0,0
"2018-10-03",841,850,-9,1149,1151,-2,G4,"326NV",1425,VPS,PIT,111,128,775,0,0
"2018-10-03",831,836,-5,932,941,-9,"9E",N315PQ,3281,ATL,TLH,37,61,223,0,0
"2018-10-03",844,850,-6,957,1023,-26,YX,N437YX,4609,DCA,VPS,105,133,789,0,0
"2018-10-03",853,855,-2,923,931,-8,OH,N593NN,5564,CLT,VPS,70,90,460,0,0
"2018-10-03",855,900,-5,900,903,-3,DL,N943DL,2029,ATL,ECP,43,65,240,0,0
"2018-10-03",855,900,-5,1050,1052,-2,YV,N86350,6222,VPS,IAH,93,115,528,0,0
"2018-10-03",858,900,-2,1023,1025,-2,OH,N584NN,5272,CLT,TLH,68,85,386,0,0
"2018-10-03",916,929,-13,1056,1113,-17,G4,"224NV",1903,BLV,VPS,77,100,587,0,0
"2018-10-03",927,930,-3,1105,1115,-10,WN,N224WN,1281,ECP,HOU,83,98,571,0,0
"2018-10-03",939,944,-5,938,950,-12,DL,N953DL,2716,ATL,VPS,37,59,250,0,0
"2018-10-03",956,1001,-5,1236,1247,-11,OH,N593NN,5564,VPS,CLT,74,100,460,0,0
"2018-10-03",947,947,0,1144,1149,-5,DL,N943DL,2029,ECP,ATL,40,57,240,0,0
"2018-10-03",956,1000,-4,1150,1145,5,EV,N12900,4451,IAH,ECP,91,114,572,0,0
"2018-10-03",1009,1020,-11,1115,1128,-13,"9E",N315PQ,3281,TLH,ATL,44,66,223,0,0
"2018-10-03",1048,1050,-2,1142,1150,-8,DL,N977DL,489,ATL,TLH,40,54,223,0,0
"2018-10-03",1021,1025,-4,1150,1150,0,MQ,N661JA,3663,MIA,TLH,63,89,402,0,0
"2018-10-03",1023,1034,-11,1246,1249,-3,DL,N953DL,2716,VPS,ATL,48,83,250,0,0
"2018-10-03",1051,1055,-4,1246,1255,-9,YV,N911FJ,5740,DFW,VPS,86,115,641,0,0
"2018-10-03",1045,1054,-9,1412,1408,4,YX,N437YX,4609,VPS,DCA,122,147,789,0,0
"2018-10-03",1111,1112,-1,1107,1116,-9,DL,N976DL,1733,ATL,ECP,41,56,240,0,0
"2018-10-03",1051,1055,-4,1221,1228,-7,OH,N584NN,5272,TLH,CLT,65,90,386,0,0
"2018-10-03",1124,1131,-7,1152,1210,-18,EV,N720EV,2916,CLT,ECP,61,88,437,0,0
"2018-10-03",1150,1155,-5,1334,1344,-10,EV,N14991,3995,IAH,VPS,78,104,528,0,0
"2018-10-03",1152,1200,-8,1315,1345,-30,G4,"274NV",1991,EWR,VPS,130,143,988,0,0
"2018-10-03",1154,1200,-6,1405,1412,-7,DL,N976DL,1733,ECP,ATL,42,71,240,0,0
"2018-10-03",1231,1240,-9,1425,1459,-34,EV,N720EV,2876,ECP,DFW,95,114,685,0,0
"2018-10-03",1144,1203,-19,1433,1451,-18,G4,"224NV",1900,VPS,CVG,88,109,600,0,0
"2018-10-03",,1225,,,1424,,EV,N615QX,2895,DFW,ECP,,,685,1,0
"2018-10-03",1219,1230,-11,1334,1355,-21,MQ,N661JA,3663,TLH,MIA,62,75,402,0,0
"2018-10-03",1230,1234,-4,1330,1348,-18,DL,N977DL,489,TLH,ATL,44,60,223,0,0
"2018-10-03",1301,1306,-5,1345,1349,-4,OH,N584NN,5500,CLT,VPS,69,104,460,0,0
"2018-10-03",1304,1305,-1,1607,1612,-5,MQ,N241NN,4069,DFW,TLH,101,123,767,0,0
"2018-10-03",1308,1315,-7,1444,1446,-2,OH,N564NN,5662,CLT,TLH,58,96,386,0,0
"2018-10-03",1313,1320,-7,1510,1515,-5,EV,N12900,4134,ECP,IAH,93,117,572,0,0
"2018-10-03",1339,1342,-3,1340,1348,-8,DL,N912DL,2873,ATL,VPS,40,61,250,0,0
"2018-10-03",1328,1328,0,1527,1535,-8,YV,N911FJ,5740,VPS,DFW,97,119,641,0,0
"2018-10-03",1419,1426,-7,1725,1714,11,OH,N584NN,5500,VPS,CLT,73,126,460,0,0
"2018-10-03",1349,1354,-5,1349,1352,-3,DL,N903DE,2506,ATL,ECP,42,60,240,0,0
"2018-10-03",1407,1415,-8,1610,1610,0,EV,N14991,4042,VPS,IAH,92,123,528,0,0
"2018-10-03",1417,1421,-4,1512,1523,-11,DL,N895AT,1399,ATL,TLH,39,55,223,0,0
"2018-10-03",1424,1432,-8,1629,1644,-15,DL,N912DL,2873,VPS,ATL,46,65,250,0,0
"2018-10-03",1503,1439,24,1626,1608,18,MQ,N902BC,3861,MIA,TLH,61,83,402,0,0
"2018-10-03",1553,1558,-5,1705,1707,-2,DL,N895AT,1399,TLH,ATL,42,72,223,0,0
"2018-10-03",1427,1435,-8,1748,1746,2,G4,"274NV",1946,VPS,BWI,114,141,819,0,0
"2018-10-03",1431,1436,-5,1631,1643,-12,DL,N903DE,2506,ECP,ATL,41,60,240,0,0
"2018-10-03",1439,1445,-6,1625,1630,-5,EV,N18557,4249,IAH,ECP,86,106,572,0,0
"2018-10-03",,1458,,,1744,,EV,N615QX,2916,ECP,CLT,,,437,1,0
"2018-10-03",1509,1510,-1,1517,1516,1,DL,N998DL,2802,ATL,VPS,40,68,250,0,0
"2018-10-03",1520,1525,-5,1656,1705,-9,OH,N564NN,5662,TLH,CLT,61,96,386,0,0
"2018-10-03",1545,1551,-6,1621,1638,-17,G4,"224NV",1901,CVG,VPS,78,96,600,0,0
"2018-10-04",1004,1010,-6,1145,1155,-10,EV,N12567,4451,IAH,ECP,85,101,572,0,0
"2018-10-03",1558,1600,-2,1809,1813,-4,DL,N998DL,2802,VPS,ATL,44,71,250,0,0
"2018-10-03",1606,1610,-4,1726,1737,-11,OH,N552NN,5248,CLT,TLH,60,80,386,0,0
"2018-10-03",1612,1617,-5,1707,1712,-5,DL,N951DL,1786,ATL,TLH,37,55,223,0,0
"2018-10-03",1617,1620,-3,1759,1809,-10,EV,N13988,4412,IAH,VPS,78,102,528,0,0
"2018-10-03",1634,1642,-8,1744,1805,-21,MQ,N241NN,4069,TLH,DFW,110,130,767,0,0
"2018-10-03",1646,1650,-4,1843,1846,-3,YV,N244LR,5906,DFW,VPS,87,117,641,0,0
"2018-10-03",1654,1700,-6,1839,1855,-16,EV,N18557,3967,ECP,IAH,85,105,572,0,0
"2018-10-03",1654,1701,-7,1815,1827,-12,MQ,N902BC,3861,TLH,MIA,60,81,402,0,0
"2018-10-03",1712,1710,2,1845,1845,0,WN,N431WN,2008,HOU,ECP,81,93,571,0,0
"2018-10-03",1707,1713,-6,1704,1711,-7,DL,N918DE,1403,ATL,ECP,39,57,240,0,0
"2018-10-03",1716,1719,-3,1715,1722,-7,DL,N987DL,1167,ATL,VPS,40,59,250,0,0
"2018-10-03",1723,1730,-7,1844,1859,-15,MQ,N662EH,3844,MIA,TLH,61,81,402,0,0
"2018-10-03",1755,1745,10,1829,1824,5,OH,N576NN,5709,CLT,VPS,68,94,460,0,0
"2018-10-03",1753,1755,-2,1912,1927,-15,YX,N127HQ,4660,CLT,TLH,61,79,386,0,0
"2018-10-03",1754,1756,-2,1902,1903,-1,DL,N951DL,1786,TLH,ATL,44,68,223,0,0
"2018-10-03",1758,1759,-1,2013,2013,0,DL,N918DE,1403,ECP,ATL,43,75,240,0,0
"2018-10-03",1811,1804,7,1912,1910,2,DL,N942AT,678,ATL,TLH,39,61,223,0,0
"2018-10-03",1803,1805,-2,1939,1952,-13,YV,N87360,6215,IAH,VPS,80,96,528,0,0
"2018-10-03",1756,1806,-10,2018,2030,-12,DL,N987DL,1167,VPS,ATL,44,82,250,0,0
"2018-10-03",1754,1808,-14,1919,1940,-21,OH,N552NN,5248,TLH,CLT,60,85,386,0,0
"2018-10-03",,1830,,,1914,,EV,N615QX,2890,CLT,ECP,,,437,1,0
"2018-10-03",1828,1831,-3,1929,1951,-22,G4,"274NV",1947,BWI,VPS,104,121,819,0,0
"2018-10-03",1827,1845,-18,2000,2044,-44,EV,N13988,4260,VPS,IAH,77,93,528,0,0
"2018-10-03",1854,1845,9,2047,2044,3,AA,N9628W,1445,DFW,VPS,85,113,641,0,0
"2018-10-03",1846,1850,-4,2042,2055,-13,EV,N720EV,2870,DFW,ECP,92,116,685,0,0
"2018-10-03",1852,1854,-2,2127,2136,-9,OH,N576NN,5709,VPS,CLT,73,95,460,0,0
"2018-10-03",1912,1921,-9,2115,2130,-15,YV,N244LR,5906,VPS,DFW,100,123,641,0,0
"2018-10-03",1917,1927,-10,2030,2050,-20,MQ,N662EH,3844,TLH,MIA,60,73,402,0,0
"2018-10-03",1932,1934,-2,1943,1940,3,DL,N3772H,2431,ATL,ECP,38,71,240,0,0
"2018-10-03",1931,1935,-4,2046,2050,-4,WN,N7877H,1378,BNA,ECP,63,75,401,0,0
"2018-10-03",1932,1935,-3,2048,2055,-7,WN,N431WN,2008,ECP,BNA,64,76,401,0,0
"2018-10-03",1941,1936,5,1952,1945,7,DL,N974DL,1856,ATL,VPS,39,71,250,0,0
"2018-10-03",1939,1945,-6,2044,2056,-12,DL,N942AT,678,TLH,ATL,43,65,223,0,0
"2018-10-03",1950,2000,-10,2129,2145,-16,EV,N14570,4190,IAH,ECP,83,99,572,0,0
"2018-10-03",1955,2000,-5,2151,2213,-22,OH,N501AE,5597,DCA,TLH,95,116,716,0,0
"2018-10-03",1956,2010,-14,2122,2141,-19,YX,N127HQ,4660,TLH,CLT,63,86,386,0,0
"2018-10-03",2025,2030,-5,2332,2335,-3,MQ,N248NN,4131,DFW,TLH,100,127,767,0,0
"2018-10-03",2050,2051,-1,2145,2155,-10,DL,N924DL,1669,ATL,TLH,37,55,223,0,0
"2018-10-03",2135,2145,-10,2303,2318,-15,MQ,N667GB,3325,MIA,TLH,61,88,402,0,0
"2018-10-03",2228,2232,-4,2346,2359,-13,OH,N709PS,5284,CLT,TLH,60,78,386,0,0
"2018-10-03",2239,2241,-2,2339,2345,-6,DL,N903DE,485,ATL,TLH,37,60,223,0,0
"2018-10-03",2234,2241,-7,2301,2320,-19,OH,N566NN,5696,CLT,VPS,65,87,460,0,0
"2018-10-03",2239,2242,-3,2247,2248,-1,DL,N949DL,1590,ATL,VPS,39,68,250,0,0
"2018-10-03",2243,2245,-2,2246,2250,-4,DL,N896DN,2303,ATL,ECP,37,63,240,0,0
"2018-10-04",543,545,-2,641,650,-9,DL,N903DE,708,TLH,ATL,40,58,223,0,0
"2018-10-04",554,600,-6,753,808,-15,DL,N896DN,1237,ECP,ATL,41,59,240,0,0
"2018-10-04",552,600,-8,801,807,-6,DL,N949DL,2714,VPS,ATL,44,69,250,0,0
"2018-10-04",553,600,-7,712,725,-13,OH,N709PS,5584,TLH,CLT,62,79,386,0,0
"2018-10-04",559,609,-10,834,851,-17,EV,N720EV,2899,ECP,CLT,71,95,437,0,0
"2018-10-04",618,624,-6,739,746,-7,MQ,N667GB,3570,TLH,MIA,64,81,402,0,0
"2018-10-04",627,634,-7,918,915,3,OH,N566NN,5623,VPS,CLT,70,111,460,0,0
"2018-10-04",640,644,-4,835,850,-15,OH,N501AE,5150,TLH,DCA,101,115,716,0,0
"2018-10-04",653,700,-7,836,855,-19,EV,N14570,3979,ECP,IAH,84,103,572,0,0
"2018-10-04",657,700,-3,845,901,-16,G4,"274NV",1992,VPS,AUS,91,108,666,0,0
"2018-10-04",657,700,-3,803,803,0,DL,N924DL,496,TLH,ATL,44,66,223,0,0
"2018-10-04",653,700,-7,844,919,-35,AA,N9628W,1538,VPS,DFW,90,111,641,0,0
"2018-10-04",,701,,,920,,EV,N615QX,2889,ECP,DFW,,,685,1,0
"2018-10-04",710,705,5,905,901,4,YV,N909FJ,5725,DFW,VPS,89,115,641,0,0
"2018-10-04",708,715,-7,920,926,-6,DL,N974DL,955,VPS,ATL,43,72,250,0,0
"2018-10-04",711,715,-4,911,925,-14,DL,N3772H,2430,ECP,ATL,41,60,240,0,0
"2018-10-04",719,730,-11,916,937,-21,G4,"224NV",1908,VPS,OKC,98,117,726,0,0
"2018-10-04",745,745,0,859,900,-1,WN,N740SW,1281,BNA,ECP,58,74,401,0,0
"2018-10-04",744,749,-5,854,916,-22,MQ,N248NN,4116,TLH,DFW,105,130,767,0,0
"2018-10-04",749,750,-1,901,910,-9,WN,N7877H,716,ECP,BNA,61,72,401,0,0
"2018-10-04",838,835,3,900,911,-11,OH,N586NN,5564,CLT,VPS,64,82,460,0,0
"2018-10-04",832,836,-4,930,941,-11,"9E",N538CA,3281,ATL,TLH,39,58,223,0,0
"2018-10-04",850,850,0,1015,1023,-8,YX,N416YX,4609,DCA,VPS,101,145,789,0,0
"2018-10-04",846,900,-14,1037,1052,-15,YV,N87360,6059,VPS,IAH,89,111,528,0,0
"2018-10-04",1059,900,119,1218,1025,113,OH,N558NN,5272,CLT,TLH,62,79,386,0,0
"2018-10-04",856,900,-4,858,903,-5,DL,N960DL,2029,ATL,ECP,43,62,240,0,0
"2018-10-04",935,933,2,1136,1144,-8,YV,N909FJ,5725,VPS,DFW,92,121,641,0,0
"2018-10-04",941,946,-5,1133,1138,-5,G4,"274NV",1993,AUS,VPS,93,112,666,0,0
"2018-10-04",940,947,-7,1148,1149,-1,DL,N960DL,2029,ECP,ATL,42,68,240,0,0
"2018-10-04",1012,1020,-8,1130,1128,2,"9E",N538CA,3281,TLH,ATL,44,78,223,0,0
"2018-10-04",1016,1022,-6,1214,1216,-2,G4,"224NV",1909,OKC,VPS,100,118,726,0,0
"2018-10-04",932,930,2,1112,1115,-3,WN,N740SW,1281,ECP,HOU,85,100,571,0,0
"2018-10-04",931,941,-10,1212,1225,-13,OH,N586NN,5564,VPS,CLT,71,101,460,0,0
"2018-10-04",940,944,-4,934,950,-16,DL,N955DL,2716,ATL,VPS,38,54,250,0,0
"2018-10-04",1244,1055,109,1406,1228,98,OH,N558NN,5272,TLH,CLT,59,82,386,0,0
"2018-10-04",1018,1025,-7,1139,1147,-8,MQ,N675AE,3663,MIA,TLH,64,81,402,0,0
"2018-10-04",1026,1034,-8,1248,1249,-1,DL,N955DL,2716,VPS,ATL,48,82,250,0,0
"2018-10-04",1041,1050,-9,1136,1150,-14,DL,N922DL,489,ATL,TLH,38,55,223,0,0
"2018-10-04",1053,1055,-2,1246,1257,-11,YV,N953LR,5740,DFW,VPS,91,113,641,0,0
"2018-10-04",1155,1200,-5,1338,1349,-11,EV,N14568,3995,IAH,VPS,78,103,528,0,0
"2018-10-04",1043,1054,-11,1407,1408,-1,YX,N416YX,4609,VPS,DCA,125,144,789,0,0
"2018-10-04",1111,1112,-1,1105,1116,-11,DL,N951DL,1733,ATL,ECP,41,54,240,0,0
"2018-10-04",1124,1131,-7,1148,1209,-21,EV,N611QX,2893,CLT,ECP,62,84,437,0,0
"2018-10-04",1220,1225,-5,1417,1423,-6,EV,N738EV,2895,DFW,ECP,97,117,685,0,0
"2018-10-04",1153,1200,-7,1407,1412,-5,DL,N951DL,1733,ECP,ATL,44,74,240,0,0
"2018-10-04",1224,1231,-7,1345,1355,-10,MQ,N675AE,3663,TLH,MIA,66,81,402,0,0
"2018-10-04",1235,1234,1,1332,1348,-16,DL,N922DL,489,TLH,ATL,41,57,223,0,0
"2018-10-04",1303,1306,-3,1341,1349,-8,OH,N586NN,5500,CLT,VPS,67,98,460,0,0
"2018-10-04",1241,1248,-7,1441,1506,-25,EV,N611QX,2876,ECP,DFW,90,120,685,0,0
"2018-10-04",1244,1248,-4,1418,1432,-14,G4,"274NV",1902,VPS,BLV,75,94,587,0,0
"2018-10-04",1306,1305,1,1610,1610,0,MQ,N233NN,4069,DFW,TLH,106,124,767,0,0
"2018-10-04",1318,1320,-2,1453,1451,2,OH,N575NN,5662,CLT,TLH,62,95,386,0,0
"2018-10-04",1309,1318,-9,1536,1600,-24,G4,"224NV",1918,VPS,SDF,71,87,532,0,0
"2018-10-04",1313,1320,-7,1459,1515,-16,EV,N12567,4134,ECP,IAH,88,106,572,0,0
"2018-10-04",1351,1354,-3,1349,1352,-3,DL,N911DE,2506,ATL,ECP,37,58,240,0,0
"2018-10-04",1321,1327,-6,1522,1536,-14,YV,N953LR,5740,VPS,DFW,92,121,641,0,0
"2018-10-04",1403,1336,27,1406,1342,24,DL,N903DE,2873,ATL,VPS,39,63,250,0,0
"2018-10-04",1558,1421,97,1650,1523,87,DL,N940AT,1399,ATL,TLH,39,52,223,0,0
"2018-10-04",1423,1428,-5,1700,1714,-14,OH,N586NN,5500,VPS,CLT,74,97,460,0,0
"2018-10-04",1436,1436,0,1643,1643,0,DL,N911DE,2506,ECP,ATL,41,67,240,0,0
"2018-10-04",1442,1426,16,1701,1635,26,DL,N903DE,2873,VPS,ATL,46,79,250,0,0
"2018-10-04",1509,1510,-1,1510,1516,-6,DL,N974DL,2802,ATL,VPS,40,61,250,0,0
"2018-10-04",1430,1439,-9,1546,1603,-17,MQ,N675AE,3861,MIA,TLH,64,76,402,0,0
"2018-10-04",1436,1445,-9,1615,1630,-15,EV,N13975,4249,IAH,ECP,83,99,572,0,0
"2018-10-04",1453,1457,-4,1715,1744,-29,EV,N738EV,2880,ECP,CLT,68,82,437,0,0
"2018-10-04",1450,1500,-10,1638,1655,-17,EV,N14568,4447,VPS,IAH,91,108,528,0,0
"2018-10-04",1528,1527,1,1656,1705,-9,OH,N575NN,5662,TLH,CLT,61,88,386,0,0
"2018-10-04",1507,1517,-10,1640,1701,-21,G4,"274NV",1903,BLV,VPS,79,93,587,0,0
"2018-10-04",1555,1600,-5,1805,1813,-8,DL,N974DL,2802,VPS,ATL,45,70,250,0,0
"2018-10-04",1729,1558,91,1833,1707,86,DL,N940AT,1399,TLH,ATL,44,64,223,0,0
"2018-10-04",1615,1617,-2,1706,1712,-6,DL,N958DL,1786,ATL,TLH,38,51,223,0,0
"2018-10-04",1609,1610,-1,1729,1737,-8,OH,N584NN,5248,CLT,TLH,60,80,386,0,0
"2018-10-04",1643,1640,3,1745,1805,-20,MQ,N233NN,4069,TLH,DFW,108,122,767,0,0
"2018-10-04",1614,1620,-6,1756,1809,-13,EV,N13538,4412,IAH,VPS,79,102,528,0,0
"2018-10-04",1632,1645,-13,1709,1726,-17,G4,"224NV",1919,SDF,VPS,75,97,532,0,0
"2018-10-04",1659,1705,-6,1859,1900,-1,EV,N13975,4037,ECP,IAH,91,120,572,0,0
"2018-10-04",1658,1650,8,1900,1846,14,YV,N904FJ,5906,DFW,VPS,86,122,641,0,0
"2018-10-04",1710,1719,-9,1712,1722,-10,DL,N909DE,1167,ATL,VPS,41,62,250,0,0
"2018-10-04",1659,1702,-3,1852,1827,25,MQ,N675AE,3861,TLH,MIA,79,113,402,0,0
"2018-10-04",1712,1710,2,1844,1845,-1,WN,N7712G,2008,HOU,ECP,77,92,571,0,0
"2018-10-04",1748,1745,3,1822,1825,-3,OH,N561NN,5709,CLT,VPS,68,94,460,0,0
"2018-10-04",1725,1725,0,1722,1727,-5,DL,N944DL,1403,ATL,ECP,39,57,240,0,0
"2018-10-04",1722,1730,-8,1848,1854,-6,MQ,N697AB,3844,MIA,TLH,60,86,402,0,0
"2018-10-04",1802,1805,-3,1938,1954,-16,EV,N15572,4447,IAH,VPS,77,96,528,0,0
"2018-10-04",1740,1751,-11,1920,1944,-24,G4,"274NV",1912,VPS,SGF,83,100,610,0,0
"2018-10-04",1759,1756,3,1910,1903,7,DL,N958DL,1786,TLH,ATL,44,71,223,0,0
"2018-10-04",1813,1801,12,1940,1940,0,YX,N123HQ,4660,CLT,TLH,62,87,386,0,0
"2018-10-04",1856,1804,52,1949,1910,39,DL,N965AT,678,ATL,TLH,38,53,223,0,0
"2018-10-04",1806,1808,-2,1933,1940,-7,OH,N584NN,5248,TLH,CLT,60,87,386,0,0
"2018-10-04",1757,1806,-9,2026,2030,-4,DL,N909DE,1167,VPS,ATL,49,89,250,0,0
"2018-10-04",1804,1811,-7,2025,2030,-5,DL,N944DL,1403,ECP,ATL,46,81,240,0,0
"2018-10-04",1809,1821,-12,1936,1938,-2,G4,"224NV",1910,VPS,BNA,62,87,389,0,0
"2018-10-04",1822,1830,-8,1858,1915,-17,EV,N738EV,2890,CLT,ECP,62,96,437,0,0
"2018-10-04",1931,1934,-3,1928,1940,-12,DL,N375DA,2431,ATL,ECP,37,57,240,0,0
"2018-10-04",1833,1845,-12,2028,2044,-16,EV,N13538,4260,VPS,IAH,89,115,528,0,0
"2018-10-04",1846,1850,-4,2038,2054,-16,EV,N717EV,2870,DFW,ECP,91,112,685,0,0
"2018-10-04",1848,1855,-7,2040,2053,-13,AA,N961TW,1445,DFW,VPS,88,112,641,0,0
"2018-10-04",1848,1855,-7,2126,2135,-9,OH,N561NN,5709,VPS,CLT,70,98,460,0,0
"2018-10-04",1928,1919,9,2132,2130,2,YV,N904FJ,5906,VPS,DFW,93,124,641,0,0
"2018-10-04",1919,1928,-9,2041,2050,-9,MQ,N697AB,3844,TLH,MIA,64,82,402,0,0
"2018-10-04",1956,1935,21,2103,2050,13,WN,N724SW,1378,BNA,ECP,55,67,401,0,0
"2018-10-04",1929,1935,-6,2041,2055,-14,WN,N7712G,2008,ECP,BNA,60,72,401,0,0
"2018-10-04",2015,1945,30,2118,2056,22,DL,N965AT,678,TLH,ATL,45,63,223,0,0
"2018-10-04",1935,1936,-1,1945,1945,0,DL,N978DL,1856,ATL,VPS,39,70,250,0,0
"2018-10-04",2020,2023,-3,2136,2142,-6,G4,"224NV",1911,BNA,VPS,51,76,389,0,0
"2018-10-04",1949,1955,-6,2126,2140,-14,EV,N16981,4190,IAH,ECP,82,97,572,0,0
"2018-10-04",2000,2000,0,2200,2216,-16,YX,N419YX,4504,DCA,TLH,96,120,716,0,0
"2018-10-04",2007,2011,-4,2134,2142,-8,YX,N123HQ,4660,TLH,CLT,62,87,386,0,0
"2018-10-04",2028,2029,-1,2206,2217,-11,G4,"274NV",1913,SGF,VPS,81,98,610,0,0
"2018-10-04",2229,2232,-3,2343,2359,-16,OH,N547NN,5284,CLT,TLH,56,74,386,0,0
"2018-10-04",2025,2030,-5,2326,2333,-7,MQ,N230NN,4131,DFW,TLH,101,121,767,0,0
"2018-10-04",2055,2051,4,2148,2155,-7,DL,N975DL,1669,ATL,TLH,36,53,223,0,0
"2018-10-04",2241,2245,-4,2240,2250,-10,DL,N896DN,2303,ATL,ECP,39,59,240,0,0
"2018-10-04",2239,2241,-2,2334,2345,-11,DL,N989DL,485,ATL,TLH,40,55,223,0,0
"2018-10-04",2242,2241,1,2317,2320,-3,OH,N569NN,5696,CLT,VPS,66,95,460,0,0
"2018-10-04",2240,2242,-2,2241,2248,-7,DL,N992DL,1590,ATL,VPS,39,61,250,0,0
"2018-10-05",557,600,-3,759,808,-9,DL,N896DN,1237,ECP,ATL,40,62,240,0,0
"2018-10-05",536,545,-9,634,650,-16,DL,N989DL,708,TLH,ATL,38,58,223,0,0
"2018-10-05",601,609,-8,831,851,-20,EV,N717EV,2899,ECP,CLT,67,90,437,0,0
"2018-10-05",555,600,-5,805,807,-2,DL,N992DL,2714,VPS,ATL,43,70,250,0,0
"2018-10-05",552,600,-8,715,725,-10,OH,N547NN,5584,TLH,CLT,61,83,386,0,0
"2018-10-05",655,700,-5,839,855,-16,EV,N16981,3979,ECP,IAH,86,104,572,0,0
"2018-10-05",629,634,-5,910,915,-5,OH,N569NN,5623,VPS,CLT,68,101,460,0,0
"2018-10-05",659,700,-1,947,952,-5,G4,"274NV",1916,VPS,LCK,91,108,675,0,0
"2018-10-05",655,700,-5,757,803,-6,DL,N975DL,496,TLH,ATL,41,62,223,0,0
"2018-10-05",657,700,-3,859,919,-20,AA,N961TW,1538,VPS,DFW,92,122,641,0,0
"2018-10-05",647,701,-14,847,920,-33,EV,N738EV,2889,ECP,DFW,97,120,685,0,0
"2018-10-05",,705,,,901,,YV,N244LR,5725,DFW,VPS,,,641,1,0
"2018-10-05",710,715,-5,924,926,-2,DL,N978DL,955,VPS,ATL,45,74,250,0,0
"2018-10-05",713,715,-2,910,925,-15,DL,N375DA,2430,ECP,ATL,40,57,240,0,0
"2018-10-05",711,721,-10,915,929,-14,YX,N419YX,4626,TLH,DCA,100,124,716,0,0
"2018-10-05",745,749,-4,855,916,-21,MQ,N230NN,4116,TLH,DFW,110,130,767,0,0
"2018-10-05",747,750,-3,859,910,-11,WN,N724SW,716,ECP,BNA,60,72,401,0,0
"2018-10-05",741,745,-4,852,900,-8,WN,N748SW,1281,BNA,ECP,59,71,401,0,0
"2018-10-05",857,900,-3,857,903,-6,DL,N975DL,2029,ATL,ECP,43,60,240,0,0
"2018-10-05",852,835,17,918,911,7,OH,N589NN,5564,CLT,VPS,68,86,460,0,0
"2018-10-05",830,836,-6,935,941,-6,"9E",N181PQ,3281,ATL,TLH,41,65,223,0,0
"2018-10-05",844,850,-6,1022,1023,-1,YX,N407YX,4609,DCA,VPS,107,158,789,0,0
"2018-10-05",850,900,-10,1038,1055,-17,EV,N15572,4064,VPS,IAH,89,108,528,0,0
"2018-10-05",,933,,,1144,,YV,N919FJ,5725,VPS,DFW,,,641,1,0
"2018-10-05",902,900,2,1018,1025,-7,OH,N584NN,5272,CLT,TLH,62,76,386,0,0
"2018-10-05",1034,941,53,1309,1225,44,OH,N589NN,5564,VPS,CLT,68,95,460,0,0
"2018-10-05",930,930,0,1104,1115,-11,WN,N748SW,1281,ECP,HOU,80,94,571,0,0
"2018-10-05",943,947,-4,1143,1149,-6,DL,N975DL,2029,ECP,ATL,41,60,240,0,0
"2018-10-05",942,944,-2,944,950,-6,DL,N943DL,2716,ATL,VPS,41,62,250,0,0
"2018-10-06",1253,1245,8,1409,1405,4,WN,N266WN,2635,ECP,BNA,60,76,401,0,0
"2018-10-05",1002,1010,-8,1154,1155,-1,EV,N18557,4451,IAH,ECP,92,112,572,0,0
"2018-10-05",1032,1037,-5,1122,1135,-13,G4,"274NV",1917,LCK,VPS,90,110,675,0,0
"2018-10-05",1048,1054,-6,1413,1408,5,YX,N407YX,4609,VPS,DCA,114,145,789,0,0
"2018-10-05",1048,1055,-7,1216,1228,-12,OH,N584NN,5272,TLH,CLT,63,88,386,0,0
"2018-10-05",1105,1112,-7,1115,1116,-1,DL,N944DL,1733,ATL,ECP,41,70,240,0,0
"2018-10-05",1128,1131,-3,1156,1209,-13,EV,N605QX,2893,CLT,ECP,64,88,437,0,0
"2018-10-05",1154,1200,-6,1357,1412,-15,DL,N944DL,1733,ECP,ATL,44,63,240,0,0
"2018-10-05",1224,1228,-4,1322,1341,-19,DL,N983AT,489,TLH,ATL,43,58,223,0,0
"2018-10-05",1222,1231,-9,1349,1355,-6,MQ,N681AE,3663,TLH,MIA,68,87,402,0,0
"2018-10-05",1303,1306,-3,1338,1349,-11,OH,N594NN,5500,CLT,VPS,69,95,460,0,0
"2018-10-05",1403,1320,43,1523,1451,32,OH,N590NN,5662,CLT,TLH,62,80,386,0,0
"2018-10-05",1354,1354,0,1349,1352,-3,DL,N906DE,2506,ATL,ECP,38,55,240,0,0
"2018-10-05",1445,1432,13,1652,1644,8,DL,N935DL,2873,VPS,ATL,46,67,250,0,0
"2018-10-05",1447,1457,-10,1722,1744,-22,EV,N720EV,2880,ECP,CLT,68,95,437,0,0
"2018-10-05",1447,1500,-13,1656,1655,1,EV,N16571,4447,VPS,IAH,96,129,528,0,0
"2018-10-05",1507,1510,-3,1513,1516,-3,DL,N988DL,2802,ATL,VPS,45,66,250,0,0
"2018-10-05",1600,1527,33,1717,1705,12,OH,N590NN,5662,TLH,CLT,60,77,386,0,0
"2018-10-05",1552,1558,-6,1631,1645,-14,G4,"274NV",1901,CVG,VPS,84,99,600,0,0
"2018-10-05",1552,1558,-6,1649,1707,-18,DL,N980AT,1399,TLH,ATL,45,57,223,0,0
"2018-10-05",1628,1620,8,1814,1809,5,EV,N11565,4412,IAH,VPS,81,106,528,0,0
"2018-10-05",1652,1640,12,1758,1805,-7,MQ,N243NN,4069,TLH,DFW,104,126,767,0,0
"2018-10-05",1645,1650,-5,1849,1846,3,YV,N912FJ,5906,DFW,VPS,88,124,641,0,0
"2018-10-05",1743,1710,33,1913,1845,28,WN,N756SA,2008,HOU,ECP,79,90,571,0,0
"2018-10-05",1705,1713,-8,1702,1711,-9,DL,N999DN,1403,ATL,ECP,38,57,240,0,0
"2018-10-05",1724,1730,-6,1842,1854,-12,MQ,N680AE,3844,MIA,TLH,61,78,402,0,0
"2018-10-05",1810,1745,25,1847,1825,22,OH,N582NN,5709,CLT,VPS,64,97,460,0,0
"2018-10-05",1757,1801,-4,1941,1940,1,YX,N126HQ,4660,CLT,TLH,63,104,386,0,0
"2018-10-05",1804,1804,0,1902,1910,-8,DL,N988DN,678,ATL,TLH,39,58,223,0,0
"2018-10-05",1809,1808,1,1923,1940,-17,OH,N571NN,5248,TLH,CLT,56,74,386,0,0
"2018-10-05",1845,1850,-5,2120,2054,26,EV,N617QX,2870,DFW,ECP,92,155,685,0,0
"2018-10-05",1851,1855,-4,2041,2053,-12,AA,N970TW,1445,DFW,VPS,88,110,641,0,0
"2018-10-05",1913,1855,18,2146,2135,11,OH,N582NN,5709,VPS,CLT,66,93,460,0,0
"2018-10-05",1920,1931,-11,2122,2115,7,G4,"224NV",1903,BLV,VPS,90,122,587,0,0
"2018-10-05",1932,1934,-2,1933,1940,-7,DL,N3768,2431,ATL,ECP,38,61,240,0,0
"2018-10-05",1937,1945,-8,2043,2056,-13,DL,N988DN,678,TLH,ATL,41,66,223,0,0
"2018-10-05",1957,1955,2,2135,2140,-5,EV,N14905,4190,IAH,ECP,83,98,572,0,0
"2018-10-05",2000,2000,0,2222,2216,6,YX,N407YX,4504,DCA,TLH,96,142,716,0,0
"2018-10-05",2005,2011,-6,2124,2142,-18,YX,N126HQ,4660,TLH,CLT,59,79,386,0,0
"2018-10-05",2014,2032,-18,2211,2238,-27,G4,"274NV",1915,MCI,VPS,102,117,764,0,0
"2018-10-05",2230,2232,-2,2343,2359,-16,OH,N709PS,5284,CLT,TLH,54,73,386,0,0
"2018-10-06",556,600,-4,752,806,-14,DL,N987DL,1237,ECP,ATL,41,56,240,0,0
"2018-10-06",555,600,-5,759,806,-7,DL,N912DE,2714,VPS,ATL,45,64,250,0,0
"2018-10-06",600,600,0,717,725,-8,OH,N709PS,5584,TLH,CLT,58,77,386,0,0
"2018-10-06",625,630,-5,722,734,-12,DL,N917DL,1520,TLH,ATL,40,57,223,0,0
"2018-10-06",655,700,-5,830,844,-14,G4,"274NV",1902,VPS,BLV,78,95,587,0,0
"2018-10-06",652,700,-8,856,919,-23,AA,N970TW,1538,VPS,DFW,98,124,641,0,0
"2018-10-06",658,701,-3,906,920,-14,EV,N720EV,2889,ECP,DFW,103,128,685,0,0
"2018-10-06",708,705,3,908,901,7,YV,N920FJ,5725,DFW,VPS,91,120,641,0,0
"2018-10-06",732,735,-3,841,843,-2,DL,N963DL,763,TLH,ATL,45,69,223,0,0
"2018-10-06",739,749,-10,903,916,-13,MQ,N232NN,4116,TLH,DFW,109,144,767,0,0
"2018-10-06",820,829,-9,1053,1115,-22,OH,N594NN,5623,VPS,CLT,78,93,460,0,0
"2018-10-06",835,835,0,903,911,-8,OH,N576NN,5564,CLT,VPS,72,88,460,0,0
"2018-10-06",847,850,-3,1002,1023,-21,YX,N404YX,4609,DCA,VPS,112,135,789,0,0
"2018-10-06",857,900,-3,1016,1025,-9,OH,N571NN,5272,CLT,TLH,65,79,386,0,0
"2018-10-06",908,915,-7,1018,1035,-17,WN,N7876A,3623,ECP,BNA,57,70,401,0,0
"2018-10-06",938,933,5,1209,1144,25,YV,N920FJ,5725,VPS,DFW,118,151,641,0,0
"2018-10-06",934,941,-7,1221,1225,-4,OH,N576NN,5564,VPS,CLT,70,107,460,0,0
"2018-10-06",936,944,-8,952,948,4,DL,N948DL,2716,ATL,VPS,44,76,250,0,0
"2018-10-06",1037,1030,7,1220,1215,5,WN,N266WN,2635,DAL,ECP,91,103,674,0,0
"2018-10-06",1030,1033,-3,1120,1133,-13,DL,N980DL,387,ATL,TLH,35,50,223,0,0
"2018-10-06",1118,1040,38,1301,1223,38,YV,N88327,6093,IAH,ECP,82,103,572,0,0
"2018-10-06",1107,1105,2,1248,1300,-12,WN,N7854B,4137,ECP,DAL,91,101,674,0,0
"2018-10-06",1110,1112,-2,1108,1113,-5,DL,N913DE,1733,ATL,ECP,41,58,240,0,0
"2018-10-06",1218,1225,-7,1409,1423,-14,EV,N604QX,2895,DFW,ECP,95,111,685,0,0
"2018-10-06",1252,1248,4,1452,1506,-14,EV,N738EV,2876,ECP,DFW,92,120,685,0,0
"2018-10-05",1012,1020,-8,1126,1128,-2,"9E",N181PQ,3281,TLH,ATL,47,74,223,0,0
"2018-10-05",1019,1025,-6,1131,1147,-16,MQ,N681AE,3663,MIA,TLH,59,72,402,0,0
"2018-10-05",1027,1034,-7,1243,1249,-6,DL,N943DL,2716,VPS,ATL,45,76,250,0,0
"2018-10-05",1051,1050,1,1149,1150,-1,DL,N983AT,489,ATL,TLH,38,58,223,0,0
"2018-10-05",1051,1055,-4,1248,1257,-9,YV,N957LR,5740,DFW,VPS,87,117,641,0,0
"2018-10-05",1203,1200,3,1349,1349,0,EV,N16571,3995,IAH,VPS,80,106,528,0,0
"2018-10-05",1225,1225,0,1414,1423,-9,EV,N720EV,2895,DFW,ECP,92,109,685,0,0
"2018-10-05",1216,1225,-9,1515,1513,2,G4,"274NV",1900,VPS,CVG,89,119,600,0,0
"2018-10-05",1240,1248,-8,1435,1506,-31,EV,N605QX,2876,ECP,DFW,93,115,685,0,0
"2018-10-05",1303,1305,-2,1619,1610,9,MQ,N243NN,4069,DFW,TLH,102,136,767,0,0
"2018-10-05",,1320,,,1515,,EV,N18557,4134,ECP,IAH,,,572,1,0
"2018-10-05",1320,1327,-7,1516,1536,-20,YV,N957LR,5740,VPS,DFW,91,116,641,0,0
"2018-10-05",1358,1342,16,1402,1348,14,DL,N935DL,2873,ATL,VPS,41,64,250,0,0
"2018-10-05",1419,1421,-2,1513,1523,-10,DL,N980AT,1399,ATL,TLH,39,54,223,0,0
"2018-10-05",1425,1428,-3,1713,1714,-1,OH,N594NN,5500,VPS,CLT,74,108,460,0,0
"2018-10-05",1430,1436,-6,1634,1643,-9,DL,N906DE,2506,ECP,ATL,42,64,240,0,0
"2018-10-05",1429,1439,-10,1603,1603,0,MQ,N667GB,3861,MIA,TLH,65,94,402,0,0
"2018-10-05",1437,1445,-8,1617,1630,-13,EV,N14568,4249,IAH,ECP,85,100,572,0,0
"2018-10-05",1551,1600,-9,1759,1813,-14,DL,N988DL,2802,VPS,ATL,42,68,250,0,0
"2018-10-05",1616,1610,6,1731,1737,-6,OH,N571NN,5248,CLT,TLH,61,75,386,0,0
"2018-10-05",1617,1617,0,1716,1712,4,DL,N913DL,1786,ATL,TLH,40,59,223,0,0
"2018-10-05",1652,1702,-10,1815,1827,-12,MQ,N667GB,3861,TLH,MIA,66,83,402,0,0
"2018-10-05",1648,1702,-14,1820,1846,-26,G4,"224NV",1902,VPS,BLV,74,92,587,0,0
"2018-10-05",1711,1705,6,1902,1900,2,EV,N14568,4037,ECP,IAH,90,111,572,0,0
"2018-10-05",1942,1719,143,1947,1722,145,DL,N962DL,1167,ATL,VPS,39,65,250,0,0
"2018-10-05",1721,1735,-14,1920,1947,-27,G4,"274NV",1914,VPS,MCI,102,119,764,0,0
"2018-10-05",1809,1756,13,1904,1903,1,DL,N913DL,1786,TLH,ATL,41,55,223,0,0
"2018-10-05",1754,1759,-5,1953,2013,-20,DL,N999DN,1403,ECP,ATL,45,59,240,0,0
"2018-10-05",1801,1805,-4,1950,1954,-4,EV,N13989,4447,IAH,VPS,86,109,528,0,0
"2018-10-05",2017,1806,131,2219,2030,109,DL,N962DL,1167,VPS,ATL,40,62,250,0,0
"2018-10-05",1828,1830,-2,1906,1915,-9,EV,N720EV,2890,CLT,ECP,62,98,437,0,0
"2018-10-05",1845,1845,0,2038,2044,-6,EV,N11565,4260,VPS,IAH,89,113,528,0,0
"2018-10-05",1919,1919,0,2121,2130,-9,YV,N912FJ,5906,VPS,DFW,93,122,641,0,0
"2018-10-05",1916,1928,-12,2043,2050,-7,MQ,N680AE,3844,TLH,MIA,63,87,402,0,0
"2018-10-05",1930,1935,-5,2038,2050,-12,WN,N7876A,1378,BNA,ECP,57,68,401,0,0
"2018-10-05",1947,1935,12,2056,2055,1,WN,N756SA,2008,ECP,BNA,57,69,401,0,0
"2018-10-05",1934,1936,-2,1944,1945,-1,DL,N961DL,1856,ATL,VPS,41,70,250,0,0
"2018-10-05",2202,2030,92,103,2333,90,MQ,N232NN,4131,DFW,TLH,109,121,767,0,0
"2018-10-05",2110,2051,19,2204,2155,9,DL,N963DL,1669,ATL,TLH,35,54,223,0,0
"2018-10-05",2236,2241,-5,2351,2345,6,DL,N917DL,485,ATL,TLH,38,75,223,0,0
"2018-10-05",2239,2241,-2,2312,2320,-8,OH,N594NN,5696,CLT,VPS,70,93,460,0,0
"2018-10-05",2239,2242,-3,2244,2248,-4,DL,N912DE,1590,ATL,VPS,38,65,250,0,0
"2018-10-05",2244,2245,-1,2244,2250,-6,DL,N987DL,2303,ATL,ECP,38,60,240,0,0
"2018-10-06",558,609,-11,835,851,-16,EV,N617QX,2899,ECP,CLT,68,97,437,0,0
"2018-10-06",651,700,-9,840,855,-15,EV,N14905,3979,ECP,IAH,81,109,572,0,0
"2018-10-06",654,700,-6,857,855,2,EV,N13989,4064,VPS,IAH,88,123,528,0,0
"2018-10-06",707,710,-3,911,919,-8,DL,N3768,2430,ECP,ATL,42,64,240,0,0
"2018-10-06",712,715,-3,917,924,-7,DL,N961DL,955,VPS,ATL,44,65,250,0,0
"2018-10-06",718,730,-12,1100,1100,0,G4,"224NV",1990,VPS,EWR,131,162,988,0,0
"2018-10-06",844,854,-10,1044,1059,-15,YX,N407YX,4626,TLH,DCA,106,120,716,0,0
"2018-10-06",900,900,0,901,901,0,DL,N912DE,2029,ATL,ECP,42,61,240,0,0
"2018-10-06",919,920,-1,1028,1035,-7,WN,N7854B,4137,BNA,ECP,60,69,401,0,0
"2018-10-06",925,929,-4,1106,1113,-7,G4,"274NV",1903,BLV,VPS,80,101,587,0,0
"2018-10-06",942,947,-5,1148,1149,-1,DL,N912DE,2029,ECP,ATL,39,66,240,0,0
"2018-10-06",1036,1034,2,1237,1245,-8,DL,N948DL,2716,VPS,ATL,41,61,250,0,0
"2018-10-06",1046,1054,-8,1403,1408,-5,YX,N404YX,4609,VPS,DCA,110,137,789,0,0
"2018-10-06",1046,1055,-9,1224,1228,-4,OH,N571NN,5272,TLH,CLT,62,98,386,0,0
"2018-10-06",1052,1055,-3,1246,1257,-11,YV,N245LR,5740,DFW,VPS,86,114,641,0,0
"2018-10-06",1129,1131,-2,1151,1209,-18,EV,N738EV,2893,CLT,ECP,65,82,437,0,0
"2018-10-06",1150,1200,-10,1330,1349,-19,EV,N12900,3995,IAH,VPS,77,100,528,0,0
"2018-10-06",1157,1200,-3,1401,1412,-11,DL,N913DE,1733,ECP,ATL,38,64,240,0,0
"2018-10-06",1358,1200,118,1536,1345,111,G4,"224NV",1991,EWR,VPS,131,158,988,0,0
"2018-10-06",1202,1203,-1,1445,1451,-6,G4,"274NV",1900,VPS,CVG,86,103,600,0,0
"2018-10-06",1243,1245,-2,1347,1358,-11,DL,N980DL,387,TLH,ATL,40,64,223,0,0
"2018-10-06",1304,1305,-1,1608,1610,-2,MQ,N237NN,4069,DFW,TLH,106,124,767,0,0
"2018-10-06",1303,1307,-4,1343,1350,-7,OH,N575NN,5500,CLT,VPS,69,100,460,0,0
"2018-10-06",1316,1320,-4,1441,1451,-10,OH,N576NN,5662,CLT,TLH,62,85,386,0,0
"2018-10-06",1340,1342,-2,1338,1346,-8,DL,N990DL,2873,ATL,VPS,38,58,250,0,0
"2018-10-06",1332,1320,12,1524,1512,12,YV,N88327,6021,ECP,IAH,92,112,572,0,0
"2018-10-06",1320,1327,-7,1518,1536,-18,YV,N245LR,5740,VPS,DFW,89,118,641,0,0
"2018-10-06",1418,1405,13,1526,1520,6,WN,N934WN,3347,BNA,ECP,56,68,401,0,0
"2018-10-06",1351,1355,-4,1347,1359,-12,DL,N945DL,2506,ATL,ECP,40,56,240,0,0
"2018-10-06",1422,1428,-6,1711,1714,-3,OH,N575NN,5500,VPS,CLT,70,109,460,0,0
"2018-10-06",1416,1421,-5,1506,1522,-16,DL,N924AT,1399,ATL,TLH,39,50,223,0,0
"2018-10-06",1424,1432,-8,1627,1642,-15,DL,N990DL,2873,VPS,ATL,41,63,250,0,0
"2018-10-06",1625,1435,110,2003,1746,137,G4,"224NV",1946,VPS,BWI,111,158,819,0,0
"2018-10-06",1446,1435,11,1626,1620,6,WN,N737JW,4933,STL,ECP,90,100,634,0,0
"2018-10-06",1424,1430,-6,1600,1619,-19,EV,N12167,4412,IAH,VPS,78,96,528,0,0
"2018-10-06",1435,1443,-8,1642,1649,-7,DL,N945DL,2506,ECP,ATL,42,67,240,0,0
"2018-10-06",1432,1439,-7,1548,1603,-15,MQ,N662EH,3861,MIA,TLH,61,76,402,0,0
"2018-10-06",1439,1445,-6,1621,1628,-7,YV,N85351,6212,IAH,ECP,86,102,572,0,0
"2018-10-06",1525,1527,-2,1654,1705,-11,OH,N576NN,5662,TLH,CLT,59,89,386,0,0
"2018-10-06",1446,1457,-11,1725,1744,-19,EV,N604QX,2880,ECP,CLT,64,99,437,0,0
"2018-10-06",1450,1500,-10,1641,1655,-14,EV,N12900,4447,VPS,IAH,90,111,528,0,0
"2018-10-06",1515,1510,5,1513,1519,-6,DL,N992AT,2802,ATL,VPS,41,58,250,0,0
"2018-10-06",1550,1536,14,1641,1623,18,G4,"274NV",1901,CVG,VPS,86,111,600,0,0
"2018-10-06",1551,1558,-7,1653,1709,-16,DL,N924AT,1399,TLH,ATL,38,62,223,0,0
"2018-10-06",1732,1615,77,1832,1725,67,G4,"327NV",1424,PIT,VPS,103,120,775,0,0
"2018-10-06",1605,1610,-5,1734,1805,-31,WN,N934WN,3347,ECP,STL,80,89,634,0,0
"2018-10-06",1723,1650,33,1911,1839,32,AA,N980TW,1445,DFW,VPS,89,108,641,0,0
"2018-10-06",1616,1620,-4,1709,1724,-15,DL,N952AT,1786,ATL,TLH,40,53,223,0,0
"2018-10-06",1638,1640,-2,1747,1805,-18,MQ,N237NN,4069,TLH,DFW,104,129,767,0,0
"2018-10-06",1647,1655,-8,1902,1911,-9,DL,N992AT,1702,VPS,ATL,43,75,250,0,0
"2018-10-06",1701,1650,11,1808,1810,-2,WN,N737JW,4933,ECP,BNA,58,67,401,0,0
"2018-10-06",1706,1700,6,1820,1815,5,WN,N8501V,5270,BNA,ECP,57,74,401,0,0
"2018-10-06",1651,1700,-9,1846,1859,-13,EV,N12167,4260,VPS,IAH,90,115,528,0,0
"2018-10-06",1715,1719,-4,1709,1721,-12,DL,N960DL,1167,ATL,VPS,38,54,250,0,0
"2018-10-06",1656,1702,-6,1816,1827,-11,MQ,N662EH,3861,TLH,MIA,63,80,402,0,0
"2018-10-06",1702,1705,-3,1907,1857,10,YV,N85351,6245,ECP,IAH,95,125,572,0,0
"2018-10-06",1703,1710,-7,1902,1924,-22,YX,N403YX,4504,DCA,TLH,92,119,716,0,0
"2018-10-06",1708,1713,-5,1659,1710,-11,DL,N996DL,1403,ATL,ECP,38,51,240,0,0
"2018-10-06",1726,1713,13,2001,1955,6,G4,"274NV",1918,VPS,SDF,74,95,532,0,0
"2018-10-06",1727,1730,-3,1846,1854,-8,MQ,N667GB,3844,MIA,TLH,58,79,402,0,0
"2018-10-06",1812,1745,27,1853,1825,28,OH,N540EA,5709,CLT,VPS,65,101,460,0,0
"2018-10-06",1748,1755,-7,1917,1922,-5,OH,N720PS,5188,CLT,TLH,56,89,386,0,0
"2018-10-06",2052,1831,141,2201,1951,130,G4,"224NV",1947,BWI,VPS,107,129,819,0,0
"2018-10-06",1750,1759,-9,1946,2011,-25,DL,N996DL,1403,ECP,ATL,40,56,240,0,0
"2018-10-06",1750,1759,-9,1914,1914,0,DL,N952AT,1786,TLH,ATL,44,84,223,0,0
"2018-10-06",1910,1805,65,2208,2106,62,G4,"327NV",1425,VPS,PIT,101,118,775,0,0
"2018-10-06",1758,1805,-7,1941,1954,-13,EV,N13975,4447,IAH,VPS,78,103,528,0,0
"2018-10-06",1801,1806,-5,1959,2028,-29,DL,N960DL,1167,VPS,ATL,42,58,250,0,0
"2018-10-06",1825,1830,-5,1854,1915,-21,EV,N604QX,2890,CLT,ECP,62,89,437,0,0
"2018-10-06",1848,1845,3,2025,2035,-10,WN,N8501V,5270,ECP,HOU,81,97,571,0,0
"2018-10-06",1917,1855,22,2158,2135,23,OH,N540EA,5709,VPS,CLT,71,101,460,0,0
"2018-10-06",2018,1850,88,2253,2054,119,EV,N605QX,2870,DFW,ECP,87,155,685,0,0
"2018-10-06",1930,1905,25,2056,2040,16,WN,N906WN,4149,HOU,ECP,78,86,571,0,0
"2018-10-06",1902,1903,-1,2007,2007,0,DL,N906DL,351,ATL,TLH,42,65,223,0,0
"2018-10-06",1937,1934,3,1932,1938,-6,DL,N399DA,2431,ATL,ECP,38,55,240,0,0
"2018-10-06",1910,1928,-18,2030,2050,-20,MQ,N667GB,3844,TLH,MIA,62,80,402,0,0
"2018-10-06",1930,1936,-6,1930,1943,-13,DL,N953DL,1856,ATL,VPS,38,60,250,0,0
"2018-10-06",2029,2030,-1,47,2333,74,MQ,N228NN,4131,DFW,TLH,107,198,767,0,0
"2018-10-06",1954,1955,-1,2131,2138,-7,YV,N87303,6100,IAH,ECP,81,97,572,0,0
"2018-10-06",2238,2241,-3,2332,2344,-12,DL,N994DL,485,ATL,TLH,35,54,223,0,0
"2018-10-06",2105,2040,25,2141,2121,20,G4,"274NV",1919,SDF,VPS,73,96,532,0,0
"2018-10-08",832,836,-4,932,941,-9,"9E",N326PQ,3281,ATL,TLH,38,60,223,0,0
"2018-10-06",2232,2241,-9,2300,2320,-20,OH,N551NN,5696,CLT,VPS,68,88,460,0,0
"2018-10-06",2247,2242,5,2255,2246,9,DL,N948DL,1590,ATL,VPS,39,68,250,0,0
"2018-10-06",2241,2245,-4,2242,2249,-7,DL,N808DN,2303,ATL,ECP,38,61,240,0,0
"2018-10-07",559,609,-10,849,851,-2,EV,N605QX,2899,ECP,CLT,84,110,437,0,0
"2018-10-07",555,600,-5,801,808,-7,DL,N808DN,1237,ECP,ATL,40,66,240,0,0
"2018-10-07",610,600,10,811,807,4,DL,N948DL,2714,VPS,ATL,41,61,250,0,0
"2018-10-07",616,600,16,730,725,5,OH,N720PS,5584,TLH,CLT,61,74,386,0,0
"2018-10-07",631,634,-3,914,915,-1,OH,N551NN,5623,VPS,CLT,72,103,460,0,0
"2018-10-07",626,630,-4,723,734,-11,DL,N906DL,1520,TLH,ATL,41,57,223,0,0
"2018-10-07",650,701,-11,847,920,-33,EV,N604QX,2889,ECP,DFW,93,117,685,0,0
"2018-10-07",706,700,6,856,852,4,YV,N87303,6043,ECP,IAH,92,110,572,0,0
"2018-10-07",656,700,-4,844,901,-17,G4,"274NV",1992,VPS,AUS,90,108,666,0,0
"2018-10-07",746,750,-4,854,859,-5,DL,N994DL,763,TLH,ATL,41,68,223,0,0
"2018-10-07",708,715,-7,914,926,-12,DL,N953DL,955,VPS,ATL,41,66,250,0,0
"2018-10-07",712,715,-3,914,925,-11,DL,N399DA,2430,ECP,ATL,41,62,240,0,0
"2018-10-07",725,721,4,917,929,-12,YX,N403YX,4626,TLH,DCA,97,112,716,0,0
"2018-10-07",718,730,-12,915,937,-22,G4,"224NV",1908,VPS,OKC,101,117,726,0,0
"2018-10-07",745,749,-4,901,916,-15,MQ,N228NN,4116,TLH,DFW,110,136,767,0,0
"2018-10-07",835,835,0,909,911,-2,OH,N579NN,5564,CLT,VPS,69,94,460,0,0
"2018-10-07",845,850,-5,1004,1023,-19,YX,N433YX,4609,DCA,VPS,110,139,789,0,0
"2018-10-07",854,900,-6,1048,1055,-7,EV,N13975,4064,VPS,IAH,94,114,528,0,0
"2018-10-07",902,900,2,1037,1025,12,OH,N593NN,5272,CLT,TLH,60,95,386,0,0
"2018-10-07",858,900,-2,859,903,-4,DL,N902DE,2029,ATL,ECP,43,61,240,0,0
"2018-10-07",925,920,5,1035,1035,0,WN,N7828A,5084,BNA,ECP,60,70,401,0,0
"2018-10-07",921,925,-4,1034,1045,-11,WN,N906WN,3679,ECP,BNA,60,73,401,0,0
"2018-10-07",942,946,-4,1131,1138,-7,G4,"274NV",1993,AUS,VPS,90,109,666,0,0
"2018-10-07",928,933,-5,1130,1149,-19,AA,N980TW,1538,VPS,DFW,98,122,641,0,0
"2018-10-07",941,941,0,1225,1225,0,OH,N579NN,5564,VPS,CLT,75,104,460,0,0
"2018-10-07",942,944,-2,941,950,-9,DL,N916DL,2716,ATL,VPS,40,59,250,0,0
"2018-10-07",941,947,-6,1140,1149,-9,DL,N902DE,2029,ECP,ATL,39,59,240,0,0
"2018-10-07",1004,1010,-6,1151,1155,-4,EV,N19554,4451,IAH,ECP,85,107,572,0,0
"2018-10-07",1020,1025,-5,1115,1125,-10,DL,N977AT,489,ATL,TLH,39,55,223,0,0
"2018-10-07",1009,1022,-13,1204,1216,-12,G4,"224NV",1909,OKC,VPS,95,115,726,0,0
"2018-10-07",1018,1025,-7,1143,1147,-4,MQ,N657AE,3663,MIA,TLH,61,85,402,0,0
"2018-10-07",1029,1034,-5,1238,1249,-11,DL,N916DL,2716,VPS,ATL,46,69,250,0,0
"2018-10-07",1107,1105,2,1253,1300,-7,WN,N7828A,5084,ECP,DAL,93,106,674,0,0
"2018-10-07",1046,1054,-8,1405,1408,-3,YX,N433YX,4609,VPS,DCA,115,139,789,0,0
"2018-10-07",1107,1055,12,1228,1228,0,OH,N593NN,5272,TLH,CLT,60,81,386,0,0
"2018-10-07",1046,1055,-9,1246,1257,-11,YV,N247LR,5740,DFW,VPS,86,120,641,0,0
"2018-10-07",1154,1200,-6,1342,1349,-7,EV,N12540,3995,IAH,VPS,81,108,528,0,0
"2018-10-07",1107,1112,-5,1107,1116,-9,DL,N959DL,1733,ATL,ECP,39,60,240,0,0
"2018-10-07",1123,1131,-8,1215,1209,6,EV,N615QX,2893,CLT,ECP,61,112,437,0,0
"2018-10-07",1153,1200,-7,1402,1409,-7,DL,N959DL,1733,ECP,ATL,42,69,240,0,0
"2018-10-07",1206,1205,1,1348,1350,-2,WN,N210WN,2055,DAL,ECP,87,102,674,0,0
"2018-10-07",1313,1231,42,1432,1355,37,MQ,N657AE,3663,TLH,MIA,67,79,402,0,0
"2018-10-07",1234,1225,9,1437,1423,14,EV,N717EV,2895,DFW,ECP,90,123,685,0,0
"2018-10-07",1246,1248,-2,1450,1506,-16,EV,N615QX,2876,ECP,DFW,95,124,685,0,0
"2018-10-07",1237,1248,-11,1419,1432,-13,G4,"274NV",1902,VPS,BLV,83,102,587,0,0
"2018-10-07",1303,1318,-15,1540,1600,-20,G4,"224NV",1918,VPS,SDF,74,97,532,0,0
"2018-10-07",1231,1245,-14,1335,1359,-24,DL,N977AT,489,TLH,ATL,43,64,223,0,0
"2018-10-07",1303,1305,-2,1629,1610,19,MQ,N232NN,4069,DFW,TLH,105,146,767,0,0
"2018-10-07",1306,1307,-1,1348,1350,-2,OH,N592NN,5500,CLT,VPS,73,102,460,0,0
"2018-10-07",1310,1320,-10,1508,1515,-7,EV,N19554,4134,ECP,IAH,102,118,572,0,0
"2018-10-07",1319,1327,-8,1534,1536,-2,YV,N247LR,5740,VPS,DFW,99,135,641,0,0
"2018-10-07",1314,1320,-6,1446,1451,-5,OH,N547NN,5662,CLT,TLH,65,92,386,0,0
"2018-10-07",1342,1342,0,1339,1348,-9,DL,N950DL,2873,ATL,VPS,38,57,250,0,0
"2018-10-07",1421,1425,-4,1604,1615,-11,WN,N210WN,4226,ECP,HOU,87,103,571,0,0
"2018-10-07",1352,1354,-2,1344,1352,-8,DL,N960DL,2506,ATL,ECP,38,52,240,0,0
"2018-10-07",1420,1415,5,1533,1530,3,WN,N7829B,6593,BNA,ECP,61,73,401,0,0
"2018-10-07",1418,1421,-3,1512,1523,-11,DL,N996AT,1399,ATL,TLH,38,54,223,0,0
"2018-10-07",1433,1432,1,1637,1643,-6,DL,N950DL,2873,VPS,ATL,41,64,250,0,0
"2018-10-07",1425,1428,-3,1704,1714,-10,OH,N592NN,5500,VPS,CLT,70,99,460,0,0
"2018-10-07",1507,1457,10,1740,1744,-4,EV,N717EV,2880,ECP,CLT,66,93,437,0,0
"2018-10-07",1821,1436,225,2029,1640,229,DL,N960DL,2506,ECP,ATL,42,68,240,0,0
"2018-10-07",1549,1439,70,1714,1603,71,MQ,N925AE,3861,MIA,TLH,63,85,402,0,0
"2018-10-07",1437,1445,-8,1622,1630,-8,EV,N17560,4249,IAH,ECP,87,105,572,0,0
"2018-10-07",1450,1500,-10,1646,1655,-9,EV,N12540,4447,VPS,IAH,90,116,528,0,0
"2018-10-07",1509,1510,-1,1507,1516,-9,DL,N984DL,2802,ATL,VPS,39,58,250,0,0
"2018-10-07",1504,1517,-13,1646,1701,-15,G4,"274NV",1903,BLV,VPS,86,102,587,0,0
"2018-10-07",1524,1527,-3,1656,1705,-9,OH,N547NN,5662,TLH,CLT,61,92,386,0,0
"2018-10-07",1605,1605,0,1721,1725,-4,WN,N7829B,5989,ECP,BNA,58,76,401,0,0
"2018-10-07",1551,1558,-7,1708,1707,1,DL,N996AT,1399,TLH,ATL,44,77,223,0,0
"2018-10-07",1557,1600,-3,1817,1813,4,DL,N984DL,2802,VPS,ATL,42,80,250,0,0
"2018-10-07",1614,1617,-3,1708,1712,-4,DL,N935DL,1786,ATL,TLH,41,54,223,0,0
"2018-10-07",1622,1620,2,1808,1809,-1,EV,N14905,4412,IAH,VPS,78,106,528,0,0
"2018-10-07",1704,1640,24,1824,1805,19,MQ,N232NN,4069,TLH,DFW,113,140,767,0,0
"2018-10-08",2040,1919,81,2241,2130,71,YV,N914FJ,5906,VPS,DFW,97,121,641,0,0
"2018-10-07",1629,1645,-16,1702,1726,-24,G4,"224NV",1919,SDF,VPS,73,93,532,0,0
"2018-10-07",1949,1650,179,2142,1846,176,YV,N919FJ,5906,DFW,VPS,87,113,641,0,0
"2018-10-07",1748,1702,46,1908,1827,41,MQ,N925AE,3861,TLH,MIA,65,80,402,0,0
"2018-10-07",1654,1705,-11,1852,1900,-8,EV,N17560,4037,ECP,IAH,96,118,572,0,0
"2018-10-07",1712,1719,-7,1715,1722,-7,DL,N943DL,1167,ATL,VPS,38,63,250,0,0
"2018-10-07",1742,1745,-3,1815,1825,-10,OH,N547NN,5709,CLT,VPS,69,93,460,0,0
"2018-10-07",1745,1751,-6,1928,1944,-16,G4,"274NV",1912,VPS,SGF,80,103,610,0,0
"2018-10-07",1755,1756,-1,1919,1903,16,DL,N935DL,1786,TLH,ATL,42,84,223,0,0
"2018-10-07",1801,1759,2,2005,2013,-8,DL,N944DL,1403,ECP,ATL,43,64,240,0,0
"2018-10-07",1841,1801,40,2015,1940,35,YX,N123HQ,4660,CLT,TLH,71,94,386,0,0
"2018-10-07",1759,1804,-5,1857,1910,-13,DL,N910AT,678,ATL,TLH,39,58,223,0,0
"2018-10-07",2036,1830,126,2106,1915,111,EV,N717EV,2890,CLT,ECP,63,90,437,0,0
"2018-10-07",1912,1850,22,2127,2054,33,EV,N611QX,2870,DFW,ECP,90,135,685,0,0
"2018-10-07",1923,1855,28,2121,2053,28,AA,N964TW,1445,DFW,VPS,86,118,641,0,0
"2018-10-07",1848,1855,-7,2124,2135,-11,OH,N547NN,5709,VPS,CLT,68,96,460,0,0
"2018-10-07",1945,1945,0,2052,2056,-4,DL,N910AT,678,TLH,ATL,40,67,223,0,0
"2018-10-07",2021,2023,-2,2137,2142,-5,G4,"224NV",1911,BNA,VPS,55,76,389,0,0
"2018-10-07",2126,2030,56,25,2333,52,MQ,N241NN,4131,DFW,TLH,101,119,767,0,0
"2018-10-07",2238,2241,-3,2328,2345,-17,DL,N966DL,485,ATL,TLH,38,50,223,0,0
"2018-10-07",2233,2241,-8,2307,2320,-13,OH,N548NN,5696,CLT,VPS,67,94,460,0,0
"2018-10-07",2307,2242,25,2306,2248,18,DL,N956DL,1590,ATL,VPS,39,59,250,0,0
"2018-10-08",544,545,-1,646,650,-4,DL,N966DL,708,TLH,ATL,40,62,223,0,0
"2018-10-08",602,600,2,801,805,-4,DL,N837DN,1237,ECP,ATL,41,59,240,0,0
"2018-10-08",600,600,0,712,725,-13,OH,N712PS,5584,TLH,CLT,57,72,386,0,0
"2018-10-08",634,634,0,913,915,-2,OH,N548NN,5623,VPS,CLT,69,99,460,0,0
"2018-10-08",652,700,-8,939,952,-13,G4,"224NV",1916,VPS,LCK,92,107,675,0,0
"2018-10-08",654,700,-6,756,803,-7,DL,N994DL,496,TLH,ATL,41,62,223,0,0
"2018-10-08",720,715,5,928,926,2,DL,N956DL,955,VPS,ATL,45,68,250,0,0
"2018-10-08",714,715,-1,931,925,6,DL,N384DA,2430,ECP,ATL,45,77,240,0,0
"2018-10-08",744,745,-1,853,900,-7,WN,N7874B,1281,BNA,ECP,58,69,401,0,0
"2018-10-08",748,749,-1,904,916,-12,MQ,N241NN,4116,TLH,DFW,109,136,767,0,0
"2018-10-08",919,900,19,1043,1025,18,OH,N598NN,5272,CLT,TLH,64,84,386,0,0
"2018-10-08",857,900,-3,850,903,-13,DL,N994DL,2029,ATL,ECP,40,53,240,0,0
"2018-10-08",908,900,8,1019,1015,4,WN,N8321D,3984,BNA,ECP,60,71,401,0,0
"2018-10-08",929,933,-4,1135,1144,-9,YV,N953LR,5725,VPS,DFW,97,126,641,0,0
"2018-10-08",940,941,-1,1216,1225,-9,OH,N562NN,5564,VPS,CLT,68,96,460,0,0
"2018-10-08",939,947,-8,1149,1149,0,DL,N994DL,2029,ECP,ATL,39,70,240,0,0
"2018-10-08",1004,1010,-6,1150,1155,-5,EV,N15986,4451,IAH,ECP,87,106,572,0,0
"2018-10-08",1010,1020,-10,1137,1128,9,"9E",N326PQ,3281,TLH,ATL,48,87,223,0,0
"2018-10-08",1046,1025,21,1218,1147,31,MQ,N900AE,3663,MIA,TLH,61,92,402,0,0
"2018-10-08",1028,1034,-6,1230,1249,-19,DL,N924DL,2716,VPS,ATL,43,62,250,0,0
"2018-10-08",1112,1055,17,1229,1228,1,OH,N598NN,5272,TLH,CLT,59,77,386,0,0
"2018-10-08",1052,1055,-3,1247,1257,-10,YV,N947LR,5740,DFW,VPS,88,115,641,0,0
"2018-10-08",1155,1200,-5,1349,1412,-23,DL,N995DL,1733,ECP,ATL,41,54,240,0,0
"2018-10-08",1742,1225,317,1946,1423,323,EV,N719EV,2895,DFW,ECP,93,124,685,0,0
"2018-10-08",1208,1225,-17,1454,1513,-19,G4,"224NV",1900,VPS,CVG,84,106,600,0,0
"2018-10-08",1253,1231,22,1421,1355,26,MQ,N900AE,3663,TLH,MIA,69,88,402,0,0
"2018-10-08",1233,1234,-1,1344,1348,-4,DL,N906DL,489,TLH,ATL,42,71,223,0,0
"2018-10-08",1302,1305,-3,1617,1610,7,MQ,N225NN,4069,DFW,TLH,97,135,767,0,0
"2018-10-08",1314,1320,-6,1506,1515,-9,EV,N15986,4134,ECP,IAH,93,112,572,0,0
"2018-10-08",1319,1327,-8,1603,1536,27,YV,N947LR,5740,VPS,DFW,99,164,641,0,0
"2018-10-08",1341,1342,-1,1345,1348,-3,DL,N912DL,2873,ATL,VPS,48,64,250,0,0
"2018-10-08",1427,1432,-5,1635,1644,-9,DL,N912DL,2873,VPS,ATL,41,68,250,0,0
"2018-10-08",2012,1457,315,2243,1744,299,EV,N719EV,2880,ECP,CLT,60,91,437,0,0
"2018-10-08",1453,1500,-7,1645,1655,-10,EV,N22909,4447,VPS,IAH,90,112,528,0,0
"2018-10-08",1509,1510,-1,1507,1516,-9,DL,N995DL,2802,ATL,VPS,40,58,250,0,0
"2018-10-08",1552,1558,-6,1701,1707,-6,DL,N974AT,1399,TLH,ATL,41,69,223,0,0
"2018-10-08",1632,1620,12,1837,1809,28,EV,N13538,4412,IAH,VPS,80,125,528,0,0
"2018-10-08",1709,1702,7,1833,1827,6,MQ,N697AB,3861,TLH,MIA,67,84,402,0,0
"2018-10-08",1649,1702,-13,1827,1846,-19,G4,"274NV",1902,VPS,BLV,83,98,587,0,0
"2018-10-08",1744,1705,39,1937,1900,37,EV,N14562,4037,ECP,IAH,93,113,572,0,0
"2018-10-08",1835,1710,85,2012,1845,87,WN,N8560Z,2008,HOU,ECP,83,97,571,0,0
"2018-10-08",1737,1719,18,1738,1722,16,DL,N910DE,1167,ATL,VPS,40,61,250,0,0
"2018-10-08",1742,1745,-3,1803,1825,-22,OH,N582NN,5709,CLT,VPS,66,81,460,0,0
"2018-10-08",1754,1756,-2,1915,1903,12,DL,N974DL,1786,TLH,ATL,43,81,223,0,0
"2018-10-08",1755,1759,-4,2007,2013,-6,DL,N944DL,1403,ECP,ATL,42,72,240,0,0
"2018-10-08",1800,1801,-1,1943,1940,3,YX,N110HQ,4660,CLT,TLH,69,103,386,0,0
"2018-10-08",1801,1804,-3,1900,1910,-10,DL,N936AT,678,ATL,TLH,39,59,223,0,0
"2018-10-08",,1850,,,2054,,EV,N717EV,2870,DFW,ECP,,,685,1,0
"2018-10-08",1851,1855,-4,2139,2135,4,OH,N582NN,5709,VPS,CLT,65,108,460,0,0
"2018-10-08",1926,1928,-2,2046,2050,-4,MQ,N681AE,3844,TLH,MIA,64,80,402,0,0
"2018-10-07",1709,1705,4,1843,1840,3,WN,N7819A,3780,HOU,ECP,81,94,571,0,0
"2018-10-07",1709,1713,-4,1701,1711,-10,DL,N944DL,1403,ATL,ECP,39,52,240,0,0
"2018-10-07",1726,1730,-4,1851,1854,-3,MQ,N681AE,3844,MIA,TLH,67,85,402,0,0
"2018-10-07",1800,1805,-5,1934,1954,-20,EV,N18557,4447,IAH,VPS,75,94,528,0,0
"2018-10-07",1802,1806,-4,2024,2030,-6,DL,N943DL,1167,VPS,ATL,41,82,250,0,0
"2018-10-07",1813,1821,-8,1935,1938,-3,G4,"224NV",1910,VPS,BNA,57,82,389,0,0
"2018-10-07",1838,1845,-7,2034,2044,-10,EV,N14905,4260,VPS,IAH,95,116,528,0,0
"2018-10-07",1912,1910,2,2021,2030,-9,WN,N7819A,3780,ECP,BNA,57,69,401,0,0
"2018-10-07",2209,1919,170,2356,2130,146,YV,N919FJ,5906,VPS,DFW,88,107,641,0,0
"2018-10-07",1921,1920,1,2034,2035,-1,WN,N761RR,4390,BNA,ECP,60,73,401,0,0
"2018-10-07",1926,1928,-2,2050,2050,0,MQ,N681AE,3844,TLH,MIA,66,84,402,0,0
"2018-10-07",1933,1934,-1,1932,1940,-8,DL,N384DA,2431,ATL,ECP,42,59,240,0,0
"2018-10-07",1928,1936,-8,1938,1945,-7,DL,N904DE,1856,ATL,VPS,38,70,250,0,0
"2018-10-07",1953,1955,-2,2135,2140,-5,EV,N17560,4190,IAH,ECP,84,102,572,0,0
"2018-10-07",1951,2000,-9,2208,2216,-8,YX,N437YX,4504,DCA,TLH,98,137,716,0,0
"2018-10-07",2053,2011,42,2214,2142,32,YX,N123HQ,4660,TLH,CLT,56,81,386,0,0
"2018-10-07",2019,2029,-10,2155,2217,-22,G4,"274NV",1913,SGF,VPS,78,96,610,0,0
"2018-10-07",2104,2051,13,2157,2155,2,DL,N994DL,1669,ATL,TLH,42,53,223,0,0
"2018-10-07",2223,2232,-9,2342,2359,-17,OH,N712PS,5284,CLT,TLH,62,79,386,0,0
"2018-10-07",2327,2245,42,2319,2250,29,DL,N837DN,2303,ATL,ECP,38,52,240,0,0
"2018-10-08",554,600,-6,807,807,0,DL,N904DE,2714,VPS,ATL,45,73,250,0,0
"2018-10-08",609,609,0,907,851,16,EV,N717EV,2899,ECP,CLT,63,118,437,0,0
"2018-10-08",654,700,-6,850,855,-5,EV,N17560,3979,ECP,IAH,94,116,572,0,0
"2018-10-08",658,700,-2,855,919,-24,AA,N964TW,1538,VPS,DFW,91,117,641,0,0
"2018-10-08",756,701,55,950,920,30,EV,N611QX,2889,ECP,DFW,94,114,685,0,0
"2018-10-08",704,705,-1,902,901,1,YV,N953LR,5725,DFW,VPS,86,118,641,0,0
"2018-10-08",721,721,0,935,929,6,YX,N437YX,4626,TLH,DCA,119,134,716,0,0
"2018-10-08",743,750,-7,852,910,-18,WN,N761RR,716,ECP,BNA,59,69,401,0,0
"2018-10-08",835,835,0,907,911,-4,OH,N562NN,5564,CLT,VPS,69,92,460,0,0
"2018-10-08",841,850,-9,1013,1023,-10,YX,N424YX,4609,DCA,VPS,107,152,789,0,0
"2018-10-08",853,900,-7,1045,1055,-10,EV,N18557,4064,VPS,IAH,93,112,528,0,0
"2018-10-08",927,930,-3,1109,1115,-6,WN,N7874B,1281,ECP,HOU,88,102,571,0,0
"2018-10-08",940,944,-4,930,950,-20,DL,N924DL,2716,ATL,VPS,37,50,250,0,0
"2018-10-08",1033,1037,-4,1123,1135,-12,G4,"224NV",1917,LCK,VPS,92,110,675,0,0
"2018-10-08",1049,1050,-1,1151,1150,1,DL,N906DL,489,ATL,TLH,36,62,223,0,0
"2018-10-08",1049,1054,-5,1408,1408,0,YX,N424YX,4609,VPS,DCA,113,139,789,0,0
"2018-10-08",1059,1100,-1,1210,1220,-10,WN,N8321D,5774,ECP,BNA,56,71,401,0,0
"2018-10-08",1111,1112,-1,1113,1116,-3,DL,N995DL,1733,ATL,ECP,40,62,240,0,0
"2018-10-08",1117,1131,-14,1152,1209,-17,EV,N604QX,2893,CLT,ECP,68,95,437,0,0
"2018-10-08",1158,1200,-2,1348,1349,-1,EV,N22909,3995,IAH,VPS,88,110,528,0,0
"2018-10-08",1243,1248,-5,1448,1506,-18,EV,N604QX,2876,ECP,DFW,95,125,685,0,0
"2018-10-08",1305,1307,-2,1340,1350,-10,OH,N583NN,5500,CLT,VPS,72,95,460,0,0
"2018-10-08",1319,1320,-1,1448,1451,-3,OH,N512AE,5662,CLT,TLH,66,89,386,0,0
"2018-10-08",1346,1354,-8,1345,1352,-7,DL,N999DN,2506,ATL,ECP,42,59,240,0,0
"2018-10-08",1416,1421,-5,1510,1523,-13,DL,N974AT,1399,ATL,TLH,40,54,223,0,0
"2018-10-08",1425,1428,-3,1652,1714,-22,OH,N583NN,5500,VPS,CLT,69,87,460,0,0
"2018-10-08",1428,1436,-8,1634,1643,-9,DL,N999DN,2506,ECP,ATL,41,66,240,0,0
"2018-10-08",1438,1439,-1,1558,1603,-5,MQ,N697AB,3861,MIA,TLH,65,80,402,0,0
"2018-10-08",1444,1445,-1,1712,1630,42,EV,N14562,4249,IAH,ECP,86,148,572,0,0
"2018-10-08",1525,1527,-2,1657,1705,-8,OH,N512AE,5662,TLH,CLT,66,92,386,0,0
"2018-10-08",1558,1558,0,1643,1645,-2,G4,"224NV",1901,CVG,VPS,83,105,600,0,0
"2018-10-08",1556,1600,-4,1808,1813,-5,DL,N995DL,2802,VPS,ATL,40,72,250,0,0
"2018-10-08",1608,1610,-2,1742,1737,5,OH,N571NN,5248,CLT,TLH,67,94,386,0,0
"2018-10-08",1614,1617,-3,1703,1712,-9,DL,N974DL,1786,ATL,TLH,37,49,223,0,0
"2018-10-08",1657,1640,17,1817,1805,12,MQ,N225NN,4069,TLH,DFW,107,140,767,0,0
"2018-10-08",1815,1650,85,2011,1846,85,YV,N914FJ,5906,DFW,VPS,85,116,641,0,0
"2018-10-08",1708,1713,-5,1705,1711,-6,DL,N944DL,1403,ATL,ECP,42,57,240,0,0
"2018-10-08",1725,1730,-5,1851,1854,-3,MQ,N681AE,3844,MIA,TLH,64,86,402,0,0
"2018-10-08",1729,1735,-6,1945,1947,-2,G4,"224NV",1914,VPS,MCI,102,136,764,0,0
"2018-10-08",1803,1805,-2,1938,1954,-16,EV,N12569,4447,IAH,VPS,76,95,528,0,0
"2018-10-08",1816,1806,10,2046,2030,16,DL,N910DE,1167,VPS,ATL,47,90,250,0,0
"2018-10-08",1813,1808,5,1941,1940,1,OH,N571NN,5248,TLH,CLT,63,88,386,0,0
"2018-10-08",,1830,,,1915,,EV,N719EV,2890,CLT,ECP,,,437,1,0
"2018-10-08",1856,1845,11,2056,2044,12,EV,N13538,4260,VPS,IAH,94,120,528,0,0
"2018-10-08",1930,1931,-1,2103,2115,-12,G4,"274NV",1903,BLV,VPS,73,93,587,0,0
"2018-10-08",1942,1934,8,1943,1940,3,DL,N3772H,2431,ATL,ECP,41,61,240,0,0
"2018-10-08",2057,1935,82,2210,2055,75,WN,N8560Z,2008,ECP,BNA,58,73,401,0,0
"2018-10-08",2036,1955,41,2216,2140,36,EV,N15574,4190,IAH,ECP,80,100,572,0,0
"2018-10-08",,1935,,,2050,,WN,N207WN,1378,BNA,ECP,,,401,1,0
"2018-10-08",1934,1936,-2,1937,1945,-8,DL,N902DE,1856,ATL,VPS,40,63,250,0,0
"2018-10-08",1940,1945,-5,2101,2056,5,DL,N936AT,678,TLH,ATL,44,81,223,0,0
"2018-10-08",1958,2000,-2,2213,2216,-3,YX,N446YX,4504,DCA,TLH,96,135,716,0,0
"2018-10-08",2017,2011,6,2137,2142,-5,YX,N110HQ,4660,TLH,CLT,59,80,386,0,0
"2018-10-08",2229,2232,-3,2354,2359,-5,OH,N510AE,5284,CLT,TLH,60,85,386,0,0
"2018-10-08",2119,2030,49,31,2333,58,MQ,N253NN,4131,DFW,TLH,98,132,767,0,0
"2018-10-08",2027,2032,-5,2232,2238,-6,G4,"224NV",1915,MCI,VPS,107,125,764,0,0
"2018-10-08",2049,2051,-2,2140,2155,-15,DL,N978DL,1669,ATL,TLH,37,51,223,0,0
"2018-10-08",2236,2241,-5,2339,2345,-6,DL,N962DL,485,ATL,TLH,43,63,223,0,0
"2018-10-08",2242,2241,1,2311,2320,-9,OH,N582NN,5696,CLT,VPS,66,89,460,0,0
"2018-10-08",2244,2242,2,2253,2248,5,DL,N924DL,1590,ATL,VPS,40,69,250,0,0
"2018-10-08",2244,2245,-1,2252,2250,2,DL,N863DN,2303,ATL,ECP,41,68,240,0,0
"2018-10-09",541,545,-4,639,650,-11,DL,N978DL,708,TLH,ATL,40,58,223,0,0
"2018-10-09",557,600,-3,753,808,-15,DL,N863DN,1237,ECP,ATL,41,56,240,0,0
"2018-10-09",556,600,-4,800,807,-7,DL,N902DE,2714,VPS,ATL,42,64,250,0,0
"2018-10-09",,609,,,851,,EV,N719EV,2899,ECP,CLT,,,437,1,0
"2018-10-09",600,600,0,716,725,-9,OH,N510AE,5584,TLH,CLT,58,76,386,0,0
"2018-10-09",653,700,-7,855,855,0,EV,N15574,3979,ECP,IAH,104,122,572,0,0
"2018-10-09",634,634,0,904,915,-11,OH,N582NN,5623,VPS,CLT,65,90,460,0,0
"2018-10-09",700,700,0,1242,919,,AA,N979TW,1538,VPS,DFW,,,641,0,1
"2018-10-09",657,700,-3,759,803,-4,DL,N962DL,496,TLH,ATL,40,62,223,0,0
"2018-10-09",743,749,-6,853,916,-23,MQ,N253NN,4116,TLH,DFW,102,130,767,0,0
"2018-10-09",,701,,,920,,EV,N717EV,2889,ECP,DFW,,,685,1,0
"2018-10-09",725,715,10,927,925,2,DL,N3772H,2430,ECP,ATL,43,62,240,0,0
"2018-10-09",710,715,-5,930,926,4,DL,N924DL,955,VPS,ATL,48,80,250,0,0
"2018-10-09",715,721,-6,920,929,-9,YX,N446YX,4626,TLH,DCA,112,125,716,0,0
"2018-10-09",,745,,,900,,WN,N739GB,1281,BNA,ECP,,,401,1,0
"2018-10-09",941,941,0,1215,1225,-10,OH,N589NN,5564,VPS,CLT,70,94,460,0,0
"2018-10-09",,750,,,910,,WN,N207WN,716,ECP,BNA,,,401,1,0
"2018-10-09",839,835,4,909,911,-2,OH,N589NN,5564,CLT,VPS,72,90,460,0,0
"2018-10-09",850,836,14,947,941,6,"9E",N133EV,3281,ATL,TLH,40,57,223,0,0
"2018-10-09",840,850,-10,1012,1023,-11,YX,N414YX,4609,DCA,VPS,115,152,789,0,0
"2018-10-09",853,900,-7,1051,1055,-4,EV,N12569,4064,VPS,IAH,97,118,528,0,0
"2018-10-09",854,900,-6,912,903,9,DL,N938DN,2029,ATL,ECP,56,78,240,0,0
"2018-10-09",910,900,10,1155,1148,7,G4,"274NV",1900,VPS,CVG,83,105,600,0,0
"2018-10-09",857,900,-3,1020,1025,-5,OH,N564NN,5272,CLT,TLH,68,83,386,0,0
"2018-10-09",,930,,,1115,,WN,N739GB,1281,ECP,HOU,,,571,1,0
"2018-10-09",940,944,-4,943,950,-7,DL,N909DE,2716,ATL,VPS,40,63,250,0,0
"2018-10-09",1040,1054,-14,1353,1408,-15,YX,N414YX,4609,VPS,DCA,112,133,789,0,0
"2018-10-09",950,947,3,1205,1149,16,DL,N938DN,2029,ECP,ATL,41,75,240,0,0
"2018-10-09",1000,1010,-10,1202,1155,7,EV,N18557,4451,IAH,ECP,85,122,572,0,0
"2018-10-09",1017,1020,-3,1129,1128,1,"9E",N133EV,3281,TLH,ATL,46,72,223,0,0
"2018-10-09",1020,1025,-5,1139,1147,-8,MQ,N689EC,3663,MIA,TLH,63,79,402,0,0
"2018-10-09",1029,1034,-5,1240,1249,-9,DL,N909DE,2716,VPS,ATL,43,71,250,0,0
"2018-10-09",1049,1050,-1,1144,1150,-6,DL,N962DN,489,ATL,TLH,39,55,223,0,0
"2018-10-09",1053,1055,-2,1215,1228,-13,OH,N564NN,5272,TLH,CLT,61,82,386,0,0
"2018-10-09",1157,1200,-3,1337,1349,-12,EV,N15980,3995,IAH,VPS,76,100,528,0,0
"2018-10-09",,1055,,,1257,,YV,N248LR,5740,DFW,VPS,,,641,1,0
"2018-10-09",1107,1112,-5,1109,1116,-7,DL,N949DN,1733,ATL,ECP,41,62,240,0,0
"2018-10-09",,1131,,,1209,,EV,N611QX,2893,CLT,ECP,,,437,1,0
"2018-10-09",1154,1200,-6,1358,1412,-14,DL,N949DN,1733,ECP,ATL,40,64,240,0,0
"2018-10-09",1255,1233,22,1335,1320,15,G4,"274NV",1901,CVG,VPS,84,100,600,0,0
"2018-10-09",,1225,,,1423,,EV,N617QX,2895,DFW,ECP,,,685,1,0
"2018-10-09",1221,1231,-10,1344,1355,-11,MQ,N689EC,3663,TLH,MIA,67,83,402,0,0
"2018-10-09",1239,1234,5,1352,1348,4,DL,N962DN,489,TLH,ATL,43,73,223,0,0
"2018-10-09",,1248,,,1506,,EV,N611QX,2876,ECP,DFW,,,685,1,0
"2018-10-10",,600,,,725,,OH,"",5584,TLH,CLT,,,386,1,0
"2018-10-09",1309,1307,2,1351,1350,1,OH,N593NN,5500,CLT,VPS,82,102,460,0,0
"2018-10-09",1510,1305,125,1824,1610,134,MQ,N249NN,4069,DFW,TLH,99,134,767,0,0
"2018-10-09",1315,1320,-5,1514,1515,-1,EV,N18557,4134,ECP,IAH,98,119,572,0,0
"2018-10-09",1317,1320,-3,1441,1451,-10,OH,N562NN,5662,CLT,TLH,64,84,386,0,0
"2018-10-09",,1327,,,1536,,YV,N248LR,5740,VPS,DFW,,,641,1,0
"2018-10-09",1339,1342,-3,1345,1348,-3,DL,N938DN,2873,ATL,VPS,46,66,250,0,0
"2018-10-10",,1928,,,2050,,MQ,N697AB,3844,TLH,MIA,,,402,1,0
"2018-10-09",1503,1428,35,1734,1714,20,OH,N593NN,5500,VPS,CLT,65,91,460,0,0
"2018-10-09",1353,1354,-1,1350,1352,-2,DL,N924DL,2506,ATL,ECP,40,57,240,0,0
"2018-10-09",1425,1410,15,1658,1652,6,G4,"274NV",1918,VPS,SDF,73,93,532,0,0
"2018-10-11",,930,,,1115,,WN,"",1281,ECP,HOU,,,571,1,0
"2018-10-09",1420,1421,-1,1515,1523,-8,DL,N952AT,1399,ATL,TLH,40,55,223,0,0
"2018-10-09",1434,1432,2,1641,1644,-3,DL,N938DN,2873,VPS,ATL,49,67,250,0,0
"2018-10-09",1431,1436,-5,1649,1643,6,DL,N924DL,2506,ECP,ATL,45,78,240,0,0
"2018-10-09",1527,1439,48,1651,1603,48,MQ,N900AE,3861,MIA,TLH,60,84,402,0,0
"2018-10-09",,1445,,,1630,,EV,N18556,4249,IAH,ECP,,,572,1,0
"2018-10-09",,1457,,,1744,,EV,N617QX,2880,ECP,CLT,,,437,1,0
"2018-10-09",1454,1500,-6,1636,1655,-19,EV,N15980,4447,VPS,IAH,86,102,528,0,0
"2018-10-09",1506,1510,-4,1507,1516,-9,DL,N949DN,2802,ATL,VPS,42,61,250,0,0
"2018-10-09",1526,1527,-1,1657,1705,-8,OH,N562NN,5662,TLH,CLT,64,91,386,0,0
"2018-10-09",,1610,,,1737,,OH,N572NN,5248,CLT,TLH,,,386,1,0
"2018-10-09",1553,1558,-5,1713,1710,3,DL,N952AT,1399,TLH,ATL,41,80,223,0,0
"2018-10-09",1554,1600,-6,1810,1813,-3,DL,N949DN,2802,VPS,ATL,43,76,250,0,0
"2018-10-09",1614,1617,-3,1704,1712,-8,DL,N904DL,1786,ATL,TLH,38,50,223,0,0
"2018-10-09",1619,1620,-1,1834,1809,25,EV,N11539,4412,IAH,VPS,75,135,528,0,0
"2018-10-09",,1650,,,1846,,YV,N246LR,5906,DFW,VPS,,,641,1,0
"2018-10-09",1855,1640,135,2023,1805,138,MQ,N249NN,4069,TLH,DFW,125,148,767,0,0
"2018-10-09",1722,1713,9,1723,1711,12,DL,N978DL,1403,ATL,ECP,44,61,240,0,0
"2018-10-09",1715,1702,13,1837,1827,10,MQ,N900AE,3861,TLH,MIA,65,82,402,0,0
"2018-10-09",,1705,,,1900,,EV,N18556,4037,ECP,IAH,,,572,1,0
"2018-10-09",,1730,,,1854,,MQ,N942LL,3844,MIA,TLH,,,402,1,0
"2018-10-09",,1710,,,1845,,WN,N964WN,2008,HOU,ECP,,,571,1,0
"2018-10-09",1729,1719,10,1728,1722,6,DL,N938DN,1167,ATL,VPS,39,59,250,0,0
"2018-10-09",1743,1737,6,1822,1818,4,G4,"274NV",1919,SDF,VPS,79,99,532,0,0
"2018-10-09",1748,1745,3,1819,1825,-6,OH,N556NN,5709,CLT,VPS,70,91,460,0,0
"2018-10-09",1754,1756,-2,1909,1903,6,DL,N904DL,1786,TLH,ATL,45,75,223,0,0
"2018-10-09",1804,1759,5,2002,2013,-11,DL,N978DL,1403,ECP,ATL,39,58,240,0,0
"2018-10-09",,1801,,,1940,,YX,N128HQ,4660,CLT,TLH,,,386,1,0
"2018-10-09",1801,1804,-3,1853,1910,-17,DL,N952AT,678,ATL,TLH,38,52,223,0,0
"2018-10-09",,1805,,,1954,,EV,N13975,4447,IAH,VPS,,,528,1,0
"2018-10-09",1856,1845,11,2137,2044,53,EV,N11539,4260,VPS,IAH,111,161,528,0,0
"2018-10-09",1807,1806,1,2021,2030,-9,DL,N938DN,1167,VPS,ATL,46,74,250,0,0
"2018-10-09",,1808,,,1940,,OH,N572NN,5248,TLH,CLT,,,386,1,0
"2018-10-09",,1830,,,1915,,EV,N617QX,2890,CLT,ECP,,,437,1,0
"2018-10-09",,1919,,,2130,,YV,N246LR,5906,VPS,DFW,,,641,1,0
"2018-10-09",,1850,,,2054,,EV,N611QX,2870,DFW,ECP,,,685,1,0
"2018-10-09",,1855,,,2053,,AA,N9629H,1445,DFW,VPS,,,641,1,0
"2018-10-09",1849,1855,-6,2133,2135,-2,OH,N556NN,5709,VPS,CLT,74,104,460,0,0
"2018-10-09",,1928,,,2050,,MQ,N942LL,3844,TLH,MIA,,,402,1,0
"2018-10-09",1953,1934,19,1950,1940,10,DL,N395DN,2431,ATL,ECP,41,57,240,0,0
"2018-10-09",,1935,,,2050,,WN,N926WN,1378,BNA,ECP,,,401,1,0
"2018-10-09",1935,1936,-1,1938,1945,-7,DL,N992DL,1856,ATL,VPS,40,63,250,0,0
"2018-10-09",,1935,,,2055,,WN,N964WN,2008,ECP,BNA,,,401,1,0
"2018-10-09",,2011,,,2142,,YX,N128HQ,4660,TLH,CLT,,,386,1,0
"2018-10-09",1938,1945,-7,2109,2056,13,DL,N952AT,678,TLH,ATL,44,91,223,0,0
"2018-10-09",,1955,,,2140,,EV,N15980,4190,IAH,ECP,,,572,1,0
"2018-10-09",,2000,,,2216,,YX,N445YX,4504,DCA,TLH,,,716,1,0
"2018-10-09",,2030,,,2333,,MQ,N244NN,4131,DFW,TLH,,,767,1,0
"2018-10-09",2048,2051,-3,2140,2155,-15,DL,N904DL,1669,ATL,TLH,40,52,223,0,0
"2018-10-11",,721,,,929,,YX,"",4626,TLH,DCA,,,716,1,0
"2018-10-09",,2232,,,2359,,OH,N503AE,5284,CLT,TLH,,,386,1,0
"2018-10-10",,545,,,650,,DL,N904DL,708,TLH,ATL,,,223,1,0
"2018-10-10",,600,,,807,,DL,N985DL,2714,VPS,ATL,,,250,1,0
"2018-10-10",,700,,,855,,EV,N15980,3979,ECP,IAH,,,572,1,0
"2018-10-10",,700,,,803,,DL,N999DN,496,TLH,ATL,,,223,1,0
"2018-10-10",,700,,,919,,AA,N9629H,1538,VPS,DFW,,,641,1,0
"2018-10-10",,749,,,916,,MQ,N254NN,4116,TLH,DFW,,,767,1,0
"2018-10-10",,835,,,911,,OH,"",5564,CLT,VPS,,,460,1,0
"2018-10-10",,850,,,1151,,G4,"326NV",1425,VPS,PIT,,,775,1,0
"2018-10-10",,850,,,1023,,YX,"",4609,DCA,VPS,,,789,1,0
"2018-10-10",,930,,,1115,,WN,"",1281,ECP,HOU,,,571,1,0
"2018-10-10",,947,,,1149,,DL,N985DL,2029,ECP,ATL,,,240,1,0
"2018-10-10",,1020,,,1128,,"9E",N295PQ,3281,TLH,ATL,,,223,1,0
"2018-10-10",,1025,,,1147,,MQ,N671AE,3663,MIA,TLH,,,402,1,0
"2018-10-10",,1034,,,1249,,DL,N907DL,2716,VPS,ATL,,,250,1,0
"2018-10-10",,1050,,,1150,,DL,N973DL,489,ATL,TLH,,,223,1,0
"2018-10-10",,1055,,,1257,,YV,"",5740,DFW,VPS,,,641,1,0
"2018-10-10",,1200,,,1345,,G4,"",1991,EWR,VPS,,,988,1,0
"2018-10-10",,1305,,,1610,,MQ,N253NN,4069,DFW,TLH,,,767,1,0
"2018-10-10",,1320,,,1515,,EV,N11544,4134,ECP,IAH,,,572,1,0
"2018-10-10",,1320,,,1451,,OH,"",5662,CLT,TLH,,,386,1,0
"2018-10-10",,1354,,,1352,,DL,N979DL,2506,ATL,ECP,,,240,1,0
"2018-10-10",,1421,,,1523,,DL,N608AT,1399,ATL,TLH,,,223,1,0
"2018-10-10",,1428,,,1714,,OH,"",5500,VPS,CLT,,,460,1,0
"2018-10-10",,1436,,,1643,,DL,N979DL,2506,ECP,ATL,,,240,1,0
"2018-10-10",,1439,,,1603,,MQ,N657AE,3861,MIA,TLH,,,402,1,0
"2018-10-10",,1445,,,1630,,EV,N15986,4249,IAH,ECP,,,572,1,0
"2018-10-10",,1500,,,1655,,EV,N18557,4447,VPS,IAH,,,528,1,0
"2018-10-10",,1510,,,1516,,DL,N973DL,2802,ATL,VPS,,,250,1,0
"2018-10-10",,1551,,,1638,,G4,"",1901,CVG,VPS,,,600,1,0
"2018-10-10",,1558,,,1710,,DL,N608AT,1399,TLH,ATL,,,223,1,0
"2018-10-10",,1600,,,1813,,DL,N973DL,2802,VPS,ATL,,,250,1,0
"2018-10-10",,1640,,,1805,,MQ,N253NN,4069,TLH,DFW,,,767,1,0
"2018-10-10",,1719,,,1722,,DL,N969DL,1167,ATL,VPS,,,250,1,0
"2018-10-10",,1745,,,1825,,OH,"",5709,CLT,VPS,,,460,1,0
"2018-10-10",,1756,,,1903,,DL,N916DL,1786,TLH,ATL,,,223,1,0
"2018-10-10",,1801,,,1940,,YX,"",4660,CLT,TLH,,,386,1,0
"2018-10-10",,1804,,,1910,,DL,N946AT,678,ATL,TLH,,,223,1,0
"2018-10-10",,1808,,,1940,,OH,"",5248,TLH,CLT,,,386,1,0
"2018-10-10",,1831,,,1951,,G4,"",1947,BWI,VPS,,,819,1,0
"2018-10-10",,1850,,,2054,,EV,N720EV,2870,DFW,ECP,,,685,1,0
"2018-10-10",,1855,,,2053,,AA,N9629H,1445,DFW,VPS,,,641,1,0
"2018-10-10",,1855,,,2135,,OH,"",5709,VPS,CLT,,,460,1,0
"2018-10-10",,1919,,,2130,,YV,"",5906,VPS,DFW,,,641,1,0
"2018-10-10",,1935,,,2050,,WN,"",1378,BNA,ECP,,,401,1,0
"2018-10-10",,1935,,,2055,,WN,"",2008,ECP,BNA,,,401,1,0
"2018-10-10",,1936,,,1945,,DL,N963DL,1856,ATL,VPS,,,250,1,0
"2018-10-10",,1945,,,2056,,DL,N946AT,678,TLH,ATL,,,223,1,0
"2018-10-10",,1955,,,2140,,EV,N17115,4190,IAH,ECP,,,572,1,0
"2018-10-10",,2011,,,2142,,YX,"",4660,TLH,CLT,,,386,1,0
"2018-10-10",,2030,,,2333,,MQ,N240NN,4131,DFW,TLH,,,767,1,0
"2018-10-10",,2241,,,2345,,DL,N913DE,485,ATL,TLH,,,223,1,0
"2018-10-10",,2241,,,2320,,OH,"",5696,CLT,VPS,,,460,1,0
"2018-10-10",,2242,,,2248,,DL,N912DE,1590,ATL,VPS,,,250,1,0
"2018-10-10",,2245,,,2250,,DL,N894DN,2303,ATL,ECP,,,240,1,0
"2018-10-11",,600,,,807,,DL,N912DE,2714,VPS,ATL,,,250,1,0
"2018-10-11",,600,,,725,,OH,"",5584,TLH,CLT,,,386,1,0
"2018-10-11",,700,,,855,,EV,N17115,3979,ECP,IAH,,,572,1,0
"2018-10-11",,700,,,919,,AA,N9629H,1538,VPS,DFW,,,641,1,0
"2018-10-11",,715,,,926,,DL,N963DL,955,VPS,ATL,,,250,1,0
"2018-10-11",,715,,,925,,DL,N375DA,2430,ECP,ATL,,,240,1,0
"2018-10-11",,730,,,937,,G4,"",1908,VPS,OKC,,,726,1,0
"2018-10-08",1859,1855,4,2113,2053,20,AA,N979TW,1445,DFW,VPS,88,134,641,0,0
"2018-10-09",2218,2241,-23,2316,2345,-29,DL,N969DL,485,ATL,TLH,40,58,223,0,0
"2018-10-09",,2241,,,2320,,OH,"",5696,CLT,VPS,,,460,1,0
"2018-10-09",2215,2242,-27,2211,2248,-37,DL,N958DL,1590,ATL,VPS,42,56,250,0,0
"2018-10-09",,2245,,,2250,,DL,N851DN,2303,ATL,ECP,,,240,1,0
"2018-10-10",,600,,,808,,DL,N851DN,1237,ECP,ATL,,,240,1,0
"2018-10-12",1307,1305,2,1618,1610,8,MQ,N235NN,4069,DFW,TLH,96,131,767,0,0
"2018-10-12",1308,1307,1,1407,1350,17,OH,N597NN,5500,CLT,VPS,78,119,460,0,0
"2018-10-10",,609,,,851,,EV,N611QX,2899,ECP,CLT,,,437,1,0
"2018-10-10",,634,,,915,,OH,"",5623,VPS,CLT,,,460,1,0
"2018-10-10",,700,,,810,,G4,"326NV",1424,PIT,VPS,,,775,1,0
"2018-10-10",,700,,,844,,G4,"",1902,VPS,BLV,,,587,1,0
"2018-10-10",,701,,,920,,EV,N617QX,2889,ECP,DFW,,,685,1,0
"2018-10-10",,715,,,926,,DL,N906DL,955,VPS,ATL,,,250,1,0
"2018-10-10",,715,,,925,,DL,N395DN,2430,ECP,ATL,,,240,1,0
"2018-10-10",,721,,,929,,YX,"",4626,TLH,DCA,,,716,1,0
"2018-10-10",,730,,,1100,,G4,"",1990,VPS,EWR,,,988,1,0
"2018-10-10",,745,,,900,,WN,"",1281,BNA,ECP,,,401,1,0
"2018-10-10",,750,,,910,,WN,"",716,ECP,BNA,,,401,1,0
"2018-10-10",,836,,,941,,"9E",N295PQ,3281,ATL,TLH,,,223,1,0
"2018-10-10",,900,,,1055,,EV,N13975,4064,VPS,IAH,,,528,1,0
"2018-10-10",,900,,,903,,DL,N985DL,2029,ATL,ECP,,,240,1,0
"2018-10-10",,900,,,1025,,OH,"",5272,CLT,TLH,,,386,1,0
"2018-10-10",,929,,,1113,,G4,"",1903,BLV,VPS,,,587,1,0
"2018-10-10",,941,,,1225,,OH,"",5564,VPS,CLT,,,460,1,0
"2018-10-10",,944,,,950,,DL,N907DL,2716,ATL,VPS,,,250,1,0
"2018-10-10",,1010,,,1155,,EV,N11544,4451,IAH,ECP,,,572,1,0
"2018-10-10",,1054,,,1408,,YX,"",4609,VPS,DCA,,,789,1,0
"2018-10-10",,1055,,,1228,,OH,"",5272,TLH,CLT,,,386,1,0
"2018-10-10",,1112,,,1116,,DL,N907DE,1733,ATL,ECP,,,240,1,0
"2018-10-10",,1131,,,1209,,EV,N717EV,2893,CLT,ECP,,,437,1,0
"2018-10-10",,1200,,,1349,,EV,N18557,3995,IAH,VPS,,,528,1,0
"2018-10-10",,1200,,,1412,,DL,N907DE,1733,ECP,ATL,,,240,1,0
"2018-10-10",,1203,,,1451,,G4,"",1900,VPS,CVG,,,600,1,0
"2018-10-10",,1225,,,1423,,EV,N616QX,2895,DFW,ECP,,,685,1,0
"2018-10-10",,1231,,,1355,,MQ,N657AE,3663,TLH,MIA,,,402,1,0
"2018-10-10",,1234,,,1348,,DL,N973DL,489,TLH,ATL,,,223,1,0
"2018-10-10",,1248,,,1506,,EV,N717EV,2876,ECP,DFW,,,685,1,0
"2018-10-10",,1307,,,1350,,OH,"",5500,CLT,VPS,,,460,1,0
"2018-10-10",,1327,,,1536,,YV,"",5740,VPS,DFW,,,641,1,0
"2018-10-10",,1342,,,1348,,DL,N954DL,2873,ATL,VPS,,,250,1,0
"2018-10-10",,1432,,,1644,,DL,N954DL,2873,VPS,ATL,,,250,1,0
"2018-10-10",,1435,,,1746,,G4,"",1946,VPS,BWI,,,819,1,0
"2018-10-10",,1457,,,1744,,EV,N616QX,2880,ECP,CLT,,,437,1,0
"2018-10-10",,1527,,,1705,,OH,"",5662,TLH,CLT,,,386,1,0
"2018-10-10",,1610,,,1737,,OH,"",5248,CLT,TLH,,,386,1,0
"2018-10-10",,1617,,,1712,,DL,N916DL,1786,ATL,TLH,,,223,1,0
"2018-10-10",,1620,,,1809,,EV,N11539,4412,IAH,VPS,,,528,1,0
"2018-10-10",,1650,,,1846,,YV,"",5906,DFW,VPS,,,641,1,0
"2018-10-10",,1702,,,1827,,MQ,N668HH,3861,TLH,MIA,,,402,1,0
"2018-10-10",,1705,,,1900,,EV,N15986,4037,ECP,IAH,,,572,1,0
"2018-10-10",,1710,,,1845,,WN,"",2008,HOU,ECP,,,571,1,0
"2018-10-10",,1713,,,1711,,DL,N976DL,1403,ATL,ECP,,,240,1,0
"2018-10-10",,1730,,,1854,,MQ,N900AE,3844,MIA,TLH,,,402,1,0
"2018-10-10",,1759,,,2013,,DL,N976DL,1403,ECP,ATL,,,240,1,0
"2018-10-10",,1805,,,1954,,EV,N15980,4447,IAH,VPS,,,528,1,0
"2018-10-10",,1806,,,2030,,DL,N969DL,1167,VPS,ATL,,,250,1,0
"2018-10-10",,1830,,,1915,,EV,N616QX,2890,CLT,ECP,,,437,1,0
"2018-10-10",,1845,,,2044,,EV,N11539,4260,VPS,IAH,,,528,1,0
"2018-10-10",,1934,,,1940,,DL,N375DA,2431,ATL,ECP,,,240,1,0
"2018-10-10",,2000,,,2216,,YX,"",4504,DCA,TLH,,,716,1,0
"2018-10-10",,2051,,,2155,,DL,N998DL,1669,ATL,TLH,,,223,1,0
"2018-10-10",,2232,,,2359,,OH,"",5284,CLT,TLH,,,386,1,0
"2018-10-11",,545,,,650,,DL,N913DE,708,TLH,ATL,,,223,1,0
"2018-10-11",,600,,,808,,DL,N894DN,1237,ECP,ATL,,,240,1,0
"2018-10-11",,609,,,851,,EV,N616QX,2899,ECP,CLT,,,437,1,0
"2018-10-11",,634,,,915,,OH,"",5623,VPS,CLT,,,460,1,0
"2018-10-11",,700,,,803,,DL,N998DL,496,TLH,ATL,,,223,1,0
"2018-10-11",,700,,,901,,G4,"",1992,VPS,AUS,,,666,1,0
"2018-10-11",,701,,,920,,EV,N720EV,2889,ECP,DFW,,,685,1,0
"2018-10-11",701,705,-4,849,901,-12,YV,N925FJ,5725,DFW,VPS,82,108,641,0,0
"2018-10-11",738,745,-7,,900,,WN,N901WN,1281,BNA,ECP,,,401,0,1
"2018-10-11",,749,,,916,,MQ,N242NN,4116,TLH,DFW,,,767,1,0
"2018-10-11",,835,,,911,,OH,N551NN,5564,CLT,VPS,,,460,1,0
"2018-10-11",,750,,,910,,WN,"",716,ECP,BNA,,,401,1,0
"2018-10-11",918,836,42,1023,941,42,"9E",N295PQ,3281,ATL,TLH,43,65,223,0,0
"2018-10-11",907,850,17,1032,1023,9,YX,N405YX,4609,DCA,VPS,117,145,789,0,0
"2018-10-11",,900,,,1055,,EV,N15980,4064,VPS,IAH,,,528,1,0
"2018-10-11",944,944,0,946,950,-4,DL,N906DL,2716,ATL,VPS,42,62,250,0,0
"2018-10-11",,900,,,903,,DL,N912DE,2029,ATL,ECP,,,240,1,0
"2018-10-11",,900,,,1025,,OH,"",5272,CLT,TLH,,,386,1,0
"2018-10-11",924,933,-9,1131,1144,-13,YV,N925FJ,5725,VPS,DFW,95,127,641,0,0
"2018-10-11",,941,,,1225,,OH,N551NN,5564,VPS,CLT,,,460,1,0
"2018-10-11",,1010,,,1155,,EV,N14905,4451,IAH,ECP,,,572,1,0
"2018-10-11",,946,,,1138,,G4,"",1993,AUS,VPS,,,666,1,0
"2018-10-11",,947,,,1149,,DL,N912DE,2029,ECP,ATL,,,240,1,0
"2018-10-11",,1022,,,1216,,G4,"",1909,OKC,VPS,,,726,1,0
"2018-10-11",1052,1020,32,1213,1128,45,"9E",N295PQ,3281,TLH,ATL,47,81,223,0,0
"2018-10-11",1159,1025,94,1324,1147,97,MQ,N681AE,3663,MIA,TLH,61,85,402,0,0
"2018-10-11",,1055,,,1228,,OH,"",5272,TLH,CLT,,,386,1,0
"2018-10-11",1032,1034,-2,1244,1249,-5,DL,N906DL,2716,VPS,ATL,47,72,250,0,0
"2018-10-11",1050,1055,-5,1241,1257,-16,YV,N955LR,5740,DFW,VPS,84,111,641,0,0
"2018-10-11",1056,1054,2,1408,1408,0,YX,N405YX,4609,VPS,DCA,109,132,789,0,0
"2018-10-11",1152,1200,-8,1325,1349,-24,EV,N14904,3995,IAH,VPS,75,93,528,0,0
"2018-10-11",1118,1106,12,1213,1210,3,"9E",N135EV,5363,ATL,TLH,38,55,223,0,0
"2018-10-11",,1112,,,1116,,DL,N974DL,1733,ATL,ECP,,,240,1,0
"2018-10-11",,1131,,,1209,,EV,N716EV,2893,CLT,ECP,,,437,1,0
"2018-10-11",,1200,,,1412,,DL,N974DL,1733,ECP,ATL,,,240,1,0
"2018-10-11",1344,1231,73,1537,1355,102,MQ,N681AE,3663,TLH,MIA,98,113,402,0,0
"2018-10-11",,1225,,,1423,,EV,N738EV,2895,DFW,ECP,,,685,1,0
"2018-10-11",,1248,,,1506,,EV,N716EV,2876,ECP,DFW,,,685,1,0
"2018-10-11",1251,1245,6,1409,1359,10,"9E",N135EV,5363,TLH,ATL,52,78,223,0,0
"2018-10-11",1238,1248,-10,1412,1432,-20,G4,"217NV",1902,VPS,BLV,73,94,587,0,0
"2018-10-11",1415,1307,68,1500,1350,70,OH,N596NN,5500,CLT,VPS,75,105,460,0,0
"2018-10-11",1302,1305,-3,1600,1610,-10,MQ,N257NN,4069,DFW,TLH,96,118,767,0,0
"2018-10-11",1313,1318,-5,1540,1600,-20,G4,"229NV",1918,VPS,SDF,70,87,532,0,0
"2018-10-11",,1320,,,1515,,EV,N14905,4134,ECP,IAH,,,572,1,0
"2018-10-11",1321,1327,-6,1524,1536,-12,YV,N955LR,5740,VPS,DFW,97,123,641,0,0
"2018-10-11",1410,1320,50,1529,1451,38,OH,N588NN,5662,CLT,TLH,62,79,386,0,0
"2018-10-11",1340,1342,-2,1336,1348,-12,DL,N936DL,2873,ATL,VPS,39,56,250,0,0
"2018-10-11",1429,1432,-3,1637,1644,-7,DL,N936DL,2873,VPS,ATL,44,68,250,0,0
"2018-10-11",,1354,,,1352,,DL,N920DE,2506,ATL,ECP,,,240,1,0
"2018-10-11",1420,1421,-1,1517,1523,-6,"9E",N307PQ,5145,ATL,TLH,39,57,223,0,0
"2018-10-11",1530,1428,62,1816,1714,62,OH,N596NN,5500,VPS,CLT,61,106,460,0,0
"2018-10-11",,1436,,,1643,,DL,N920DE,2506,ECP,ATL,,,240,1,0
"2018-10-11",1433,1439,-6,1638,1603,35,MQ,N942LL,3861,MIA,TLH,61,125,402,0,0
"2018-10-11",,1445,,,1630,,EV,N13538,4249,IAH,ECP,,,572,1,0
"2018-10-11",,1457,,,1744,,EV,N738EV,2880,ECP,CLT,,,437,1,0
"2018-10-11",1451,1500,-9,1640,1655,-15,EV,N14904,4447,VPS,IAH,93,109,528,0,0
"2018-10-11",1546,1558,-12,1704,1710,-6,"9E",N307PQ,5145,TLH,ATL,45,78,223,0,0
"2018-10-11",1513,1510,3,1516,1516,0,DL,N960DL,2802,ATL,VPS,42,63,250,0,0
"2018-10-11",1512,1517,-5,1650,1701,-11,G4,"217NV",1903,BLV,VPS,85,98,587,0,0
"2018-10-11",1611,1527,44,1814,1705,69,OH,N588NN,5662,TLH,CLT,62,123,386,0,0
"2018-10-11",1624,1617,7,1713,1712,1,DL,N981DL,1786,ATL,TLH,36,49,223,0,0
"2018-10-11",1554,1600,-6,1803,1813,-10,DL,N960DL,2802,VPS,ATL,43,69,250,0,0
"2018-10-11",1703,1610,53,1817,1737,40,OH,N590NN,5248,CLT,TLH,57,74,386,0,0
"2018-10-11",1645,1640,5,1752,1805,-13,MQ,N257NN,4069,TLH,DFW,113,127,767,0,0
"2018-10-11",1619,1620,-1,1753,1809,-16,EV,N11539,4412,IAH,VPS,77,94,528,0,0
"2018-10-11",1632,1645,-13,1721,1726,-5,G4,"229NV",1919,SDF,VPS,81,109,532,0,0
"2018-10-11",,1705,,,1900,,EV,N13538,4037,ECP,IAH,,,572,1,0
"2018-10-11",1651,1650,1,1838,1846,-8,YV,N922FJ,5906,DFW,VPS,81,107,641,0,0
"2018-10-11",,1713,,,1711,,DL,N994DL,1403,ATL,ECP,,,240,1,0
"2018-10-11",1700,1702,-2,1828,1827,1,MQ,N942LL,3861,TLH,MIA,69,88,402,0,0
"2018-10-11",,1710,,,1845,,WN,N7831B,2008,HOU,ECP,,,571,1,0
"2018-10-11",1714,1719,-5,1710,1722,-12,DL,N916DE,1167,ATL,VPS,41,56,250,0,0
"2018-10-11",1732,1730,2,1915,1854,21,MQ,N681AE,3844,MIA,TLH,60,103,402,0,0
"2018-10-11",1757,1805,-8,1931,1954,-23,EV,N16911,4447,IAH,VPS,78,94,528,0,0
"2018-10-11",1837,1745,52,1915,1825,50,OH,N594NN,5709,CLT,VPS,74,98,460,0,0
"2018-10-11",1734,1751,-17,1916,1944,-28,G4,"217NV",1912,VPS,SGF,84,102,610,0,0
"2018-10-11",1752,1756,-4,1907,1903,4,DL,N981DL,1786,TLH,ATL,40,75,223,0,0
"2018-10-11",,1759,,,2013,,DL,N994DL,1403,ECP,ATL,,,240,1,0
"2018-10-11",,1801,,,1940,,YX,"",4660,CLT,TLH,,,386,1,0
"2018-10-11",1757,1802,-5,1903,1910,-7,"9E",N307PQ,5203,ATL,TLH,39,66,223,0,0
"2018-10-11",1806,1806,0,2020,2030,-10,DL,N916DE,1167,VPS,ATL,48,74,250,0,0
"2018-10-11",1841,1808,33,1953,1940,13,OH,N590NN,5248,TLH,CLT,56,72,386,0,0
"2018-10-11",1802,1821,-19,1918,1938,-20,G4,"229NV",1910,VPS,BNA,59,76,389,0,0
"2018-10-11",,1830,,,1915,,EV,N738EV,2890,CLT,ECP,,,437,1,0
"2018-10-11",1835,1845,-10,2039,2044,-5,EV,N11539,4260,VPS,IAH,99,124,528,0,0
"2018-10-11",1914,1919,-5,2121,2130,-9,YV,N922FJ,5906,VPS,DFW,105,127,641,0,0
"2018-10-11",,1850,,,2054,,EV,N719EV,2870,DFW,ECP,,,685,1,0
"2018-10-11",1852,1855,-3,2028,2053,-25,AA,N9621A,1445,DFW,VPS,78,96,641,0,0
"2018-10-11",1934,1855,39,2201,2135,26,OH,N594NN,5709,VPS,CLT,60,87,460,0,0
"2018-10-11",1936,1928,8,2054,2050,4,MQ,N681AE,3844,TLH,MIA,64,78,402,0,0
"2018-10-11",1950,1936,14,1951,1945,6,DL,N948DL,1856,ATL,VPS,44,61,250,0,0
"2018-10-11",,1934,,,1940,,DL,N3739P,2431,ATL,ECP,,,240,1,0
"2018-10-11",,1935,,,2055,,WN,N7831B,2008,ECP,BNA,,,401,1,0
"2018-10-11",1939,1945,-6,2045,2057,-12,"9E",N307PQ,5203,TLH,ATL,44,66,223,0,0
"2018-10-11",,1935,,,2050,,WN,N475WN,1378,BNA,ECP,,,401,1,0
"2018-10-11",2245,2241,4,2340,2345,-5,DL,N906DL,485,ATL,TLH,35,55,223,0,0
"2018-10-11",,1955,,,2140,,EV,N19554,4190,IAH,ECP,,,572,1,0
"2018-10-11",,2000,,,2216,,YX,N405YX,4504,DCA,TLH,,,716,1,0
"2018-10-11",,2011,,,2142,,YX,"",4660,TLH,CLT,,,386,1,0
"2018-10-11",2017,2023,-6,2132,2142,-10,G4,"229NV",1911,BNA,VPS,55,75,389,0,0
"2018-10-11",2008,2029,-21,2140,2217,-37,G4,"217NV",1913,SGF,VPS,76,92,610,0,0
"2018-10-11",2029,2030,-1,2342,2333,9,MQ,N260NN,4131,DFW,TLH,95,133,767,0,0
"2018-10-11",2047,2051,-4,2140,2155,-15,DL,N902DE,1669,ATL,TLH,36,53,223,0,0
"2018-10-11",,2232,,,2359,,OH,N720PS,5284,CLT,TLH,,,386,1,0
"2018-10-11",2307,2241,26,2345,2320,25,OH,N573NN,5696,CLT,VPS,76,98,460,0,0
"2018-10-11",2239,2242,-3,2250,2248,2,DL,N937DL,1590,ATL,VPS,44,71,250,0,0
"2018-10-11",,2245,,,2250,,DL,N865DN,2303,ATL,ECP,,,240,1,0
"2018-10-12",540,545,-5,640,650,-10,DL,N906DL,708,TLH,ATL,42,60,223,0,0
"2018-10-12",556,600,-4,802,807,-5,DL,N948DL,2714,VPS,ATL,44,66,250,0,0
"2018-10-12",,609,,,851,,EV,N719EV,2899,ECP,CLT,,,437,1,0
"2018-10-12",,600,,,808,,DL,N865DN,1237,ECP,ATL,,,240,1,0
"2018-10-12",,600,,,725,,OH,"",5584,TLH,CLT,,,386,1,0
"2018-10-12",632,634,-2,901,915,-14,OH,N573NN,5623,VPS,CLT,68,89,460,0,0
"2018-10-12",,700,,,855,,EV,N19554,3979,ECP,IAH,,,572,1,0
"2018-10-12",653,700,-7,852,919,-27,AA,N9621A,1538,VPS,DFW,95,119,641,0,0
"2018-10-12",649,700,-11,946,952,-6,G4,"229NV",1916,VPS,LCK,100,117,675,0,0
"2018-10-12",654,700,-6,800,803,-3,DL,N902DE,496,TLH,ATL,44,66,223,0,0
"2018-10-12",723,715,8,929,926,3,DL,N937DL,955,VPS,ATL,42,66,250,0,0
"2018-10-12",,701,,,920,,EV,N738EV,2889,ECP,DFW,,,685,1,0
"2018-10-12",659,705,-6,840,901,-21,YV,N947LR,5725,DFW,VPS,81,101,641,0,0
"2018-10-12",,715,,,925,,DL,N3739P,2430,ECP,ATL,,,240,1,0
"2018-10-12",,749,,,916,,MQ,N260NN,4116,TLH,DFW,,,767,1,0
"2018-10-12",,721,,,929,,YX,"",4626,TLH,DCA,,,716,1,0
"2018-10-12",,745,,,900,,WN,N945WN,1281,BNA,ECP,,,401,1,0
"2018-10-12",,750,,,910,,WN,"",716,ECP,BNA,,,401,1,0
"2018-10-12",829,835,-6,903,911,-8,OH,N558NN,5564,CLT,VPS,78,94,460,0,0
"2018-10-12",834,836,-2,938,941,-3,"9E",N921XJ,3281,ATL,TLH,39,64,223,0,0
"2018-10-12",846,850,-4,1026,1023,3,YX,N437YX,4609,DCA,VPS,124,160,789,0,0
"2018-10-13",1235,1245,-10,1333,1358,-25,DL,N952AT,387,TLH,ATL,44,58,223,0,0
"2018-10-12",,857,,,900,,DL,N982DL,2029,ATL,ECP,,,240,1,0
"2018-10-12",,930,,,1115,,WN,N945WN,1281,ECP,HOU,,,571,1,0
"2018-10-12",920,933,-13,1136,1144,-8,YV,N947LR,5725,VPS,DFW,106,136,641,0,0
"2018-10-12",934,941,-7,1207,1225,-18,OH,N558NN,5564,VPS,CLT,66,93,460,0,0
"2018-10-12",,944,,,1146,,DL,N982DL,2029,ECP,ATL,,,240,1,0
"2018-10-12",939,944,-5,947,950,-3,DL,N998DL,2716,ATL,VPS,50,68,250,0,0
"2018-10-12",1015,1020,-5,1128,1128,0,"9E",N921XJ,3281,TLH,ATL,48,73,223,0,0
"2018-10-12",1033,1034,-1,1236,1249,-13,DL,N998DL,2716,VPS,ATL,42,63,250,0,0
"2018-10-12",1048,1050,-2,1138,1150,-12,DL,N956DL,489,ATL,TLH,37,50,223,0,0
"2018-10-12",1050,1055,-5,1247,1257,-10,YV,N905J,5740,DFW,VPS,86,117,641,0,0
"2018-10-12",1156,1200,-4,1337,1349,-12,EV,N26545,3995,IAH,VPS,79,101,528,0,0
"2018-10-12",1250,1200,50,1527,1412,75,DL,N947DL,1733,ECP,ATL,45,97,240,0,0
"2018-10-12",1208,1225,-17,1504,1513,-9,G4,"229NV",1900,VPS,CVG,87,116,600,0,0
"2018-10-12",1237,1231,6,1403,1355,8,MQ,N925AE,3663,TLH,MIA,70,86,402,0,0
"2018-10-12",1226,1234,-8,1327,1348,-21,DL,N956DL,489,TLH,ATL,41,61,223,0,0
"2018-10-12",1331,1248,43,1615,1506,69,EV,N719EV,2876,ECP,DFW,114,164,685,0,0
"2018-10-12",1518,1320,118,1701,1451,130,OH,N551NN,5662,CLT,TLH,61,103,386,0,0
"2018-10-12",1351,1354,-3,1402,1352,10,DL,N904DL,2506,ATL,ECP,53,71,240,0,0
"2018-10-12",1416,1421,-5,1509,1523,-14,DL,N953AT,1399,ATL,TLH,38,53,223,0,0
"2018-10-12",1502,1428,34,1726,1714,12,OH,N597NN,5500,VPS,CLT,63,84,460,0,0
"2018-10-12",1506,1510,-4,1515,1516,-1,DL,N936DL,2802,ATL,VPS,45,69,250,0,0
"2018-10-12",1732,1527,125,1908,1705,123,OH,N551NN,5662,TLH,CLT,57,96,386,0,0
"2018-10-12",1606,1600,6,1809,1813,-4,DL,N936DL,2802,VPS,ATL,45,63,250,0,0
"2018-10-12",1914,1650,144,2101,1846,135,YV,N245LR,5906,DFW,VPS,78,107,641,0,0
"2018-10-12",1724,1730,-6,1842,1854,-12,MQ,N942LL,3844,MIA,TLH,59,78,402,0,0
"2018-10-12",1723,1735,-12,1936,1947,-11,G4,"229NV",1914,VPS,MCI,113,133,764,0,0
"2018-10-12",1800,1806,-6,2014,2030,-16,DL,N917DL,1167,VPS,ATL,45,74,250,0,0
"2018-10-12",1807,1808,-1,1953,1940,13,OH,N589NN,5248,TLH,CLT,57,106,386,0,0
"2018-10-12",,1830,,,1915,,EV,N611QX,2890,CLT,ECP,,,437,1,0
"2018-10-12",1835,1845,-10,2041,2044,-3,EV,N13989,4260,VPS,IAH,100,126,528,0,0
"2018-10-12",2127,1919,128,2327,2130,117,YV,N245LR,5906,VPS,DFW,100,120,641,0,0
"2018-10-12",1910,1928,-18,2029,2050,-21,MQ,N942LL,3844,TLH,MIA,63,79,402,0,0
"2018-10-12",1928,1931,-3,2108,2115,-7,G4,"217NV",1903,BLV,VPS,81,100,587,0,0
"2018-10-12",949,1934,855,952,1940,852,DL,N987DL,2431,ATL,ECP,42,63,240,0,0
"2018-10-12",,1935,,,2050,,WN,N901WN,1378,BNA,ECP,,,401,1,0
"2018-10-12",,1935,,,2055,,WN,N459WN,2008,ECP,BNA,,,401,1,0
"2018-10-12",,1955,,,2140,,EV,N13988,4190,IAH,ECP,,,572,1,0
"2018-10-12",1953,2000,-7,2203,2216,-13,YX,N431YX,4504,DCA,TLH,109,130,716,0,0
"2018-10-12",2014,2032,-18,2203,2238,-35,G4,"229NV",1915,MCI,VPS,89,109,764,0,0
"2018-10-12",2048,2051,-3,2151,2155,-4,DL,N954DL,1669,ATL,TLH,40,63,223,0,0
"2018-10-12",2239,2241,-2,2340,2345,-5,DL,N906DE,485,ATL,TLH,39,61,223,0,0
"2018-10-12",2238,2241,-3,2313,2320,-7,OH,N597NN,5696,CLT,VPS,76,95,460,0,0
"2018-10-12",2238,2242,-4,2246,2248,-2,DL,N996DL,1590,ATL,VPS,40,68,250,0,0
"2018-10-12",1230,2245,825,1225,2250,815,DL,N915DL,2303,ATL,ECP,44,55,240,0,0
"2018-10-13",1016,600,256,1216,806,250,DL,N987DL,1237,ECP,ATL,41,60,240,0,0
"2018-10-13",604,600,4,805,806,-1,DL,N996DL,2714,VPS,ATL,41,61,250,0,0
"2018-10-13",558,600,-2,720,725,-5,OH,N501AE,5584,TLH,CLT,58,82,386,0,0
"2018-10-13",,609,,,851,,EV,N600QX,2899,ECP,CLT,,,437,1,0
"2018-10-13",646,700,-14,827,844,-17,G4,"217NV",1902,VPS,BLV,81,101,587,0,0
"2018-10-13",656,700,-4,916,919,-3,AA,N9677W,1538,VPS,DFW,113,140,641,0,0
"2018-10-13",,701,,,920,,EV,N611QX,2889,ECP,DFW,,,685,1,0
"2018-10-13",1244,710,334,1443,919,324,DL,N915DL,2430,ECP,ATL,41,59,240,0,0
"2018-10-13",732,735,-3,849,843,6,DL,N954DL,763,TLH,ATL,46,77,223,0,0
"2018-10-13",832,835,-3,910,911,-1,OH,N555NN,5564,CLT,VPS,77,98,460,0,0
"2018-10-13",841,850,-9,1011,1023,-12,YX,N412YX,4609,DCA,VPS,121,150,789,0,0
"2018-10-13",843,854,-11,1039,1059,-20,YX,N431YX,4626,TLH,DCA,97,116,716,0,0
"2018-10-13",858,900,-2,858,901,-3,DL,N994DL,2029,ATL,ECP,42,60,240,0,0
"2018-10-13",854,900,-6,1013,1025,-12,OH,N571NN,5272,CLT,TLH,62,79,386,0,0
"2018-10-13",,915,,,1035,,WN,"",3623,ECP,BNA,,,401,1,0
"2018-10-13",1016,929,47,1151,1113,38,G4,"217NV",1903,BLV,VPS,78,95,587,0,0
"2018-10-13",1058,933,85,1314,1144,90,YV,N947LR,5725,VPS,DFW,100,136,641,0,0
"2018-10-13",941,941,0,1217,1225,-8,OH,N555NN,5564,VPS,CLT,67,96,460,0,0
"2018-10-13",953,944,9,957,948,9,DL,N937DL,2716,ATL,VPS,45,64,250,0,0
"2018-10-13",1029,1033,-4,1126,1133,-7,DL,N952AT,387,ATL,TLH,38,57,223,0,0
"2018-10-13",1034,1034,0,1235,1245,-10,DL,N937DL,2716,VPS,ATL,43,61,250,0,0
"2018-10-13",1052,1040,12,1233,1223,10,YV,N93305,6093,IAH,ECP,76,101,572,0,0
"2018-10-13",1109,1112,-3,1112,1113,-1,DL,N977DL,1733,ATL,ECP,46,63,240,0,0
"2018-10-13",1155,1200,-5,1339,1345,-6,G4,"229NV",1991,EWR,VPS,143,164,988,0,0
"2018-10-13",1248,1203,45,1529,1451,38,G4,"217NV",1900,VPS,CVG,80,101,600,0,0
"2018-10-13",1516,1225,171,1712,1423,169,EV,N600QX,2895,DFW,ECP,94,116,685,0,0
"2018-10-13",1553,1248,185,1831,1506,205,EV,N608QX,2876,ECP,DFW,126,158,685,0,0
"2018-10-12",847,900,-13,1038,1055,-17,EV,N16911,4064,VPS,IAH,94,111,528,0,0
"2018-10-12",,900,,,1015,,WN,N8714Q,3984,BNA,ECP,,,401,1,0
"2018-10-12",913,900,13,1028,1025,3,OH,N569NN,5272,CLT,TLH,61,75,386,0,0
"2018-10-12",,1010,,,1155,,EV,N16976,4451,IAH,ECP,,,572,1,0
"2018-10-12",1024,1025,-1,1147,1147,0,MQ,N925AE,3663,MIA,TLH,63,83,402,0,0
"2018-10-12",1026,1037,-11,1127,1135,-8,G4,"229NV",1917,LCK,VPS,103,121,675,0,0
"2018-10-12",1051,1054,-3,1419,1408,11,YX,N437YX,4609,VPS,DCA,99,148,789,0,0
"2018-10-12",1101,1055,6,1223,1228,-5,OH,N569NN,5272,TLH,CLT,59,82,386,0,0
"2018-10-12",,1100,,,1220,,WN,N8714Q,5774,ECP,BNA,,,401,1,0
"2018-10-12",1203,1112,51,1206,1116,50,DL,N947DL,1733,ATL,ECP,44,63,240,0,0
"2018-10-12",1230,1131,59,1257,1209,48,EV,N719EV,2893,CLT,ECP,68,87,437,0,0
"2018-10-12",1224,1225,-1,1415,1423,-8,EV,N611QX,2895,DFW,ECP,90,111,685,0,0
"2018-10-12",,1320,,,1515,,EV,N16976,4134,ECP,IAH,,,572,1,0
"2018-10-12",1322,1327,-5,1541,1536,5,YV,N905J,5740,VPS,DFW,110,139,641,0,0
"2018-10-12",1345,1342,3,1349,1348,1,DL,N990DL,2873,ATL,VPS,47,64,250,0,0
"2018-10-13",,1030,,,1215,,WN,N7843A,2635,DAL,ECP,,,674,1,0
"2018-10-12",1437,1432,5,1642,1644,-2,DL,N990DL,2873,VPS,ATL,42,65,250,0,0
"2018-10-12",1436,1436,0,1633,1643,-10,DL,N904DL,2506,ECP,ATL,40,57,240,0,0
"2018-10-12",1445,1439,6,1609,1603,6,MQ,N681AE,3861,MIA,TLH,61,84,402,0,0
"2018-10-12",,1445,,,1630,,EV,N12569,4249,IAH,ECP,,,572,1,0
"2018-10-12",1449,1457,-8,1727,1744,-17,EV,N611QX,2880,ECP,CLT,65,98,437,0,0
"2018-10-12",1445,1500,-15,1635,1655,-20,EV,N26545,4447,VPS,IAH,90,110,528,0,0
"2018-10-12",1550,1558,-8,1641,1645,-4,G4,"229NV",1901,CVG,VPS,92,111,600,0,0
"2018-10-12",1555,1558,-3,1659,1707,-8,DL,N953AT,1399,TLH,ATL,42,64,223,0,0
"2018-10-12",1608,1610,-2,1735,1737,-2,OH,N589NN,5248,CLT,TLH,64,87,386,0,0
"2018-10-12",1613,1617,-4,1706,1712,-6,DL,N978DL,1786,ATL,TLH,39,53,223,0,0
"2018-10-12",1619,1620,-1,1803,1809,-6,EV,N13989,4412,IAH,VPS,78,104,528,0,0
"2018-10-12",1655,1640,15,1821,1805,16,MQ,N235NN,4069,TLH,DFW,118,146,767,0,0
"2018-10-12",1656,1702,-6,1824,1827,-3,MQ,N681AE,3861,TLH,MIA,67,88,402,0,0
"2018-10-12",1656,1702,-6,1840,1846,-6,G4,"217NV",1902,VPS,BLV,79,104,587,0,0
"2018-10-12",,1705,,,1900,,EV,N12569,4037,ECP,IAH,,,572,1,0
"2018-10-12",,1710,,,1845,,WN,N459WN,2008,HOU,ECP,,,571,1,0
"2018-10-12",1726,1713,13,1722,1711,11,DL,N912DL,1403,ATL,ECP,42,56,240,0,0
"2018-10-12",1716,1719,-3,1721,1722,-1,DL,N917DL,1167,ATL,VPS,45,65,250,0,0
"2018-10-12",1749,1745,4,1821,1825,-4,OH,N584NN,5709,CLT,VPS,75,92,460,0,0
"2018-10-12",1751,1756,-5,1858,1903,-5,DL,N978DL,1786,TLH,ATL,47,67,223,0,0
"2018-10-12",1755,1759,-4,1958,2013,-15,DL,N912DL,1403,ECP,ATL,40,63,240,0,0
"2018-10-12",1757,1801,-4,1920,1940,-20,YX,N129HQ,4660,CLT,TLH,62,83,386,0,0
"2018-10-12",1813,1804,9,1910,1910,0,DL,N943AT,678,ATL,TLH,38,57,223,0,0
"2018-10-12",1820,1805,15,2000,1954,6,EV,N14907,4447,IAH,VPS,76,100,528,0,0
"2018-10-12",,1850,,,2054,,EV,N605QX,2870,DFW,ECP,,,685,1,0
"2018-10-12",1848,1855,-7,2032,2053,-21,AA,N9677W,1445,DFW,VPS,81,104,641,0,0
"2018-10-12",1850,1855,-5,2111,2135,-24,OH,N584NN,5709,VPS,CLT,65,81,460,0,0
"2018-10-12",1932,1936,-4,1931,1945,-14,DL,N999DN,1856,ATL,VPS,42,59,250,0,0
"2018-10-12",1942,1945,-3,2042,2056,-14,DL,N943AT,678,TLH,ATL,44,60,223,0,0
"2018-10-12",1956,2011,-15,2127,2142,-15,YX,N129HQ,4660,TLH,CLT,56,91,386,0,0
"2018-10-12",2101,2030,31,8,2333,35,MQ,N240NN,4131,DFW,TLH,93,127,767,0,0
"2018-10-12",2225,2232,-7,2344,2359,-15,OH,N501AE,5284,CLT,TLH,62,79,386,0,0
"2018-10-13",625,630,-5,729,734,-5,DL,N906DE,1520,TLH,ATL,43,64,223,0,0
"2018-10-13",,700,,,855,,EV,N13988,3979,ECP,IAH,,,572,1,0
"2018-10-13",650,700,-10,857,855,2,EV,N14907,4064,VPS,IAH,104,127,528,0,0
"2018-10-13",702,705,-3,921,901,20,YV,N947LR,5725,DFW,VPS,86,139,641,0,0
"2018-10-13",714,715,-1,921,924,-3,DL,N999DN,955,VPS,ATL,41,67,250,0,0
"2018-10-13",725,730,-5,1048,1100,-12,G4,"229NV",1990,VPS,EWR,126,143,988,0,0
"2018-10-13",744,749,-5,907,916,-9,MQ,N240NN,4116,TLH,DFW,129,143,767,0,0
"2018-10-13",826,829,-3,1052,1115,-23,OH,N597NN,5623,VPS,CLT,63,86,460,0,0
"2018-10-13",,920,,,1035,,WN,"",4137,BNA,ECP,,,401,1,0
"2018-10-13",942,947,-5,1145,1149,-4,DL,N994DL,2029,ECP,ATL,46,63,240,0,0
"2018-10-13",1044,1054,-10,1357,1408,-11,YX,N412YX,4609,VPS,DCA,100,133,789,0,0
"2018-10-13",1043,1055,-12,1220,1228,-8,OH,N571NN,5272,TLH,CLT,63,97,386,0,0
"2018-10-13",1050,1055,-5,,1257,,YV,N241LR,5740,DFW,VPS,,,641,1,0
"2018-10-13",,1105,,,1300,,WN,"",4137,ECP,DAL,,,674,1,0
"2018-10-13",1126,1131,-5,1159,1209,-10,EV,N608QX,2893,CLT,ECP,69,93,437,0,0
"2018-10-13",1158,1200,-2,1330,1349,-19,EV,N15980,3995,IAH,VPS,72,92,528,0,0
"2018-10-13",,1245,,,1405,,WN,N7843A,2635,ECP,BNA,,,401,1,0
"2018-10-13",1658,1305,233,1958,1610,228,MQ,N225NN,4069,DFW,TLH,96,120,767,0,0
"2018-10-13",1305,1307,-2,1344,1350,-6,OH,N559NN,5500,CLT,VPS,73,99,460,0,0
"2018-10-13",1319,1320,-1,1441,1451,-10,OH,N553NN,5662,CLT,TLH,64,82,386,0,0
"2018-10-13",1326,1320,6,1520,1512,8,YV,N93305,6021,ECP,IAH,99,114,572,0,0
"2018-10-13",1339,1342,-3,1335,1346,-11,DL,N997DL,2873,ATL,VPS,40,56,250,0,0
"2018-10-13",,1327,,,1536,,YV,N916FJ,5740,VPS,DFW,,,641,1,0
"2018-10-13",,1405,,,1520,,WN,"",3347,BNA,ECP,,,401,1,0
"2018-10-13",1359,1355,4,1353,1359,-6,DL,N917DL,2506,ATL,ECP,41,54,240,0,0
"2018-10-13",1410,1410,0,1503,1514,-11,DL,N905DL,1399,ATL,TLH,37,53,223,0,0
"2018-10-13",1425,1428,-3,1702,1714,-12,OH,N559NN,5500,VPS,CLT,63,97,460,0,0
"2018-10-13",1428,1430,-2,1600,1619,-19,EV,N19554,4412,IAH,VPS,73,92,528,0,0
"2018-10-13",1433,1439,-6,1550,1603,-13,MQ,N657AE,3861,MIA,TLH,65,77,402,0,0
"2018-10-13",1429,1432,-3,1632,1642,-10,DL,N997DL,2873,VPS,ATL,41,63,250,0,0
"2018-10-13",1807,1457,190,2045,1744,181,EV,N600QX,2880,ECP,CLT,73,98,437,0,0
"2018-10-13",,1435,,,1620,,WN,N285WN,4933,STL,ECP,,,634,1,0
"2018-10-13",1436,1443,-7,1640,1649,-9,DL,N917DL,2506,ECP,ATL,43,64,240,0,0
"2018-10-13",1445,1445,0,1632,1628,4,YV,N85352,6212,IAH,ECP,80,107,572,0,0
"2018-10-13",1450,1500,-10,1654,1655,-1,EV,N15980,4447,VPS,IAH,100,124,528,0,0
"2018-10-13",1532,1534,-2,1835,1845,-10,G4,"229NV",1946,VPS,BWI,103,123,819,0,0
"2018-10-13",1508,1510,-2,1511,1519,-8,DL,N955AT,2802,ATL,VPS,40,63,250,0,0
"2018-10-13",1526,1527,-1,1651,1705,-14,OH,N553NN,5662,TLH,CLT,59,85,386,0,0
"2018-10-13",,1610,,,1805,,WN,"",3347,ECP,STL,,,634,1,0
"2018-10-13",1610,1536,34,1654,1623,31,G4,"217NV",1901,CVG,VPS,76,104,600,0,0
"2018-10-13",1552,1558,-6,1701,1709,-8,DL,N905DL,1399,TLH,ATL,45,69,223,0,0
"2018-10-13",1616,1620,-4,1709,1724,-15,DL,N603AT,1786,ATL,TLH,39,53,223,0,0
"2018-10-13",1604,1615,-11,1711,1725,-14,G4,"327NV",1424,PIT,VPS,106,127,775,0,0
"2018-10-13",,1640,,,1805,,MQ,N235NN,4069,TLH,DFW,,,767,1,0
"2018-10-13",1649,1655,-6,1915,1911,4,DL,N955AT,1702,VPS,ATL,42,86,250,0,0
"2018-10-13",,1650,,,1810,,WN,N285WN,4933,ECP,BNA,,,401,1,0
"2018-10-13",,1700,,,1815,,WN,"",5270,BNA,ECP,,,401,1,0
"2018-10-13",1730,1650,40,1927,1839,48,AA,N980TW,1445,DFW,VPS,96,117,641,0,0
"2018-10-13",1653,1702,-9,1812,1827,-15,MQ,N657AE,3861,TLH,MIA,63,79,402,0,0
"2018-10-13",1715,1705,10,1925,1857,28,YV,N85352,6245,ECP,IAH,96,130,572,0,0
"2018-10-13",1648,1700,-12,1849,1859,-10,EV,N19554,4260,VPS,IAH,98,121,528,0,0
"2018-10-13",1704,1710,-6,1914,1924,-10,YX,N418YX,4504,DCA,TLH,100,130,716,0,0
"2018-10-13",1709,1713,-4,1704,1710,-6,DL,N982DL,1403,ATL,ECP,43,55,240,0,0
"2018-10-13",1738,1713,25,2009,1955,14,G4,"217NV",1918,VPS,SDF,73,91,532,0,0
"2018-10-13",1747,1759,-12,1946,2011,-25,DL,N982DL,1403,ECP,ATL,42,59,240,0,0
"2018-10-13",1715,1719,-4,1717,1721,-4,DL,N986AT,1167,ATL,VPS,41,62,250,0,0
"2018-10-13",1724,1730,-6,1840,1854,-14,MQ,N694AE,3844,MIA,TLH,61,76,402,0,0
"2018-10-13",1744,1745,-1,1811,1825,-14,OH,N507AE,5709,CLT,VPS,69,87,460,0,0
"2018-10-13",1755,1755,0,1928,1922,6,OH,N501AE,5188,CLT,TLH,64,93,386,0,0
"2018-10-13",1749,1759,-10,1850,1914,-24,DL,N603AT,1786,TLH,ATL,43,61,223,0,0
"2018-10-13",1755,1805,-10,2053,2106,-13,G4,"327NV",1425,VPS,PIT,100,118,775,0,0
"2018-10-13",1757,1805,-8,1929,1954,-25,EV,N17560,4447,IAH,VPS,71,92,528,0,0
"2018-10-13",1756,1806,-10,2008,2028,-20,DL,N986AT,1167,VPS,ATL,42,72,250,0,0
"2018-10-13",,1850,,,2054,,EV,N716EV,2870,DFW,ECP,,,685,1,0
"2018-10-13",,1830,,,1915,,EV,N600QX,2890,CLT,ECP,,,437,1,0
"2018-10-13",1924,1928,-4,2039,2050,-11,MQ,N694AE,3844,TLH,MIA,59,75,402,0,0
"2018-10-13",,1845,,,2035,,WN,"",5270,ECP,HOU,,,571,1,0
"2018-10-13",1841,1855,-14,2102,2135,-33,OH,N507AE,5709,VPS,CLT,65,81,460,0,0
"2018-10-13",1900,1903,-3,1951,2007,-16,DL,N916DL,351,ATL,TLH,38,51,223,0,0
"2018-10-13",,1905,,,2040,,WN,N225WN,4149,HOU,ECP,,,571,1,0
"2018-10-13",1919,1930,-11,2031,2050,-19,G4,"229NV",1947,BWI,VPS,111,132,819,0,0
"2018-10-13",,1955,,,2138,,YV,N89321,6100,IAH,ECP,,,572,1,0
"2018-10-13",959,1934,865,954,1938,856,DL,N938DL,2431,ATL,ECP,40,55,240,0,0
"2018-10-13",1932,1936,-4,1936,1943,-7,DL,N973DL,1856,ATL,VPS,40,64,250,0,0
"2018-10-13",2240,2241,-1,2350,2344,6,DL,N986DL,485,ATL,TLH,39,70,223,0,0
"2018-10-13",,2030,,,2333,,MQ,N253NN,4131,DFW,TLH,,,767,1,0
"2018-10-13",2054,2040,14,2125,2121,4,G4,"217NV",1919,SDF,VPS,73,91,532,0,0
"2018-10-13",2237,2241,-4,2310,2320,-10,OH,N586NN,5696,CLT,VPS,72,93,460,0,0
"2018-10-13",2237,2242,-5,2246,2246,0,DL,N904DE,1590,ATL,VPS,43,69,250,0,0
"2018-10-13",1235,2245,830,1228,2249,819,DL,N953DL,2303,ATL,ECP,39,53,240,0,0
"2018-10-14",1014,600,254,1226,808,258,DL,N938DL,1237,ECP,ATL,42,72,240,0,0
"2018-10-14",630,634,-4,854,915,-21,OH,N586NN,5623,VPS,CLT,61,84,460,0,0
"2018-10-14",557,600,-3,759,807,-8,DL,N973DL,2714,VPS,ATL,38,62,250,0,0
"2018-10-14",601,600,1,715,725,-10,OH,N501AE,5584,TLH,CLT,55,74,386,0,0
"2018-10-14",,609,,,851,,EV,N600QX,2899,ECP,CLT,,,437,1,0
"2018-10-14",623,630,-7,721,734,-13,DL,N986DL,1520,TLH,ATL,40,58,223,0,0
"2018-10-14",,700,,,852,,YV,N89321,6043,ECP,IAH,,,572,1,0
"2018-10-14",712,715,-3,917,926,-9,DL,N904DE,955,VPS,ATL,45,65,250,0,0
"2018-10-14",700,700,0,901,901,0,G4,"229NV",1992,VPS,AUS,97,121,666,0,0
"2018-10-14",,701,,,920,,EV,N716EV,2889,ECP,DFW,,,685,1,0
"2018-10-14",1254,715,339,1506,925,341,DL,N953DL,2430,ECP,ATL,42,72,240,0,0
"2018-10-14",723,730,-7,935,937,-2,G4,"258NV",1908,VPS,OKC,115,132,726,0,0
"2018-10-14",712,721,-9,918,929,-11,YX,N418YX,4626,TLH,DCA,91,126,716,0,0
"2018-10-14",830,835,-5,855,911,-16,OH,N550NN,5564,CLT,VPS,69,85,460,0,0
"2018-10-14",745,749,-4,906,916,-10,MQ,N225NN,4116,TLH,DFW,116,141,767,0,0
"2018-10-14",745,750,-5,912,859,13,DL,N916DL,763,TLH,ATL,41,87,223,0,0
"2018-10-14",843,850,-7,1019,1023,-4,YX,N431YX,4609,DCA,VPS,124,156,789,0,0
"2018-10-14",850,900,-10,1037,1055,-18,EV,N17560,4064,VPS,IAH,90,107,528,0,0
"2018-10-14",856,900,-4,908,903,5,DL,N944DL,2029,ATL,ECP,55,72,240,0,0
"2018-10-14",902,900,2,1024,1025,-1,OH,N570NN,5272,CLT,TLH,61,82,386,0,0
"2018-10-14",,925,,,1045,,WN,"",3679,ECP,BNA,,,401,1,0
"2018-10-14",926,920,6,1035,1035,0,WN,N7812G,5084,BNA,ECP,55,69,401,0,0
"2018-10-14",931,933,-2,1140,1149,-9,AA,N980TW,1538,VPS,DFW,105,129,641,0,0
"2018-10-14",945,946,-1,1128,1138,-10,G4,"229NV",1993,AUS,VPS,84,103,666,0,0
"2018-10-14",938,941,-3,1212,1225,-13,OH,N550NN,5564,VPS,CLT,67,94,460,0,0
"2018-10-14",942,944,-2,948,950,-2,DL,N972DL,2716,ATL,VPS,41,66,250,0,0
"2018-10-14",945,947,-2,1145,1149,-4,DL,N944DL,2029,ECP,ATL,41,60,240,0,0
"2018-10-14",1001,1010,-9,1150,1155,-5,EV,N14568,4451,IAH,ECP,91,109,572,0,0
"2018-10-14",1020,1025,-5,1118,1132,-14,"9E",N601LR,5363,ATL,TLH,39,58,223,0,0
"2018-10-14",1020,1022,-2,1207,1216,-9,G4,"258NV",1909,OKC,VPS,89,107,726,0,0
"2018-10-14",1026,1025,1,1144,1147,-3,MQ,N681AE,3663,MIA,TLH,62,78,402,0,0
"2018-10-14",1029,1034,-5,1238,1249,-11,DL,N972DL,2716,VPS,ATL,41,69,250,0,0
"2018-10-14",1048,1054,-6,1404,1408,-4,YX,N431YX,4609,VPS,DCA,113,136,789,0,0
"2018-10-14",1052,1055,-3,1216,1228,-12,OH,N570NN,5272,TLH,CLT,61,84,386,0,0
"2018-10-14",1051,1055,-4,1238,1257,-19,YV,N909FJ,5740,DFW,VPS,81,107,641,0,0
"2018-10-14",1158,1200,-2,1348,1349,-1,EV,N13989,3995,IAH,VPS,79,110,528,0,0
"2018-10-14",1113,1105,8,1311,1300,11,WN,N7812G,5084,ECP,DAL,104,118,674,0,0
"2018-10-14",1109,1112,-3,1103,1116,-13,DL,N981DL,1733,ATL,ECP,43,54,240,0,0
"2018-10-14",1126,1131,-5,1201,1209,-8,EV,N617QX,2893,CLT,ECP,63,95,437,0,0
"2018-10-14",1155,1200,-5,1409,1409,0,DL,N981DL,1733,ECP,ATL,41,74,240,0,0
"2018-10-14",1235,1205,30,1406,1350,16,WN,N555LV,2055,DAL,ECP,81,91,674,0,0
"2018-10-14",1219,1231,-12,1342,1355,-13,MQ,N681AE,3663,TLH,MIA,63,83,402,0,0
"2018-10-14",1251,1225,26,1443,1423,20,EV,N720EV,2895,DFW,ECP,90,112,685,0,0
"2018-10-14",1244,1248,-4,1453,1506,-13,EV,N617QX,2876,ECP,DFW,106,129,685,0,0
"2018-10-14",1233,1245,-12,1330,1400,-30,"9E",N601LR,5363,TLH,ATL,40,57,223,0,0
"2018-10-14",1234,1248,-14,1420,1432,-12,G4,"229NV",1902,VPS,BLV,88,106,587,0,0
"2018-10-14",1307,1307,0,1357,1350,7,OH,N578NN,5500,CLT,VPS,76,110,460,0,0
"2018-10-14",1313,1305,8,1609,1610,-1,MQ,N250NN,4069,DFW,TLH,95,116,767,0,0
"2018-10-14",1316,1320,-4,1448,1451,-3,OH,N587NN,5662,CLT,TLH,60,92,386,0,0
"2018-10-14",1339,1342,-3,1337,1348,-11,DL,N972DL,2873,ATL,VPS,40,58,250,0,0
"2018-10-14",1300,1318,-18,1536,1600,-24,G4,"258NV",1918,VPS,SDF,74,96,532,0,0
"2018-10-14",1306,1320,-14,1504,1515,-11,EV,N14568,4134,ECP,IAH,98,118,572,0,0
"2018-10-14",1323,1327,-4,1529,1536,-7,YV,N909FJ,5740,VPS,DFW,101,126,641,0,0
"2018-10-14",1341,1344,-3,1330,1342,-12,DL,N984DL,2506,ATL,ECP,40,49,240,0,0
"2018-10-14",1416,1415,1,1523,1530,-7,WN,N7727A,6593,BNA,ECP,56,67,401,0,0
"2018-10-14",1417,1421,-4,1508,1523,-15,DL,N943AT,1399,ATL,TLH,37,51,223,0,0
"2018-10-14",1421,1426,-5,1617,1630,-13,DL,N984DL,2506,ECP,ATL,42,56,240,0,0
"2018-10-14",1428,1428,0,1708,1714,-6,OH,N578NN,5500,VPS,CLT,66,100,460,0,0
"2018-10-14",1437,1425,12,1619,1615,4,WN,N555LV,4226,ECP,HOU,89,102,571,0,0
"2018-10-14",1524,1527,-3,1704,1705,-1,OH,N587NN,5662,TLH,CLT,60,100,386,0,0
"2018-10-14",1426,1432,-6,1633,1643,-10,DL,N972DL,2873,VPS,ATL,44,67,250,0,0
"2018-10-14",1436,1439,-3,1601,1603,-2,MQ,N649PP,3861,MIA,TLH,67,85,402,0,0
"2018-10-14",1443,1445,-2,1624,1630,-6,EV,N11547,4249,IAH,ECP,84,101,572,0,0
"2018-10-14",1520,1457,23,1751,1744,7,EV,N720EV,2880,ECP,CLT,67,91,437,0,0
"2018-10-14",1450,1500,-10,1640,1655,-15,EV,N13989,4447,VPS,IAH,92,110,528,0,0
"2018-10-14",1508,1510,-2,1512,1516,-4,DL,N959DL,2802,ATL,VPS,39,64,250,0,0
"2018-10-14",1511,1517,-6,1645,1701,-16,G4,"229NV",1903,BLV,VPS,77,94,587,0,0
"2018-10-14",1631,1620,11,1848,1809,39,EV,N17560,4412,IAH,VPS,74,137,528,0,0
"2018-10-14",1550,1558,-8,1657,1707,-10,DL,N943AT,1399,TLH,ATL,43,67,223,0,0
"2018-10-14",1554,1600,-6,1758,1813,-15,DL,N959DL,2802,VPS,ATL,43,64,250,0,0
"2018-10-14",1616,1605,11,1738,1725,13,WN,N7727A,5989,ECP,BNA,69,82,401,0,0
"2018-10-14",1617,1617,0,1707,1712,-5,DL,N912DL,1786,ATL,TLH,35,50,223,0,0
"2018-10-14",1642,1650,-8,1835,1846,-11,YV,N946LR,5906,DFW,VPS,81,113,641,0,0
"2018-10-14",1641,1640,1,1803,1805,-2,MQ,N250NN,4069,TLH,DFW,116,142,767,0,0
"2018-10-14",1640,1645,-5,1712,1726,-14,G4,"258NV",1919,SDF,VPS,72,92,532,0,0
"2018-10-14",,1705,,,1840,,WN,N555LV,3780,HOU,ECP,,,571,1,0
"2018-10-14",1653,1702,-9,1810,1827,-17,MQ,N649PP,3861,TLH,MIA,62,77,402,0,0
"2018-10-14",1655,1705,-10,1851,1900,-9,EV,N11547,4037,ECP,IAH,94,116,572,0,0
"2018-10-14",1718,1713,5,1714,1711,3,DL,N979DL,1403,ATL,ECP,40,56,240,0,0
"2018-10-14",1717,1719,-2,1714,1722,-8,DL,N916DE,1167,ATL,VPS,40,57,250,0,0
"2018-10-14",1731,1730,1,1855,1854,1,MQ,N673AE,3844,MIA,TLH,64,84,402,0,0
"2018-10-14",1801,1806,-5,2010,2030,-20,DL,N916DE,1167,VPS,ATL,42,69,250,0,0
"2018-10-14",1804,1821,-17,1935,1938,-3,G4,"258NV",1910,VPS,BNA,64,91,389,0,0
"2018-10-14",1908,1845,23,2119,2044,35,EV,N17560,4260,VPS,IAH,96,131,528,0,0
"2018-10-14",,1850,,,2054,,EV,N611QX,2870,DFW,ECP,,,685,1,0
"2018-10-14",,1910,,,2030,,WN,N555LV,3780,ECP,BNA,,,401,1,0
"2018-10-14",1909,1919,-10,2202,2130,32,YV,N946LR,5906,VPS,DFW,148,173,641,0,0
"2018-10-14",,1920,,,2035,,WN,N7733B,4390,BNA,ECP,,,401,1,0
"2018-10-14",1924,1928,-4,2040,2050,-10,MQ,N673AE,3844,TLH,MIA,62,76,402,0,0
"2018-10-14",952,1934,858,1001,1940,861,DL,N924DL,2431,ATL,ECP,46,69,240,0,0
"2018-10-14",1933,1936,-3,1939,1945,-6,DL,N902DE,1856,ATL,VPS,40,66,250,0,0
"2018-10-14",,1955,,,2140,,EV,N16571,4190,IAH,ECP,,,572,1,0
"2018-10-14",1958,2000,-2,2157,2216,-19,YX,N102HQ,4504,DCA,TLH,99,119,716,0,0
"2018-10-14",2001,2011,-10,2127,2142,-15,YX,N101HQ,4660,TLH,CLT,64,86,386,0,0
"2018-10-14",2047,2051,-4,2137,2155,-18,DL,N969DL,1669,ATL,TLH,36,50,223,0,0
"2018-10-14",2240,2241,-1,2345,2345,0,DL,N956DL,485,ATL,TLH,38,65,223,0,0
"2018-10-14",2240,2241,-1,2333,2320,13,OH,N590NN,5696,CLT,VPS,73,113,460,0,0
"2018-10-14",2235,2242,-7,2245,2248,-3,DL,N938DL,1590,ATL,VPS,41,70,250,0,0
"2018-10-14",1221,2245,816,1248,2250,838,DL,N995DL,2303,ATL,ECP,61,87,240,0,0
"2018-10-15",536,545,-9,634,650,-16,DL,N956DL,708,TLH,ATL,40,58,223,0,0
"2018-10-15",1315,600,435,1541,805,456,DL,N995DL,1237,ECP,ATL,46,86,240,0,0
"2018-10-15",554,600,-6,800,807,-7,DL,N938DL,2714,VPS,ATL,41,66,250,0,0
"2018-10-15",553,600,-7,710,725,-15,OH,N540EA,5584,TLH,CLT,55,77,386,0,0
"2018-10-15",,609,,,851,,EV,N608QX,2899,ECP,CLT,,,437,1,0
"2018-10-15",634,634,0,918,915,3,OH,N590NN,5623,VPS,CLT,70,104,460,0,0
"2018-10-15",700,700,0,801,803,-2,DL,N969DL,496,TLH,ATL,42,61,223,0,0
"2018-10-15",700,700,0,952,952,0,G4,"217NV",1916,VPS,LCK,93,112,675,0,0
"2018-10-15",654,700,-6,910,919,-9,AA,N9626F,1538,VPS,DFW,106,136,641,0,0
"2018-10-15",724,705,19,917,901,16,YV,N908FJ,5725,DFW,VPS,86,113,641,0,0
"2018-10-15",1032,715,197,1241,925,196,DL,N924DL,2430,ECP,ATL,48,69,240,0,0
"2018-10-15",743,749,-6,859,916,-17,MQ,N231AN,4116,TLH,DFW,114,136,767,0,0
"2018-10-15",,750,,,910,,WN,"",716,ECP,BNA,,,401,1,0
"2018-10-15",923,850,33,1105,1023,42,YX,N407YX,4609,DCA,VPS,128,162,789,0,0
"2018-10-15",853,900,-7,1128,1055,33,EV,N48901,4064,VPS,IAH,89,155,528,0,0
"2018-10-15",857,900,-3,908,903,5,DL,N963DL,2029,ATL,ECP,45,71,240,0,0
"2018-10-15",1023,930,53,1219,1115,64,WN,N7733B,1281,ECP,HOU,103,116,571,0,0
"2018-10-15",933,941,-8,1226,1225,1,OH,N585NN,5564,VPS,CLT,79,113,460,0,0
"2018-10-15",944,944,0,945,950,-5,DL,N944DL,2716,ATL,VPS,42,61,250,0,0
"2018-10-15",1037,1037,0,1135,1135,0,G4,"217NV",1917,LCK,VPS,93,118,675,0,0
"2018-10-15",1057,1100,-3,1219,1220,-1,WN,N8303R,5774,ECP,BNA,72,82,401,0,0
"2018-10-15",1106,1112,-6,1118,1116,2,DL,N982DL,1733,ATL,ECP,47,72,240,0,0
"2018-10-15",1125,1131,-6,1225,1209,16,EV,N720EV,2893,CLT,ECP,69,120,437,0,0
"2018-10-15",1152,1200,-8,1406,1412,-6,DL,N982DL,1733,ECP,ATL,46,74,240,0,0
"2018-10-15",1218,1231,-13,1339,1355,-16,MQ,N688AE,3663,TLH,MIA,64,81,402,0,0
"2018-10-15",1319,1248,31,1545,1506,39,EV,N720EV,2876,ECP,DFW,99,146,685,0,0
"2018-10-15",1303,1307,-4,1342,1350,-8,OH,N548NN,5500,CLT,VPS,72,99,460,0,0
"2018-10-15",1703,1320,223,1857,1515,222,EV,N15980,4134,ECP,IAH,98,114,572,0,0
"2018-10-15",1731,1327,244,1946,1536,250,YV,N930LR,5740,VPS,DFW,96,135,641,0,0
"2018-10-15",1533,1342,111,1547,1348,119,DL,N900DE,2873,ATL,VPS,43,74,250,0,0
"2018-10-15",1620,1432,108,1828,1644,104,DL,N900DE,2873,VPS,ATL,41,68,250,0,0
"2018-10-15",1430,1436,-6,1644,1643,1,DL,N951DL,2506,ECP,ATL,48,74,240,0,0
"2018-10-15",1428,1439,-11,1542,1603,-21,MQ,N650AE,3861,MIA,TLH,62,74,402,0,0
"2018-10-15",1507,1445,22,1711,1630,41,EV,N14905,4249,IAH,ECP,84,124,572,0,0
"2018-10-15",1705,1457,128,2016,1744,152,EV,N600QX,2880,ECP,CLT,65,131,437,0,0
"2018-10-15",1547,1500,47,1756,1655,61,EV,N16561,4447,VPS,IAH,96,129,528,0,0
"2018-10-15",1550,1558,-8,1655,1707,-12,DL,N952AT,1399,TLH,ATL,43,65,223,0,0
"2018-10-15",1550,1558,-8,1640,1645,-5,G4,"217NV",1901,CVG,VPS,91,110,600,0,0
"2018-10-15",1554,1600,-6,1802,1813,-11,DL,N904DL,2802,VPS,ATL,46,68,250,0,0
"2018-10-15",1622,1617,5,1715,1712,3,DL,N915DL,1786,ATL,TLH,37,53,223,0,0
"2018-10-15",1649,1620,29,1949,1809,100,EV,N12540,4412,IAH,VPS,79,180,528,0,0
"2018-10-15",1823,1650,93,2015,1846,89,YV,N914FJ,5906,DFW,VPS,82,112,641,0,0
"2018-10-15",1652,1702,-10,1808,1827,-19,MQ,N650AE,3861,TLH,MIA,60,76,402,0,0
"2018-10-15",1734,1735,-1,1940,1947,-7,G4,"217NV",1914,VPS,MCI,106,126,764,0,0
"2018-10-15",1806,1805,1,2016,1954,22,EV,N16571,4447,IAH,VPS,79,130,528,0,0
"2018-10-15",1804,1806,-2,2006,2030,-24,DL,N908DL,1167,VPS,ATL,41,62,250,0,0
"2018-10-15",1804,1808,-4,1927,1940,-13,OH,N582NN,5248,TLH,CLT,65,83,386,0,0
"2018-10-15",,1830,,,1915,,EV,N600QX,2890,CLT,ECP,,,437,1,0
"2018-10-15",2013,1845,88,2152,2044,68,EV,N12540,4260,VPS,IAH,85,99,528,0,0
"2018-10-15",,1850,,,2054,,EV,N717EV,2870,DFW,ECP,,,685,1,0
"2018-10-15",1908,1855,13,2111,2053,18,AA,N9681B,1445,DFW,VPS,83,123,641,0,0
"2018-10-15",,1919,,,2130,,YV,N920FJ,5906,VPS,DFW,,,641,1,0
"2018-10-15",1921,1928,-7,2046,2050,-4,MQ,N657AE,3844,TLH,MIA,69,85,402,0,0
"2018-10-13",1150,1200,-10,1413,1412,1,DL,N977DL,1733,ECP,ATL,44,83,240,0,0
"2018-10-14",1745,1745,0,1830,1825,5,OH,N587NN,5709,CLT,VPS,70,105,460,0,0
"2018-10-14",1741,1751,-10,1928,1944,-16,G4,"229NV",1912,VPS,SGF,91,107,610,0,0
"2018-10-14",1750,1756,-6,1902,1903,-1,DL,N912DL,1786,TLH,ATL,39,72,223,0,0
"2018-10-14",1801,1759,2,2012,2013,-1,DL,N979DL,1403,ECP,ATL,43,71,240,0,0
"2018-10-14",1755,1801,-6,1924,1940,-16,YX,N101HQ,4660,CLT,TLH,60,89,386,0,0
"2018-10-14",1800,1804,-4,1853,1910,-17,DL,N924AT,678,ATL,TLH,36,53,223,0,0
"2018-10-14",1801,1805,-4,1938,1954,-16,EV,N48901,4447,IAH,VPS,79,97,528,0,0
"2018-10-14",,1830,,,1915,,EV,N608QX,2890,CLT,ECP,,,437,1,0
"2018-10-14",1851,1855,-4,2058,2053,5,AA,N9626F,1445,DFW,VPS,83,127,641,0,0
"2018-10-14",1859,1855,4,2141,2135,6,OH,N587NN,5709,VPS,CLT,69,102,460,0,0
"2018-10-14",1935,1945,-10,2054,2056,-2,DL,N924AT,678,TLH,ATL,41,79,223,0,0
"2018-10-14",2019,2023,-4,2128,2142,-14,G4,"258NV",1911,BNA,VPS,53,69,389,0,0
"2018-10-14",2017,2029,-12,2154,2217,-23,G4,"229NV",1913,SGF,VPS,77,97,610,0,0
"2018-10-14",2030,2030,0,12,2333,39,MQ,N231AN,4131,DFW,TLH,97,162,767,0,0
"2018-10-14",2225,2232,-7,2348,2359,-11,OH,N540EA,5284,CLT,TLH,68,83,386,0,0
"2018-10-15",,700,,,855,,EV,N16571,3979,ECP,IAH,,,572,1,0
"2018-10-15",,701,,,920,,EV,N611QX,2889,ECP,DFW,,,685,1,0
"2018-10-15",754,715,39,1048,926,82,DL,N902DE,955,VPS,ATL,65,114,250,0,0
"2018-10-15",710,721,-11,1116,929,,YX,N102HQ,4626,TLH,DCA,,,716,0,1
"2018-10-15",759,745,14,949,900,49,WN,N7733B,1281,BNA,ECP,62,110,401,0,0
"2018-10-15",832,835,-3,905,911,-6,OH,N585NN,5564,CLT,VPS,74,93,460,0,0
"2018-10-15",833,836,-3,935,941,-6,"9E",N197PQ,3281,ATL,TLH,39,62,223,0,0
"2018-10-15",858,900,-2,1023,1025,-2,OH,N588NN,5272,CLT,TLH,64,85,386,0,0
"2018-10-15",854,900,-6,1030,1015,15,WN,N8303R,3984,BNA,ECP,59,96,401,0,0
"2018-10-15",944,933,11,1157,1144,13,YV,N908FJ,5725,VPS,DFW,104,133,641,0,0
"2018-10-15",940,947,-7,1146,1149,-3,DL,N963DL,2029,ECP,ATL,42,66,240,0,0
"2018-10-15",1010,1010,0,1635,1155,,EV,N15980,4451,IAH,ECP,,,572,0,1
"2018-10-15",1015,1020,-5,1132,1128,4,"9E",N197PQ,3281,TLH,ATL,41,77,223,0,0
"2018-10-15",1020,1025,-5,1143,1147,-4,MQ,N688AE,3663,MIA,TLH,68,83,402,0,0
"2018-10-15",1102,1034,28,1305,1249,16,DL,N944DL,2716,VPS,ATL,44,63,250,0,0
"2018-10-15",1120,1050,30,1218,1150,28,DL,N997DL,489,ATL,TLH,41,58,223,0,0
"2018-10-15",1125,1054,31,1450,1408,42,YX,N407YX,4609,VPS,DCA,106,145,789,0,0
"2018-10-15",1048,1055,-7,1217,1228,-11,OH,N588NN,5272,TLH,CLT,71,89,386,0,0
"2018-10-15",1517,1055,262,1707,1257,250,YV,N930LR,5740,DFW,VPS,85,110,641,0,0
"2018-10-15",1240,1200,40,1522,1349,93,EV,N16561,3995,IAH,VPS,84,162,528,0,0
"2018-10-15",1452,1225,147,1636,1423,133,EV,N600QX,2895,DFW,ECP,90,104,685,0,0
"2018-10-15",1220,1225,-5,1457,1513,-16,G4,"217NV",1900,VPS,CVG,81,97,600,0,0
"2018-10-15",1255,1234,21,1357,1348,9,DL,N997DL,489,TLH,ATL,45,62,223,0,0
"2018-10-15",1259,1305,-6,1616,1610,6,MQ,N253NN,4069,DFW,TLH,98,137,767,0,0
"2018-10-15",1317,1320,-3,1453,1451,2,OH,N566NN,5662,CLT,TLH,60,96,386,0,0
"2018-10-15",1348,1354,-6,1401,1352,9,DL,N951DL,2506,ATL,ECP,46,73,240,0,0
"2018-10-15",1420,1421,-1,1516,1523,-7,DL,N952AT,1399,ATL,TLH,37,56,223,0,0
"2018-10-15",1424,1428,-4,1651,1714,-23,OH,N548NN,5500,VPS,CLT,71,87,460,0,0
"2018-10-15",1509,1510,-1,1514,1516,-2,DL,N904DL,2802,ATL,VPS,42,65,250,0,0
"2018-10-15",1527,1527,0,1652,1705,-13,OH,N566NN,5662,TLH,CLT,65,85,386,0,0
"2018-10-15",1607,1610,-3,1730,1737,-7,OH,N582NN,5248,CLT,TLH,61,83,386,0,0
"2018-10-15",1648,1640,8,1810,1805,5,MQ,N253NN,4069,TLH,DFW,119,142,767,0,0
"2018-10-15",1654,1702,-8,1832,1846,-14,G4,"229NV",1902,VPS,BLV,79,98,587,0,0
"2018-10-15",1733,1705,28,1934,1900,34,EV,N14905,4037,ECP,IAH,91,121,572,0,0
"2018-10-15",,1710,,,1845,,WN,"",2008,HOU,ECP,,,571,1,0
"2018-10-15",1722,1713,9,1721,1711,10,DL,N976DL,1403,ATL,ECP,39,59,240,0,0
"2018-10-15",1727,1719,8,1731,1722,9,DL,N908DL,1167,ATL,VPS,42,64,250,0,0
"2018-10-15",1727,1730,-3,1858,1854,4,MQ,N657AE,3844,MIA,TLH,74,91,402,0,0
"2018-10-15",1742,1745,-3,1817,1825,-8,OH,N573NN,5709,CLT,VPS,72,95,460,0,0
"2018-10-15",1800,1756,4,1900,1903,-3,DL,N915DL,1786,TLH,ATL,43,60,223,0,0
"2018-10-15",1756,1759,-3,1957,2013,-16,DL,N976DL,1403,ECP,ATL,41,61,240,0,0
"2018-10-15",1754,1801,-7,1928,1940,-12,YX,N103HQ,4660,CLT,TLH,62,94,386,0,0
"2018-10-15",1801,1804,-3,1859,1910,-11,DL,N960AT,678,ATL,TLH,38,58,223,0,0
"2018-10-15",1847,1855,-8,2126,2135,-9,OH,N573NN,5709,VPS,CLT,76,99,460,0,0
"2018-10-15",1930,1931,-1,2111,2115,-4,G4,"229NV",1903,BLV,VPS,84,101,587,0,0
"2018-10-15",1058,1934,924,1146,1940,966,DL,N986DL,2431,ATL,ECP,69,108,240,0,0
"2018-10-15",,1935,,,2050,,WN,"",1378,BNA,ECP,,,401,1,0
"2018-10-15",,1935,,,2055,,WN,"",2008,ECP,BNA,,,401,1,0
"2018-10-15",1944,1945,-1,2050,2056,-6,DL,N960AT,678,TLH,ATL,43,66,223,0,0
"2018-10-15",1934,1936,-2,1940,1945,-5,DL,N980DL,1856,ATL,VPS,41,66,250,0,0
"2018-10-15",2003,2011,-8,2135,2142,-7,YX,N103HQ,4660,TLH,CLT,63,92,386,0,0
"2018-10-15",743,1955,708,1000,2140,740,EV,N22909,4190,IAH,ECP,91,137,572,0,0
"2018-10-15",1956,2000,-4,2215,2216,-1,YX,N418YX,4504,DCA,TLH,99,139,716,0,0
"2018-10-15",2039,2030,9,2356,2333,23,MQ,N263NN,4131,DFW,TLH,103,137,767,0,0
"2018-10-15",2232,2232,0,2347,2359,-12,OH,N587NN,5284,CLT,TLH,60,75,386,0,0
"2018-10-15",2100,2032,28,2258,2238,20,G4,"217NV",1915,MCI,VPS,97,118,764,0,0
"2018-10-15",2047,2051,-4,2146,2155,-9,DL,N910DE,1669,ATL,TLH,38,59,223,0,0
"2018-10-16",541,545,-4,640,650,-10,DL,N910DE,708,TLH,ATL,41,59,223,0,0
"2018-10-15",2246,2241,5,2343,2345,-2,DL,N920DE,485,ATL,TLH,40,57,223,0,0
"2018-10-15",2240,2241,-1,2306,2320,-14,OH,N588NN,5696,CLT,VPS,67,86,460,0,0
"2018-10-15",2237,2242,-5,2247,2248,-1,DL,N972DL,1590,ATL,VPS,41,70,250,0,0
"2018-10-15",1210,2245,805,1247,2250,837,DL,N912DE,2303,ATL,ECP,41,97,240,0,0
"2018-10-16",555,600,-5,802,807,-5,DL,N980DL,2714,VPS,ATL,48,67,250,0,0
"2018-10-16",1200,600,360,1411,808,363,DL,N986DL,1237,ECP,ATL,41,71,240,0,0
"2018-10-16",,609,,,851,,EV,N600QX,2899,ECP,CLT,,,437,1,0
"2018-10-16",611,600,11,736,725,11,OH,N587NN,5584,TLH,CLT,53,85,386,0,0
"2018-10-16",655,700,-5,754,803,-9,DL,N920DE,496,TLH,ATL,46,59,223,0,0
"2018-10-16",630,634,-4,1009,915,54,OH,N588NN,5623,VPS,CLT,63,159,460,0,0
"2018-10-16",805,749,16,945,916,29,MQ,N263NN,4116,TLH,DFW,134,160,767,0,0
"2018-10-16",1012,700,192,1233,855,218,EV,N22909,3979,ECP,IAH,105,141,572,0,0
"2018-10-16",700,700,0,925,919,6,AA,N9681B,1538,VPS,DFW,99,145,641,0,0
"2018-10-16",,701,,,920,,EV,N717EV,2889,ECP,DFW,,,685,1,0
"2018-10-16",709,715,-6,918,926,-8,DL,N972DL,955,VPS,ATL,46,69,250,0,0
"2018-10-16",1308,715,353,1507,925,342,DL,N912DE,2430,ECP,ATL,41,59,240,0,0
"2018-10-16",718,721,-3,911,929,-18,YX,N418YX,4626,TLH,DCA,93,113,716,0,0
"2018-10-16",832,835,-3,941,911,30,OH,N589NN,5564,CLT,VPS,112,129,460,0,0
"2018-10-16",1000,745,135,1129,900,149,WN,N7814B,1281,BNA,ECP,72,89,401,0,0
"2018-10-16",,750,,,910,,WN,"",716,ECP,BNA,,,401,1,0
"2018-10-16",832,836,-4,934,941,-7,"9E",N294PQ,3281,ATL,TLH,42,62,223,0,0
"2018-10-16",858,900,-2,1045,1044,1,G4,"229NV",1902,VPS,BLV,81,107,587,0,0
"2018-10-16",848,850,-2,1047,1023,24,YX,N408YX,4609,DCA,VPS,122,179,789,0,0
"2018-10-16",859,900,-1,1023,1025,-2,OH,N571NN,5272,CLT,TLH,65,84,386,0,0
"2018-10-16",928,935,-7,1201,1217,-16,G4,"217NV",1918,VPS,SDF,73,93,532,0,0
"2018-10-16",1033,900,93,1103,903,120,DL,N953DL,2029,ATL,ECP,68,90,240,0,0
"2018-10-16",854,900,-6,1044,1055,-11,EV,N16571,4064,VPS,IAH,94,110,528,0,0
"2018-10-16",1207,930,157,1406,1115,171,WN,N7814B,1281,ECP,HOU,103,119,571,0,0
"2018-10-16",1006,941,25,1236,1225,11,OH,N589NN,5564,VPS,CLT,65,90,460,0,0
"2018-10-16",938,944,-6,950,950,0,DL,N994DL,2716,ATL,VPS,48,72,250,0,0
"2018-10-16",1103,1054,9,1420,1408,12,YX,N408YX,4609,VPS,DCA,103,137,789,0,0
"2018-10-16",1141,947,114,1357,1149,128,DL,N953DL,2029,ECP,ATL,45,76,240,0,0
"2018-10-16",1003,1010,-7,1224,1155,29,EV,N12166,4451,IAH,ECP,83,141,572,0,0
"2018-10-16",1015,1020,-5,1134,1128,6,"9E",N294PQ,3281,TLH,ATL,49,79,223,0,0
"2018-10-16",1019,1025,-6,1132,1147,-15,MQ,N662EH,3663,MIA,TLH,60,73,402,0,0
"2018-10-16",1029,1034,-5,1234,1249,-15,DL,N994DL,2716,VPS,ATL,43,65,250,0,0
"2018-10-16",1047,1050,-3,1146,1150,-4,DL,N909DE,489,ATL,TLH,42,59,223,0,0
"2018-10-16",1052,1055,-3,1222,1228,-6,OH,N571NN,5272,TLH,CLT,55,90,386,0,0
"2018-10-16",1134,1112,22,1213,1116,57,DL,N907DL,1733,ATL,ECP,47,99,240,0,0
"2018-10-16",,1055,,,1257,,YV,N942LR,5740,DFW,VPS,,,641,1,0
"2018-10-16",1237,1129,68,1414,1313,61,G4,"229NV",1903,BLV,VPS,80,97,587,0,0
"2018-10-16",1125,1131,-6,1150,1209,-19,EV,N616QX,2893,CLT,ECP,64,85,437,0,0
"2018-10-16",1354,1225,89,1552,1423,89,EV,N617QX,2895,DFW,ECP,92,118,685,0,0
"2018-10-16",1241,1200,41,1437,1412,25,DL,N907DL,1733,ECP,ATL,41,56,240,0,0
"2018-10-16",1158,1200,-2,1339,1349,-10,EV,N18556,3995,IAH,VPS,76,101,528,0,0
"2018-10-16",1226,1231,-5,1343,1355,-12,MQ,N662EH,3663,TLH,MIA,64,77,402,0,0
"2018-10-16",1310,1305,5,1612,1610,2,MQ,N260NN,4069,DFW,TLH,95,122,767,0,0
"2018-10-16",1230,1234,-4,1341,1348,-7,DL,N909DE,489,TLH,ATL,46,71,223,0,0
"2018-10-16",1238,1248,-10,1447,1506,-19,EV,N616QX,2876,ECP,DFW,98,129,685,0,0
"2018-10-16",1302,1307,-5,1344,1350,-6,OH,N572NN,5500,CLT,VPS,74,102,460,0,0
"2018-10-16",1250,1302,-12,1325,1343,-18,G4,"217NV",1919,SDF,VPS,75,95,532,0,0
"2018-10-16",1358,1342,16,1402,1348,14,DL,N989DL,2873,ATL,VPS,42,64,250,0,0
"2018-10-16",1310,1320,-10,1529,1515,14,EV,N12166,4134,ECP,IAH,99,139,572,0,0
"2018-10-16",1311,1320,-9,1441,1451,-10,OH,N595NN,5662,CLT,TLH,64,90,386,0,0
"2018-10-16",,1327,,,1536,,YV,N942LR,5740,VPS,DFW,,,641,1,0
"2018-10-16",1459,1403,56,1755,1651,64,G4,"229NV",1900,VPS,CVG,87,116,600,0,0
"2018-10-16",1351,1354,-3,1347,1352,-5,DL,N924DL,2506,ATL,ECP,40,56,240,0,0
"2018-10-16",1437,1432,5,1640,1644,-4,DL,N989DL,2873,VPS,ATL,43,63,250,0,0
"2018-10-16",1419,1421,-2,1511,1523,-12,DL,N955AT,1399,ATL,TLH,38,52,223,0,0
"2018-10-16",1422,1428,-6,1700,1714,-14,OH,N572NN,5500,VPS,CLT,64,98,460,0,0
"2018-10-16",1420,1433,-13,1625,1640,-15,G4,"217NV",1908,VPS,OKC,107,125,726,0,0
"2018-10-16",1450,1439,11,1600,1603,-3,MQ,N688AE,3861,MIA,TLH,59,70,402,0,0
"2018-10-16",1438,1436,2,1639,1643,-4,DL,N924DL,2506,ECP,ATL,41,61,240,0,0
"2018-10-16",1628,1457,91,1901,1744,77,EV,N617QX,2880,ECP,CLT,65,93,437,0,0
"2018-10-16",1551,1558,-7,1648,1707,-19,DL,N955AT,1399,TLH,ATL,40,57,223,0,0
"2018-10-16",1443,1445,-2,1647,1630,17,EV,N17560,4249,IAH,ECP,80,124,572,0,0
"2018-10-16",1450,1500,-10,1657,1655,2,EV,N18556,4447,VPS,IAH,101,127,528,0,0
"2018-10-16",1525,1510,15,1520,1516,4,DL,N945DL,2802,ATL,VPS,40,55,250,0,0
"2018-10-16",1514,1527,-13,1645,1705,-20,OH,N595NN,5662,TLH,CLT,63,91,386,0,0
"2018-10-16",1558,1600,-2,1759,1813,-14,DL,N945DL,2802,VPS,ATL,45,61,250,0,0
"2018-10-16",1617,1620,-3,1802,1809,-7,EV,N16571,4412,IAH,VPS,75,105,528,0,0
"2018-10-16",1607,1610,-3,1726,1737,-11,OH,N570NN,5248,CLT,TLH,62,79,386,0,0
"2018-10-16",1618,1617,1,1710,1712,-2,DL,N948DL,1786,ATL,TLH,40,52,223,0,0
"2018-10-16",1708,1705,3,1911,1900,11,EV,N17560,4037,ECP,IAH,97,123,572,0,0
"2018-10-16",1639,1640,-1,1756,1805,-9,MQ,N260NN,4069,TLH,DFW,112,137,767,0,0
"2018-10-16",1649,1650,-1,1837,1846,-9,YV,N926LR,5906,DFW,VPS,82,108,641,0,0
"2018-10-16",1709,1713,-4,1713,1711,2,DL,N913DL,1403,ATL,ECP,47,64,240,0,0
"2018-10-16",1657,1702,-5,1813,1827,-14,MQ,N688AE,3861,TLH,MIA,61,76,402,0,0
"2018-10-16",,1710,,,1845,,WN,"",2008,HOU,ECP,,,571,1,0
"2018-10-16",1725,1730,-5,1857,1854,3,MQ,N650AE,3844,MIA,TLH,63,92,402,0,0
"2018-10-16",1709,1719,-10,1715,1722,-7,DL,N943DL,1167,ATL,VPS,42,66,250,0,0
"2018-10-16",1722,1725,-3,1916,1919,-3,G4,"217NV",1909,OKC,VPS,94,114,726,0,0
"2018-10-16",1825,1736,49,1912,1823,49,G4,"229NV",1901,CVG,VPS,87,107,600,0,0
"2018-10-16",1743,1745,-2,1820,1825,-5,OH,N591NN,5709,CLT,VPS,74,97,460,0,0
"2018-10-16",1753,1759,-6,2025,2013,12,DL,N913DL,1403,ECP,ATL,43,92,240,0,0
"2018-10-16",1751,1756,-5,1853,1903,-10,DL,N948DL,1786,TLH,ATL,43,62,223,0,0
"2018-10-16",1802,1804,-2,1905,1910,-5,DL,N997AT,678,ATL,TLH,38,63,223,0,0
"2018-10-16",1833,1801,32,2013,1940,33,YX,N131HQ,4660,CLT,TLH,64,100,386,0,0
"2018-10-16",1813,1805,8,1957,1954,3,EV,N14907,4447,IAH,VPS,76,104,528,0,0
"2018-10-16",1801,1806,-5,2017,2030,-13,DL,N943DL,1167,VPS,ATL,43,76,250,0,0
"2018-10-16",,1830,,,1915,,EV,N717EV,2890,CLT,ECP,,,437,1,0
"2018-10-16",1802,1808,-6,1938,1940,-2,OH,N570NN,5248,TLH,CLT,59,96,386,0,0
"2018-10-16",1843,1845,-2,2044,2044,0,EV,N16571,4260,VPS,IAH,99,121,528,0,0
"2018-10-16",1912,1919,-7,2116,2130,-14,YV,N926LR,5906,VPS,DFW,95,124,641,0,0
"2018-10-16",,1850,,,2054,,EV,N719EV,2870,DFW,ECP,,,685,1,0
"2018-10-16",1901,1855,6,2056,2053,3,AA,N983TW,1445,DFW,VPS,83,115,641,0,0
"2018-10-16",1853,1855,-2,2124,2135,-11,OH,N591NN,5709,VPS,CLT,70,91,460,0,0
"2018-10-16",1926,1928,-2,2049,2050,-1,MQ,N650AE,3844,TLH,MIA,65,83,402,0,0
"2018-10-16",,1935,,,2050,,WN,"",1378,BNA,ECP,,,401,1,0
"2018-10-16",,1935,,,2055,,WN,"",2008,ECP,BNA,,,401,1,0
"2018-10-16",1930,1936,-6,1942,1945,-3,DL,N916DE,1856,ATL,VPS,44,72,250,0,0
"2018-10-16",1009,1934,875,1010,1940,870,DL,N997DL,2431,ATL,ECP,39,61,240,0,0
"2018-10-16",1938,1945,-7,2043,2056,-13,DL,N997AT,678,TLH,ATL,41,65,223,0,0
"2018-10-16",2028,2011,17,2149,2142,7,YX,N131HQ,4660,TLH,CLT,57,81,386,0,0
"2018-10-16",934,1955,819,1059,2140,799,EV,N14148,4190,IAH,ECP,65,85,572,0,0
"2018-10-16",2025,2000,25,2226,2216,10,YX,N407YX,4504,DCA,TLH,101,121,716,0,0
"2018-10-16",2048,2030,18,2347,2333,14,MQ,N229NN,4131,DFW,TLH,95,119,767,0,0
"2018-10-16",2048,2051,-3,2146,2155,-9,DL,N976DL,1669,ATL,TLH,41,58,223,0,0
"2018-10-16",2233,2232,1,2,2359,3,OH,N545PB,5284,CLT,TLH,64,89,386,0,0
"2018-10-18",830,835,-5,907,911,-4,OH,N568NN,5564,CLT,VPS,78,97,460,0,0
"2018-10-16",2229,2241,-12,2331,2345,-14,DL,N912DE,485,ATL,TLH,38,62,223,0,0
"2018-10-16",2239,2241,-2,2327,2320,7,OH,N572NN,5696,CLT,VPS,79,108,460,0,0
"2018-10-16",2238,2242,-4,2245,2248,-3,DL,N901DE,1590,ATL,VPS,41,67,250,0,0
"2018-10-16",1155,2245,790,1154,2250,784,DL,N900DE,2303,ATL,ECP,39,59,240,0,0
"2018-10-17",1237,600,397,1444,808,396,DL,N900DE,1237,ECP,ATL,43,67,240,0,0
"2018-10-17",552,600,-8,759,807,-8,DL,N901DE,2714,VPS,ATL,42,67,250,0,0
"2018-10-17",627,634,-7,904,915,-11,OH,N572NN,5623,VPS,CLT,67,97,460,0,0
"2018-10-17",701,700,1,801,803,-2,DL,N912DE,496,TLH,ATL,43,60,223,0,0
"2018-10-17",1118,700,258,1313,855,258,EV,N14148,3979,ECP,IAH,97,115,572,0,0
"2018-10-17",711,715,-4,917,926,-9,DL,N916DE,955,VPS,ATL,42,66,250,0,0
"2018-10-17",737,749,-12,858,916,-18,MQ,N229NN,4116,TLH,DFW,111,141,767,0,0
"2018-10-17",849,850,-1,1147,1151,-4,G4,"326NV",1425,VPS,PIT,99,118,775,0,0
"2018-10-17",1036,930,66,1224,1115,69,WN,N7703A,1281,ECP,HOU,87,108,571,0,0
"2018-10-17",952,947,5,1149,1149,0,DL,N987DL,2029,ECP,ATL,42,57,240,0,0
"2018-10-17",1001,1010,-9,1150,1155,-5,EV,N15912,4451,IAH,ECP,86,109,572,0,0
"2018-10-17",1012,1020,-8,1126,1128,-2,"9E",N931XJ,3281,TLH,ATL,46,74,223,0,0
"2018-10-17",1021,1025,-4,1143,1147,-4,MQ,N681AE,3663,MIA,TLH,60,82,402,0,0
"2018-10-17",1029,1034,-5,1240,1249,-9,DL,N909DE,2716,VPS,ATL,44,71,250,0,0
"2018-10-17",1044,1050,-6,1146,1150,-4,DL,N953DL,489,ATL,TLH,43,62,223,0,0
"2018-10-17",1055,1055,0,1221,1228,-7,OH,N589NN,5272,TLH,CLT,60,86,386,0,0
"2018-10-17",1051,1055,-4,1309,1257,12,YV,N930LR,5740,DFW,VPS,86,138,641,0,0
"2018-10-17",1149,1200,-11,1400,1412,-12,DL,N958DL,1733,ECP,ATL,43,71,240,0,0
"2018-10-17",1157,1200,-3,1341,1349,-8,EV,N15980,3995,IAH,VPS,77,104,528,0,0
"2018-10-17",1151,1200,-9,1336,1345,-9,G4,"220NV",1991,EWR,VPS,147,165,988,0,0
"2018-10-17",1227,1234,-7,1335,1348,-13,DL,N953DL,489,TLH,ATL,43,68,223,0,0
"2018-10-17",1341,1248,53,1553,1506,47,EV,N611QX,2876,ECP,DFW,102,132,685,0,0
"2018-10-17",1739,1320,259,1936,1515,261,EV,N15912,4134,ECP,IAH,93,117,572,0,0
"2018-10-17",1341,1327,14,1549,1536,13,YV,N930LR,5740,VPS,DFW,104,128,641,0,0
"2018-10-17",1335,1342,-7,1333,1348,-15,DL,N908DL,2873,ATL,VPS,40,58,250,0,0
"2018-10-17",1355,1354,1,1354,1352,2,DL,N951DL,2506,ATL,ECP,38,59,240,0,0
"2018-10-17",1410,1421,-11,1504,1523,-19,DL,N990AT,1399,ATL,TLH,39,54,223,0,0
"2018-10-17",1620,1428,112,1900,1714,106,OH,N569NN,5500,VPS,CLT,69,100,460,0,0
"2018-10-17",1422,1432,-10,1629,1644,-15,DL,N908DL,2873,VPS,ATL,45,67,250,0,0
"2018-10-17",1431,1435,-4,1740,1746,-6,G4,"220NV",1946,VPS,BWI,106,129,819,0,0
"2018-10-17",1425,1436,-11,1631,1643,-12,DL,N951DL,2506,ECP,ATL,45,66,240,0,0
"2018-10-17",1518,1527,-9,1650,1705,-15,OH,N559NN,5662,TLH,CLT,57,92,386,0,0
"2018-10-17",1554,1558,-4,1703,1707,-4,DL,N990AT,1399,TLH,ATL,44,69,223,0,0
"2018-10-17",1649,1610,39,1812,1737,35,OH,N580NN,5248,CLT,TLH,60,83,386,0,0
"2018-10-17",1615,1617,-2,1706,1712,-6,DL,N916DE,1786,ATL,TLH,37,51,223,0,0
"2018-10-17",1722,1620,62,1911,1809,62,EV,N12540,4412,IAH,VPS,80,109,528,0,0
"2018-10-17",1804,1650,74,1956,1846,70,YV,N959LR,5906,DFW,VPS,92,112,641,0,0
"2018-10-17",1654,1702,-8,1806,1827,-21,MQ,N681AE,3861,TLH,MIA,62,72,402,0,0
"2018-10-17",1711,1705,6,1925,1900,25,EV,N14568,4037,ECP,IAH,112,134,572,0,0
"2018-10-17",,1710,,,1845,,WN,"",2008,HOU,ECP,,,571,1,0
"2018-10-17",1711,1719,-8,1711,1722,-11,DL,N910DL,1167,ATL,VPS,44,60,250,0,0
"2018-10-17",1742,1745,-3,1822,1825,-3,OH,N565NN,5709,CLT,VPS,77,100,460,0,0
"2018-10-17",1749,1759,-10,2001,2013,-12,DL,N999DN,1403,ECP,ATL,43,72,240,0,0
"2018-10-17",1802,1804,-2,1857,1910,-13,DL,N924AT,678,ATL,TLH,38,55,223,0,0
"2018-10-17",1804,1805,-1,1951,1954,-3,EV,N16561,4447,IAH,VPS,81,107,528,0,0
"2018-10-17",,1830,,,1915,,EV,N600QX,2890,CLT,ECP,,,437,1,0
"2018-10-17",1934,1845,49,2129,2044,45,EV,N12540,4260,VPS,IAH,85,115,528,0,0
"2018-10-17",2017,1919,58,2227,2130,57,YV,N959LR,5906,VPS,DFW,97,130,641,0,0
"2018-10-17",1919,1928,-9,2036,2050,-14,MQ,N619AE,3844,TLH,MIA,63,77,402,0,0
"2018-10-17",1008,1934,874,1011,1940,871,DL,N981DL,2431,ATL,ECP,41,63,240,0,0
"2018-10-17",,1935,,,2050,,WN,N781WN,1378,BNA,ECP,,,401,1,0
"2018-10-17",,1935,,,2055,,WN,"",2008,ECP,BNA,,,401,1,0
"2018-10-17",1929,1936,-7,1944,1945,-1,DL,N922DL,1856,ATL,VPS,50,75,250,0,0
"2018-10-17",1936,1945,-9,2036,2056,-20,DL,N924AT,678,TLH,ATL,40,60,223,0,0
"2018-10-17",929,1955,814,1125,2140,825,EV,N11539,4190,IAH,ECP,85,116,572,0,0
"2018-10-17",2003,2011,-8,2124,2142,-18,YX,N137HQ,4660,TLH,CLT,61,81,386,0,0
"2018-10-17",2037,2030,7,2334,2333,1,MQ,N260NN,4131,DFW,TLH,93,117,767,0,0
"2018-10-17",2249,2241,8,2345,2345,0,DL,N989DL,485,ATL,TLH,38,56,223,0,0
"2018-10-17",2237,2241,-4,2307,2320,-13,OH,N596NN,5696,CLT,VPS,70,90,460,0,0
"2018-10-17",2245,2242,3,2252,2248,4,DL,N990DL,1590,ATL,VPS,41,67,250,0,0
"2018-10-17",1205,2245,800,1203,2250,793,DL,N972DL,2303,ATL,ECP,40,58,240,0,0
"2018-10-18",550,600,-10,800,807,-7,DL,N922DL,2714,VPS,ATL,42,70,250,0,0
"2018-10-18",655,700,-5,755,803,-8,DL,N912DL,496,TLH,ATL,41,60,223,0,0
"2018-10-18",1138,700,278,1345,855,290,EV,N11539,3979,ECP,IAH,96,127,572,0,0
"2018-10-18",700,700,0,859,901,-2,G4,"217NV",1992,VPS,AUS,98,119,666,0,0
"2018-10-18",,701,,,920,,EV,N615QX,2889,ECP,DFW,,,685,1,0
"2018-10-18",710,715,-5,916,926,-10,DL,N990DL,955,VPS,ATL,42,66,250,0,0
"2018-10-18",1035,715,200,1240,925,195,DL,N981DL,2430,ECP,ATL,44,65,240,0,0
"2018-10-18",715,721,-6,936,929,7,YX,N424YX,4626,TLH,DCA,127,141,716,0,0
"2018-10-18",716,730,-14,916,937,-21,G4,"220NV",1908,VPS,OKC,102,120,726,0,0
"2018-10-18",749,745,4,910,900,10,WN,N556WN,1281,BNA,ECP,64,81,401,0,0
"2018-10-17",545,545,0,659,650,9,DL,N976DL,708,TLH,ATL,41,74,223,0,0
"2018-10-17",557,600,-3,720,725,-5,OH,N545PB,5584,TLH,CLT,58,83,386,0,0
"2018-10-17",,609,,,851,,EV,N719EV,2899,ECP,CLT,,,437,1,0
"2018-10-17",651,700,-9,802,810,-8,G4,"326NV",1424,PIT,VPS,110,131,775,0,0
"2018-10-17",654,700,-6,838,844,-6,G4,"217NV",1902,VPS,BLV,84,104,587,0,0
"2018-10-17",658,700,-2,903,919,-16,AA,N983TW,1538,VPS,DFW,99,125,641,0,0
"2018-10-17",,701,,,920,,EV,N717EV,2889,ECP,DFW,,,685,1,0
"2018-10-17",1036,715,201,1237,925,192,DL,N997DL,2430,ECP,ATL,44,61,240,0,0
"2018-10-17",716,721,-5,937,929,8,YX,N407YX,4626,TLH,DCA,95,141,716,0,0
"2018-10-17",726,730,-4,1045,1100,-15,G4,"220NV",1990,VPS,EWR,119,139,988,0,0
"2018-10-17",849,745,64,1003,900,63,WN,N7703A,1281,BNA,ECP,61,74,401,0,0
"2018-10-17",1134,750,224,1236,910,206,WN,N8303R,716,ECP,BNA,51,62,401,0,0
"2018-10-17",834,835,-1,903,911,-8,OH,N576NN,5564,CLT,VPS,72,89,460,0,0
"2018-10-17",831,836,-5,935,941,-6,"9E",N931XJ,3281,ATL,TLH,44,64,223,0,0
"2018-10-17",845,850,-5,1018,1023,-5,YX,N424YX,4609,DCA,VPS,117,153,789,0,0
"2018-10-17",920,900,20,912,903,9,DL,N987DL,2029,ATL,ECP,39,52,240,0,0
"2018-10-17",850,900,-10,1051,1055,-4,EV,N14907,4064,VPS,IAH,97,121,528,0,0
"2018-10-17",855,900,-5,1026,1025,1,OH,N589NN,5272,CLT,TLH,72,91,386,0,0
"2018-10-17",920,929,-9,1055,1113,-18,G4,"217NV",1903,BLV,VPS,76,95,587,0,0
"2018-10-17",935,941,-6,1211,1225,-14,OH,N576NN,5564,VPS,CLT,70,96,460,0,0
"2018-10-17",942,944,-2,944,950,-6,DL,N909DE,2716,ATL,VPS,40,62,250,0,0
"2018-10-17",1052,1054,-2,1351,1408,-17,YX,N424YX,4609,VPS,DCA,99,119,789,0,0
"2018-10-17",1108,1112,-4,1103,1116,-13,DL,N958DL,1733,ATL,ECP,41,55,240,0,0
"2018-10-17",1124,1131,-7,1155,1209,-14,EV,N611QX,2893,CLT,ECP,68,91,437,0,0
"2018-10-17",1147,1203,-16,1440,1451,-11,G4,"217NV",1900,VPS,CVG,87,113,600,0,0
"2018-10-17",1221,1225,-4,1417,1423,-6,EV,N600QX,2895,DFW,ECP,89,116,685,0,0
"2018-10-17",1227,1231,-4,1345,1355,-10,MQ,N681AE,3663,TLH,MIA,62,78,402,0,0
"2018-10-17",1305,1305,0,1603,1610,-7,MQ,N225NN,4069,DFW,TLH,93,118,767,0,0
"2018-10-17",1451,1307,104,1545,1350,115,OH,N569NN,5500,CLT,VPS,81,114,460,0,0
"2018-10-17",1311,1320,-9,1432,1451,-19,OH,N559NN,5662,CLT,TLH,59,81,386,0,0
"2018-10-17",1429,1439,-10,1543,1603,-20,MQ,N681AE,3861,MIA,TLH,60,74,402,0,0
"2018-10-17",1447,1445,2,1639,1630,9,EV,N14568,4249,IAH,ECP,81,112,572,0,0
"2018-10-17",1457,1457,0,1731,1744,-13,EV,N600QX,2880,ECP,CLT,64,94,437,0,0
"2018-10-17",1449,1500,-11,1644,1655,-11,EV,N15980,4447,VPS,IAH,88,115,528,0,0
"2018-10-17",1503,1510,-7,1507,1516,-9,DL,N959DL,2802,ATL,VPS,46,64,250,0,0
"2018-10-17",1540,1551,-11,1628,1638,-10,G4,"217NV",1901,CVG,VPS,90,108,600,0,0
"2018-10-17",1551,1600,-9,1802,1813,-11,DL,N959DL,2802,VPS,ATL,41,71,250,0,0
"2018-10-17",1640,1640,0,1758,1805,-7,MQ,N225NN,4069,TLH,DFW,114,138,767,0,0
"2018-10-17",1705,1713,-8,1701,1711,-10,DL,N999DN,1403,ATL,ECP,39,56,240,0,0
"2018-10-17",1729,1730,-1,1849,1854,-5,MQ,N619AE,3844,MIA,TLH,58,80,402,0,0
"2018-10-17",1754,1756,-2,1858,1903,-5,DL,N916DE,1786,TLH,ATL,46,64,223,0,0
"2018-10-17",1801,1801,0,1924,1940,-16,YX,N137HQ,4660,CLT,TLH,61,83,386,0,0
"2018-10-17",1804,1806,-2,2015,2030,-15,DL,N910DL,1167,VPS,ATL,47,71,250,0,0
"2018-10-17",1845,1808,37,2009,1940,29,OH,N580NN,5248,TLH,CLT,60,84,386,0,0
"2018-10-17",1824,1831,-7,1946,1951,-5,G4,"220NV",1947,BWI,VPS,116,142,819,0,0
"2018-10-17",,1850,,,2054,,EV,N615QX,2870,DFW,ECP,,,685,1,0
"2018-10-17",1849,1855,-6,2104,2053,11,AA,N9681B,1445,DFW,VPS,86,135,641,0,0
"2018-10-17",1848,1855,-7,2133,2135,-2,OH,N565NN,5709,VPS,CLT,71,105,460,0,0
"2018-10-17",1954,2000,-6,2206,2216,-10,YX,N424YX,4504,DCA,TLH,105,132,716,0,0
"2018-10-17",2044,2051,-7,2142,2155,-13,DL,N912DL,1669,ATL,TLH,39,58,223,0,0
"2018-10-17",2232,2232,0,2355,2359,-4,OH,N500AE,5284,CLT,TLH,63,83,386,0,0
"2018-10-18",558,545,13,651,650,1,DL,N989DL,708,TLH,ATL,38,53,223,0,0
"2018-10-18",1235,600,395,1447,808,399,DL,N972DL,1237,ECP,ATL,48,72,240,0,0
"2018-10-18",554,600,-6,719,725,-6,OH,N500AE,5584,TLH,CLT,59,85,386,0,0
"2018-10-18",,609,,,851,,EV,N600QX,2899,ECP,CLT,,,437,1,0
"2018-10-18",634,634,0,904,915,-11,OH,N596NN,5623,VPS,CLT,66,90,460,0,0
"2018-10-18",652,700,-8,848,919,-31,AA,N9681B,1538,VPS,DFW,93,116,641,0,0
"2018-10-18",658,705,-7,850,901,-11,YV,N904FJ,5725,DFW,VPS,87,112,641,0,0
"2018-10-18",741,749,-8,856,916,-20,MQ,N260NN,4116,TLH,DFW,110,135,767,0,0
"2018-10-18",1118,750,208,1234,910,204,WN,N8318F,716,ECP,BNA,62,76,401,0,0
"2018-10-18",836,836,0,947,941,6,"9E",N292PQ,3281,ATL,TLH,36,71,223,0,0
"2018-10-18",856,900,-4,1012,1025,-13,OH,N549NN,5272,CLT,TLH,60,76,386,0,0
"2018-10-18",845,850,-5,1019,1023,-4,YX,N427YX,4609,DCA,VPS,117,154,789,0,0
"2018-10-18",851,900,-9,1058,1055,3,EV,N16561,4064,VPS,IAH,102,127,528,0,0
"2018-10-18",855,900,-5,900,903,-3,DL,N935DL,2029,ATL,ECP,46,65,240,0,0
"2018-10-18",953,930,23,1143,1115,28,WN,N556WN,1281,ECP,HOU,89,110,571,0,0
"2018-10-18",940,941,-1,1213,1225,-12,OH,N568NN,5564,VPS,CLT,70,93,460,0,0
"2018-10-18",933,933,0,1138,1144,-6,YV,N904FJ,5725,VPS,DFW,94,125,641,0,0
"2018-10-18",941,944,-3,940,950,-10,DL,N903DE,2716,ATL,VPS,44,59,250,0,0
"2018-10-18",1003,1010,-7,1157,1155,2,EV,N11547,4451,IAH,ECP,89,114,572,0,0
"2018-10-18",946,946,0,1138,1138,0,G4,"217NV",1993,AUS,VPS,92,112,666,0,0
"2018-10-18",943,947,-4,1151,1149,2,DL,N935DL,2029,ECP,ATL,38,68,240,0,0
"2018-10-18",1017,1020,-3,1128,1128,0,"9E",N292PQ,3281,TLH,ATL,44,71,223,0,0
"2018-10-18",1024,1025,-1,1148,1147,1,MQ,N657AE,3663,MIA,TLH,64,84,402,0,0
"2018-10-18",1021,1022,-1,1215,1216,-1,G4,"220NV",1909,OKC,VPS,92,114,726,0,0
"2018-10-18",1311,1131,100,1340,1209,91,EV,N718EV,2893,CLT,ECP,64,89,437,0,0
"2018-10-18",1029,1034,-5,1240,1249,-9,DL,N903DE,2716,VPS,ATL,40,71,250,0,0
"2018-10-18",1043,1050,-7,1135,1150,-15,DL,N982DL,489,ATL,TLH,36,52,223,0,0
"2018-10-18",1049,1054,-5,1359,1408,-9,YX,N427YX,4609,VPS,DCA,106,130,789,0,0
"2018-10-18",1050,1055,-5,1219,1228,-9,OH,N549NN,5272,TLH,CLT,63,89,386,0,0
"2018-10-18",1052,1055,-3,1248,1257,-9,YV,N906FJ,5740,DFW,VPS,93,116,641,0,0
"2018-10-18",1116,1112,4,1109,1116,-7,DL,N997DL,1733,ATL,ECP,40,53,240,0,0
"2018-10-18",1158,1200,-2,1405,1412,-7,DL,N997DL,1733,ECP,ATL,39,67,240,0,0
"2018-10-18",1220,1225,-5,1423,1423,0,EV,N719EV,2895,DFW,ECP,85,123,685,0,0
"2018-10-18",1157,1200,-3,1338,1349,-11,EV,N14991,3995,IAH,VPS,80,101,528,0,0
"2018-10-18",1415,1248,87,1630,1506,84,EV,N718EV,2876,ECP,DFW,96,135,685,0,0
"2018-10-18",1220,1231,-11,1343,1355,-12,MQ,N657AE,3663,TLH,MIA,67,83,402,0,0
"2018-10-18",1352,1234,78,1449,1348,61,DL,N982DL,489,TLH,ATL,42,57,223,0,0
"2018-10-18",1241,1248,-7,1426,1432,-6,G4,"217NV",1902,VPS,BLV,80,105,587,0,0
"2018-10-18",1316,1307,9,1414,1350,24,OH,N581NN,5500,CLT,VPS,77,118,460,0,0
"2018-10-18",1258,1305,-7,1608,1610,-2,MQ,N232NN,4069,DFW,TLH,101,130,767,0,0
"2018-10-18",1312,1318,-6,1552,1600,-8,G4,"220NV",1918,VPS,SDF,77,100,532,0,0
"2018-10-18",1310,1320,-10,1502,1515,-13,EV,N11547,4134,ECP,IAH,96,112,572,0,0
"2018-10-18",1322,1327,-5,1529,1536,-7,YV,N906FJ,5740,VPS,DFW,97,127,641,0,0
"2018-10-18",1321,1320,1,1503,1451,12,OH,N587NN,5662,CLT,TLH,70,102,386,0,0
"2018-10-18",1335,1342,-7,1331,1348,-17,DL,N910DE,2873,ATL,VPS,42,56,250,0,0
"2018-10-18",1436,1436,0,1636,1643,-7,DL,N938DL,2506,ECP,ATL,40,60,240,0,0
"2018-10-18",1405,1354,11,1400,1352,8,DL,N938DL,2506,ATL,ECP,40,55,240,0,0
"2018-10-18",1420,1421,-1,1515,1523,-8,DL,N989DN,1399,ATL,TLH,38,55,223,0,0
"2018-10-18",1444,1428,16,1717,1714,3,OH,N581NN,5500,VPS,CLT,66,93,460,0,0
"2018-10-18",1435,1432,3,1638,1644,-6,DL,N910DE,2873,VPS,ATL,39,63,250,0,0
"2018-10-18",1439,1439,0,1600,1603,-3,MQ,N657AE,3861,MIA,TLH,66,81,402,0,0
"2018-10-18",1439,1445,-6,1631,1630,1,EV,N34110,4249,IAH,ECP,87,112,572,0,0
"2018-10-18",1553,1558,-5,1655,1707,-12,DL,N989DN,1399,TLH,ATL,43,62,223,0,0
"2018-10-18",1450,1457,-7,1723,1744,-21,EV,N719EV,2880,ECP,CLT,65,93,437,0,0
"2018-10-18",1447,1500,-13,1644,1655,-11,EV,N14991,4447,VPS,IAH,98,117,528,0,0
"2018-10-18",1508,1510,-2,1513,1516,-3,DL,N907DL,2802,ATL,VPS,45,65,250,0,0
"2018-10-18",1517,1517,0,1659,1701,-2,G4,"217NV",1903,BLV,VPS,81,102,587,0,0
"2018-10-18",1540,1527,13,1709,1705,4,OH,N587NN,5662,TLH,CLT,60,89,386,0,0
"2018-10-18",1550,1600,-10,1818,1813,5,DL,N907DL,2802,VPS,ATL,40,88,250,0,0
"2018-10-18",1610,1610,0,1728,1737,-9,OH,N589NN,5248,CLT,TLH,61,78,386,0,0
"2018-10-18",1610,1617,-7,1702,1712,-10,DL,N915DL,1786,ATL,TLH,37,52,223,0,0
"2018-10-18",1652,1640,12,1805,1805,0,MQ,N232NN,4069,TLH,DFW,109,133,767,0,0
"2018-10-18",1616,1620,-4,1804,1809,-5,EV,N16561,4412,IAH,VPS,78,108,528,0,0
"2018-10-18",1709,1713,-4,1700,1711,-11,DL,N985DL,1403,ATL,ECP,40,51,240,0,0
"2018-10-18",1636,1645,-9,1714,1726,-12,G4,"220NV",1919,SDF,VPS,75,98,532,0,0
"2018-10-18",1652,1650,2,1851,1846,5,YV,N906FJ,5906,DFW,VPS,89,119,641,0,0
"2018-10-18",1658,1702,-4,1826,1827,-1,MQ,N657AE,3861,TLH,MIA,71,88,402,0,0
"2018-10-18",1701,1705,-4,1911,1900,11,EV,N34110,4037,ECP,IAH,100,130,572,0,0
"2018-10-18",,1710,,,1845,,WN,"",2008,HOU,ECP,,,571,1,0
"2018-10-18",1727,1730,-3,1851,1854,-3,MQ,N932AE,3844,MIA,TLH,62,84,402,0,0
"2018-10-18",1709,1719,-10,1710,1722,-12,DL,N998DL,1167,ATL,VPS,44,61,250,0,0
"2018-10-18",1815,1805,10,1953,1954,-1,EV,N11565,4447,IAH,VPS,80,98,528,0,0
"2018-10-18",1745,1745,0,1817,1825,-8,OH,N560NN,5709,CLT,VPS,73,92,460,0,0
"2018-10-18",1747,1751,-4,1941,1944,-3,G4,"217NV",1912,VPS,SGF,91,114,610,0,0
"2018-10-18",1750,1756,-6,1859,1903,-4,DL,N915DL,1786,TLH,ATL,42,69,223,0,0
"2018-10-18",1857,1759,58,2104,2013,51,DL,N985DL,1403,ECP,ATL,40,67,240,0,0
"2018-10-18",1806,1801,5,1935,1940,-5,YX,N106HQ,4660,CLT,TLH,62,89,386,0,0
"2018-10-18",1803,1804,-1,1858,1910,-12,DL,N986AT,678,ATL,TLH,37,55,223,0,0
"2018-10-18",1758,1806,-8,2007,2030,-23,DL,N998DL,1167,VPS,ATL,40,69,250,0,0
"2018-10-18",1759,1808,-9,1924,1940,-16,OH,N589NN,5248,TLH,CLT,63,85,386,0,0
"2018-10-18",,1850,,,2054,,EV,N605QX,2870,DFW,ECP,,,685,1,0
"2018-10-18",1814,1821,-7,1937,1938,-1,G4,"220NV",1910,VPS,BNA,60,83,389,0,0
"2018-10-18",,1830,,,1915,,EV,N738EV,2890,CLT,ECP,,,437,1,0
"2018-10-18",1835,1845,-10,2026,2044,-18,EV,N16561,4260,VPS,IAH,92,111,528,0,0
"2018-10-18",1900,1855,5,2050,2053,-3,AA,N9681B,1445,DFW,VPS,87,110,641,0,0
"2018-10-18",1854,1855,-1,2124,2135,-11,OH,N560NN,5709,VPS,CLT,67,90,460,0,0
"2018-10-18",1944,1936,8,1945,1945,0,DL,N912DE,1856,ATL,VPS,40,61,250,0,0
"2018-10-18",1919,1919,0,2140,2130,10,YV,N906FJ,5906,VPS,DFW,100,141,641,0,0
"2018-10-18",1920,1928,-8,2036,2050,-14,MQ,N932AE,3844,TLH,MIA,62,76,402,0,0
"2018-10-18",1011,1934,877,1035,1940,895,DL,N956DL,2431,ATL,ECP,65,84,240,0,0
"2018-10-18",,1935,,,2050,,WN,"",1378,BNA,ECP,,,401,1,0
"2018-10-18",,1935,,,2055,,WN,"",2008,ECP,BNA,,,401,1,0
"2018-10-18",2012,2011,1,2135,2142,-7,YX,N106HQ,4660,TLH,CLT,60,83,386,0,0
"2018-10-18",1935,1945,-10,2037,2056,-19,DL,N986AT,678,TLH,ATL,39,62,223,0,0
"2018-10-18",931,1955,816,1116,2140,816,EV,N14907,4190,IAH,ECP,88,105,572,0,0
"2018-10-18",1950,2000,-10,2152,2216,-24,YX,N416YX,4504,DCA,TLH,104,122,716,0,0
"2018-10-18",2020,2023,-3,2142,2142,0,G4,"220NV",1911,BNA,VPS,59,82,389,0,0
"2018-10-18",2018,2029,-11,2159,2217,-18,G4,"217NV",1913,SGF,VPS,83,101,610,0,0
"2018-10-18",2030,2030,0,2345,2333,12,MQ,N252NN,4131,DFW,TLH,93,135,767,0,0
"2018-10-18",2233,2241,-8,2337,2345,-8,DL,N937DL,485,ATL,TLH,38,64,223,0,0
"2018-10-18",2048,2051,-3,2139,2155,-16,DL,N976DL,1669,ATL,TLH,37,51,223,0,0
"2018-10-18",2229,2232,-3,2400,2359,1,OH,N712PS,5284,CLT,TLH,71,91,386,0,0
"2018-10-18",2241,2241,0,2312,2320,-8,OH,N587NN,5696,CLT,VPS,71,91,460,0,0
"2018-10-18",2240,2242,-2,2241,2248,-7,DL,N984DL,1590,ATL,VPS,41,61,250,0,0
"2018-10-18",1200,2245,795,1200,2250,790,DL,N983DL,2303,ATL,ECP,37,60,240,0,0
"2018-10-19",538,545,-7,639,650,-11,DL,N937DL,708,TLH,ATL,40,61,223,0,0
"2018-10-19",557,600,-3,758,807,-9,DL,N912DE,2714,VPS,ATL,41,61,250,0,0
"2018-10-19",1227,600,387,1453,808,405,DL,N983DL,1237,ECP,ATL,58,86,240,0,0
"2018-10-19",,609,,,851,,EV,N605QX,2899,ECP,CLT,,,437,1,0
"2018-10-19",557,600,-3,716,725,-9,OH,N712PS,5584,TLH,CLT,60,79,386,0,0
"2018-10-19",633,634,-1,907,915,-8,OH,N587NN,5623,VPS,CLT,63,94,460,0,0
"2018-10-19",651,700,-9,952,952,0,G4,"217NV",1916,VPS,LCK,96,121,675,0,0
"2018-10-19",1142,700,282,1351,855,296,EV,N14907,3979,ECP,IAH,107,129,572,0,0
"2018-10-19",732,700,32,919,803,76,DL,N976DL,496,TLH,ATL,49,107,223,0,0
"2018-10-19",648,700,-12,854,919,-25,AA,N9681B,1538,VPS,DFW,99,126,641,0,0
"2018-10-19",859,705,114,1054,901,113,YV,N908FJ,5725,DFW,VPS,81,115,641,0,0
"2018-10-19",,701,,,920,,EV,N738EV,2889,ECP,DFW,,,685,1,0
"2018-10-19",749,749,0,928,916,12,MQ,N252NN,4116,TLH,DFW,119,159,767,0,0
"2018-10-19",1111,715,236,1317,925,232,DL,N956DL,2430,ECP,ATL,43,66,240,0,0
"2018-10-19",713,715,-2,931,926,5,DL,N984DL,955,VPS,ATL,48,78,250,0,0
"2018-10-19",719,721,-2,915,929,-14,YX,N416YX,4626,TLH,DCA,99,116,716,0,0
"2018-10-19",744,745,-1,930,900,30,WN,N7727A,1281,BNA,ECP,96,106,401,0,0
"2018-10-19",,750,,,910,,WN,"",716,ECP,BNA,,,401,1,0
"2018-10-19",834,835,-1,908,911,-3,OH,N570NN,5564,CLT,VPS,72,94,460,0,0
"2018-10-19",833,836,-3,928,941,-13,"9E",N311PQ,3281,ATL,TLH,37,55,223,0,0
"2018-10-19",846,850,-4,1007,1023,-16,YX,N417YX,4609,DCA,VPS,114,141,789,0,0
"2018-10-19",848,900,-12,1047,1055,-8,EV,N11565,4064,VPS,IAH,96,119,528,0,0
"2018-10-19",856,900,-4,1019,1025,-6,OH,N589NN,5272,CLT,TLH,65,83,386,0,0
"2018-10-19",856,900,-4,1040,1015,25,WN,N8306H,3984,BNA,ECP,85,104,401,0,0
"2018-10-19",854,900,-6,935,903,32,DL,N920DE,2029,ATL,ECP,84,101,240,0,0
"2018-10-19",1119,933,106,1958,1144,,YV,N908FJ,5725,VPS,DFW,,,641,0,1
"2018-10-19",1004,930,34,1137,1115,22,WN,N7727A,1281,ECP,HOU,84,93,571,0,0
"2018-10-19",953,941,12,1229,1225,4,OH,N570NN,5564,VPS,CLT,66,96,460,0,0
"2018-10-19",1020,947,33,1231,1149,42,DL,N920DE,2029,ECP,ATL,39,71,240,0,0
"2018-10-19",945,944,1,950,950,0,DL,N938DL,2716,ATL,VPS,45,65,250,0,0
"2018-10-20",1409,1342,27,1412,1346,26,DL,N943DL,2873,ATL,VPS,42,63,250,0,0
"2018-10-19",959,1010,-11,1202,1155,7,EV,N11547,4451,IAH,ECP,90,123,572,0,0
"2018-10-19",1013,1020,-7,1120,1128,-8,"9E",N311PQ,3281,TLH,ATL,42,67,223,0,0
"2018-10-19",1028,1025,3,1147,1147,0,MQ,N681AE,3663,MIA,TLH,63,79,402,0,0
"2018-10-19",1031,1033,-2,1128,1133,-5,DL,N967DL,489,ATL,TLH,38,57,223,0,0
"2018-10-19",1032,1034,-2,1300,1249,11,DL,N938DL,2716,VPS,ATL,42,88,250,0,0
"2018-10-19",1050,1055,-5,1243,1257,-14,YV,N919FJ,5740,DFW,VPS,84,113,641,0,0
"2018-10-19",1201,1200,1,1345,1349,-4,EV,N13566,3995,IAH,VPS,77,104,528,0,0
"2018-10-19",1212,1217,-5,1351,1328,23,DL,N967DL,489,TLH,ATL,44,99,223,0,0
"2018-10-19",1222,1225,-3,1412,1423,-11,EV,N738EV,2895,DFW,ECP,88,110,685,0,0
"2018-10-19",1216,1225,-9,1508,1513,-5,G4,"217NV",1900,VPS,CVG,87,112,600,0,0
"2018-10-19",1219,1231,-12,1337,1355,-18,MQ,N681AE,3663,TLH,MIA,63,78,402,0,0
"2018-10-19",1307,1307,0,1350,1350,0,OH,N570NN,5500,CLT,VPS,68,103,460,0,0
"2018-10-19",1350,1354,-4,1344,1352,-8,DL,N900DE,2506,ATL,ECP,43,54,240,0,0
"2018-10-19",1427,1421,6,1515,1523,-8,DL,N942AT,1399,ATL,TLH,34,48,223,0,0
"2018-10-19",1424,1428,-4,1704,1714,-10,OH,N570NN,5500,VPS,CLT,71,100,460,0,0
"2018-10-19",1434,1436,-2,1637,1643,-6,DL,N900DE,2506,ECP,ATL,41,63,240,0,0
"2018-10-19",1429,1439,-10,1551,1603,-12,MQ,N664MS,3861,MIA,TLH,67,82,402,0,0
"2018-10-19",1529,1445,44,1709,1630,39,EV,N11551,4249,IAH,ECP,78,100,572,0,0
"2018-10-19",1522,1527,-5,1701,1705,-4,OH,N589NN,5662,TLH,CLT,66,99,386,0,0
"2018-10-19",1605,1600,5,1818,1813,5,DL,N948DL,2802,VPS,ATL,40,73,250,0,0
"2018-10-19",1613,1610,3,1737,1737,0,OH,N592NN,5248,CLT,TLH,57,84,386,0,0
"2018-10-19",1626,1617,9,1714,1712,2,DL,N977DL,1786,ATL,TLH,35,48,223,0,0
"2018-10-19",1727,1640,47,1849,1805,44,MQ,N258NN,4069,TLH,DFW,119,142,767,0,0
"2018-10-19",1709,1713,-4,1701,1711,-10,DL,N999DN,1403,ATL,ECP,39,52,240,0,0
"2018-10-19",1716,1719,-3,1712,1722,-10,DL,N905DL,1167,ATL,VPS,41,56,250,0,0
"2018-10-19",1728,1730,-2,1859,1854,5,MQ,N941LT,3844,MIA,TLH,65,91,402,0,0
"2018-10-19",1733,1735,-2,1941,1947,-6,G4,"217NV",1914,VPS,MCI,110,128,764,0,0
"2018-10-19",1750,1759,-9,2029,2013,16,DL,N999DN,1403,ECP,ATL,49,99,240,0,0
"2018-10-19",1800,1801,-1,1929,1940,-11,YX,N115HQ,4660,CLT,TLH,58,89,386,0,0
"2018-10-19",1808,1808,0,1931,1940,-9,OH,N592NN,5248,TLH,CLT,63,83,386,0,0
"2018-10-19",,1850,,,2054,,EV,N615QX,2870,DFW,ECP,,,685,1,0
"2018-10-19",1855,1855,0,2044,2053,-9,AA,N969TW,1445,DFW,VPS,82,109,641,0,0
"2018-10-19",1853,1855,-2,2138,2135,3,OH,N589NN,5709,VPS,CLT,71,105,460,0,0
"2018-10-19",2109,1919,110,2313,2130,103,YV,N959LR,5906,VPS,DFW,93,124,641,0,0
"2018-10-19",1925,1928,-3,2048,2050,-2,MQ,N941LT,3844,TLH,MIA,65,83,402,0,0
"2018-10-19",,1935,,,2055,,WN,"",2008,ECP,BNA,,,401,1,0
"2018-10-19",1943,1936,7,1950,1945,5,DL,N961DL,1856,ATL,VPS,40,67,250,0,0
"2018-10-19",2003,2011,-8,2129,2142,-13,YX,N115HQ,4660,TLH,CLT,61,86,386,0,0
"2018-10-19",2030,2030,0,2353,2333,20,MQ,N261NN,4131,DFW,TLH,106,143,767,0,0
"2018-10-19",2226,2232,-6,2345,2359,-14,OH,N718PS,5284,CLT,TLH,61,79,386,0,0
"2018-10-19",2240,2242,-2,2248,2248,0,DL,N904DE,1590,ATL,VPS,41,68,250,0,0
"2018-10-19",1209,2245,804,1215,2250,805,DL,N810DN,2303,ATL,ECP,41,66,240,0,0
"2018-10-20",610,600,10,813,806,7,DL,N904DE,2714,VPS,ATL,44,63,250,0,0
"2018-10-20",623,630,-7,723,734,-11,DL,N976DL,1520,TLH,ATL,40,60,223,0,0
"2018-10-20",1134,700,274,1330,855,275,EV,N14991,3979,ECP,IAH,95,116,572,0,0
"2018-10-20",917,700,137,1105,855,130,EV,N13975,4064,VPS,IAH,89,108,528,0,0
"2018-10-20",,701,,,920,,EV,N615QX,2889,ECP,DFW,,,685,1,0
"2018-10-20",701,705,-4,847,901,-14,YV,N959LR,5725,DFW,VPS,81,106,641,0,0
"2018-10-20",1133,710,263,1335,919,256,DL,N399DA,2430,ECP,ATL,46,62,240,0,0
"2018-10-20",713,715,-2,925,924,1,DL,N961DL,955,VPS,ATL,51,72,250,0,0
"2018-10-20",719,730,-11,1035,1100,-25,G4,"220NV",1990,VPS,EWR,118,136,988,0,0
"2018-10-20",747,749,-2,856,916,-20,MQ,N261NN,4116,TLH,DFW,113,129,767,0,0
"2018-10-20",820,829,-9,1116,1115,1,OH,N570NN,5623,VPS,CLT,66,116,460,0,0
"2018-10-20",836,835,1,905,911,-6,OH,N566NN,5564,CLT,VPS,74,89,460,0,0
"2018-10-20",845,850,-5,1025,1023,2,YX,N413YX,4609,DCA,VPS,124,160,789,0,0
"2018-10-20",919,920,-1,1031,1035,-4,WN,N7727A,4137,BNA,ECP,59,72,401,0,0
"2018-10-20",923,933,-10,1135,1144,-9,YV,N959LR,5725,VPS,DFW,102,132,641,0,0
"2018-10-20",936,941,-5,1207,1225,-18,OH,N566NN,5564,VPS,CLT,66,91,460,0,0
"2018-10-20",1127,947,100,1331,1149,102,DL,N976DL,2029,ECP,ATL,44,64,240,0,0
"2018-10-20",1031,1030,1,1209,1215,-6,WN,N7812G,2635,DAL,ECP,85,98,674,0,0
"2018-10-20",1037,1040,-3,1218,1223,-5,YV,N86309,6093,IAH,ECP,86,101,572,0,0
"2018-10-20",1052,1055,-3,1250,1257,-7,YV,N919FJ,5740,DFW,VPS,78,118,641,0,0
"2018-10-20",1111,1105,6,1305,1300,5,WN,N7727A,4137,ECP,DAL,103,114,674,0,0
"2018-10-20",1122,1112,10,1134,1113,21,DL,N935DL,1733,ATL,ECP,41,72,240,0,0
"2018-10-20",1157,1200,-3,1347,1349,-2,EV,N26545,3995,IAH,VPS,71,110,528,0,0
"2018-10-20",1210,1200,10,1418,1412,6,DL,N935DL,1733,ECP,ATL,48,68,240,0,0
"2018-10-20",1145,1200,-15,1335,1345,-10,G4,"220NV",1991,EWR,VPS,147,170,988,0,0
"2018-10-20",1241,1225,16,1428,1423,5,EV,N616QX,2895,DFW,ECP,85,107,685,0,0
"2018-10-20",1238,1245,-7,1343,1358,-15,DL,N928AT,387,TLH,ATL,43,65,223,0,0
"2018-10-20",1243,1245,-2,1401,1405,-4,WN,N7812G,2635,ECP,BNA,67,78,401,0,0
"2018-10-20",1300,1248,12,1506,1506,0,EV,N611QX,2876,ECP,DFW,103,126,685,0,0
"2018-10-20",1257,1305,-8,1551,1610,-19,MQ,N225NN,4069,DFW,TLH,95,114,767,0,0
"2018-10-20",1323,1327,-4,1530,1536,-6,YV,N919FJ,5740,VPS,DFW,97,127,641,0,0
"2018-10-20",1358,1355,3,1402,1359,3,DL,N966DL,2506,ATL,ECP,39,64,240,0,0
"2018-10-19",1035,1037,-2,1126,1135,-9,G4,"217NV",1917,LCK,VPS,90,111,675,0,0
"2018-10-19",1046,1054,-8,1403,1408,-5,YX,N417YX,4609,VPS,DCA,120,137,789,0,0
"2018-10-19",1049,1055,-6,1217,1228,-11,OH,N589NN,5272,TLH,CLT,62,88,386,0,0
"2018-10-19",1118,1100,18,1237,1220,17,WN,N8306H,5774,ECP,BNA,62,79,401,0,0
"2018-10-19",1126,1112,14,1118,1116,2,DL,N960DL,1733,ATL,ECP,40,52,240,0,0
"2018-10-19",1124,1131,-7,1201,1209,-8,EV,N616QX,2893,CLT,ECP,65,97,437,0,0
"2018-10-19",1156,1200,-4,1415,1412,3,DL,N960DL,1733,ECP,ATL,43,79,240,0,0
"2018-10-19",1229,1248,-19,1449,1506,-17,EV,N616QX,2876,ECP,DFW,106,140,685,0,0
"2018-10-19",1349,1305,44,1647,1610,37,MQ,N258NN,4069,DFW,TLH,96,118,767,0,0
"2018-10-19",1318,1320,-2,1517,1515,2,EV,N11547,4134,ECP,IAH,99,119,572,0,0
"2018-10-19",1315,1320,-5,1443,1451,-8,OH,N589NN,5662,CLT,TLH,60,88,386,0,0
"2018-10-19",1320,1327,-7,1550,1536,14,YV,N919FJ,5740,VPS,DFW,118,150,641,0,0
"2018-10-19",1340,1342,-2,1339,1348,-9,DL,N913DL,2873,ATL,VPS,40,59,250,0,0
"2018-10-19",1446,1432,14,1704,1644,20,DL,N913DL,2873,VPS,ATL,41,78,250,0,0
"2018-10-19",1454,1457,-3,1719,1744,-25,EV,N738EV,2880,ECP,CLT,64,85,437,0,0
"2018-10-19",2020,1500,320,2209,1655,314,EV,N13975,4447,VPS,IAH,81,109,528,0,0
"2018-10-19",1527,1510,17,1524,1516,8,DL,N948DL,2802,ATL,VPS,40,57,250,0,0
"2018-10-19",1548,1558,-10,1636,1645,-9,G4,"217NV",1901,CVG,VPS,83,108,600,0,0
"2018-10-19",1603,1558,5,1728,1707,21,DL,N942AT,1399,TLH,ATL,45,85,223,0,0
"2018-10-19",1617,1620,-3,1753,1809,-16,EV,N10575,4412,IAH,VPS,76,96,528,0,0
"2018-10-19",1855,1650,125,2049,1846,123,YV,N959LR,5906,DFW,VPS,84,114,641,0,0
"2018-10-19",1703,1702,1,1820,1827,-7,MQ,N664MS,3861,TLH,MIA,61,77,402,0,0
"2018-10-19",1702,1702,0,1852,1846,6,G4,"220NV",1902,VPS,BLV,86,110,587,0,0
"2018-10-19",1732,1705,27,1936,1900,36,EV,N11551,4037,ECP,IAH,92,124,572,0,0
"2018-10-19",,1710,,,1845,,WN,"",2008,HOU,ECP,,,571,1,0
"2018-10-19",1744,1745,-1,1819,1825,-6,OH,N589NN,5709,CLT,VPS,72,95,460,0,0
"2018-10-19",1802,1756,6,1901,1903,-2,DL,N977DL,1786,TLH,ATL,41,59,223,0,0
"2018-10-19",1806,1804,2,1856,1910,-14,DL,N994AT,678,ATL,TLH,36,50,223,0,0
"2018-10-19",1805,1805,0,1938,1954,-16,EV,N13975,4447,IAH,VPS,73,93,528,0,0
"2018-10-19",1801,1806,-5,2046,2030,16,DL,N905DL,1167,VPS,ATL,43,105,250,0,0
"2018-10-19",,1830,,,1915,,EV,N717EV,2890,CLT,ECP,,,437,1,0
"2018-10-19",1835,1845,-10,2025,2044,-19,EV,N10575,4260,VPS,IAH,85,110,528,0,0
"2018-10-19",1933,1931,2,2112,2115,-3,G4,"220NV",1903,BLV,VPS,78,99,587,0,0
"2018-10-19",1009,1934,875,1034,1940,894,DL,N399DA,2431,ATL,ECP,43,85,240,0,0
"2018-10-19",,1935,,,2050,,WN,"",1378,BNA,ECP,,,401,1,0
"2018-10-19",1942,1945,-3,2106,2056,10,DL,N994AT,678,TLH,ATL,43,84,223,0,0
"2018-10-19",931,1955,816,1117,2140,817,EV,N14991,4190,IAH,ECP,73,106,572,0,0
"2018-10-19",2010,2000,10,2213,2216,-3,YX,N446YX,4504,DCA,TLH,98,123,716,0,0
"2018-10-19",2032,2032,0,2232,2238,-6,G4,"217NV",1915,MCI,VPS,96,120,764,0,0
"2018-10-19",2046,2051,-5,2155,2155,0,DL,N976DL,1669,ATL,TLH,39,69,223,0,0
"2018-10-19",2240,2241,-1,2336,2345,-9,DL,N911DE,485,ATL,TLH,38,56,223,0,0
"2018-10-19",2259,2241,18,2333,2320,13,OH,N570NN,5696,CLT,VPS,74,94,460,0,0
"2018-10-20",1248,600,408,1448,806,402,DL,N810DN,1237,ECP,ATL,46,60,240,0,0
"2018-10-20",559,600,-1,746,725,21,OH,N718PS,5584,TLH,CLT,60,107,386,0,0
"2018-10-20",,609,,,851,,EV,N717EV,2899,ECP,CLT,,,437,1,0
"2018-10-20",657,700,-3,838,844,-6,G4,"217NV",1902,VPS,BLV,86,101,587,0,0
"2018-10-20",653,700,-7,854,919,-25,AA,N969TW,1538,VPS,DFW,98,121,641,0,0
"2018-10-20",735,735,0,852,843,9,DL,N911DE,763,TLH,ATL,50,77,223,0,0
"2018-10-20",844,854,-10,1034,1059,-25,YX,N446YX,4626,TLH,DCA,95,110,716,0,0
"2018-10-20",1018,900,78,1047,901,106,DL,N976DL,2029,ATL,ECP,45,89,240,0,0
"2018-10-20",854,900,-6,1028,1025,3,OH,N583NN,5272,CLT,TLH,75,94,386,0,0
"2018-10-20",,915,,,1035,,WN,"",3623,ECP,BNA,,,401,1,0
"2018-10-20",929,929,0,1107,1113,-6,G4,"217NV",1903,BLV,VPS,78,98,587,0,0
"2018-10-20",1016,944,32,1044,948,56,DL,N915DL,2716,ATL,VPS,46,88,250,0,0
"2018-10-20",1030,1033,-3,1143,1133,10,DL,N928AT,387,ATL,TLH,40,73,223,0,0
"2018-10-20",1125,1034,51,1334,1245,49,DL,N915DL,2716,VPS,ATL,46,69,250,0,0
"2018-10-20",1048,1054,-6,1351,1408,-17,YX,N413YX,4609,VPS,DCA,99,123,789,0,0
"2018-10-20",1056,1055,1,1228,1228,0,OH,N583NN,5272,TLH,CLT,63,92,386,0,0
"2018-10-20",1127,1131,-4,1216,1209,7,EV,N611QX,2893,CLT,ECP,69,109,437,0,0
"2018-10-20",1155,1203,-8,1444,1451,-7,G4,"217NV",1900,VPS,CVG,89,109,600,0,0
"2018-10-20",1322,1307,15,1407,1350,17,OH,N583NN,5500,CLT,VPS,79,105,460,0,0
"2018-10-20",1324,1320,4,1511,1512,-1,YV,N86309,6021,ECP,IAH,89,107,572,0,0
"2018-10-20",1318,1320,-2,1440,1451,-11,OH,N564NN,5662,CLT,TLH,66,82,386,0,0
"2018-10-20",1401,1405,-4,1518,1520,-2,WN,N7725A,3347,BNA,ECP,61,77,401,0,0
"2018-10-20",1432,1428,4,1706,1714,-8,OH,N583NN,5500,VPS,CLT,66,94,460,0,0
"2018-10-20",1417,1421,-4,1512,1522,-10,DL,N985AT,1399,ATL,TLH,38,55,223,0,0
"2018-10-20",1435,1435,0,1739,1746,-7,G4,"220NV",1946,VPS,BWI,106,124,819,0,0
"2018-10-20",1421,1430,-9,1608,1619,-11,EV,N16571,4412,IAH,VPS,78,107,528,0,0
"2018-10-20",1430,1435,-5,1611,1620,-9,WN,N7731A,4933,STL,ECP,82,101,634,0,0
"2018-10-20",1452,1432,20,1712,1642,30,DL,N943DL,2873,VPS,ATL,45,80,250,0,0
"2018-10-20",1441,1443,-2,1656,1649,7,DL,N966DL,2506,ECP,ATL,50,75,240,0,0
"2018-10-20",1431,1439,-8,1558,1603,-5,MQ,N681AE,3861,MIA,TLH,66,87,402,0,0
"2018-10-20",1438,1445,-7,1617,1628,-11,YV,N87302,6212,IAH,ECP,79,99,572,0,0
"2018-10-20",1457,1500,-3,1659,1655,4,EV,N26545,4447,VPS,IAH,97,122,528,0,0
"2018-10-20",1459,1457,2,1734,1744,-10,EV,N616QX,2880,ECP,CLT,64,95,437,0,0
"2018-10-20",1526,1510,16,1535,1519,16,DL,N967AT,2802,ATL,VPS,47,69,250,0,0
"2018-10-20",1518,1527,-9,1644,1705,-21,OH,N564NN,5662,TLH,CLT,58,86,386,0,0
"2018-10-20",1524,1536,-12,1604,1623,-19,G4,"217NV",1901,CVG,VPS,82,100,600,0,0
"2018-10-20",1552,1558,-6,1659,1709,-10,DL,N985AT,1399,TLH,ATL,47,67,223,0,0
"2018-10-20",1608,1615,-7,1721,1725,-4,G4,"326NV",1424,PIT,VPS,113,133,775,0,0
"2018-10-20",1605,1610,-5,1757,1805,-8,WN,N7725A,3347,ECP,STL,97,112,634,0,0
"2018-10-20",1648,1650,-2,1809,1810,-1,WN,N7731A,4933,ECP,BNA,63,81,401,0,0
"2018-10-20",1619,1620,-1,1713,1724,-11,DL,N922AT,1786,ATL,TLH,40,54,223,0,0
"2018-10-20",1752,1640,72,1929,1805,84,MQ,N225NN,4069,TLH,DFW,117,157,767,0,0
"2018-10-20",1650,1655,-5,1907,1911,-4,DL,N967AT,1702,VPS,ATL,47,77,250,0,0
"2018-10-20",1651,1700,-9,1840,1859,-19,EV,N16571,4260,VPS,IAH,90,109,528,0,0
"2018-10-20",1639,1650,-11,1822,1839,-17,AA,N966TW,1445,DFW,VPS,85,103,641,0,0
"2018-10-20",,1700,,,1815,,WN,N934WN,5270,BNA,ECP,,,401,1,0
"2018-10-20",1703,1710,-7,1947,1924,23,YX,N418YX,4504,DCA,TLH,118,164,716,0,0
"2018-10-20",1659,1702,-3,1818,1827,-9,MQ,N681AE,3861,TLH,MIA,59,79,402,0,0
"2018-10-20",1702,1705,-3,1854,1857,-3,YV,N87302,6245,ECP,IAH,89,112,572,0,0
"2018-10-20",1714,1719,-5,1713,1721,-8,DL,N965AT,1167,ATL,VPS,42,59,250,0,0
"2018-10-20",1710,1713,-3,1711,1710,1,DL,N946DL,1403,ATL,ECP,45,61,240,0,0
"2018-10-20",1725,1730,-5,1857,1854,3,MQ,N657AE,3844,MIA,TLH,72,92,402,0,0
"2018-10-20",1758,1755,3,1933,1922,11,OH,N501AE,5188,CLT,TLH,64,95,386,0,0
"2018-10-20",1742,1745,-3,1827,1825,2,OH,N518AE,5709,CLT,VPS,86,105,460,0,0
"2018-10-20",1752,1759,-7,2001,2011,-10,DL,N946DL,1403,ECP,ATL,43,69,240,0,0
"2018-10-20",1756,1759,-3,1912,1914,-2,DL,N922AT,1786,TLH,ATL,49,76,223,0,0
"2018-10-20",1803,1805,-2,2101,2106,-5,G4,"326NV",1425,VPS,PIT,96,118,775,0,0
"2018-10-20",1800,1805,-5,1944,1954,-10,EV,N11565,4447,IAH,VPS,76,104,528,0,0
"2018-10-20",1758,1806,-8,2012,2028,-16,DL,N965AT,1167,VPS,ATL,44,74,250,0,0
"2018-10-20",,1830,,,1915,,EV,N719EV,2890,CLT,ECP,,,437,1,0
"2018-10-20",1857,1903,-6,1952,2007,-15,DL,N993DL,351,ATL,TLH,37,55,223,0,0
"2018-10-20",1819,1831,-12,1950,1951,-1,G4,"220NV",1947,BWI,VPS,134,151,819,0,0
"2018-10-20",,1845,,,2035,,WN,N934WN,5270,ECP,HOU,,,571,1,0
"2018-10-20",,1850,,,2054,,EV,N718EV,2870,DFW,ECP,,,685,1,0
"2018-10-20",1856,1855,1,2118,2135,-17,OH,N518AE,5709,VPS,CLT,61,82,460,0,0
"2018-10-20",854,1955,779,1028,2138,770,YV,N88310,6100,IAH,ECP,82,94,572,0,0
"2018-10-20",,1905,,,2040,,WN,"",4149,HOU,ECP,,,571,1,0
"2018-10-20",1926,1928,-2,2053,2050,3,MQ,N657AE,3844,TLH,MIA,69,87,402,0,0
"2018-10-20",1013,1934,879,1021,1938,883,DL,N375DA,2431,ATL,ECP,47,68,240,0,0
"2018-10-20",1932,1936,-4,1936,1943,-7,DL,N971DL,1856,ATL,VPS,44,64,250,0,0
"2018-10-20",2227,2241,-14,2330,2344,-14,DL,N967DL,485,ATL,TLH,42,63,223,0,0
"2018-10-20",2025,2030,-5,2326,2333,-7,MQ,N231AN,4131,DFW,TLH,96,121,767,0,0
"2018-10-20",2232,2241,-9,2309,2320,-11,OH,N583NN,5696,CLT,VPS,82,97,460,0,0
"2018-10-20",2242,2242,0,2248,2246,2,DL,N922DL,1590,ATL,VPS,40,66,250,0,0
"2018-10-20",1234,2245,829,1248,2249,839,DL,N3734B,2303,ATL,ECP,52,74,240,0,0
"2018-10-21",554,600,-6,755,807,-12,DL,N922DL,2714,VPS,ATL,42,61,250,0,0
"2018-10-21",600,600,0,717,725,-8,OH,N501AE,5584,TLH,CLT,58,77,386,0,0
"2018-10-21",1333,600,453,1543,808,455,DL,N3734B,1237,ECP,ATL,43,70,240,0,0
"2018-10-21",,609,,,851,,EV,N718EV,2899,ECP,CLT,,,437,1,0
"2018-10-21",631,634,-3,902,915,-13,OH,N583NN,5623,VPS,CLT,66,91,460,0,0
"2018-10-21",657,700,-3,901,901,0,G4,"220NV",1992,VPS,AUS,102,124,666,0,0
"2018-10-21",623,630,-7,734,734,0,DL,N967DL,1520,TLH,ATL,40,71,223,0,0
"2018-10-21",1102,700,242,1302,852,250,YV,N88310,6043,ECP,IAH,102,120,572,0,0
"2018-10-21",,701,,,920,,EV,N719EV,2889,ECP,DFW,,,685,1,0
"2018-10-21",745,750,-5,903,859,4,DL,N993DL,763,TLH,ATL,46,78,223,0,0
"2018-10-21",712,715,-3,921,926,-5,DL,N971DL,955,VPS,ATL,44,69,250,0,0
"2018-10-21",1051,715,216,1259,925,214,DL,N375DA,2430,ECP,ATL,44,68,240,0,0
"2018-10-21",712,721,-9,909,929,-20,YX,N418YX,4626,TLH,DCA,101,117,716,0,0
"2018-10-21",727,730,-3,926,937,-11,G4,"217NV",1908,VPS,OKC,100,119,726,0,0
"2018-10-21",836,835,1,913,911,2,OH,N592NN,5564,CLT,VPS,73,97,460,0,0
"2018-10-21",742,749,-7,905,916,-11,MQ,N231AN,4116,TLH,DFW,121,143,767,0,0
"2018-10-21",846,850,-4,1004,1023,-19,YX,N445YX,4609,DCA,VPS,114,138,789,0,0
"2018-10-21",852,900,-8,1104,1055,9,EV,N11565,4064,VPS,IAH,111,132,528,0,0
"2018-10-21",918,920,-2,1029,1035,-6,WN,N7731A,5084,BNA,ECP,60,71,401,0,0
"2018-10-21",857,900,-3,1016,1025,-9,OH,N567NN,5272,CLT,TLH,60,79,386,0,0
"2018-10-21",903,900,3,855,903,-8,DL,N936DL,2029,ATL,ECP,38,52,240,0,0
"2018-10-21",941,944,-3,942,950,-8,DL,N924DL,2716,ATL,VPS,40,61,250,0,0
"2018-10-21",,925,,,1045,,WN,"",3679,ECP,BNA,,,401,1,0
"2018-10-21",931,933,-2,1145,1149,-4,AA,N966TW,1538,VPS,DFW,104,134,641,0,0
"2018-10-21",953,946,7,1149,1138,11,G4,"220NV",1993,AUS,VPS,84,116,666,0,0
"2018-10-21",954,941,13,1240,1225,15,OH,N592NN,5564,VPS,CLT,78,106,460,0,0
"2018-10-21",939,947,-8,1132,1149,-17,DL,N936DL,2029,ECP,ATL,40,53,240,0,0
"2018-10-21",1004,1010,-6,1139,1155,-16,EV,N14105,4451,IAH,ECP,73,95,572,0,0
"2018-10-21",1023,1025,-2,1120,1125,-5,DL,N929AT,489,ATL,TLH,38,57,223,0,0
"2018-10-21",1018,1022,-4,1157,1216,-19,G4,"217NV",1909,OKC,VPS,87,99,726,0,0
"2018-10-21",1019,1025,-6,1138,1147,-9,MQ,N673AE,3663,MIA,TLH,65,79,402,0,0
"2018-10-21",1032,1034,-2,1236,1249,-13,DL,N924DL,2716,VPS,ATL,48,64,250,0,0
"2018-10-21",1052,1055,-3,1245,1257,-12,YV,N948LR,5740,DFW,VPS,83,113,641,0,0
"2018-10-21",1054,1054,0,1406,1408,-2,YX,N445YX,4609,VPS,DCA,109,132,789,0,0
"2018-10-21",1056,1055,1,1230,1228,2,OH,N567NN,5272,TLH,CLT,61,94,386,0,0
"2018-10-21",1122,1112,10,1122,1116,6,DL,N961DL,1733,ATL,ECP,42,60,240,0,0
"2018-10-21",1107,1105,2,1300,1300,0,WN,N7731A,5084,ECP,DAL,104,113,674,0,0
"2018-10-21",1139,1131,8,1236,1209,27,EV,N615QX,2893,CLT,ECP,60,117,437,0,0
"2018-10-21",1200,1200,0,1423,1409,14,DL,N961DL,1733,ECP,ATL,43,83,240,0,0
"2018-10-21",1158,1200,-2,1347,1349,-2,EV,N13553,3995,IAH,VPS,80,109,528,0,0
"2018-10-21",1212,1205,7,1345,1350,-5,WN,N7733B,2055,DAL,ECP,81,93,674,0,0
"2018-10-21",1306,1248,18,1530,1506,24,EV,N615QX,2876,ECP,DFW,105,144,685,0,0
"2018-10-21",1226,1225,1,1420,1423,-3,EV,N720EV,2895,DFW,ECP,91,114,685,0,0
"2018-10-21",1224,1231,-7,1340,1355,-15,MQ,N673AE,3663,TLH,MIA,60,76,402,0,0
"2018-10-21",1237,1245,-8,1339,1359,-20,DL,N929AT,489,TLH,ATL,50,62,223,0,0
"2018-10-21",1247,1248,-1,1434,1432,2,G4,"220NV",1902,VPS,BLV,83,107,587,0,0
"2018-10-21",1302,1305,-3,1551,1610,-19,MQ,N221NN,4069,DFW,TLH,89,109,767,0,0
"2018-10-21",1309,1318,-9,1545,1600,-15,G4,"217NV",1918,VPS,SDF,77,96,532,0,0
"2018-10-21",1319,1307,12,1355,1350,5,OH,N592NN,5500,CLT,VPS,71,96,460,0,0
"2018-10-21",1301,1320,-19,1459,1515,-16,EV,N14105,4134,ECP,IAH,101,118,572,0,0
"2018-10-21",1318,1320,-2,1448,1451,-3,OH,N548NN,5662,CLT,TLH,71,90,386,0,0
"2018-10-21",1410,1415,-5,1524,1530,-6,WN,N7814B,6593,BNA,ECP,58,74,401,0,0
"2018-10-21",1321,1327,-6,1535,1536,-1,YV,N948LR,5740,VPS,DFW,106,134,641,0,0
"2018-10-21",1337,1342,-5,1332,1348,-16,DL,N964DL,2873,ATL,VPS,41,55,250,0,0
"2018-10-21",1348,1354,-6,1340,1352,-12,DL,N949DL,2506,ATL,ECP,39,52,240,0,0
"2018-10-21",1418,1421,-3,1509,1523,-14,DL,N982AT,1399,ATL,TLH,35,51,223,0,0
"2018-10-21",1430,1428,2,1710,1714,-4,OH,N592NN,5500,VPS,CLT,66,100,460,0,0
"2018-10-21",1422,1425,-3,1608,1615,-7,WN,N7733B,4226,ECP,HOU,91,106,571,0,0
"2018-10-21",1434,1436,-2,1642,1640,2,DL,N949DL,2506,ECP,ATL,45,68,240,0,0
"2018-10-21",1427,1432,-5,1637,1643,-6,DL,N964DL,2873,VPS,ATL,45,70,250,0,0
"2018-10-21",1437,1439,-2,1603,1603,0,MQ,N619AE,3861,MIA,TLH,67,86,402,0,0
"2018-10-21",1437,1445,-8,1617,1630,-13,EV,N11551,4249,IAH,ECP,76,100,572,0,0
"2018-10-21",1455,1500,-5,1657,1655,2,EV,N13553,4447,VPS,IAH,99,122,528,0,0
"2018-10-21",1456,1457,-1,1730,1744,-14,EV,N720EV,2880,ECP,CLT,66,94,437,0,0
"2018-10-21",1550,1558,-8,1653,1707,-14,DL,N982AT,1399,TLH,ATL,42,63,223,0,0
"2018-10-21",1508,1510,-2,1512,1516,-4,DL,N986DL,2802,ATL,VPS,41,64,250,0,0
"2018-10-21",1526,1517,9,1714,1701,13,G4,"220NV",1903,BLV,VPS,82,108,587,0,0
"2018-10-21",1525,1527,-2,1650,1705,-15,OH,N548NN,5662,TLH,CLT,60,85,386,0,0
"2018-10-21",1615,1620,-5,1750,1809,-19,EV,N11565,4412,IAH,VPS,79,95,528,0,0
"2018-10-21",1555,1600,-5,1812,1813,-1,DL,N986DL,2802,VPS,ATL,41,77,250,0,0
"2018-10-21",1558,1605,-7,1712,1725,-13,WN,N7814B,5989,ECP,BNA,61,74,401,0,0
"2018-10-21",1613,1617,-4,1659,1712,-13,DL,N916DE,1786,ATL,TLH,35,46,223,0,0
"2018-10-21",1651,1650,1,1835,1846,-11,YV,N902FJ,5906,DFW,VPS,80,104,641,0,0
"2018-10-21",1635,1640,-5,1808,1805,3,MQ,N221NN,4069,TLH,DFW,122,153,767,0,0
"2018-10-21",1642,1645,-3,1723,1726,-3,G4,"217NV",1919,SDF,VPS,79,101,532,0,0
"2018-10-21",1701,1702,-1,1814,1827,-13,MQ,N619AE,3861,TLH,MIA,59,73,402,0,0
"2018-10-21",1653,1705,-12,1903,1900,3,EV,N11551,4037,ECP,IAH,98,130,572,0,0
"2018-10-21",,1705,,,1840,,WN,N443WN,3780,HOU,ECP,,,571,1,0
"2018-10-21",1740,1745,-5,1810,1825,-15,OH,N578NN,5709,CLT,VPS,75,90,460,0,0
"2018-10-21",1722,1713,9,1721,1711,10,DL,N995DL,1403,ATL,ECP,40,59,240,0,0
"2018-10-21",1720,1719,1,1721,1722,-1,DL,N904DL,1167,ATL,VPS,44,61,250,0,0
"2018-10-21",1732,1730,2,1856,1854,2,MQ,N664MS,3844,MIA,TLH,67,84,402,0,0
"2018-10-21",1804,1751,13,2004,1944,20,G4,"220NV",1912,VPS,SGF,98,120,610,0,0
"2018-10-21",1754,1756,-2,1913,1903,10,DL,N916DE,1786,TLH,ATL,40,79,223,0,0
"2018-10-21",1845,1801,44,2031,1940,51,YX,N127HQ,4660,CLT,TLH,59,106,386,0,0
"2018-10-21",1803,1759,4,2026,2013,13,DL,N995DL,1403,ECP,ATL,45,83,240,0,0
"2018-10-21",1801,1804,-3,1906,1910,-4,DL,N982AT,678,ATL,TLH,38,65,223,0,0
"2018-10-21",1803,1805,-2,1940,1954,-14,EV,N13988,4447,IAH,VPS,75,97,528,0,0
"2018-10-22",2224,2232,-8,2343,2359,-16,OH,N703PS,5284,CLT,TLH,59,79,386,0,0
"2018-10-21",1803,1806,-3,2034,2030,4,DL,N904DL,1167,VPS,ATL,47,91,250,0,0
"2018-10-21",1816,1821,-5,1945,1938,7,G4,"217NV",1910,VPS,BNA,61,89,389,0,0
"2018-10-21",,1830,,,1915,,EV,N617QX,2890,CLT,ECP,,,437,1,0
"2018-10-21",1836,1845,-9,2034,2044,-10,EV,N11565,4260,VPS,IAH,93,118,528,0,0
"2018-10-21",,1910,,,2030,,WN,N443WN,3780,ECP,BNA,,,401,1,0
"2018-10-21",1913,1919,-6,2125,2130,-5,YV,N902FJ,5906,VPS,DFW,102,132,641,0,0
"2018-10-21",,1920,,,2035,,WN,N771SA,4390,BNA,ECP,,,401,1,0
"2018-10-21",1922,1928,-6,2036,2050,-14,MQ,N664MS,3844,TLH,MIA,61,74,402,0,0
"2018-10-21",1936,1936,0,1947,1945,2,DL,N935DL,1856,ATL,VPS,42,71,250,0,0
"2018-10-21",1940,1945,-5,2047,2056,-9,DL,N982AT,678,TLH,ATL,40,67,223,0,0
"2018-10-21",2053,2011,42,2209,2142,27,YX,N127HQ,4660,TLH,CLT,55,76,386,0,0
"2018-10-21",2025,2023,2,2149,2142,7,G4,"217NV",1911,BNA,VPS,58,84,389,0,0
"2018-10-21",2302,2029,153,37,2217,140,G4,"220NV",1913,SGF,VPS,76,95,610,0,0
"2018-10-21",2028,2030,-2,2325,2333,-8,MQ,N234JW,4131,DFW,TLH,91,117,767,0,0
"2018-10-21",2224,2232,-8,2348,2359,-11,OH,N544AE,5284,CLT,TLH,63,84,386,0,0
"2018-10-22",557,600,-3,802,807,-5,DL,N905DL,2714,VPS,ATL,43,65,250,0,0
"2018-10-22",557,600,-3,715,725,-10,OH,N544AE,5584,TLH,CLT,60,78,386,0,0
"2018-10-22",,609,,,851,,EV,N617QX,2899,ECP,CLT,,,437,1,0
"2018-10-22",633,634,-1,910,915,-5,OH,N568NN,5623,VPS,CLT,64,97,460,0,0
"2018-10-22",651,700,-9,958,952,6,G4,"220NV",1916,VPS,LCK,94,127,675,0,0
"2018-10-22",656,700,-4,755,803,-8,DL,N989DL,496,TLH,ATL,42,59,223,0,0
"2018-10-22",655,705,-10,840,901,-21,YV,N933LR,5725,DFW,VPS,80,105,641,0,0
"2018-10-22",721,721,0,913,929,-16,YX,N404YX,4626,TLH,DCA,97,112,716,0,0
"2018-10-22",744,745,-1,901,900,1,WN,N7701B,1281,BNA,ECP,62,77,401,0,0
"2018-10-22",747,750,-3,858,910,-12,WN,N7813P,716,ECP,BNA,60,71,401,0,0
"2018-10-22",845,850,-5,1014,1023,-9,YX,N111HQ,4609,DCA,VPS,117,149,789,0,0
"2018-10-22",854,900,-6,849,903,-14,DL,N948DL,2029,ATL,ECP,39,55,240,0,0
"2018-10-22",925,933,-8,1148,1144,4,YV,N933LR,5725,VPS,DFW,100,143,641,0,0
"2018-10-22",933,941,-8,1213,1225,-12,OH,N577NN,5564,VPS,CLT,68,100,460,0,0
"2018-10-22",942,944,-2,947,950,-3,DL,N998DL,2716,ATL,VPS,41,65,250,0,0
"2018-10-22",935,947,-12,1132,1149,-17,DL,N948DL,2029,ECP,ATL,39,57,240,0,0
"2018-10-22",1016,1020,-4,1123,1128,-5,"9E",N232PQ,3281,TLH,ATL,42,67,223,0,0
"2018-10-22",1029,1034,-5,1231,1249,-18,DL,N998DL,2716,VPS,ATL,39,62,250,0,0
"2018-10-22",1047,1050,-3,1141,1150,-9,DL,N994DL,489,ATL,TLH,41,54,223,0,0
"2018-10-22",1051,1055,-4,1236,1257,-21,YV,N925FJ,5740,DFW,VPS,82,105,641,0,0
"2018-10-22",1155,1200,-5,1335,1349,-14,EV,N16987,3995,IAH,VPS,72,100,528,0,0
"2018-10-22",1224,1225,-1,1514,1513,1,G4,"220NV",1900,VPS,CVG,93,110,600,0,0
"2018-10-22",1225,1231,-6,1340,1355,-15,MQ,N931AE,3663,TLH,MIA,60,75,402,0,0
"2018-10-22",1250,1234,16,1343,1348,-5,DL,N994DL,489,TLH,ATL,39,53,223,0,0
"2018-10-22",1247,1248,-1,1459,1506,-7,EV,N718EV,2876,ECP,DFW,103,132,685,0,0
"2018-10-22",1302,1307,-5,1341,1350,-9,OH,N584NN,5500,CLT,VPS,71,99,460,0,0
"2018-10-22",1417,1421,-4,1510,1523,-13,DL,N939AT,1399,ATL,TLH,38,53,223,0,0
"2018-10-22",1430,1436,-6,1632,1643,-11,DL,N902DE,2506,ECP,ATL,40,62,240,0,0
"2018-10-22",1530,1439,51,1648,1603,45,MQ,N698CB,3861,MIA,TLH,64,78,402,0,0
"2018-10-22",1442,1445,-3,1620,1630,-10,EV,N11547,4249,IAH,ECP,78,98,572,0,0
"2018-10-22",1449,1500,-11,1648,1655,-7,EV,N16987,4447,VPS,IAH,100,119,528,0,0
"2018-10-22",1524,1527,-3,1701,1705,-4,OH,N566NN,5662,TLH,CLT,64,97,386,0,0
"2018-10-22",1553,1558,-5,1652,1707,-15,DL,N939AT,1399,TLH,ATL,40,59,223,0,0
"2018-10-22",1556,1600,-4,1754,1813,-19,DL,N915DE,2802,VPS,ATL,44,58,250,0,0
"2018-10-22",1607,1610,-3,1730,1737,-7,OH,N596NN,5248,CLT,TLH,60,83,386,0,0
"2018-10-22",1615,1617,-2,1712,1712,0,DL,N951DL,1786,ATL,TLH,40,57,223,0,0
"2018-10-22",1611,1620,-9,1815,1809,6,EV,N13988,4412,IAH,VPS,78,124,528,0,0
"2018-10-22",1634,1640,-6,1743,1805,-22,MQ,N237NN,4069,TLH,DFW,115,129,767,0,0
"2018-10-22",1646,1650,-4,1835,1846,-11,YV,N902FJ,5906,DFW,VPS,81,109,641,0,0
"2018-10-22",1709,1713,-4,1704,1711,-7,DL,N989DL,1403,ATL,ECP,44,55,240,0,0
"2018-10-22",1723,1730,-7,1845,1854,-9,MQ,N918AE,3844,MIA,TLH,67,82,402,0,0
"2018-10-22",1744,1750,-6,1957,2002,-5,G4,"309NV",1914,VPS,MCI,115,133,764,0,0
"2018-10-22",1800,1805,-5,1931,1954,-23,EV,N11551,4447,IAH,VPS,70,91,528,0,0
"2018-10-22",1810,1806,4,2029,2030,-1,DL,N971DL,1167,VPS,ATL,42,79,250,0,0
"2018-10-22",1758,1808,-10,1918,1940,-22,OH,N596NN,5248,TLH,CLT,62,80,386,0,0
"2018-10-22",,1830,,,1915,,EV,N608QX,2890,CLT,ECP,,,437,1,0
"2018-10-22",1839,1845,-6,2047,2044,3,EV,N13988,4260,VPS,IAH,105,128,528,0,0
"2018-10-22",1912,1919,-7,2122,2130,-8,YV,N902FJ,5906,VPS,DFW,104,130,641,0,0
"2018-10-22",1919,1928,-9,2036,2050,-14,MQ,N918AE,3844,TLH,MIA,60,77,402,0,0
"2018-10-22",1941,1931,10,2115,2115,0,G4,"217NV",1903,BLV,VPS,75,94,587,0,0
"2018-10-22",1007,1934,873,1011,1940,871,DL,N3751B,2431,ATL,ECP,43,64,240,0,0
"2018-10-22",,1935,,,2050,,WN,N969WN,1378,BNA,ECP,,,401,1,0
"2018-10-22",1930,1935,-5,2050,2055,-5,WN,N7729A,2008,ECP,BNA,62,80,401,0,0
"2018-10-22",654,1955,659,834,2140,654,EV,N18557,4190,IAH,ECP,78,100,572,0,0
"2018-10-22",2000,2000,0,2200,2216,-16,YX,N441YX,4504,DCA,TLH,99,120,716,0,0
"2018-10-22",2051,2051,0,2139,2155,-16,DL,N999DN,1669,ATL,TLH,34,48,223,0,0
"2018-10-22",2235,2241,-6,2328,2345,-17,DL,N978DL,485,ATL,TLH,39,53,223,0,0
"2018-10-22",2238,2241,-3,2315,2320,-5,OH,N590NN,5696,CLT,VPS,73,97,460,0,0
"2018-10-22",2237,2242,-5,2239,2248,-9,DL,N910DE,1590,ATL,VPS,41,62,250,0,0
"2018-10-22",1151,2245,786,1157,2250,787,DL,N371DA,2303,ATL,ECP,43,66,240,0,0
"2018-10-21",,1850,,,2054,,EV,N605QX,2870,DFW,ECP,,,685,1,0
"2018-10-21",1845,1855,-10,2027,2053,-26,AA,N971TW,1445,DFW,VPS,82,102,641,0,0
"2018-10-21",1843,1855,-12,2120,2135,-15,OH,N578NN,5709,VPS,CLT,69,97,460,0,0
"2018-10-21",1046,1934,912,1038,1940,898,DL,N912DN,2431,ATL,ECP,41,52,240,0,0
"2018-10-21",705,1955,670,858,2140,678,EV,N12201,4190,IAH,ECP,80,113,572,0,0
"2018-10-21",1949,2000,-11,2153,2216,-23,YX,N404YX,4504,DCA,TLH,101,124,716,0,0
"2018-10-21",2108,2051,17,2156,2155,1,DL,N989DL,1669,ATL,TLH,36,48,223,0,0
"2018-10-21",2239,2241,-2,2338,2345,-7,DL,N908DE,485,ATL,TLH,40,59,223,0,0
"2018-10-21",2239,2241,-2,2317,2320,-3,OH,N568NN,5696,CLT,VPS,74,98,460,0,0
"2018-10-21",2241,2242,-1,2238,2248,-10,DL,N905DL,1590,ATL,VPS,41,57,250,0,0
"2018-10-21",1201,2245,796,1155,2250,785,DL,N943DL,2303,ATL,ECP,39,54,240,0,0
"2018-10-22",536,545,-9,635,650,-15,DL,N908DE,708,TLH,ATL,40,59,223,0,0
"2018-10-22",1218,600,378,1416,805,371,DL,N943DL,1237,ECP,ATL,41,58,240,0,0
"2018-10-22",914,700,134,1115,855,140,EV,N12201,3979,ECP,IAH,101,121,572,0,0
"2018-10-22",653,700,-7,903,919,-16,AA,N971TW,1538,VPS,DFW,102,130,641,0,0
"2018-10-22",,701,,,920,,EV,N605QX,2889,ECP,DFW,,,685,1,0
"2018-10-22",712,715,-3,924,926,-2,DL,N935DL,955,VPS,ATL,44,72,250,0,0
"2018-10-22",1057,715,222,1304,925,219,DL,N912DN,2430,ECP,ATL,42,67,240,0,0
"2018-10-22",742,749,-7,900,916,-16,MQ,N234JW,4116,TLH,DFW,120,138,767,0,0
"2018-10-22",831,835,-4,905,911,-6,OH,N577NN,5564,CLT,VPS,71,94,460,0,0
"2018-10-22",847,836,11,949,941,8,"9E",N232PQ,3281,ATL,TLH,40,62,223,0,0
"2018-10-22",848,900,-12,1050,1055,-5,EV,N13988,4064,VPS,IAH,99,122,528,0,0
"2018-10-22",900,900,0,1025,1025,0,OH,N556NN,5272,CLT,TLH,63,85,386,0,0
"2018-10-22",900,900,0,1015,1015,0,WN,N8322X,3984,BNA,ECP,59,75,401,0,0
"2018-10-22",930,930,0,1119,1115,4,WN,N7701B,1281,ECP,HOU,94,109,571,0,0
"2018-10-22",1007,1010,-3,1150,1155,-5,EV,N12564,4451,IAH,ECP,76,103,572,0,0
"2018-10-22",1018,1025,-7,1146,1147,-1,MQ,N931AE,3663,MIA,TLH,73,88,402,0,0
"2018-10-22",1047,1037,10,1136,1135,1,G4,"220NV",1917,LCK,VPS,89,109,675,0,0
"2018-10-22",1051,1054,-3,1356,1408,-12,YX,N111HQ,4609,VPS,DCA,107,125,789,0,0
"2018-10-22",1058,1055,3,1224,1228,-4,OH,N556NN,5272,TLH,CLT,64,86,386,0,0
"2018-10-22",1055,1100,-5,1205,1220,-15,WN,N8322X,5774,ECP,BNA,58,70,401,0,0
"2018-10-22",1108,1112,-4,1103,1116,-13,DL,N996DL,1733,ATL,ECP,39,55,240,0,0
"2018-10-22",1125,1131,-6,1204,1209,-5,EV,N718EV,2893,CLT,ECP,67,99,437,0,0
"2018-10-22",1142,1200,-18,1339,1412,-33,DL,N996DL,1733,ECP,ATL,40,57,240,0,0
"2018-10-22",1222,1225,-3,1408,1423,-15,EV,N608QX,2895,DFW,ECP,87,106,685,0,0
"2018-10-22",1308,1305,3,1600,1610,-10,MQ,N237NN,4069,DFW,TLH,92,112,767,0,0
"2018-10-22",1313,1320,-7,1520,1515,5,EV,N12564,4134,ECP,IAH,104,127,572,0,0
"2018-10-22",1316,1320,-4,1449,1451,-2,OH,N566NN,5662,CLT,TLH,62,93,386,0,0
"2018-10-22",1312,1327,-15,1524,1536,-12,YV,N925FJ,5740,VPS,DFW,104,132,641,0,0
"2018-10-22",1340,1342,-2,1344,1348,-4,DL,N982DL,2873,ATL,VPS,42,64,250,0,0
"2018-10-22",1347,1354,-7,1351,1352,-1,DL,N902DE,2506,ATL,ECP,42,64,240,0,0
"2018-10-22",1424,1428,-4,1658,1714,-16,OH,N584NN,5500,VPS,CLT,71,94,460,0,0
"2018-10-22",1429,1432,-3,1634,1644,-10,DL,N982DL,2873,VPS,ATL,42,65,250,0,0
"2018-10-22",1447,1457,-10,1724,1744,-20,EV,N608QX,2880,ECP,CLT,66,97,437,0,0
"2018-10-22",1507,1510,-3,1508,1516,-8,DL,N915DE,2802,ATL,VPS,43,61,250,0,0
"2018-10-22",1606,1613,-7,1650,1700,-10,G4,"309NV",1901,CVG,VPS,84,104,600,0,0
"2018-10-22",1709,1702,7,1824,1827,-3,MQ,N698CB,3861,TLH,MIA,59,75,402,0,0
"2018-10-22",1653,1702,-9,1834,1846,-12,G4,"217NV",1902,VPS,BLV,83,101,587,0,0
"2018-10-22",1658,1705,-7,1859,1900,-1,EV,N11547,4037,ECP,IAH,97,121,572,0,0
"2018-10-22",1732,1710,22,1853,1845,8,WN,N7729A,2008,HOU,ECP,72,81,571,0,0
"2018-10-22",1740,1719,21,1734,1722,12,DL,N971DL,1167,ATL,VPS,39,54,250,0,0
"2018-10-22",1744,1745,-1,1820,1825,-5,OH,N551NN,5709,CLT,VPS,71,96,460,0,0
"2018-10-22",1806,1756,10,1912,1903,9,DL,N951DL,1786,TLH,ATL,41,66,223,0,0
"2018-10-22",1755,1759,-4,1958,2013,-15,DL,N989DL,1403,ECP,ATL,41,63,240,0,0
"2018-10-22",1753,1801,-8,1915,1940,-25,YX,N124HQ,4660,CLT,TLH,62,82,386,0,0
"2018-10-22",1801,1804,-3,1901,1910,-9,DL,N935AT,678,ATL,TLH,39,60,223,0,0
"2018-10-22",,1850,,,2054,,EV,N600QX,2870,DFW,ECP,,,685,1,0
"2018-10-22",1851,1855,-4,2033,2053,-20,AA,N9620D,1445,DFW,VPS,78,102,641,0,0
"2018-10-22",1853,1855,-2,2123,2135,-12,OH,N551NN,5709,VPS,CLT,70,90,460,0,0
"2018-10-22",1932,1936,-4,1935,1945,-10,DL,N994DL,1856,ATL,VPS,43,63,250,0,0
"2018-10-22",1943,1945,-2,2045,2056,-11,DL,N935AT,678,TLH,ATL,40,62,223,0,0
"2018-10-22",1951,2011,-20,2133,2142,-9,YX,N124HQ,4660,TLH,CLT,68,102,386,0,0
"2018-10-22",2029,2030,-1,2324,2333,-9,MQ,N234JW,4131,DFW,TLH,91,115,767,0,0
"2018-10-22",2038,2047,-9,2227,2253,-26,G4,"309NV",1915,MCI,VPS,90,109,764,0,0
"2018-10-23",538,545,-7,635,650,-15,DL,N978DL,708,TLH,ATL,42,57,223,0,0
"2018-10-23",1225,600,385,1431,808,383,DL,N371DA,1237,ECP,ATL,45,66,240,0,0
"2018-10-23",,609,,,851,,EV,N608QX,2899,ECP,CLT,,,437,1,0
"2018-10-23",557,600,-3,801,807,-6,DL,N994DL,2714,VPS,ATL,42,64,250,0,0
"2018-10-23",549,600,-11,708,725,-17,OH,N703PS,5584,TLH,CLT,58,79,386,0,0
"2018-10-23",631,634,-3,858,915,-17,OH,N590NN,5623,VPS,CLT,62,87,460,0,0
"2018-10-23",,701,,,920,,EV,N600QX,2889,ECP,DFW,,,685,1,0
"2018-10-23",852,700,112,1122,855,147,EV,N18557,3979,ECP,IAH,121,150,572,0,0
"2018-10-23",652,700,-8,900,919,-19,AA,N9620D,1538,VPS,DFW,102,128,641,0,0
"2018-10-23",656,700,-4,754,803,-9,DL,N999DN,496,TLH,ATL,38,58,223,0,0
"2018-10-23",713,715,-2,922,926,-4,DL,N910DE,955,VPS,ATL,40,69,250,0,0
"2018-10-23",1047,715,212,1259,925,214,DL,N3751B,2430,ECP,ATL,40,72,240,0,0
"2018-10-23",709,721,-12,907,929,-22,YX,N441YX,4626,TLH,DCA,95,118,716,0,0
"2018-10-23",742,745,-3,851,900,-9,WN,N7725A,1281,BNA,ECP,58,69,401,0,0
"2018-10-23",739,749,-10,849,916,-27,MQ,N234JW,4116,TLH,DFW,113,130,767,0,0
"2018-10-23",853,850,3,1023,1023,0,YX,N446YX,4609,DCA,VPS,114,150,789,0,0
"2018-10-23",747,750,-3,900,910,-10,WN,N7729A,716,ECP,BNA,62,73,401,0,0
"2018-10-23",832,835,-3,903,911,-8,OH,N552NN,5564,CLT,VPS,72,91,460,0,0
"2018-10-23",832,836,-4,926,941,-15,"9E",N176PQ,3281,ATL,TLH,38,54,223,0,0
"2018-10-23",857,900,-3,859,903,-4,DL,N901DE,2029,ATL,ECP,46,62,240,0,0
"2018-10-23",849,900,-11,1126,1055,31,EV,N11551,4064,VPS,IAH,136,157,528,0,0
"2018-10-23",847,900,-13,1048,1107,-19,G4,"217NV",1908,VPS,OKC,103,121,726,0,0
"2018-10-23",936,900,36,1054,1025,29,OH,N587NN,5272,CLT,TLH,57,78,386,0,0
"2018-10-23",935,941,-6,1227,1225,2,OH,N552NN,5564,VPS,CLT,66,112,460,0,0
"2018-10-23",928,930,-2,1118,1115,3,WN,N7725A,1281,ECP,HOU,98,110,571,0,0
"2018-10-23",938,944,-6,941,950,-9,DL,N948DL,2716,ATL,VPS,39,63,250,0,0
"2018-10-23",1003,1010,-7,1142,1155,-13,EV,N11535,4451,IAH,ECP,79,99,572,0,0
"2018-10-23",947,947,0,1151,1149,2,DL,N901DE,2029,ECP,ATL,39,64,240,0,0
"2018-10-23",1044,1054,-10,1357,1408,-11,YX,N446YX,4609,VPS,DCA,105,133,789,0,0
"2018-10-23",1036,1020,16,1147,1128,19,"9E",N176PQ,3281,TLH,ATL,44,71,223,0,0
"2018-10-23",1020,1025,-5,1142,1147,-5,MQ,N664MS,3663,MIA,TLH,63,82,402,0,0
"2018-10-23",1029,1034,-5,1236,1249,-13,DL,N948DL,2716,VPS,ATL,39,67,250,0,0
"2018-10-23",1044,1050,-6,1137,1150,-13,DL,N945DL,489,ATL,TLH,39,53,223,0,0
"2018-10-23",1124,1055,29,1236,1228,8,OH,N587NN,5272,TLH,CLT,53,72,386,0,0
"2018-10-23",1109,1112,-3,1105,1116,-11,DL,N950DL,1733,ATL,ECP,41,56,240,0,0
"2018-10-23",1050,1055,-5,1244,1257,-13,YV,N248LR,5740,DFW,VPS,80,114,641,0,0
"2018-10-23",1139,1152,-13,1329,1346,-17,G4,"217NV",1909,OKC,VPS,90,110,726,0,0
"2018-10-23",1129,1131,-2,1159,1209,-10,EV,N720EV,2893,CLT,ECP,73,90,437,0,0
"2018-10-23",1158,1200,-2,1345,1349,-4,EV,N16981,3995,IAH,VPS,71,107,528,0,0
"2018-10-23",1222,1225,-3,1416,1423,-7,EV,N600QX,2895,DFW,ECP,90,114,685,0,0
"2018-10-23",1152,1200,-8,1355,1412,-17,DL,N950DL,1733,ECP,ATL,40,63,240,0,0
"2018-10-23",1220,1231,-11,1332,1355,-23,MQ,N664MS,3663,TLH,MIA,61,72,402,0,0
"2018-10-23",1232,1234,-2,1333,1348,-15,DL,N945DL,489,TLH,ATL,44,61,223,0,0
"2018-10-23",1254,1248,6,1505,1506,-1,EV,N720EV,2876,ECP,DFW,104,131,685,0,0
"2018-10-23",1311,1307,4,1358,1350,8,OH,N592NN,5500,CLT,VPS,71,107,460,0,0
"2018-10-23",1259,1305,-6,1604,1610,-6,MQ,N226NN,4069,DFW,TLH,96,125,767,0,0
"2018-10-23",1317,1320,-3,1528,1515,13,EV,N11535,4134,ECP,IAH,112,131,572,0,0
"2018-10-23",1316,1327,-11,1533,1536,-3,YV,N248LR,5740,VPS,DFW,111,137,641,0,0
"2018-10-23",1315,1320,-5,1452,1451,1,OH,N576NN,5662,CLT,TLH,64,97,386,0,0
"2018-10-23",1339,1342,-3,1349,1348,1,DL,N944DL,2873,ATL,VPS,41,70,250,0,0
"2018-10-23",1428,1428,0,1713,1714,-1,OH,N592NN,5500,VPS,CLT,65,105,460,0,0
"2018-10-23",1348,1354,-6,1345,1352,-7,DL,N938DL,2506,ATL,ECP,39,57,240,0,0
"2018-10-23",1419,1421,-2,1513,1523,-10,DL,N942AT,1399,ATL,TLH,40,54,223,0,0
"2018-10-23",1444,1436,8,1715,1718,-3,G4,"217NV",1918,VPS,SDF,73,91,532,0,0
"2018-10-23",1427,1432,-5,1631,1644,-13,DL,N944DL,2873,VPS,ATL,45,64,250,0,0
"2018-10-23",1431,1436,-5,1627,1643,-16,DL,N938DL,2506,ECP,ATL,42,56,240,0,0
"2018-10-23",1435,1439,-4,1555,1603,-8,MQ,N664MS,3861,MIA,TLH,64,80,402,0,0
"2018-10-23",1434,1445,-11,1620,1630,-10,EV,N13118,4249,IAH,ECP,81,106,572,0,0
"2018-10-23",1452,1500,-8,1654,1655,-1,EV,N16981,4447,VPS,IAH,102,122,528,0,0
"2018-10-23",1455,1457,-2,1732,1744,-12,EV,N600QX,2880,ECP,CLT,64,97,437,0,0
"2018-10-23",1639,1640,-1,1753,1805,-12,MQ,N226NN,4069,TLH,DFW,111,134,767,0,0
"2018-10-23",1507,1510,-3,1509,1516,-7,DL,N963DL,2802,ATL,VPS,40,62,250,0,0
"2018-10-23",1522,1527,-5,1655,1705,-10,OH,N576NN,5662,TLH,CLT,62,93,386,0,0
"2018-10-23",1554,1558,-4,1659,1707,-8,DL,N942AT,1399,TLH,ATL,45,65,223,0,0
"2018-10-23",1555,1600,-5,1757,1813,-16,DL,N963DL,2802,VPS,ATL,45,62,250,0,0
"2018-10-23",1603,1610,-7,1728,1737,-9,OH,N591NN,5248,CLT,TLH,64,85,386,0,0
"2018-10-23",1615,1617,-2,1712,1712,0,DL,N910DE,1786,ATL,TLH,39,57,223,0,0
"2018-10-23",1615,1620,-5,1745,1809,-24,EV,N11551,4412,IAH,VPS,71,90,528,0,0
"2018-10-23",1705,1713,-8,1717,1711,6,DL,N961DL,1403,ATL,ECP,52,72,240,0,0
"2018-10-23",1643,1650,-7,1835,1846,-11,YV,N924FJ,5906,DFW,VPS,83,112,641,0,0
"2018-10-23",1657,1702,-5,1815,1827,-12,MQ,N664MS,3861,TLH,MIA,61,78,402,0,0
"2018-10-23",1701,1705,-4,1905,1900,5,EV,N13118,4037,ECP,IAH,100,124,572,0,0
"2018-10-23",1709,1710,-1,1847,1845,2,WN,N7813P,2008,HOU,ECP,72,98,571,0,0
"2018-10-23",1752,1756,-4,1859,1903,-4,DL,N910DE,1786,TLH,ATL,44,67,223,0,0
"2018-10-23",1713,1719,-6,1712,1722,-10,DL,N910DL,1167,ATL,VPS,40,59,250,0,0
"2018-10-23",1718,1730,-12,1838,1854,-16,MQ,N698CB,3844,MIA,TLH,63,80,402,0,0
"2018-10-23",1741,1745,-4,1818,1825,-7,OH,N555NN,5709,CLT,VPS,78,97,460,0,0
"2018-10-23",1750,1759,-9,2010,2013,-3,DL,N961DL,1403,ECP,ATL,49,80,240,0,0
"2018-10-23",1948,1801,107,2115,1940,95,YX,N130HQ,4660,CLT,TLH,62,87,386,0,0
"2018-10-23",1758,1805,-7,1933,1954,-21,EV,N11547,4447,IAH,VPS,77,95,528,0,0
"2018-10-23",2300,1803,297,2337,1844,293,G4,"256NV",1919,SDF,VPS,69,97,532,0,0
"2018-10-23",1758,1806,-8,2017,2030,-13,DL,N910DL,1167,VPS,ATL,49,79,250,0,0
"2018-10-23",1827,1804,23,1925,1910,15,DL,N990AT,678,ATL,TLH,38,58,223,0,0
"2018-10-23",1800,1808,-8,1931,1940,-9,OH,N591NN,5248,TLH,CLT,64,91,386,0,0
"2018-10-23",,1830,,,1915,,EV,N600QX,2890,CLT,ECP,,,437,1,0
"2018-10-23",1836,1845,-9,2031,2044,-13,EV,N11551,4260,VPS,IAH,97,115,528,0,0
"2018-10-23",,1850,,,2054,,EV,N605QX,2870,DFW,ECP,,,685,1,0
"2018-10-23",1908,1919,-11,2119,2130,-11,YV,N924FJ,5906,VPS,DFW,99,131,641,0,0
"2018-10-23",1855,1855,0,2040,2053,-13,AA,N984TW,1445,DFW,VPS,80,105,641,0,0
"2018-10-23",1934,1855,39,2159,2135,24,OH,N555NN,5709,VPS,CLT,71,85,460,0,0
"2018-10-23",1919,1928,-9,2032,2050,-18,MQ,N698CB,3844,TLH,MIA,59,73,402,0,0
"2018-10-23",1010,1934,876,1011,1940,871,DL,N387DA,2431,ATL,ECP,42,61,240,0,0
"2018-10-23",,1935,,,2050,,WN,"",1378,BNA,ECP,,,401,1,0
"2018-10-23",1935,1936,-1,1944,1945,-1,DL,N980DL,1856,ATL,VPS,40,69,250,0,0
"2018-10-23",1927,1935,-8,2040,2055,-15,WN,N7813P,2008,ECP,BNA,61,73,401,0,0
"2018-10-23",647,1955,652,828,2140,648,EV,N14568,4190,IAH,ECP,80,101,572,0,0
"2018-10-23",1948,1945,3,2055,2056,-1,DL,N990AT,678,TLH,ATL,43,67,223,0,0
"2018-10-23",2223,2232,-9,2342,2359,-17,OH,N540EA,5284,CLT,TLH,61,79,386,0,0
"2018-10-23",1954,2000,-6,2211,2216,-5,YX,N416YX,4504,DCA,TLH,106,137,716,0,0
"2018-10-23",2146,2011,95,2307,2142,85,YX,N130HQ,4660,TLH,CLT,56,81,386,0,0
"2018-10-23",2024,2030,-6,2317,2333,-16,MQ,N229NN,4131,DFW,TLH,94,113,767,0,0
"2018-10-23",2050,2051,-1,2142,2155,-13,DL,N902DE,1669,ATL,TLH,38,52,223,0,0
"2018-10-23",2228,2241,-13,2325,2345,-20,DL,N912DE,485,ATL,TLH,38,57,223,0,0
"2018-10-23",2235,2241,-6,2310,2320,-10,OH,N584NN,5696,CLT,VPS,72,95,460,0,0
"2018-10-23",2238,2242,-4,2245,2248,-3,DL,N997DL,1590,ATL,VPS,40,67,250,0,0
"2018-10-24",558,600,-2,808,807,1,DL,N997DL,2714,VPS,ATL,44,70,250,0,0
"2018-10-23",1204,2245,799,1202,2250,792,DL,N397DA,2303,ATL,ECP,41,58,240,0,0
"2018-10-24",540,545,-5,643,650,-7,DL,N902DE,708,TLH,ATL,43,63,223,0,0
"2018-10-24",1222,600,382,1420,808,372,DL,N397DA,1237,ECP,ATL,38,58,240,0,0
"2018-10-24",633,634,-1,902,915,-13,OH,N584NN,5623,VPS,CLT,66,89,460,0,0
"2018-10-24",550,600,-10,715,725,-10,OH,N540EA,5584,TLH,CLT,60,85,386,0,0
"2018-10-24",,609,,,851,,EV,N600QX,2899,ECP,CLT,,,437,1,0
"2018-10-25",1021,930,51,1202,1115,47,WN,N556WN,1281,ECP,HOU,92,101,571,0,0
"2018-10-24",647,700,-13,929,948,-19,G4,"256NV",1900,VPS,CVG,85,102,600,0,0
"2018-10-24",656,700,-4,758,810,-12,G4,"326NV",1424,PIT,VPS,102,122,775,0,0
"2018-10-24",,701,,,920,,EV,N605QX,2889,ECP,DFW,,,685,1,0
"2018-10-24",711,715,-4,916,926,-10,DL,N980DL,955,VPS,ATL,42,65,250,0,0
"2018-10-24",1044,715,209,1257,925,212,DL,N387DA,2430,ECP,ATL,45,73,240,0,0
"2018-10-24",711,721,-10,925,929,-4,YX,N416YX,4626,TLH,DCA,116,134,716,0,0
"2018-10-24",725,730,-5,1058,1100,-2,G4,"309NV",1990,VPS,EWR,131,153,988,0,0
"2018-10-24",750,750,0,908,910,-2,WN,N7733B,716,ECP,BNA,63,78,401,0,0
"2018-10-24",826,835,-9,901,911,-10,OH,N554NN,5564,CLT,VPS,69,95,460,0,0
"2018-10-24",828,836,-8,924,941,-17,"9E",N929XJ,3281,ATL,TLH,37,56,223,0,0
"2018-10-24",843,850,-7,1149,1151,-2,G4,"326NV",1425,VPS,PIT,106,126,775,0,0
"2018-10-24",838,850,-12,1013,1023,-10,YX,N411YX,4609,DCA,VPS,108,155,789,0,0
"2018-10-24",851,900,-9,1101,1055,6,EV,N11547,4064,VPS,IAH,104,130,528,0,0
"2018-10-24",855,900,-5,856,903,-7,DL,N954DL,2029,ATL,ECP,40,61,240,0,0
"2018-10-24",853,900,-7,1013,1025,-12,OH,N559NN,5272,CLT,TLH,64,80,386,0,0
"2018-10-24",1058,930,88,1241,1115,86,WN,N7813P,1281,ECP,HOU,91,103,571,0,0
"2018-10-24",1005,1010,-5,1205,1155,10,EV,N13975,4451,IAH,ECP,83,120,572,0,0
"2018-10-24",1015,1020,-5,1119,1128,-9,"9E",N929XJ,3281,TLH,ATL,42,64,223,0,0
"2018-10-24",1025,1025,0,1151,1147,4,MQ,N931AE,3663,MIA,TLH,72,86,402,0,0
"2018-10-24",1027,1034,-7,1234,1249,-15,DL,N900DE,2716,VPS,ATL,41,67,250,0,0
"2018-10-24",1038,1048,-10,1115,1135,-20,G4,"256NV",1901,CVG,VPS,78,97,600,0,0
"2018-10-24",1041,1050,-9,1132,1150,-18,DL,N977DL,489,ATL,TLH,37,51,223,0,0
"2018-10-24",1049,1054,-5,1403,1408,-5,YX,N411YX,4609,VPS,DCA,106,134,789,0,0
"2018-10-24",1048,1055,-7,1220,1228,-8,OH,N559NN,5272,TLH,CLT,62,92,386,0,0
"2018-10-24",1054,1055,-1,1250,1257,-7,YV,N932LR,5740,DFW,VPS,82,116,641,0,0
"2018-10-24",1152,1200,-8,1326,1349,-23,EV,N12567,3995,IAH,VPS,74,94,528,0,0
"2018-10-24",1157,1200,-3,1407,1412,-5,DL,N915DL,1733,ECP,ATL,41,70,240,0,0
"2018-10-24",1153,1200,-7,1342,1345,-3,G4,"309NV",1991,EWR,VPS,139,169,988,0,0
"2018-10-24",1224,1231,-7,1344,1355,-11,MQ,N931AE,3663,TLH,MIA,62,80,402,0,0
"2018-10-24",1236,1234,2,1338,1348,-10,DL,N977DL,489,TLH,ATL,42,62,223,0,0
"2018-10-24",1233,1248,-15,1442,1506,-24,EV,N611QX,2876,ECP,DFW,107,129,685,0,0
"2018-10-24",1305,1307,-2,1343,1350,-7,OH,N586NN,5500,CLT,VPS,71,98,460,0,0
"2018-10-24",1310,1320,-10,1515,1515,0,EV,N13975,4134,ECP,IAH,105,125,572,0,0
"2018-10-24",1317,1327,-10,1539,1536,3,YV,N932LR,5740,VPS,DFW,109,142,641,0,0
"2018-10-24",1339,1342,-3,1336,1348,-12,DL,N938DL,2873,ATL,VPS,40,57,250,0,0
"2018-10-24",1428,1428,0,1711,1714,-3,OH,N586NN,5500,VPS,CLT,70,103,460,0,0
"2018-10-24",1424,1432,-8,1632,1644,-12,DL,N938DL,2873,VPS,ATL,42,68,250,0,0
"2018-10-24",1431,1435,-4,1739,1746,-7,G4,"309NV",1946,VPS,BWI,108,128,819,0,0
"2018-10-24",1450,1457,-7,1716,1744,-28,EV,N716EV,2880,ECP,CLT,65,86,437,0,0
"2018-10-24",1525,1527,-2,1710,1705,5,OH,N554NN,5662,TLH,CLT,61,105,386,0,0
"2018-10-24",1618,1610,8,1749,1737,12,OH,N596NN,5248,CLT,TLH,67,91,386,0,0
"2018-10-24",1623,1617,6,1718,1712,6,DL,N937DL,1786,ATL,TLH,38,55,223,0,0
"2018-10-24",1648,1650,-2,1846,1846,0,YV,N959LR,5906,DFW,VPS,81,118,641,0,0
"2018-10-24",1656,1702,-6,1818,1827,-9,MQ,N931AE,3861,TLH,MIA,60,82,402,0,0
"2018-10-24",1757,1806,-9,2004,2030,-26,DL,N953DL,1167,VPS,ATL,44,67,250,0,0
"2018-10-24",1819,1808,11,1954,1940,14,OH,N596NN,5248,TLH,CLT,59,95,386,0,0
"2018-10-24",1822,1830,-8,1856,1915,-19,EV,N716EV,2890,CLT,ECP,63,94,437,0,0
"2018-10-24",1828,1845,-17,2032,2044,-12,EV,N11547,4260,VPS,IAH,99,124,528,0,0
"2018-10-24",1935,1855,40,2135,2053,42,AA,N961TW,1445,DFW,VPS,83,120,641,0,0
"2018-10-24",1849,1855,-6,2123,2135,-12,OH,N559NN,5709,VPS,CLT,73,94,460,0,0
"2018-10-24",1915,1919,-4,2135,2130,5,YV,N959LR,5906,VPS,DFW,106,140,641,0,0
"2018-10-24",1916,1928,-12,2030,2050,-20,MQ,N685AE,3844,TLH,MIA,58,74,402,0,0
"2018-10-24",,1935,,,2050,,WN,"",1378,BNA,ECP,,,401,1,0
"2018-10-24",1940,1935,5,2053,2055,-2,WN,N7814B,2008,ECP,BNA,62,73,401,0,0
"2018-10-24",1930,1936,-6,1943,1945,-2,DL,N909DE,1856,ATL,VPS,41,73,250,0,0
"2018-10-24",1937,1945,-8,2037,2056,-19,DL,N940AT,678,TLH,ATL,41,60,223,0,0
"2018-10-24",2111,2030,41,14,2333,41,MQ,N261NN,4131,DFW,TLH,93,123,767,0,0
"2018-10-24",2052,2051,1,2141,2155,-14,DL,N989DL,1669,ATL,TLH,36,49,223,0,0
"2018-10-24",2227,2232,-5,2355,2359,-4,OH,N705PS,5284,CLT,TLH,66,88,386,0,0
"2018-10-25",537,545,-8,634,650,-16,DL,N989DL,708,TLH,ATL,40,57,223,0,0
"2018-10-25",1228,600,388,1427,808,379,DL,N310DE,1237,ECP,ATL,39,59,240,0,0
"2018-10-25",,609,,,851,,EV,N720EV,2899,ECP,CLT,,,437,1,0
"2018-10-25",627,634,-7,852,915,-23,OH,N550NN,5623,VPS,CLT,68,85,460,0,0
"2018-10-25",906,700,126,1133,855,158,EV,N13989,3979,ECP,IAH,99,147,572,0,0
"2018-10-25",653,700,-7,757,803,-6,DL,N988DL,496,TLH,ATL,44,64,223,0,0
"2018-10-25",651,700,-9,853,919,-26,AA,N961TW,1538,VPS,DFW,102,122,641,0,0
"2018-10-25",1101,715,226,1305,925,220,DL,N386DA,2430,ECP,ATL,43,64,240,0,0
"2018-10-25",714,721,-7,915,929,-14,YX,N134HQ,4626,TLH,DCA,99,121,716,0,0
"2018-10-25",726,730,-4,935,937,-2,G4,"309NV",1908,VPS,OKC,112,129,726,0,0
"2018-10-25",814,745,29,949,900,49,WN,N556WN,1281,BNA,ECP,84,95,401,0,0
"2018-10-25",832,835,-3,917,911,6,OH,N595NN,5564,CLT,VPS,75,105,460,0,0
"2018-10-25",849,836,13,950,941,9,"9E",N336PQ,3281,ATL,TLH,39,61,223,0,0
"2018-10-25",851,850,1,1415,1023,,YX,N422YX,4609,DCA,VPS,,,789,0,1
"2018-10-25",845,900,-15,1031,1055,-24,EV,N13566,4064,VPS,IAH,91,106,528,0,0
"2018-10-25",944,941,3,1215,1225,-10,OH,N595NN,5564,VPS,CLT,67,91,460,0,0
"2018-10-24",854,700,114,1103,855,128,EV,N14568,3979,ECP,IAH,107,129,572,0,0
"2018-10-24",657,700,-3,805,803,2,DL,N912DE,496,TLH,ATL,44,68,223,0,0
"2018-10-24",655,700,-5,907,919,-12,AA,N984TW,1538,VPS,DFW,104,132,641,0,0
"2018-10-24",914,745,89,1024,900,84,WN,N7813P,1281,BNA,ECP,57,70,401,0,0
"2018-10-24",738,749,-11,857,916,-19,MQ,N229NN,4116,TLH,DFW,117,139,767,0,0
"2018-10-24",939,941,-2,1220,1225,-5,OH,N554NN,5564,VPS,CLT,71,101,460,0,0
"2018-10-24",940,944,-4,942,950,-8,DL,N900DE,2716,ATL,VPS,40,62,250,0,0
"2018-10-24",938,947,-9,1144,1149,-5,DL,N954DL,2029,ECP,ATL,41,66,240,0,0
"2018-10-24",1107,1112,-5,1103,1116,-13,DL,N915DL,1733,ATL,ECP,42,56,240,0,0
"2018-10-24",1127,1131,-4,1156,1209,-13,EV,N611QX,2893,CLT,ECP,67,89,437,0,0
"2018-10-24",1223,1225,-2,1419,1423,-4,EV,N716EV,2895,DFW,ECP,97,116,685,0,0
"2018-10-24",1300,1305,-5,1602,1610,-8,MQ,N248NN,4069,DFW,TLH,94,122,767,0,0
"2018-10-24",1325,1320,5,1459,1451,8,OH,N554NN,5662,CLT,TLH,65,94,386,0,0
"2018-10-24",1350,1354,-4,1344,1352,-8,DL,N948DL,2506,ATL,ECP,40,54,240,0,0
"2018-10-24",1416,1421,-5,1505,1523,-18,DL,N948AT,1399,ATL,TLH,36,49,223,0,0
"2018-10-24",1431,1436,-5,1637,1643,-6,DL,N948DL,2506,ECP,ATL,40,66,240,0,0
"2018-10-24",1432,1439,-7,1557,1603,-6,MQ,N931AE,3861,MIA,TLH,69,85,402,0,0
"2018-10-24",1443,1445,-2,1627,1630,-3,EV,N16981,4249,IAH,ECP,77,104,572,0,0
"2018-10-24",1446,1500,-14,1637,1655,-18,EV,N12567,4447,VPS,IAH,95,111,528,0,0
"2018-10-24",1520,1510,10,1523,1516,7,DL,N988DL,2802,ATL,VPS,40,63,250,0,0
"2018-10-24",1552,1558,-6,1657,1707,-10,DL,N948AT,1399,TLH,ATL,42,65,223,0,0
"2018-10-24",1559,1600,-1,1811,1813,-2,DL,N988DL,2802,VPS,ATL,46,72,250,0,0
"2018-10-24",1614,1620,-6,1758,1809,-11,EV,N11547,4412,IAH,VPS,73,104,528,0,0
"2018-10-24",1710,1640,30,1817,1805,12,MQ,N248NN,4069,TLH,DFW,113,127,767,0,0
"2018-10-24",1700,1705,-5,1902,1900,2,EV,N16981,4037,ECP,IAH,100,122,572,0,0
"2018-10-24",1738,1710,28,1910,1845,25,WN,N7814B,2008,HOU,ECP,76,92,571,0,0
"2018-10-24",1710,1713,-3,1704,1711,-7,DL,N994DL,1403,ATL,ECP,40,54,240,0,0
"2018-10-24",1716,1719,-3,1712,1722,-10,DL,N953DL,1167,ATL,VPS,40,56,250,0,0
"2018-10-24",1724,1730,-6,1849,1854,-5,MQ,N685AE,3844,MIA,TLH,66,85,402,0,0
"2018-10-24",1744,1745,-1,1817,1825,-8,OH,N559NN,5709,CLT,VPS,71,93,460,0,0
"2018-10-24",1756,1756,0,1906,1903,3,DL,N937DL,1786,TLH,ATL,41,70,223,0,0
"2018-10-24",1751,1759,-8,2022,2013,9,DL,N994DL,1403,ECP,ATL,46,91,240,0,0
"2018-10-24",1807,1801,6,1933,1940,-7,YX,N108HQ,4660,CLT,TLH,59,86,386,0,0
"2018-10-24",1800,1804,-4,1852,1910,-18,DL,N940AT,678,ATL,TLH,35,52,223,0,0
"2018-10-24",1756,1805,-9,1927,1954,-27,EV,N13566,4447,IAH,VPS,71,91,528,0,0
"2018-10-24",1822,1831,-9,1930,1951,-21,G4,"309NV",1947,BWI,VPS,109,128,819,0,0
"2018-10-24",,1850,,,2054,,EV,N720EV,2870,DFW,ECP,,,685,1,0
"2018-10-24",1005,1934,871,1039,1940,899,DL,N386DA,2431,ATL,ECP,38,94,240,0,0
"2018-10-24",658,1955,663,847,2140,667,EV,N13989,4190,IAH,ECP,79,109,572,0,0
"2018-10-24",1952,2000,-8,2203,2216,-13,YX,N134HQ,4504,DCA,TLH,102,131,716,0,0
"2018-10-24",2002,2011,-9,2129,2142,-13,YX,N108HQ,4660,TLH,CLT,69,87,386,0,0
"2018-10-24",2239,2241,-2,2337,2345,-8,DL,N988DL,485,ATL,TLH,43,58,223,0,0
"2018-10-24",2235,2241,-6,2313,2320,-7,OH,N550NN,5696,CLT,VPS,73,98,460,0,0
"2018-10-24",2237,2242,-5,2235,2248,-13,DL,N977DL,1590,ATL,VPS,40,58,250,0,0
"2018-10-24",1159,2245,794,1204,2250,794,DL,N310DE,2303,ATL,ECP,44,65,240,0,0
"2018-10-25",557,600,-3,759,807,-8,DL,N909DE,2714,VPS,ATL,42,62,250,0,0
"2018-10-25",559,600,-1,710,725,-15,OH,N705PS,5584,TLH,CLT,58,71,386,0,0
"2018-10-25",657,700,-3,915,901,14,G4,"228NV",1992,VPS,AUS,119,138,666,0,0
"2018-10-25",734,701,33,938,920,18,EV,N716EV,2889,ECP,DFW,103,124,685,0,0
"2018-10-25",702,705,-3,855,901,-6,YV,N956LR,5725,DFW,VPS,84,113,641,0,0
"2018-10-25",707,715,-8,920,926,-6,DL,N977DL,955,VPS,ATL,41,73,250,0,0
"2018-10-25",738,749,-11,900,916,-16,MQ,N261NN,4116,TLH,DFW,111,142,767,0,0
"2018-10-25",746,750,-4,904,910,-6,WN,N7814B,716,ECP,BNA,64,78,401,0,0
"2018-10-25",858,900,-2,1021,1025,-4,OH,N600NN,5272,CLT,TLH,66,83,386,0,0
"2018-10-25",935,900,35,955,903,52,DL,N965DL,2029,ATL,ECP,70,80,240,0,0
"2018-10-25",940,944,-4,941,950,-9,DL,N935DL,2716,ATL,VPS,41,61,250,0,0
"2018-10-25",927,933,-6,1143,1144,-1,YV,N956LR,5725,VPS,DFW,98,136,641,0,0
"2018-10-25",956,946,10,1143,1138,5,G4,"228NV",1993,AUS,VPS,84,107,666,0,0
"2018-10-25",1025,1010,15,1205,1155,10,EV,N13988,4451,IAH,ECP,80,100,572,0,0
"2018-10-25",1036,947,49,1231,1149,42,DL,N965DL,2029,ECP,ATL,40,55,240,0,0
"2018-10-25",1034,1020,14,1135,1128,7,"9E",N336PQ,3281,TLH,ATL,42,61,223,0,0
"2018-10-25",1023,1025,-2,1151,1147,4,MQ,N931AE,3663,MIA,TLH,67,88,402,0,0
"2018-10-25",1024,1022,2,1219,1216,3,G4,"309NV",1909,OKC,VPS,96,115,726,0,0
"2018-10-25",1029,1034,-5,1226,1249,-23,DL,N935DL,2716,VPS,ATL,40,57,250,0,0
"2018-10-25",1047,1050,-3,1136,1150,-14,DL,N901DE,489,ATL,TLH,37,49,223,0,0
"2018-10-25",1051,1055,-4,1225,1228,-3,OH,N600NN,5272,TLH,CLT,62,94,386,0,0
"2018-10-25",,1055,,,1257,,YV,"",5740,DFW,VPS,,,641,1,0
"2018-10-25",1442,1054,228,1752,1408,224,YX,N135HQ,4609,VPS,DCA,106,130,789,0,0
"2018-10-25",1159,1200,-1,1357,1349,8,EV,N16987,3995,IAH,VPS,76,118,528,0,0
"2018-10-25",1111,1112,-1,1113,1116,-3,DL,N973DL,1733,ATL,ECP,40,62,240,0,0
"2018-10-25",1125,1131,-6,1148,1209,-21,EV,N738EV,2893,CLT,ECP,65,83,437,0,0
"2018-10-25",1221,1225,-4,1408,1423,-15,EV,N718EV,2895,DFW,ECP,92,107,685,0,0
"2018-10-25",1159,1200,-1,1359,1412,-13,DL,N973DL,1733,ECP,ATL,42,60,240,0,0
"2018-10-25",1313,1231,42,1430,1355,35,MQ,N931AE,3663,TLH,MIA,62,77,402,0,0
"2018-10-25",1232,1234,-2,1329,1344,-15,DL,N901DE,489,TLH,ATL,40,57,223,0,0
"2018-10-25",1306,1307,-1,1355,1350,5,OH,N571NN,5500,CLT,VPS,77,109,460,0,0
"2018-10-25",1240,1248,-8,1446,1506,-20,EV,N738EV,2876,ECP,DFW,100,126,685,0,0
"2018-10-25",1244,1248,-4,1423,1432,-9,G4,"228NV",1902,VPS,BLV,84,99,587,0,0
"2018-10-25",1305,1305,0,1603,1610,-7,MQ,N230NN,4069,DFW,TLH,94,118,767,0,0
"2018-10-25",1316,1320,-4,1508,1451,17,OH,N547NN,5662,CLT,TLH,69,112,386,0,0
"2018-10-25",1305,1318,-13,1536,1600,-24,G4,"309NV",1918,VPS,SDF,72,91,532,0,0
"2018-10-25",1320,1320,0,1525,1515,10,EV,N13988,4134,ECP,IAH,101,125,572,0,0
"2018-10-25",1358,1354,4,1404,1352,12,DL,N982DL,2506,ATL,ECP,48,66,240,0,0
"2018-10-25",,1327,,,1536,,YV,"",5740,VPS,DFW,,,641,1,0
"2018-10-25",1338,1342,-4,1342,1348,-6,DL,N913DL,2873,ATL,VPS,44,64,250,0,0
"2018-10-25",1421,1421,0,1514,1523,-9,DL,N980AT,1399,ATL,TLH,37,53,223,0,0
"2018-10-25",1431,1428,3,1714,1714,0,OH,N571NN,5500,VPS,CLT,66,103,460,0,0
"2018-10-25",1441,1436,5,1656,1643,13,DL,N982DL,2506,ECP,ATL,41,75,240,0,0
"2018-10-25",1426,1432,-6,1637,1644,-7,DL,N913DL,2873,VPS,ATL,41,71,250,0,0
"2018-10-25",1449,1445,4,1709,1630,39,EV,N14916,4249,IAH,ECP,90,140,572,0,0
"2018-10-25",1433,1439,-6,1550,1603,-13,MQ,N664MS,3861,MIA,TLH,64,77,402,0,0
"2018-10-25",1448,1500,-12,1640,1655,-15,EV,N16987,4447,VPS,IAH,93,112,528,0,0
"2018-10-25",1445,1457,-12,1720,1744,-24,EV,N718EV,2880,ECP,CLT,67,95,437,0,0
"2018-10-25",1517,1517,0,1655,1701,-6,G4,"228NV",1903,BLV,VPS,79,98,587,0,0
"2018-10-25",1511,1510,1,1517,1516,1,DL,N913DE,2802,ATL,VPS,45,66,250,0,0
"2018-10-25",1555,1558,-3,1719,1707,12,DL,N980AT,1399,TLH,ATL,42,84,223,0,0
"2018-10-25",1543,1527,16,1716,1705,11,OH,N547NN,5662,TLH,CLT,60,93,386,0,0
"2018-10-25",1609,1610,-1,1734,1737,-3,OH,N580NN,5248,CLT,TLH,67,85,386,0,0
"2018-10-25",1614,1600,14,1833,1813,20,DL,N913DE,2802,VPS,ATL,43,79,250,0,0
"2018-10-25",1616,1620,-4,1809,1809,0,EV,N13566,4412,IAH,VPS,74,113,528,0,0
"2018-10-25",1613,1617,-4,1700,1712,-12,DL,N902DE,1786,ATL,TLH,36,47,223,0,0
"2018-10-25",1702,1650,12,1901,1846,15,YV,N938LR,5906,DFW,VPS,86,119,641,0,0
"2018-10-25",1631,1640,-9,1745,1805,-20,MQ,N230NN,4069,TLH,DFW,113,134,767,0,0
"2018-10-25",1640,1645,-5,1718,1726,-8,G4,"309NV",1919,SDF,VPS,76,98,532,0,0
"2018-10-25",1651,1702,-11,1805,1827,-22,MQ,N664MS,3861,TLH,MIA,61,74,402,0,0
"2018-10-25",1733,1705,28,1924,1900,24,EV,N14916,4037,ECP,IAH,94,111,572,0,0
"2018-10-25",1748,1751,-3,1935,1944,-9,G4,"228NV",1912,VPS,SGF,89,107,610,0,0
"2018-10-25",1802,1710,52,1927,1845,42,WN,N7811F,2008,HOU,ECP,73,85,571,0,0
"2018-10-25",1726,1713,13,1723,1711,12,DL,N909DE,1403,ATL,ECP,42,57,240,0,0
"2018-10-25",1715,1719,-4,1719,1722,-3,DL,N903DE,1167,ATL,VPS,42,64,250,0,0
"2018-10-25",1726,1730,-4,1853,1854,-1,MQ,N918AE,3844,MIA,TLH,70,87,402,0,0
"2018-10-25",1753,1745,8,1837,1825,12,OH,N547NN,5709,CLT,VPS,82,104,460,0,0
"2018-10-25",1756,1756,0,1857,1903,-6,DL,N902DE,1786,TLH,ATL,38,61,223,0,0
"2018-10-25",1759,1759,0,2012,2013,-1,DL,N909DE,1403,ECP,ATL,43,73,240,0,0
"2018-10-25",1809,1801,8,1940,1940,0,YX,N127HQ,4660,CLT,TLH,62,91,386,0,0
"2018-10-25",1802,1804,-2,1913,1910,3,DL,N964AT,678,ATL,TLH,41,71,223,0,0
"2018-10-25",1807,1808,-1,1942,1940,2,OH,N580NN,5248,TLH,CLT,57,95,386,0,0
"2018-10-25",1824,1805,19,2003,1954,9,EV,N13553,4447,IAH,VPS,72,99,528,0,0
"2018-10-25",1835,1845,-10,2027,2044,-17,EV,N13566,4260,VPS,IAH,92,112,528,0,0
"2018-10-25",1754,1806,-12,2037,2030,7,DL,N903DE,1167,VPS,ATL,44,103,250,0,0
"2018-10-25",1809,1821,-12,1927,1938,-11,G4,"309NV",1910,VPS,BNA,59,78,389,0,0
"2018-10-25",1816,1830,-14,1858,1915,-17,EV,N718EV,2890,CLT,ECP,72,102,437,0,0
"2018-10-25",,1850,,,2054,,EV,N717EV,2870,DFW,ECP,,,685,1,0
"2018-10-25",1847,1855,-8,2040,2053,-13,AA,N9677W,1445,DFW,VPS,79,113,641,0,0
"2018-10-25",1902,1855,7,2129,2135,-6,OH,N547NN,5709,VPS,CLT,60,87,460,0,0
"2018-10-25",1926,1919,7,2132,2130,2,YV,N938LR,5906,VPS,DFW,105,126,641,0,0
"2018-10-25",1925,1928,-3,2044,2050,-6,MQ,N918AE,3844,TLH,MIA,61,79,402,0,0
"2018-10-25",,1935,,,2050,,WN,"",1378,BNA,ECP,,,401,1,0
"2018-10-25",1021,1934,887,1041,1940,901,DL,N3762Y,2431,ATL,ECP,41,80,240,0,0
"2018-10-25",1958,1935,23,2106,2055,11,WN,N7811F,2008,ECP,BNA,58,68,401,0,0
"2018-10-25",1933,1936,-3,1943,1945,-2,DL,N920DE,1856,ATL,VPS,43,70,250,0,0
"2018-10-25",1943,1945,-2,2111,2056,15,DL,N964AT,678,TLH,ATL,44,88,223,0,0
"2018-10-25",1956,2011,-15,2119,2142,-23,YX,N127HQ,4660,TLH,CLT,54,83,386,0,0
"2018-10-25",658,1955,663,832,2140,652,EV,N16981,4190,IAH,ECP,75,94,572,0,0
"2018-10-25",1952,2000,-8,2202,2216,-14,YX,N436YX,4504,DCA,TLH,104,130,716,0,0
"2018-10-25",2227,2232,-5,2352,2359,-7,OH,N716PS,5284,CLT,TLH,66,85,386,0,0
"2018-10-25",2010,2023,-13,2122,2142,-20,G4,"309NV",1911,BNA,VPS,55,72,389,0,0
"2018-10-25",2011,2029,-18,2146,2217,-31,G4,"228NV",1913,SGF,VPS,78,95,610,0,0
"2018-10-25",2025,2030,-5,2336,2333,3,MQ,N225NN,4131,DFW,TLH,89,131,767,0,0
"2018-10-25",2048,2051,-3,2138,2155,-17,DL,N977DL,1669,ATL,TLH,38,50,223,0,0
"2018-10-25",2238,2241,-3,2342,2345,-3,DL,N999DN,485,ATL,TLH,49,64,223,0,0
"2018-10-25",2241,2241,0,2336,2320,16,OH,N591NN,5696,CLT,VPS,80,115,460,0,0
"2018-10-25",2311,2242,29,2322,2248,34,DL,N916DL,1590,ATL,VPS,42,71,250,0,0
"2018-10-26",541,545,-4,639,650,-11,DL,N999DN,708,TLH,ATL,38,58,223,0,0
"2018-10-25",1214,2245,809,1229,2250,819,DL,N386DA,2303,ATL,ECP,43,75,240,0,0
"2018-10-26",557,600,-3,812,807,5,DL,N916DL,2714,VPS,ATL,42,75,250,0,0
"2018-10-26",1248,600,408,1453,808,405,DL,N386DA,1237,ECP,ATL,43,65,240,0,0
"2018-10-26",559,600,-1,717,725,-8,OH,N716PS,5584,TLH,CLT,57,78,386,0,0
"2018-10-26",632,634,-2,912,915,-3,OH,N591NN,5623,VPS,CLT,69,100,460,0,0
"2018-10-26",,609,,,851,,EV,N717EV,2899,ECP,CLT,,,437,1,0
"2018-10-26",904,700,124,1120,855,145,EV,N16981,3979,ECP,IAH,107,136,572,0,0
"2018-10-26",655,700,-5,914,919,-5,AA,N9677W,1538,VPS,DFW,106,139,641,0,0
"2018-10-26",651,700,-9,938,952,-14,G4,"228NV",1916,VPS,LCK,90,107,675,0,0
"2018-10-26",657,700,-3,804,803,1,DL,N977DL,496,TLH,ATL,41,67,223,0,0
"2018-10-26",742,715,27,1034,926,68,DL,N920DE,955,VPS,ATL,48,112,250,0,0
"2018-10-26",735,701,34,950,920,30,EV,N718EV,2889,ECP,DFW,111,135,685,0,0
"2018-10-26",658,705,-7,854,901,-7,YV,N957LR,5725,DFW,VPS,88,116,641,0,0
"2018-10-26",1118,715,243,1318,925,233,DL,N3762Y,2430,ECP,ATL,39,60,240,0,0
"2018-10-26",743,749,-6,908,916,-8,MQ,N225NN,4116,TLH,DFW,129,145,767,0,0
"2018-10-26",714,721,-7,917,929,-12,YX,N436YX,4626,TLH,DCA,104,123,716,0,0
"2018-10-26",741,745,-4,851,900,-9,WN,N7811F,1281,BNA,ECP,58,70,401,0,0
"2018-10-26",744,750,-6,858,910,-12,WN,N7731A,716,ECP,BNA,62,74,401,0,0
"2018-10-26",831,835,-4,914,911,3,OH,N550NN,5564,CLT,VPS,78,103,460,0,0
"2018-10-26",845,836,9,952,941,11,"9E",N316PQ,3281,ATL,TLH,42,67,223,0,0
"2018-10-26",843,850,-7,1032,1023,9,YX,N446YX,4609,DCA,VPS,136,169,789,0,0
"2018-10-26",851,900,-9,1049,1055,-6,EV,N13553,4064,VPS,IAH,98,118,528,0,0
"2018-10-26",859,900,-1,1006,1015,-9,WN,N8324A,3984,BNA,ECP,52,67,401,0,0
"2018-10-26",937,900,37,943,903,40,DL,N989DL,2029,ATL,ECP,40,66,240,0,0
"2018-10-26",929,900,29,1100,1025,35,OH,N576NN,5272,CLT,TLH,69,91,386,0,0
"2018-10-26",1007,1010,-3,1138,1155,-17,EV,N13989,4451,IAH,ECP,73,91,572,0,0
"2018-10-26",936,930,6,1122,1115,7,WN,N7811F,1281,ECP,HOU,97,106,571,0,0
"2018-10-26",930,933,-3,1147,1144,3,YV,N957LR,5725,VPS,DFW,108,137,641,0,0
"2018-10-26",941,941,0,1217,1225,-8,OH,N550NN,5564,VPS,CLT,66,96,460,0,0
"2018-10-26",955,944,11,1001,950,11,DL,N910DE,2716,ATL,VPS,46,66,250,0,0
"2018-10-26",1034,947,47,1258,1149,69,DL,N989DL,2029,ECP,ATL,44,84,240,0,0
"2018-10-26",1029,1037,-8,1135,1135,0,G4,"228NV",1917,LCK,VPS,109,126,675,0,0
"2018-10-26",1022,1020,2,1145,1128,17,"9E",N316PQ,3281,TLH,ATL,43,83,223,0,0
"2018-10-26",1050,1025,25,1228,1147,41,MQ,N697AB,3663,MIA,TLH,65,98,402,0,0
"2018-10-26",1035,1034,1,1301,1249,12,DL,N910DE,2716,VPS,ATL,45,86,250,0,0
"2018-10-27",1425,1428,-3,1710,1714,-4,OH,N549NN,5500,VPS,CLT,68,105,460,0,0
"2018-10-26",,1055,,,1257,,YV,"",5740,DFW,VPS,,,641,1,0
"2018-10-26",1142,1131,11,1232,1209,23,EV,N716EV,2893,CLT,ECP,73,110,437,0,0
"2018-10-26",1224,1200,24,1424,1412,12,DL,N917DL,1733,ECP,ATL,42,60,240,0,0
"2018-10-26",1302,1305,-3,1554,1610,-16,MQ,N240NN,4069,DFW,TLH,91,112,767,0,0
"2018-10-26",1309,1320,-11,1511,1515,-4,EV,N13989,4134,ECP,IAH,102,122,572,0,0
"2018-10-26",1319,1320,-1,1511,1451,20,OH,N587NN,5662,CLT,TLH,71,112,386,0,0
"2018-10-26",,1327,,,1536,,YV,"",5740,VPS,DFW,,,641,1,0
"2018-10-26",1400,1342,18,1359,1348,11,DL,N948DL,2873,ATL,VPS,46,59,250,0,0
"2018-10-26",1416,1354,22,1412,1352,20,DL,N915DE,2506,ATL,ECP,40,56,240,0,0
"2018-10-26",1512,1428,44,1736,1714,22,OH,N558NN,5500,VPS,CLT,61,84,460,0,0
"2018-10-26",1438,1432,6,1711,1644,27,DL,N948DL,2873,VPS,ATL,45,93,250,0,0
"2018-10-26",1551,1457,54,1912,1744,88,EV,N600QX,2880,ECP,CLT,62,141,437,0,0
"2018-10-26",1530,1510,20,1542,1516,26,DL,N903DE,2802,ATL,VPS,46,72,250,0,0
"2018-10-26",1558,1558,0,1704,1645,19,G4,"228NV",1901,CVG,VPS,94,126,600,0,0
"2018-10-26",1607,1558,9,1729,1707,22,DL,N923AT,1399,TLH,ATL,46,82,223,0,0
"2018-10-26",1617,1600,17,1821,1813,8,DL,N903DE,2802,VPS,ATL,48,64,250,0,0
"2018-10-26",1618,1620,-2,1759,1809,-10,EV,N16987,4412,IAH,VPS,70,101,528,0,0
"2018-10-26",1647,1650,-3,1831,1846,-15,YV,N932LR,5906,DFW,VPS,81,104,641,0,0
"2018-10-26",1659,1702,-3,1822,1827,-5,MQ,N685AE,3861,TLH,MIA,65,83,402,0,0
"2018-10-26",1654,1705,-11,1857,1900,-3,EV,N11535,4037,ECP,IAH,103,123,572,0,0
"2018-10-26",1731,1710,21,1859,1845,14,WN,N555LV,2008,HOU,ECP,68,88,571,0,0
"2018-10-26",1802,1719,43,1811,1722,49,DL,N948DL,1167,ATL,VPS,44,69,250,0,0
"2018-10-26",1744,1745,-1,1907,1825,42,OH,N583NN,5709,CLT,VPS,85,143,460,0,0
"2018-10-26",1818,1756,22,1945,1903,42,DL,N901DE,1786,TLH,ATL,48,87,223,0,0
"2018-10-26",1844,1759,45,2058,2013,45,DL,N999DN,1403,ECP,ATL,45,74,240,0,0
"2018-10-26",1809,1801,8,1948,1940,8,YX,N138HQ,4660,CLT,TLH,72,99,386,0,0
"2018-10-26",1830,1804,26,1939,1910,29,DL,N932AT,678,ATL,TLH,39,69,223,0,0
"2018-10-26",,1850,,,2054,,EV,N605QX,2870,DFW,ECP,,,685,1,0
"2018-10-26",1854,1855,-1,2036,2053,-17,AA,N7541A,1445,DFW,VPS,79,102,641,0,0
"2018-10-26",1929,1855,34,2255,2135,80,OH,N583NN,5709,VPS,CLT,63,146,460,0,0
"2018-10-26",2001,1936,25,2011,1945,26,DL,N972DL,1856,ATL,VPS,48,70,250,0,0
"2018-10-26",2017,1945,32,2118,2056,22,DL,N932AT,678,TLH,ATL,45,61,223,0,0
"2018-10-26",2011,2011,0,2155,2142,13,YX,N138HQ,4660,TLH,CLT,72,104,386,0,0
"2018-10-26",2041,2030,11,2330,2333,-3,MQ,N224NN,4131,DFW,TLH,90,109,767,0,0
"2018-10-26",2302,2241,21,11,2345,26,DL,N904DE,485,ATL,TLH,45,69,223,0,0
"2018-10-26",2317,2241,36,5,2320,45,OH,N558NN,5696,CLT,VPS,84,108,460,0,0
"2018-10-26",2252,2242,10,2254,2248,6,DL,N974DL,1590,ATL,VPS,45,62,250,0,0
"2018-10-26",1204,2245,799,1210,2250,800,DL,N897DN,2303,ATL,ECP,44,66,240,0,0
"2018-10-27",1237,600,397,1434,806,388,DL,N897DN,1237,ECP,ATL,42,57,240,0,0
"2018-10-27",555,600,-5,706,725,-19,OH,N544AE,5584,TLH,CLT,54,71,386,0,0
"2018-10-27",,609,,,851,,EV,N717EV,2899,ECP,CLT,,,437,1,0
"2018-10-27",625,630,-5,725,734,-9,DL,N991DL,1520,TLH,ATL,46,60,223,0,0
"2018-10-27",912,700,132,1114,855,139,EV,N14568,3979,ECP,IAH,100,122,572,0,0
"2018-10-27",655,700,-5,847,855,-8,EV,N15555,4064,VPS,IAH,91,112,528,0,0
"2018-10-27",703,700,3,847,844,3,G4,"228NV",1902,VPS,BLV,85,104,587,0,0
"2018-10-27",747,701,46,951,920,31,EV,N600QX,2889,ECP,DFW,106,124,685,0,0
"2018-10-27",1122,710,252,1321,919,242,DL,N3737C,2430,ECP,ATL,44,59,240,0,0
"2018-10-27",713,715,-2,927,924,3,DL,N972DL,955,VPS,ATL,46,74,250,0,0
"2018-10-27",733,735,-2,857,843,14,DL,N904DE,763,TLH,ATL,48,84,223,0,0
"2018-10-27",746,749,-3,919,916,3,MQ,N224NN,4116,TLH,DFW,126,153,767,0,0
"2018-10-27",826,829,-3,1109,1115,-6,OH,N558NN,5623,VPS,CLT,65,103,460,0,0
"2018-10-27",840,850,-10,1017,1023,-6,YX,N416YX,4609,DCA,VPS,134,157,789,0,0
"2018-10-27",854,900,-6,857,901,-4,DL,N999DN,2029,ATL,ECP,46,63,240,0,0
"2018-10-27",917,920,-3,1034,1035,-1,WN,N556WN,4137,BNA,ECP,61,77,401,0,0
"2018-10-27",912,933,-21,1126,1144,-18,YV,N939LR,5725,VPS,DFW,103,134,641,0,0
"2018-10-27",944,941,3,1219,1225,-6,OH,N597NN,5564,VPS,CLT,71,95,460,0,0
"2018-10-27",945,947,-2,1145,1149,-4,DL,N999DN,2029,ECP,ATL,42,60,240,0,0
"2018-10-27",1024,1030,-6,1224,1215,9,WN,N7701B,2635,DAL,ECP,84,120,674,0,0
"2018-10-27",1031,1033,-2,1134,1133,1,DL,N982AT,387,ATL,TLH,36,63,223,0,0
"2018-10-27",1027,1040,-13,1207,1223,-16,YV,N88325,6093,IAH,ECP,83,100,572,0,0
"2018-10-27",1108,1105,3,1307,1300,7,WN,N556WN,4137,ECP,DAL,104,119,674,0,0
"2018-10-27",1109,1112,-3,1127,1113,14,DL,N959DL,1733,ATL,ECP,44,78,240,0,0
"2018-10-27",1143,1203,-20,1421,1451,-30,G4,"228NV",1900,VPS,CVG,80,98,600,0,0
"2018-10-27",1237,1245,-8,1343,1358,-15,DL,N982AT,387,TLH,ATL,44,66,223,0,0
"2018-10-27",1305,1307,-2,1350,1350,0,OH,N549NN,5500,CLT,VPS,82,105,460,0,0
"2018-10-27",1319,1320,-1,1507,1512,-5,YV,N88325,6021,ECP,IAH,94,108,572,0,0
"2018-10-27",1320,1320,0,1451,1451,0,OH,N547NN,5662,CLT,TLH,68,91,386,0,0
"2018-10-27",1340,1342,-2,1340,1346,-6,DL,N916DE,2873,ATL,VPS,43,60,250,0,0
"2018-10-27",1418,1405,13,1532,1520,12,WN,N7731A,3347,BNA,ECP,60,74,401,0,0
"2018-10-27",1419,1421,-2,1512,1522,-10,DL,N954AT,1399,ATL,TLH,38,53,223,0,0
"2018-10-27",1420,1430,-10,1557,1617,-20,YV,N89357,6045,IAH,VPS,78,97,528,0,0
"2018-10-27",1430,1432,-2,1633,1642,-9,DL,N916DE,2873,VPS,ATL,43,63,250,0,0
"2018-10-27",1435,1435,0,1725,1746,-21,G4,"309NV",1946,VPS,BWI,98,110,819,0,0
"2018-10-27",1436,1435,1,1608,1620,-12,WN,N7727A,4933,STL,ECP,83,92,634,0,0
"2018-10-27",1440,1439,1,1609,1603,6,MQ,N935AE,3861,MIA,TLH,62,89,402,0,0
"2018-10-26",1123,1050,33,1225,1150,35,DL,N991DL,489,ATL,TLH,38,62,223,0,0
"2018-10-26",1100,1054,6,1409,1408,1,YX,N446YX,4609,VPS,DCA,97,129,789,0,0
"2018-10-26",1127,1055,32,1247,1228,19,OH,N576NN,5272,TLH,CLT,56,80,386,0,0
"2018-10-26",1055,1100,-5,1210,1220,-10,WN,N8324A,5774,ECP,BNA,63,75,401,0,0
"2018-10-26",1144,1112,32,1144,1116,28,DL,N917DL,1733,ATL,ECP,41,60,240,0,0
"2018-10-26",1158,1200,-2,1336,1349,-13,EV,N36915,3995,IAH,VPS,74,98,528,0,0
"2018-10-26",1326,1225,61,1505,1423,42,EV,N600QX,2895,DFW,ECP,80,99,685,0,0
"2018-10-26",1223,1225,-2,1510,1513,-3,G4,"228NV",1900,VPS,CVG,88,107,600,0,0
"2018-10-26",1251,1231,20,1412,1355,17,MQ,N697AB,3663,TLH,MIA,66,81,402,0,0
"2018-10-26",1309,1234,35,1435,1348,47,DL,N991DL,489,TLH,ATL,40,86,223,0,0
"2018-10-26",1306,1248,18,1544,1506,38,EV,N716EV,2876,ECP,DFW,113,158,685,0,0
"2018-10-26",1330,1307,23,1438,1350,48,OH,N558NN,5500,CLT,VPS,83,128,460,0,0
"2018-10-26",1430,1421,9,1523,1523,0,DL,N923AT,1399,ATL,TLH,39,53,223,0,0
"2018-10-26",1446,1436,10,1718,1643,35,DL,N915DE,2506,ECP,ATL,51,92,240,0,0
"2018-10-26",1430,1439,-9,1557,1603,-6,MQ,N685AE,3861,MIA,TLH,65,87,402,0,0
"2018-10-26",1442,1445,-3,1621,1630,-9,EV,N11535,4249,IAH,ECP,74,99,572,0,0
"2018-10-26",1453,1500,-7,1658,1655,3,EV,N36915,4447,VPS,IAH,98,125,528,0,0
"2018-10-26",1547,1527,20,1711,1705,6,OH,N587NN,5662,TLH,CLT,55,84,386,0,0
"2018-10-26",1612,1610,2,1750,1737,13,OH,N567NN,5248,CLT,TLH,69,98,386,0,0
"2018-10-26",1640,1617,23,1734,1712,22,DL,N901DE,1786,ATL,TLH,39,54,223,0,0
"2018-10-26",1634,1640,-6,1800,1805,-5,MQ,N240NN,4069,TLH,DFW,120,146,767,0,0
"2018-10-26",1800,1713,47,1809,1711,58,DL,N999DN,1403,ATL,ECP,46,69,240,0,0
"2018-10-26",1721,1730,-9,1842,1854,-12,MQ,N673AE,3844,MIA,TLH,64,81,402,0,0
"2018-10-26",1745,1735,10,1950,1947,3,G4,"228NV",1914,VPS,MCI,105,125,764,0,0
"2018-10-26",1800,1805,-5,1930,1954,-24,EV,N15555,4447,IAH,VPS,69,90,528,0,0
"2018-10-26",1842,1806,36,2056,2030,26,DL,N948DL,1167,VPS,ATL,45,74,250,0,0
"2018-10-26",1825,1808,17,1943,1940,3,OH,N567NN,5248,TLH,CLT,57,78,386,0,0
"2018-10-26",1959,1830,89,2038,1915,83,EV,N600QX,2890,CLT,ECP,68,99,437,0,0
"2018-10-26",1835,1845,-10,2032,2044,-12,EV,N16987,4260,VPS,IAH,93,117,528,0,0
"2018-10-26",1908,1919,-11,2128,2130,-2,YV,N932LR,5906,VPS,DFW,112,140,641,0,0
"2018-10-26",1917,1928,-11,2038,2050,-12,MQ,N673AE,3844,TLH,MIA,65,81,402,0,0
"2018-10-26",1010,1934,876,1021,1940,881,DL,N3737C,2431,ATL,ECP,43,71,240,0,0
"2018-10-26",1937,1935,2,2053,2050,3,WN,N556WN,1378,BNA,ECP,58,76,401,0,0
"2018-10-26",1933,1935,-2,2043,2055,-12,WN,N555LV,2008,ECP,BNA,59,70,401,0,0
"2018-10-26",655,1955,660,854,2140,674,EV,N14568,4190,IAH,ECP,85,119,572,0,0
"2018-10-26",2015,2000,15,2256,2216,40,YX,N446YX,4504,DCA,TLH,117,161,716,0,0
"2018-10-26",2031,2032,-1,2217,2238,-21,G4,"228NV",1915,MCI,VPS,93,106,764,0,0
"2018-10-26",2049,2051,-2,2145,2155,-10,DL,N991DL,1669,ATL,TLH,39,56,223,0,0
"2018-10-26",2249,2232,17,20,2359,21,OH,N544AE,5284,CLT,TLH,72,91,386,0,0
"2018-10-27",554,600,-6,801,806,-5,DL,N974DL,2714,VPS,ATL,44,67,250,0,0
"2018-10-27",655,700,-5,932,919,13,AA,N7541A,1538,VPS,DFW,104,157,641,0,0
"2018-10-27",658,705,-7,847,901,-14,YV,N939LR,5725,DFW,VPS,83,109,641,0,0
"2018-10-27",725,730,-5,1108,1100,8,G4,"309NV",1990,VPS,EWR,115,163,988,0,0
"2018-10-27",831,835,-4,915,911,4,OH,N597NN,5564,CLT,VPS,85,104,460,0,0
"2018-10-27",845,854,-9,1028,1059,-31,YX,N446YX,4626,TLH,DCA,86,103,716,0,0
"2018-10-27",857,900,-3,1031,1025,6,OH,N552NN,5272,CLT,TLH,74,94,386,0,0
"2018-10-27",,915,,,1035,,WN,"",3623,ECP,BNA,,,401,1,0
"2018-10-27",928,929,-1,1058,1113,-15,G4,"228NV",1903,BLV,VPS,75,90,587,0,0
"2018-10-27",940,944,-4,939,948,-9,DL,N905DL,2716,ATL,VPS,44,59,250,0,0
"2018-10-27",1028,1034,-6,1235,1245,-10,DL,N905DL,2716,VPS,ATL,44,67,250,0,0
"2018-10-27",1042,1054,-12,1339,1408,-29,YX,N416YX,4609,VPS,DCA,97,117,789,0,0
"2018-10-27",1106,1055,11,1235,1228,7,OH,N552NN,5272,TLH,CLT,63,89,386,0,0
"2018-10-27",,1055,,,1257,,YV,"",5740,DFW,VPS,,,641,1,0
"2018-10-27",1134,1131,3,1232,1209,23,EV,N718EV,2893,CLT,ECP,74,118,437,0,0
"2018-10-27",1205,1200,5,1410,1412,-2,DL,N959DL,1733,ECP,ATL,45,65,240,0,0
"2018-10-27",1155,1200,-5,1348,1349,-1,EV,N14568,3995,IAH,VPS,76,113,528,0,0
"2018-10-27",1207,1200,7,1356,1345,11,G4,"309NV",1991,EWR,VPS,145,169,988,0,0
"2018-10-27",1220,1225,-5,1406,1423,-17,EV,N719EV,2895,DFW,ECP,85,106,685,0,0
"2018-10-27",1254,1245,9,1405,1405,0,WN,N7701B,2635,ECP,BNA,61,71,401,0,0
"2018-10-27",1258,1248,10,1513,1506,7,EV,N718EV,2876,ECP,DFW,107,135,685,0,0
"2018-10-27",1256,1305,-9,1553,1610,-17,MQ,N235NN,4069,DFW,TLH,94,117,767,0,0
"2018-10-27",,1327,,,1536,,YV,"",5740,VPS,DFW,,,641,1,0
"2018-10-27",1353,1355,-2,1353,1359,-6,DL,N957DL,2506,ATL,ECP,46,60,240,0,0
"2018-10-27",1438,1443,-5,1643,1649,-6,DL,N957DL,2506,ECP,ATL,45,65,240,0,0
"2018-10-27",1436,1445,-9,1613,1630,-17,EV,N15986,4249,IAH,ECP,80,97,572,0,0
"2018-10-27",1452,1500,-8,1654,1655,-1,EV,N14568,4447,VPS,IAH,95,122,528,0,0
"2018-10-27",1451,1457,-6,1716,1744,-28,EV,N719EV,2880,ECP,CLT,69,85,437,0,0
"2018-10-27",1507,1510,-3,1509,1519,-10,DL,N932AT,2802,ATL,VPS,46,62,250,0,0
"2018-10-27",1529,1536,-7,1601,1623,-22,G4,"228NV",1901,CVG,VPS,79,92,600,0,0
"2018-10-27",1532,1527,5,1706,1705,1,OH,N547NN,5662,TLH,CLT,60,94,386,0,0
"2018-10-27",1554,1558,-4,1703,1709,-6,DL,N954AT,1399,TLH,ATL,47,69,223,0,0
"2018-10-27",1601,1610,-9,1747,1805,-18,WN,N7731A,3347,ECP,STL,94,106,634,0,0
"2018-10-27",1613,1617,-4,1703,1712,-9,DL,N989DL,1786,ATL,TLH,38,50,223,0,0
"2018-10-27",1609,1615,-6,1711,1725,-14,G4,"326NV",1424,PIT,VPS,109,122,775,0,0
"2018-10-27",1645,1655,-10,1903,1911,-8,DL,N932AT,1702,VPS,ATL,49,78,250,0,0
"2018-10-27",1645,1640,5,1754,1805,-11,MQ,N235NN,4069,TLH,DFW,112,129,767,0,0
"2018-10-27",1642,1650,-8,1755,1810,-15,WN,N7727A,4933,ECP,BNA,63,73,401,0,0
"2018-10-27",1642,1650,-8,1824,1839,-15,AA,N9619V,1445,DFW,VPS,81,102,641,0,0
"2018-10-27",1726,1700,26,1832,1815,17,WN,N7814B,5270,BNA,ECP,55,66,401,0,0
"2018-10-27",1654,1700,-6,1843,1856,-13,YV,N89357,6045,VPS,IAH,88,109,528,0,0
"2018-10-27",1658,1702,-4,1821,1827,-6,MQ,N935AE,3861,TLH,MIA,63,83,402,0,0
"2018-10-27",1652,1705,-13,1852,1900,-8,EV,N15986,4037,ECP,IAH,95,120,572,0,0
"2018-10-27",1659,1710,-11,1919,1924,-5,YX,N411YX,4504,DCA,TLH,112,140,716,0,0
"2018-10-27",1711,1713,-2,1708,1710,-2,DL,N901DE,1403,ATL,ECP,43,57,240,0,0
"2018-10-27",1737,1745,-8,1816,1825,-9,OH,N709PS,5709,CLT,VPS,82,99,460,0,0
"2018-10-27",1717,1719,-2,1717,1721,-4,DL,N603AT,1167,ATL,VPS,43,60,250,0,0
"2018-10-27",1724,1730,-6,1846,1854,-8,MQ,N673AE,3844,MIA,TLH,60,82,402,0,0
"2018-10-27",1752,1755,-3,1925,1922,3,OH,N708PS,5188,CLT,TLH,67,93,386,0,0
"2018-10-27",1809,1831,-22,1915,1951,-36,G4,"309NV",1947,BWI,VPS,115,126,819,0,0
"2018-10-27",1750,1759,-9,1952,2011,-19,DL,N901DE,1403,ECP,ATL,43,62,240,0,0
"2018-10-27",1754,1759,-5,1909,1906,3,DL,N989DL,1786,TLH,ATL,52,75,223,0,0
"2018-10-27",1802,1805,-3,2100,2106,-6,G4,"326NV",1425,VPS,PIT,96,118,775,0,0
"2018-10-27",1800,1805,-5,1930,1954,-24,EV,N36915,4447,IAH,VPS,73,90,528,0,0
"2018-10-27",1759,1806,-7,2008,2028,-20,DL,N603AT,1167,VPS,ATL,46,69,250,0,0
"2018-10-27",1818,1830,-12,1902,1915,-13,EV,N719EV,2890,CLT,ECP,72,104,437,0,0
"2018-10-27",1904,1845,19,2047,2035,12,WN,N7814B,5270,ECP,HOU,90,103,571,0,0
"2018-10-27",1845,1855,-10,2116,2135,-19,OH,N709PS,5709,VPS,CLT,61,91,460,0,0
"2018-10-27",,1850,,,2054,,EV,N615QX,2870,DFW,ECP,,,685,1,0
"2018-10-27",1902,1905,-3,2026,2040,-14,WN,N556WN,4149,HOU,ECP,71,84,571,0,0
"2018-10-27",1931,1936,-5,1931,1943,-12,DL,N953DL,1856,ATL,VPS,43,60,250,0,0
"2018-10-27",1858,1903,-5,1954,2007,-13,DL,N980DL,351,ATL,TLH,39,56,223,0,0
"2018-10-27",1919,1928,-9,2035,2050,-15,MQ,N673AE,3844,TLH,MIA,62,76,402,0,0
"2018-10-28",558,600,-2,759,807,-8,DL,N953DL,2714,VPS,ATL,43,61,250,0,0
"2018-10-27",1953,1955,-2,2130,2140,-10,EV,N13975,4190,IAH,ECP,72,97,572,0,0
"2018-10-27",2023,2030,-7,2313,2333,-20,MQ,N235NN,4131,DFW,TLH,91,110,767,0,0
"2018-10-27",2237,2241,-4,2335,2344,-9,DL,N959DL,485,ATL,TLH,38,58,223,0,0
"2018-10-27",2232,2241,-9,2259,2320,-21,OH,N558NN,5696,CLT,VPS,73,87,460,0,0
"2018-10-27",2235,2242,-7,2258,2246,12,DL,N912DE,1590,ATL,VPS,40,83,250,0,0
"2018-10-28",,609,,,851,,EV,N719EV,2899,ECP,CLT,,,437,1,0
"2018-10-28",600,600,0,721,725,-4,OH,N708PS,5584,TLH,CLT,59,81,386,0,0
"2018-10-28",626,630,-4,732,734,-2,DL,N980DL,1520,TLH,ATL,44,66,223,0,0
"2018-10-28",722,630,52,908,832,36,EV,N13975,3979,ECP,IAH,87,106,572,0,0
"2018-10-28",628,634,-6,906,915,-9,OH,N558NN,5623,VPS,CLT,68,98,460,0,0
"2018-10-28",648,700,-12,850,901,-11,G4,"228NV",1992,VPS,AUS,96,122,666,0,0
"2018-10-28",735,701,34,945,920,25,EV,N719EV,2889,ECP,DFW,97,130,685,0,0
"2018-10-28",735,735,0,900,845,15,DL,N959DL,763,TLH,ATL,48,85,223,0,0
"2018-10-28",712,715,-3,913,926,-13,DL,N912DE,955,VPS,ATL,41,61,250,0,0
"2018-10-28",718,721,-3,920,929,-9,YX,N411YX,4626,TLH,DCA,102,122,716,0,0
"2018-10-28",716,730,-14,919,937,-18,G4,"309NV",1908,VPS,OKC,108,123,726,0,0
"2018-10-28",857,900,-3,1014,1025,-11,OH,N569NN,5272,CLT,TLH,60,77,386,0,0
"2018-10-28",741,749,-8,856,916,-20,MQ,N235NN,4116,TLH,DFW,118,135,767,0,0
"2018-10-28",828,835,-7,900,911,-11,OH,N559NN,5564,CLT,VPS,72,92,460,0,0
"2018-10-28",844,850,-6,1002,1023,-21,YX,N446YX,4609,DCA,VPS,109,138,789,0,0
"2018-10-28",903,905,-2,1053,1104,-11,EV,N36915,4310,VPS,IAH,85,110,528,0,0
"2018-10-28",856,900,-4,901,903,-2,DL,N998DL,2029,ATL,ECP,46,65,240,0,0
"2018-10-28",937,925,12,1052,1045,7,WN,N556WN,3679,ECP,BNA,66,75,401,0,0
"2018-10-28",915,920,-5,1021,1035,-14,WN,N7725A,5084,BNA,ECP,53,66,401,0,0
"2018-10-28",935,933,2,1137,1149,-12,AA,N9619V,1538,VPS,DFW,95,122,641,0,0
"2018-10-28",938,941,-3,1222,1225,-3,OH,N559NN,5564,VPS,CLT,80,104,460,0,0
"2018-10-28",941,944,-3,949,950,-1,DL,N948DL,2716,ATL,VPS,40,68,250,0,0
"2018-10-28",1001,1022,-21,1149,1216,-27,G4,"309NV",1909,OKC,VPS,83,108,726,0,0
"2018-10-28",937,946,-9,1127,1138,-11,G4,"228NV",1993,AUS,VPS,86,110,666,0,0
"2018-10-28",940,947,-7,1142,1149,-7,DL,N998DL,2029,ECP,ATL,42,62,240,0,0
"2018-10-28",1020,1025,-5,1136,1147,-11,MQ,N935AE,3663,MIA,TLH,62,76,402,0,0
"2018-10-28",1036,1038,-2,1134,1138,-4,DL,N945AT,489,ATL,TLH,39,58,223,0,0
"2018-10-28",1033,1034,-1,1248,1249,-1,DL,N948DL,2716,VPS,ATL,44,75,250,0,0
"2018-10-28",1049,1055,-6,1228,1228,0,OH,N569NN,5272,TLH,CLT,64,99,386,0,0
"2018-10-28",1051,1055,-4,1246,1257,-11,YV,N917FJ,5740,DFW,VPS,80,115,641,0,0
"2018-10-28",1050,1054,-4,1415,1408,7,YX,N446YX,4609,VPS,DCA,111,145,789,0,0
"2018-10-28",1101,1105,-4,1253,1300,-7,WN,N7725A,5084,ECP,DAL,100,112,674,0,0
"2018-10-28",1156,1200,-4,1409,1409,0,DL,N991DL,1733,ECP,ATL,50,73,240,0,0
"2018-10-28",1107,1112,-5,1109,1116,-7,DL,N991DL,1733,ATL,ECP,41,62,240,0,0
"2018-10-28",,1131,,,1209,,EV,N738EV,2893,CLT,ECP,,,437,1,0
"2018-10-28",1612,1205,247,1740,1350,230,EV,N13538,4451,IAH,ECP,77,88,572,0,0
"2018-10-28",1206,1205,1,1346,1350,-4,WN,N7814B,2055,DAL,ECP,86,100,674,0,0
"2018-10-28",1210,1218,-8,1345,1359,-14,EV,N16178,3995,IAH,VPS,71,95,528,0,0
"2018-10-28",1219,1231,-12,1333,1355,-22,MQ,N935AE,3663,TLH,MIA,62,74,402,0,0
"2018-10-28",1301,1225,36,1527,1423,64,EV,N600QX,2895,DFW,ECP,94,146,685,0,0
"2018-10-28",1237,1245,-8,1347,1359,-12,DL,N945AT,489,TLH,ATL,46,70,223,0,0
"2018-10-28",1305,1305,0,1607,1610,-3,MQ,N240NN,4069,DFW,TLH,89,122,767,0,0
"2018-10-28",,1248,,,1506,,EV,N738EV,2876,ECP,DFW,,,685,1,0
"2018-10-28",1238,1248,-10,1427,1432,-5,G4,"228NV",1902,VPS,BLV,87,109,587,0,0
"2018-10-28",1302,1307,-5,1335,1350,-15,OH,N567NN,5500,CLT,VPS,66,93,460,0,0
"2018-10-28",1304,1318,-14,1540,1600,-20,G4,"309NV",1918,VPS,SDF,73,96,532,0,0
"2018-10-28",1318,1327,-9,1530,1536,-6,YV,N917FJ,5740,VPS,DFW,100,132,641,0,0
"2018-10-28",1318,1320,-2,1451,1451,0,OH,N594NN,5662,CLT,TLH,56,93,386,0,0
"2018-10-28",1338,1342,-4,1339,1348,-9,DL,N922DL,2873,ATL,VPS,43,61,250,0,0
"2018-10-28",1419,1425,-6,1605,1615,-10,WN,N7814B,4226,ECP,HOU,93,106,571,0,0
"2018-10-28",1347,1354,-7,1348,1352,-4,DL,N950DL,2506,ATL,ECP,42,61,240,0,0
"2018-10-28",1414,1415,-1,1525,1530,-5,WN,N555LV,6593,BNA,ECP,56,71,401,0,0
"2018-10-28",1427,1421,6,1519,1523,-4,DL,N988DN,1399,ATL,TLH,39,52,223,0,0
"2018-10-28",1426,1428,-2,1710,1714,-4,OH,N567NN,5500,VPS,CLT,76,104,460,0,0
"2018-10-28",1427,1432,-5,1632,1643,-11,DL,N922DL,2873,VPS,ATL,41,65,250,0,0
"2018-10-28",,1457,,,1744,,EV,N600QX,2880,ECP,CLT,,,437,1,0
"2018-10-28",1427,1436,-9,1628,1640,-12,DL,N950DL,2506,ECP,ATL,41,61,240,0,0
"2018-10-28",1430,1439,-9,1548,1603,-15,MQ,N697AB,3861,MIA,TLH,64,78,402,0,0
"2018-10-28",1805,1455,190,1951,1657,174,EV,N13538,4134,ECP,IAH,91,106,572,0,0
"2018-10-28",1458,1505,-7,1645,1704,-19,EV,N16178,4165,VPS,IAH,84,107,528,0,0
"2018-10-28",1532,1527,5,1700,1705,-5,OH,N594NN,5662,TLH,CLT,65,88,386,0,0
"2018-10-28",1514,1510,4,1518,1516,2,DL,N982DL,2802,ATL,VPS,40,64,250,0,0
"2018-10-28",1514,1517,-3,1643,1701,-18,G4,"228NV",1903,BLV,VPS,71,89,587,0,0
"2018-10-28",1558,1558,0,1709,1707,2,DL,N988DN,1399,TLH,ATL,49,71,223,0,0
"2018-10-28",1558,1600,-2,1807,1813,-6,DL,N982DL,2802,VPS,ATL,45,69,250,0,0
"2018-10-28",1604,1605,-1,1718,1725,-7,WN,N555LV,5989,ECP,BNA,63,74,401,0,0
"2018-10-28",1641,1645,-4,1704,1726,-22,G4,"309NV",1919,SDF,VPS,64,83,532,0,0
"2018-10-28",1613,1617,-4,1703,1716,-13,DL,N997AT,1748,ATL,TLH,37,50,223,0,0
"2018-10-28",1640,1640,0,1754,1805,-11,MQ,N240NN,4069,TLH,DFW,117,134,767,0,0
"2018-10-28",1659,1702,-3,1820,1827,-7,MQ,N697AB,3861,TLH,MIA,62,81,402,0,0
"2018-10-28",1645,1650,-5,1832,1846,-14,YV,N927LR,5906,DFW,VPS,81,107,641,0,0
"2018-10-28",1711,1713,-2,1705,1711,-6,DL,N943DL,1403,ATL,ECP,38,54,240,0,0
"2018-10-28",1715,1705,10,1839,1840,-1,WN,N7814B,3780,HOU,ECP,74,84,571,0,0
"2018-10-28",1730,1730,0,1853,1854,-1,MQ,N931AE,3844,MIA,TLH,67,83,402,0,0
"2018-10-28",1716,1719,-3,1726,1722,4,DL,N905DL,1167,ATL,VPS,40,70,250,0,0
"2018-10-28",1740,1745,-5,1814,1825,-11,OH,N584NN,5709,CLT,VPS,72,94,460,0,0
"2018-10-28",1742,1751,-9,1936,1944,-8,G4,"228NV",1912,VPS,SGF,95,114,610,0,0
"2018-10-28",1754,1756,-2,1907,1911,-4,DL,N997AT,1748,TLH,ATL,45,73,223,0,0
"2018-10-28",1753,1759,-6,2002,2013,-11,DL,N943DL,1403,ECP,ATL,43,69,240,0,0
"2018-10-28",1923,1801,82,2041,1940,61,YX,N110HQ,4660,CLT,TLH,60,78,386,0,0
"2018-10-28",1804,1805,-1,1939,1949,-10,EV,N16541,4447,IAH,VPS,75,95,528,0,0
"2018-10-28",1813,1821,-8,1930,1938,-8,G4,"309NV",1910,VPS,BNA,62,77,389,0,0
"2018-10-28",1803,1806,-3,2015,2030,-15,DL,N905DL,1167,VPS,ATL,47,72,250,0,0
"2018-10-28",,1830,,,1915,,EV,N600QX,2890,CLT,ECP,,,437,1,0
"2018-10-28",1905,1910,-5,2022,2030,-8,WN,N7814B,3780,ECP,BNA,64,77,401,0,0
"2018-10-28",,1850,,,2054,,EV,N617QX,2870,DFW,ECP,,,685,1,0
"2018-10-28",1846,1855,-9,2030,2053,-23,AA,N9681B,1445,DFW,VPS,79,104,641,0,0
"2018-10-28",1848,1855,-7,2130,2135,-5,OH,N584NN,5709,VPS,CLT,75,102,460,0,0
"2018-10-28",1907,1919,-12,2123,2130,-7,YV,N927LR,5906,VPS,DFW,101,136,641,0,0
"2018-10-28",1914,1920,-6,2026,2035,-9,WN,N7729A,4390,BNA,ECP,55,72,401,0,0
"2018-10-28",1930,1928,2,2050,2050,0,MQ,N931AE,3844,TLH,MIA,62,80,402,0,0
"2018-10-28",1932,1936,-4,1935,1945,-10,DL,N938DL,1856,ATL,VPS,41,63,250,0,0
"2018-10-28",1955,1955,0,2138,2133,5,EV,N21537,4190,IAH,ECP,81,103,572,0,0
"2018-10-28",1953,2000,-7,2205,2216,-11,YX,N445YX,4504,DCA,TLH,106,132,716,0,0
"2018-10-28",2007,2029,-22,2135,2217,-42,G4,"228NV",1913,SGF,VPS,68,88,610,0,0
"2018-10-28",2024,2030,-6,2321,2333,-12,MQ,N255NN,4131,DFW,TLH,94,117,767,0,0
"2018-10-28",2235,2241,-6,2336,2345,-9,DL,N963DL,485,ATL,TLH,40,61,223,0,0
"2018-10-28",2256,2241,15,2324,2320,4,OH,N567NN,5696,CLT,VPS,69,88,460,0,0
"2018-10-28",2234,2242,-8,2246,2248,-2,DL,N946DL,1590,ATL,VPS,39,72,250,0,0
"2018-10-29",555,600,-5,806,807,-1,DL,N946DL,2714,VPS,ATL,44,71,250,0,0
"2018-10-29",556,600,-4,704,725,-21,OH,N723PS,5584,TLH,CLT,55,68,386,0,0
"2018-10-29",833,630,123,1029,832,117,EV,N21537,3979,ECP,IAH,93,116,572,0,0
"2018-10-29",708,700,8,1010,952,18,G4,"228NV",1916,VPS,LCK,103,122,675,0,0
"2018-10-29",659,700,-1,919,919,0,AA,N9681B,1538,VPS,DFW,104,140,641,0,0
"2018-10-29",716,701,15,923,920,3,EV,N600QX,2889,ECP,DFW,108,127,685,0,0
"2018-10-29",659,705,-6,845,901,-16,YV,N926LR,5725,DFW,VPS,82,106,641,0,0
"2018-10-29",712,715,-3,920,926,-6,DL,N938DL,955,VPS,ATL,48,68,250,0,0
"2018-10-29",720,721,-1,919,929,-10,YX,N445YX,4626,TLH,DCA,98,119,716,0,0
"2018-10-29",749,750,-1,904,910,-6,WN,N7729A,716,ECP,BNA,64,75,401,0,0
"2018-10-29",828,835,-7,908,911,-3,OH,N562NN,5564,CLT,VPS,75,100,460,0,0
"2018-10-29",843,850,-7,1013,1023,-10,YX,N413YX,4609,DCA,VPS,115,150,789,0,0
"2018-10-29",859,900,-1,901,903,-2,DL,N974DL,2029,ATL,ECP,42,62,240,0,0
"2018-10-29",902,900,2,1030,1025,5,OH,N566NN,5272,CLT,TLH,69,88,386,0,0
"2018-10-29",855,905,-10,1048,1104,-16,EV,N16541,4310,VPS,IAH,91,113,528,0,0
"2018-10-29",928,930,-2,1127,1115,12,WN,N7814B,1281,ECP,HOU,87,119,571,0,0
"2018-10-29",922,933,-11,1124,1144,-20,YV,N926LR,5725,VPS,DFW,100,122,641,0,0
"2018-10-29",940,941,-1,1223,1225,-2,OH,N562NN,5564,VPS,CLT,71,103,460,0,0
"2018-10-29",944,947,-3,1141,1149,-8,DL,N974DL,2029,ECP,ATL,42,57,240,0,0
"2018-10-29",1015,1020,-5,1128,1128,0,"9E",N929XJ,3281,TLH,ATL,47,73,223,0,0
"2018-10-29",1030,1034,-4,1238,1249,-11,DL,N918DE,2716,VPS,ATL,47,68,250,0,0
"2018-10-29",,1055,,,1257,,YV,"",5740,DFW,VPS,,,641,1,0
"2018-10-29",1109,1112,-3,1112,1116,-4,DL,N966DL,1733,ATL,ECP,41,63,240,0,0
"2018-10-29",1126,1131,-5,1154,1209,-15,EV,N615QX,2893,CLT,ECP,66,88,437,0,0
"2018-10-29",1228,1218,10,1404,1359,5,EV,N21537,3995,IAH,VPS,77,96,528,0,0
"2018-10-29",1258,1225,33,1450,1423,27,EV,N608QX,2895,DFW,ECP,91,112,685,0,0
"2018-10-29",1228,1225,3,1519,1513,6,G4,"228NV",1900,VPS,CVG,93,111,600,0,0
"2018-10-29",1308,1307,1,1343,1350,-7,OH,N549NN,5500,CLT,VPS,71,95,460,0,0
"2018-10-29",,1327,,,1536,,YV,"",5740,VPS,DFW,,,641,1,0
"2018-10-29",1339,1342,-3,1336,1348,-12,DL,N949DL,2873,ATL,VPS,39,57,250,0,0
"2018-10-29",1422,1428,-6,1708,1714,-6,OH,N549NN,5500,VPS,CLT,74,106,460,0,0
"2018-10-29",1428,1432,-4,1639,1644,-5,DL,N949DL,2873,VPS,ATL,47,71,250,0,0
"2018-10-29",1526,1457,29,1757,1744,13,EV,N608QX,2880,ECP,CLT,65,91,437,0,0
"2018-10-29",1455,1505,-10,1641,1704,-23,EV,N21537,4165,VPS,IAH,90,106,528,0,0
"2018-10-29",1525,1527,-2,1649,1705,-16,OH,N555NN,5662,TLH,CLT,59,84,386,0,0
"2018-10-29",1553,1558,-5,1708,1707,1,DL,N607AT,1399,TLH,ATL,50,75,223,0,0
"2018-10-29",1618,1613,5,1652,1700,-8,G4,"305NV",1901,CVG,VPS,75,94,600,0,0
"2018-10-29",1649,1702,-13,1803,1827,-24,MQ,N928AE,3861,TLH,MIA,59,74,402,0,0
"2018-10-29",1730,1710,20,1859,1845,14,WN,N7731A,2008,HOU,ECP,76,89,571,0,0
"2018-10-29",1705,1713,-8,1703,1711,-8,DL,N916DE,1403,ATL,ECP,41,58,240,0,0
"2018-10-29",1722,1730,-8,1846,1854,-8,MQ,N685AE,3844,MIA,TLH,64,84,402,0,0
"2018-10-29",1745,1750,-5,2002,2002,0,G4,"305NV",1914,VPS,MCI,114,137,764,0,0
"2018-10-29",1752,1756,-4,1910,1911,-1,DL,N949AT,1748,TLH,ATL,47,78,223,0,0
"2018-10-29",1800,1801,-1,1926,1940,-14,YX,N109HQ,4660,CLT,TLH,59,86,386,0,0
"2018-10-29",1808,1808,0,1928,1940,-12,OH,N572NN,5248,TLH,CLT,59,80,386,0,0
"2018-10-29",1909,1919,-10,2110,2130,-20,YV,N953LR,5906,VPS,DFW,102,121,641,0,0
"2018-10-29",1917,1928,-11,2038,2050,-12,MQ,N685AE,3844,TLH,MIA,61,81,402,0,0
"2018-10-29",1930,1935,-5,2046,2050,-4,WN,N7733B,1378,BNA,ECP,59,76,401,0,0
"2018-10-29",1928,1935,-7,2045,2055,-10,WN,N7731A,2008,ECP,BNA,65,77,401,0,0
"2018-10-29",1932,1936,-4,1939,1945,-6,DL,N969DL,1856,ATL,VPS,39,67,250,0,0
"2018-10-29",1953,1955,-2,2136,2133,3,EV,N13988,4190,IAH,ECP,91,103,572,0,0
"2018-10-29",1957,2000,-3,2214,2216,-2,YX,N432YX,4504,DCA,TLH,96,137,716,0,0
"2018-10-29",2237,2241,-4,2342,2345,-3,DL,N996AT,485,ATL,TLH,38,65,223,0,0
"2018-10-29",2244,2241,3,2313,2320,-7,OH,N556NN,5696,CLT,VPS,70,89,460,0,0
"2018-10-29",2234,2242,-8,2236,2248,-12,DL,N903DE,1590,ATL,VPS,42,62,250,0,0
"2018-10-30",552,600,-8,710,725,-15,OH,N513AE,5584,TLH,CLT,59,78,386,0,0
"2018-10-30",648,609,39,934,851,43,EV,N738EV,2899,ECP,CLT,63,106,437,0,0
"2018-10-28",2124,2011,73,2244,2142,62,YX,N110HQ,4660,TLH,CLT,61,80,386,0,0
"2018-10-28",2008,2023,-15,2118,2142,-24,G4,"309NV",1911,BNA,VPS,49,70,389,0,0
"2018-10-28",2048,2051,-3,2146,2155,-9,DL,N958DL,1669,ATL,TLH,36,58,223,0,0
"2018-10-28",2231,2232,-1,2354,2359,-5,OH,N723PS,5284,CLT,TLH,63,83,386,0,0
"2018-10-29",540,545,-5,641,650,-9,DL,N963DL,708,TLH,ATL,43,61,223,0,0
"2018-10-29",,609,,,851,,EV,N617QX,2899,ECP,CLT,,,437,1,0
"2018-10-29",631,634,-3,917,915,2,OH,N567NN,5623,VPS,CLT,63,106,460,0,0
"2018-10-29",652,700,-8,801,803,-2,DL,N958DL,496,TLH,ATL,48,69,223,0,0
"2018-10-29",740,745,-5,856,900,-4,WN,N7814B,1281,BNA,ECP,61,76,401,0,0
"2018-10-29",741,749,-8,852,916,-24,MQ,N255NN,4116,TLH,DFW,116,131,767,0,0
"2018-10-29",833,836,-3,931,941,-10,"9E",N929XJ,3281,ATL,TLH,38,58,223,0,0
"2018-10-29",856,900,-4,1009,1015,-6,WN,N8303R,3984,BNA,ECP,59,73,401,0,0
"2018-10-29",940,944,-4,935,950,-15,DL,N918DE,2716,ATL,VPS,38,55,250,0,0
"2018-10-29",1018,1025,-7,1147,1147,0,MQ,N680AE,3663,MIA,TLH,66,89,402,0,0
"2018-10-29",1053,1037,16,1143,1135,8,G4,"228NV",1917,LCK,VPS,89,110,675,0,0
"2018-10-29",1045,1054,-9,1422,1408,14,YX,N413YX,4609,VPS,DCA,110,157,789,0,0
"2018-10-29",1057,1055,2,1226,1228,-2,OH,N566NN,5272,TLH,CLT,63,89,386,0,0
"2018-10-29",1057,1100,-3,1214,1220,-6,WN,N8303R,5774,ECP,BNA,64,77,401,0,0
"2018-10-29",1108,1110,-2,1211,1210,1,DL,N954AT,489,ATL,TLH,39,63,223,0,0
"2018-10-29",1156,1200,-4,1404,1412,-8,DL,N966DL,1733,ECP,ATL,45,68,240,0,0
"2018-10-29",1156,1205,-9,1333,1350,-17,EV,N24103,4451,IAH,ECP,79,97,572,0,0
"2018-10-29",1223,1231,-8,1342,1355,-13,MQ,N680AE,3663,TLH,MIA,60,79,402,0,0
"2018-10-29",1256,1245,11,1416,1359,17,DL,N954AT,489,TLH,ATL,44,80,223,0,0
"2018-10-29",1240,1248,-8,1440,1506,-26,EV,N615QX,2876,ECP,DFW,98,120,685,0,0
"2018-10-29",1252,1305,-13,1558,1610,-12,MQ,N262NN,4069,DFW,TLH,99,126,767,0,0
"2018-10-29",1316,1320,-4,1445,1451,-6,OH,N555NN,5662,CLT,TLH,65,89,386,0,0
"2018-10-29",1350,1354,-4,1343,1352,-9,DL,N912DL,2506,ATL,ECP,40,53,240,0,0
"2018-10-29",1416,1421,-5,1512,1523,-11,DL,N607AT,1399,ATL,TLH,40,56,223,0,0
"2018-10-29",1428,1436,-8,1632,1643,-11,DL,N912DL,2506,ECP,ATL,44,64,240,0,0
"2018-10-29",1425,1439,-14,1546,1603,-17,MQ,N928AE,3861,MIA,TLH,65,81,402,0,0
"2018-10-29",1455,1455,0,1647,1657,-10,EV,N24103,4134,ECP,IAH,91,112,572,0,0
"2018-10-29",1508,1510,-2,1512,1516,-4,DL,N997DL,2802,ATL,VPS,38,64,250,0,0
"2018-10-29",1620,1610,10,1739,1737,2,OH,N572NN,5248,CLT,TLH,58,79,386,0,0
"2018-10-29",1617,1617,0,1714,1716,-2,DL,N949AT,1748,ATL,TLH,39,57,223,0,0
"2018-10-29",1637,1640,-3,1748,1805,-17,MQ,N262NN,4069,TLH,DFW,112,131,767,0,0
"2018-10-29",1647,1650,-3,1832,1846,-14,YV,N953LR,5906,DFW,VPS,82,105,641,0,0
"2018-10-29",1743,1745,-2,1814,1825,-11,OH,N550NN,5709,CLT,VPS,66,91,460,0,0
"2018-10-29",1754,1759,-5,2021,2013,8,DL,N916DE,1403,ECP,ATL,43,87,240,0,0
"2018-10-29",1801,1805,-4,1940,1949,-9,EV,N13992,4447,IAH,VPS,75,99,528,0,0
"2018-10-29",1803,1806,-3,2036,2030,6,DL,N997DL,1167,VPS,ATL,42,93,250,0,0
"2018-10-29",1928,1830,58,1951,1915,36,EV,N720EV,2890,CLT,ECP,66,83,437,0,0
"2018-10-29",1845,1850,-5,2049,2054,-5,EV,N738EV,2870,DFW,ECP,88,124,685,0,0
"2018-10-29",1846,1855,-9,2034,2053,-19,AA,N9677W,1445,DFW,VPS,82,108,641,0,0
"2018-10-29",1850,1855,-5,2123,2135,-12,OH,N550NN,5709,VPS,CLT,71,93,460,0,0
"2018-10-29",1957,2011,-14,2128,2142,-14,YX,N109HQ,4660,TLH,CLT,66,91,386,0,0
"2018-10-29",2029,2030,-1,2325,2333,-8,MQ,N226NN,4131,DFW,TLH,94,116,767,0,0
"2018-10-29",2034,2047,-13,2225,2253,-28,G4,"305NV",1915,MCI,VPS,91,111,764,0,0
"2018-10-29",2049,2051,-2,2141,2155,-14,DL,N906DL,1669,ATL,TLH,35,52,223,0,0
"2018-10-29",2227,2232,-5,2345,2359,-14,OH,N513AE,5284,CLT,TLH,56,78,386,0,0
"2018-10-30",537,545,-8,633,649,-16,DL,N996AT,708,TLH,ATL,40,56,223,0,0
"2018-10-30",555,600,-5,757,806,-9,DL,N969DL,2714,VPS,ATL,42,62,250,0,0
"2018-10-30",716,630,46,855,832,23,EV,N13988,3979,ECP,IAH,87,99,572,0,0
"2018-10-30",638,634,4,915,915,0,OH,N556NN,5623,VPS,CLT,70,97,460,0,0
"2018-10-30",655,700,-5,756,803,-7,DL,N906DL,496,TLH,ATL,40,61,223,0,0
"2018-10-30",745,745,0,859,900,-1,WN,N7731A,1281,BNA,ECP,58,74,401,0,0
"2018-10-30",655,700,-5,913,919,-6,AA,N9677W,1538,VPS,DFW,104,138,641,0,0
"2018-10-30",720,701,19,933,920,13,EV,N720EV,2889,ECP,DFW,110,133,685,0,0
"2018-10-30",711,715,-4,919,924,-5,DL,N903DE,955,VPS,ATL,41,68,250,0,0
"2018-10-30",719,721,-2,924,929,-5,YX,N432YX,4626,TLH,DCA,102,125,716,0,0
"2018-10-30",747,750,-3,904,910,-6,WN,N7733B,716,ECP,BNA,64,77,401,0,0
"2018-10-30",936,930,6,1116,1115,1,WN,N7731A,1281,ECP,HOU,89,100,571,0,0
"2018-10-30",741,749,-8,908,916,-8,MQ,N226NN,4116,TLH,DFW,119,147,767,0,0
"2018-10-30",834,835,-1,909,911,-2,OH,N570NN,5564,CLT,VPS,72,95,460,0,0
"2018-10-30",832,836,-4,935,941,-6,"9E",N335PQ,3281,ATL,TLH,38,63,223,0,0
"2018-10-30",843,850,-7,1011,1023,-12,YX,N429YX,4609,DCA,VPS,111,148,789,0,0
"2018-10-30",854,900,-6,858,901,-3,DL,N983DL,2029,ATL,ECP,43,64,240,0,0
"2018-10-30",850,900,-10,1034,1044,-10,G4,"305NV",1902,VPS,BLV,85,104,587,0,0
"2018-10-30",857,900,-3,1016,1025,-9,OH,N593NN,5272,CLT,TLH,63,79,386,0,0
"2018-10-30",855,905,-10,1055,1104,-9,EV,N13992,4310,VPS,IAH,90,120,528,0,0
"2018-10-30",1011,1020,-9,1123,1128,-5,"9E",N335PQ,3281,TLH,ATL,45,72,223,0,0
"2018-10-30",940,941,-1,1217,1225,-8,OH,N570NN,5564,VPS,CLT,70,97,460,0,0
"2018-10-30",941,944,-3,940,948,-8,DL,N915DE,2716,ATL,VPS,39,59,250,0,0
"2018-10-30",939,947,-8,1135,1149,-14,DL,N983DL,2029,ECP,ATL,40,56,240,0,0
"2018-10-30",1046,1054,-8,1356,1408,-12,YX,N429YX,4609,VPS,DCA,110,130,789,0,0
"2018-10-30",1018,1025,-7,1134,1147,-13,MQ,N680AE,3663,MIA,TLH,62,76,402,0,0
"2018-10-30",1026,1034,-8,1235,1245,-10,DL,N915DE,2716,VPS,ATL,42,69,250,0,0
"2018-10-30",1048,1055,-7,1228,1228,0,OH,N593NN,5272,TLH,CLT,62,100,386,0,0
"2018-10-30",,1055,,,1257,,YV,"",5740,DFW,VPS,,,641,1,0
"2018-10-30",1121,1129,-8,1253,1313,-20,G4,"305NV",1903,BLV,VPS,75,92,587,0,0
"2018-10-30",1104,1110,-6,1158,1209,-11,DL,N906AT,489,ATL,TLH,40,54,223,0,0
"2018-10-30",1054,1112,-18,1045,1113,-28,DL,N900DE,1733,ATL,ECP,38,51,240,0,0
"2018-10-30",1235,1225,10,1428,1423,5,EV,N617QX,2895,DFW,ECP,92,113,685,0,0
"2018-10-30",1125,1131,-6,1149,1209,-20,EV,N616QX,2893,CLT,ECP,62,84,437,0,0
"2018-10-30",1148,1200,-12,1351,1412,-21,DL,N900DE,1733,ECP,ATL,39,63,240,0,0
"2018-10-30",1200,1205,-5,1349,1350,-1,EV,N13566,4451,IAH,ECP,83,109,572,0,0
"2018-10-30",1210,1218,-8,1351,1359,-8,EV,N25134,3995,IAH,VPS,72,101,528,0,0
"2018-10-30",1204,1231,-27,1316,1355,-39,MQ,N680AE,3663,TLH,MIA,58,72,402,0,0
"2018-10-30",1238,1248,-10,1449,1506,-17,EV,N616QX,2876,ECP,DFW,101,131,685,0,0
"2018-10-30",1244,1245,-1,1352,1358,-6,DL,N906AT,489,TLH,ATL,39,68,223,0,0
"2018-10-30",1316,1320,-4,1455,1451,4,OH,N598NN,5662,CLT,TLH,70,99,386,0,0
"2018-10-30",1302,1305,-3,1609,1610,-1,MQ,N252NN,4069,DFW,TLH,99,127,767,0,0
"2018-10-30",1301,1307,-6,1340,1350,-10,OH,N587NN,5500,CLT,VPS,72,99,460,0,0
"2018-10-30",1351,1354,-3,1344,1350,-6,DL,N920DE,2506,ATL,ECP,38,53,240,0,0
"2018-10-30",,1327,,,1536,,YV,"",5740,VPS,DFW,,,641,1,0
"2018-10-30",1340,1342,-2,1337,1346,-9,DL,N911DL,2873,ATL,VPS,41,57,250,0,0
"2018-12-07",1201,1209,-8,1236,1247,-11,EV,N616QX,2893,CLT,ECP,71,95,437,0,0
"2018-10-30",1426,1432,-6,1635,1642,-7,DL,N911DL,2873,VPS,ATL,42,69,250,0,0
"2018-10-30",1417,1421,-4,1507,1522,-15,DL,N998AT,1399,ATL,TLH,36,50,223,0,0
"2018-10-30",1417,1428,-11,1703,1714,-11,OH,N587NN,5500,VPS,CLT,68,106,460,0,0
"2018-10-30",1638,1640,-2,1745,1805,-20,MQ,N252NN,4069,TLH,DFW,113,127,767,0,0
"2018-10-30",1428,1436,-8,1630,1642,-12,DL,N920DE,2506,ECP,ATL,39,62,240,0,0
"2018-10-30",1436,1439,-3,1555,1603,-8,MQ,N680AE,3861,MIA,TLH,67,79,402,0,0
"2018-10-30",1448,1455,-7,1641,1657,-16,EV,N13566,4134,ECP,IAH,91,113,572,0,0
"2018-10-30",1530,1457,33,1818,1744,34,EV,N617QX,2880,ECP,CLT,68,108,437,0,0
"2018-10-30",1520,1510,10,1515,1514,1,DL,N991DL,2802,ATL,VPS,39,55,250,0,0
"2018-10-30",1538,1527,11,1709,1705,4,OH,N598NN,5662,TLH,CLT,61,91,386,0,0
"2018-10-30",1555,1558,-3,1658,1707,-9,DL,N998AT,1399,TLH,ATL,42,63,223,0,0
"2018-10-30",1619,1610,9,1746,1737,9,OH,N597NN,5248,CLT,TLH,60,87,386,0,0
"2018-10-30",1617,1617,0,1702,1712,-10,DL,N918DE,1786,ATL,TLH,37,45,223,0,0
"2018-10-30",1645,1650,-5,1831,1846,-15,YV,N931LR,5906,DFW,VPS,84,106,641,0,0
"2018-10-30",1659,1702,-3,1817,1827,-10,MQ,N680AE,3861,TLH,MIA,64,78,402,0,0
"2018-10-30",1743,1710,33,1909,1845,24,WN,N7703A,2008,HOU,ECP,75,86,571,0,0
"2018-10-30",1710,1713,-3,1704,1710,-6,DL,N975DL,1403,ATL,ECP,41,54,240,0,0
"2018-10-30",1723,1730,-7,1845,1854,-9,MQ,N932AE,3844,MIA,TLH,65,82,402,0,0
"2018-10-30",1754,1759,-5,2006,2011,-5,DL,N975DL,1403,ECP,ATL,42,72,240,0,0
"2018-10-30",1738,1745,-7,1817,1825,-8,OH,N549NN,5709,CLT,VPS,71,99,460,0,0
"2018-10-30",1753,1801,-8,1929,1940,-11,YX,N130HQ,4660,CLT,TLH,66,96,386,0,0
"2018-10-30",2008,1830,98,2038,1915,83,EV,N617QX,2890,CLT,ECP,67,90,437,0,0
"2018-10-30",1801,1806,-5,2010,2028,-18,DL,N991DL,1167,VPS,ATL,43,69,250,0,0
"2018-10-30",1817,1808,9,1953,1940,13,OH,N597NN,5248,TLH,CLT,60,96,386,0,0
"2018-10-30",1902,1855,7,2049,2053,-4,AA,N971TW,1445,DFW,VPS,79,107,641,0,0
"2018-10-30",1844,1850,-6,2036,2054,-18,EV,N718EV,2870,DFW,ECP,90,112,685,0,0
"2018-10-30",1846,1855,-9,2117,2135,-18,OH,N549NN,5709,VPS,CLT,71,91,460,0,0
"2018-10-30",1934,1935,-1,2039,2050,-11,WN,N7814B,1378,BNA,ECP,54,65,401,0,0
"2018-10-30",1910,1919,-9,2122,2130,-8,YV,N931LR,5906,VPS,DFW,107,132,641,0,0
"2018-10-30",1923,1928,-5,2040,2050,-10,MQ,N932AE,3844,TLH,MIA,61,77,402,0,0
"2018-10-30",1939,1935,4,2052,2055,-3,WN,N7703A,2008,ECP,BNA,61,73,401,0,0
"2018-10-30",1936,1936,0,1936,1943,-7,DL,N951DL,1856,ATL,VPS,39,60,250,0,0
"2018-10-30",1948,1955,-7,2139,2133,6,EV,N21537,4190,IAH,ECP,81,111,572,0,0
"2018-10-30",1953,2000,-7,2155,2216,-21,YX,N404YX,4504,DCA,TLH,101,122,716,0,0
"2018-10-30",2000,2011,-11,2126,2142,-16,YX,N130HQ,4660,TLH,CLT,62,86,386,0,0
"2018-10-30",2033,2030,3,2331,2333,-2,MQ,N224NN,4131,DFW,TLH,91,118,767,0,0
"2018-10-30",2228,2232,-4,2343,2359,-16,OH,N525EA,5284,CLT,TLH,60,75,386,0,0
"2018-10-31",556,600,-4,711,725,-14,OH,N525EA,5584,TLH,CLT,58,75,386,0,0
"2018-10-30",2239,2241,-2,2336,2344,-8,DL,N916DL,485,ATL,TLH,37,57,223,0,0
"2018-10-30",2235,2241,-6,2308,2320,-12,OH,N567NN,5696,CLT,VPS,72,93,460,0,0
"2018-10-30",2238,2242,-4,2243,2246,-3,DL,N937DL,1590,ATL,VPS,41,65,250,0,0
"2018-10-31",542,545,-3,634,649,-15,DL,N918DE,708,TLH,ATL,37,52,223,0,0
"2018-10-31",555,600,-5,756,806,-10,DL,N951DL,2714,VPS,ATL,39,61,250,0,0
"2018-10-31",616,609,7,842,851,-9,EV,N617QX,2899,ECP,CLT,67,86,437,0,0
"2018-10-31",711,630,41,854,832,22,EV,N21537,3979,ECP,IAH,87,103,572,0,0
"2018-10-31",626,634,-8,906,915,-9,OH,N567NN,5623,VPS,CLT,69,100,460,0,0
"2018-10-31",655,700,-5,938,949,-11,G4,"305NV",1900,VPS,CVG,85,103,600,0,0
"2018-10-31",654,700,-6,754,803,-9,DL,N916DL,496,TLH,ATL,40,60,223,0,0
"2018-10-31",653,700,-7,801,810,-9,G4,"326NV",1424,PIT,VPS,107,128,775,0,0
"2018-10-31",758,701,57,959,920,39,EV,N718EV,2889,ECP,DFW,98,121,685,0,0
"2018-10-31",647,700,-13,856,919,-23,AA,N971TW,1538,VPS,DFW,96,129,641,0,0
"2018-10-31",747,749,-2,902,916,-14,MQ,N224NN,4116,TLH,DFW,110,135,767,0,0
"2018-10-31",711,715,-4,918,924,-6,DL,N937DL,955,VPS,ATL,39,67,250,0,0
"2018-10-31",708,721,-13,908,929,-21,YX,N404YX,4626,TLH,DCA,103,120,716,0,0
"2018-10-31",722,730,-8,1047,1100,-13,G4,"309NV",1990,VPS,EWR,128,145,988,0,0
"2018-10-31",743,750,-7,854,905,-11,WN,N7812G,24,BNA,ECP,59,71,401,0,0
"2018-10-31",747,750,-3,900,910,-10,WN,N7814B,623,ECP,BNA,62,73,401,0,0
"2018-10-31",937,941,-4,1220,1225,-5,OH,N558NN,5564,VPS,CLT,72,103,460,0,0
"2018-10-31",831,835,-4,903,911,-8,OH,N558NN,5564,CLT,VPS,69,92,460,0,0
"2018-10-31",831,836,-5,923,941,-18,"9E",N914XJ,3281,ATL,TLH,37,52,223,0,0
"2018-10-31",840,850,-10,1138,1151,-13,G4,"326NV",1425,VPS,PIT,102,118,775,0,0
"2018-10-31",849,850,-1,1006,1023,-17,YX,N430YX,4609,DCA,VPS,109,137,789,0,0
"2018-10-31",854,900,-6,850,901,-11,DL,N949DL,2029,ATL,ECP,41,56,240,0,0
"2018-10-31",856,900,-4,1010,1025,-15,OH,N556NN,5272,CLT,TLH,62,74,386,0,0
"2018-10-31",855,905,-10,1050,1104,-14,EV,N25134,4310,VPS,IAH,87,115,528,0,0
"2018-10-31",931,935,-4,1123,1120,3,WN,N7812G,24,ECP,HOU,87,112,571,0,0
"2018-10-31",942,944,-2,946,948,-2,DL,N904DL,2716,ATL,VPS,43,64,250,0,0
"2018-10-31",940,947,-7,1145,1149,-4,DL,N949DL,2029,ECP,ATL,40,65,240,0,0
"2018-10-31",1030,1034,-4,1235,1245,-10,DL,N904DL,2716,VPS,ATL,42,65,250,0,0
"2018-10-31",1013,1020,-7,1135,1128,7,"9E",N914XJ,3281,TLH,ATL,40,82,223,0,0
"2018-10-31",1019,1025,-6,1141,1147,-6,MQ,N676AE,3663,MIA,TLH,62,82,402,0,0
"2018-10-31",1030,1049,-19,1110,1134,-24,G4,"305NV",1901,CVG,VPS,82,100,600,0,0
"2018-10-31",1045,1054,-9,1359,1408,-9,YX,N430YX,4609,VPS,DCA,108,134,789,0,0
"2018-10-31",1047,1055,-8,1223,1228,-5,OH,N556NN,5272,TLH,CLT,62,96,386,0,0
"2018-10-31",1050,1055,-5,1321,1257,24,YV,N249LR,5740,DFW,VPS,85,151,641,0,0
"2018-10-31",1109,1112,-3,1112,1113,-1,DL,N976DL,1733,ATL,ECP,41,63,240,0,0
"2018-10-31",1203,1205,-2,1347,1348,-1,YV,N86312,6049,IAH,ECP,77,104,572,0,0
"2018-10-31",1229,1235,-6,1333,1348,-15,DL,N979AT,489,TLH,ATL,43,64,223,0,0
"2018-10-31",1331,1248,43,1632,1506,86,EV,N600QX,2876,ECP,DFW,161,181,685,0,0
"2018-10-31",1315,1320,-5,1440,1451,-11,OH,N585NN,5662,CLT,TLH,60,85,386,0,0
"2018-10-31",1419,1421,-2,1516,1522,-6,DL,N923AT,1399,ATL,TLH,39,57,223,0,0
"2018-10-31",1425,1432,-7,1637,1642,-5,DL,N911DE,2873,VPS,ATL,40,72,250,0,0
"2018-10-31",1426,1439,-13,1543,1603,-20,MQ,N676AE,3861,MIA,TLH,64,77,402,0,0
"2018-10-31",1522,1457,25,1744,1744,0,EV,N717EV,2880,ECP,CLT,64,82,437,0,0
"2018-10-31",1449,1505,-16,1640,1704,-24,EV,N13975,4165,VPS,IAH,91,111,528,0,0
"2018-10-31",1550,1558,-8,1656,1707,-11,DL,N923AT,1399,TLH,ATL,45,66,223,0,0
"2018-10-31",1615,1617,-2,1708,1712,-4,DL,N997DL,1786,ATL,TLH,37,53,223,0,0
"2018-10-31",1652,1659,-7,1852,1914,-22,YX,N426YX,4504,DCA,TLH,100,120,716,0,0
"2018-10-31",1723,1730,-7,1837,1854,-17,MQ,N650AE,3844,MIA,TLH,61,74,402,0,0
"2018-10-31",1741,1745,-4,1815,1825,-10,OH,N557NN,5709,CLT,VPS,73,94,460,0,0
"2018-10-31",1755,1801,-6,1911,1931,-20,OH,N516AE,5201,CLT,TLH,61,76,386,0,0
"2018-10-31",1817,1831,-14,1928,1951,-23,G4,"309NV",1947,BWI,VPS,114,131,819,0,0
"2018-10-31",2321,1844,277,118,2042,276,AA,N7541A,1445,DFW,VPS,100,117,641,0,0
"2018-10-31",1933,1936,-3,1937,1943,-6,DL,N915DE,1856,ATL,VPS,42,64,250,0,0
"2018-10-31",2237,2241,-4,2329,2344,-15,DL,N996DL,485,ATL,TLH,38,52,223,0,0
"2018-10-31",2239,2242,-3,2245,2246,-1,DL,N901DE,1590,ATL,VPS,44,66,250,0,0
"2018-12-01",557,600,-3,800,802,-2,DL,N915DL,2461,VPS,ATL,45,63,250,0,0
"2018-12-01",600,610,-10,658,716,-18,DL,N948DL,990,TLH,ATL,40,58,223,0,0
"2018-12-01",623,630,-7,940,1000,-20,G4,"309NV",1990,VPS,EWR,117,137,988,0,0
"2018-12-01",659,701,-2,822,831,-9,OH,N705PS,5584,TLH,CLT,64,83,386,0,0
"2018-12-01",652,702,-10,839,858,-19,YV,N906FJ,5725,DFW,VPS,83,107,641,0,0
"2018-12-01",657,706,-9,900,925,-25,AA,N984TW,1538,VPS,DFW,101,123,641,0,0
"2018-12-01",748,747,1,912,916,-4,MQ,N246NN,4116,TLH,DFW,126,144,767,0,0
"2018-12-01",751,755,-4,905,905,0,DL,N970DL,2770,TLH,ATL,42,74,223,0,0
"2018-12-01",826,831,-5,905,913,-8,OH,N555NN,5564,CLT,VPS,75,99,460,0,0
"2018-12-01",843,850,-7,1022,1028,-6,YX,N136HQ,4609,DCA,VPS,132,159,789,0,0
"2018-12-01",1036,905,91,1230,1105,85,EV,N12567,4310,VPS,IAH,99,114,528,0,0
"2018-12-01",939,943,-4,1227,1228,-1,OH,N555NN,5564,VPS,CLT,72,108,460,0,0
"2018-12-01",1008,1007,1,1036,1017,19,DL,N971DL,2029,ATL,ECP,50,88,240,0,0
"2018-12-01",1023,1026,-3,1138,1140,-2,"9E",N912XJ,3395,ATL,TLH,44,75,223,0,0
"2018-12-01",1055,1055,0,1244,1245,-1,WN,N789SW,3352,ECP,HOU,97,109,571,0,0
"2018-12-01",1054,1101,-7,1348,1413,-25,YX,N136HQ,4609,VPS,DCA,98,114,789,0,0
"2018-12-01",1149,1155,-6,1402,1410,-8,DL,N971DL,830,ECP,ATL,45,73,240,0,0
"2018-12-01",1211,1209,2,1243,1247,-4,EV,N716EV,2893,CLT,ECP,74,92,437,0,0
"2018-12-01",1421,1218,123,1550,1402,108,EV,N12567,3995,IAH,VPS,71,89,528,0,0
"2018-12-01",1220,1225,-5,1416,1419,-3,EV,N720EV,2895,DFW,ECP,83,116,685,0,0
"2018-12-01",1241,1245,-4,1254,1300,-6,DL,N892AT,1335,ATL,VPS,44,73,250,0,0
"2018-12-01",1317,1308,9,1411,1354,17,OH,N555NN,5500,CLT,VPS,75,114,460,0,0
"2018-12-01",1332,1330,2,1625,1549,36,EV,N716EV,2876,ECP,DFW,106,173,685,0,0
"2018-12-01",1331,1337,-6,1543,1550,-7,YV,N938LR,5740,VPS,DFW,109,132,641,0,0
"2018-12-01",1340,1340,0,1444,1442,2,DL,N929AT,2936,ATL,TLH,40,64,223,0,0
"2018-12-01",1425,1400,25,1422,1408,14,DL,N996DL,2506,ATL,ECP,44,57,240,0,0
"2018-12-01",1439,1429,10,1725,1714,11,OH,N555NN,5500,VPS,CLT,80,106,460,0,0
"2018-12-01",1449,1455,-6,1655,1657,-2,EV,N17560,4134,ECP,IAH,103,126,572,0,0
"2018-12-01",1502,1503,-1,1746,1744,2,EV,N720EV,2880,ECP,CLT,75,104,437,0,0
"2018-12-01",1523,1531,-8,1707,1704,3,OH,N719PS,5662,TLH,CLT,73,104,386,0,0
"2018-12-01",1615,1620,-5,1717,1719,-2,DL,N896AT,1813,ATL,TLH,49,62,223,0,0
"2018-12-01",1620,1621,-1,1810,1749,21,MQ,N243NN,4069,TLH,DFW,143,170,767,0,0
"2018-12-01",1630,1640,-10,1822,1827,-5,AA,N9626F,1445,DFW,VPS,84,112,641,0,0
"2018-12-01",1741,1705,36,1902,1820,42,WN,N786SW,2613,BNA,ECP,70,81,401,0,0
"2018-12-01",1739,1739,0,1831,1823,8,OH,N515AE,5709,CLT,VPS,87,112,460,0,0
"2018-12-01",1757,1755,2,1927,1929,-2,OH,N525EA,5188,CLT,TLH,72,90,386,0,0
"2018-12-01",1825,1830,-5,1915,1914,1,EV,N720EV,2890,CLT,ECP,76,110,437,0,0
"2018-12-01",1846,1849,-3,2033,2050,-17,EV,N717EV,2870,DFW,ECP,86,107,685,0,0
"2018-12-01",1853,1855,-2,2123,2136,-13,OH,N515AE,5709,VPS,CLT,71,90,460,0,0
"2018-10-31",1053,1100,-7,1145,1159,-14,DL,N979AT,489,ATL,TLH,35,52,223,0,0
"2018-10-31",1124,1131,-7,1148,1209,-21,EV,N600QX,2893,CLT,ECP,62,84,437,0,0
"2018-10-31",1153,1200,-7,1356,1412,-16,DL,N976DL,1733,ECP,ATL,42,63,240,0,0
"2018-10-31",1158,1200,-2,1338,1345,-7,G4,"309NV",1991,EWR,VPS,139,160,988,0,0
"2018-10-31",1212,1218,-6,1350,1359,-9,EV,N13975,3995,IAH,VPS,74,98,528,0,0
"2018-10-31",1230,1225,5,1447,1423,24,EV,N717EV,2895,DFW,ECP,88,137,685,0,0
"2018-10-31",1226,1231,-5,1343,1355,-12,MQ,N676AE,3663,TLH,MIA,62,77,402,0,0
"2018-10-31",1323,1305,18,1706,1610,56,MQ,N225NN,4069,DFW,TLH,120,163,767,0,0
"2018-10-31",1305,1307,-2,1346,1350,-4,OH,N558NN,5500,CLT,VPS,67,101,460,0,0
"2018-10-31",1410,1327,43,1731,1536,115,YV,N249LR,5740,VPS,DFW,103,201,641,0,0
"2018-10-31",1334,1342,-8,1341,1346,-5,DL,N911DE,2873,ATL,VPS,46,67,250,0,0
"2018-10-31",1350,1354,-4,1351,1350,1,DL,N908DE,2506,ATL,ECP,42,61,240,0,0
"2018-10-31",1422,1428,-6,1706,1714,-8,OH,N558NN,5500,VPS,CLT,70,104,460,0,0
"2018-10-31",1424,1435,-11,1740,1746,-6,G4,"309NV",1946,VPS,BWI,108,136,819,0,0
"2018-10-31",1426,1436,-10,1622,1642,-20,DL,N908DE,2506,ECP,ATL,40,56,240,0,0
"2018-10-31",1442,1455,-13,1639,1654,-15,YV,N86312,6035,ECP,IAH,94,117,572,0,0
"2018-10-31",1506,1510,-4,1508,1514,-6,DL,N904DE,2802,ATL,VPS,41,62,250,0,0
"2018-10-31",1522,1527,-5,1646,1705,-19,OH,N585NN,5662,TLH,CLT,61,84,386,0,0
"2018-10-31",1806,1610,116,1925,1737,108,OH,N561NN,5248,CLT,TLH,58,79,386,0,0
"2018-10-31",1657,1702,-5,1813,1827,-14,MQ,N676AE,3861,TLH,MIA,62,76,402,0,0
"2018-10-31",1728,1710,18,1911,1845,26,WN,N461WN,37,HOU,ECP,77,103,571,0,0
"2018-10-31",1716,1713,3,1708,1710,-2,DL,N949DL,1403,ATL,ECP,40,52,240,0,0
"2018-10-31",1751,1759,-8,1956,2011,-15,DL,N949DL,1403,ECP,ATL,40,65,240,0,0
"2018-10-31",819,1805,854,1009,1949,860,EV,N13538,4447,IAH,VPS,71,110,528,0,0
"2018-10-31",1754,1806,-12,1959,2028,-29,DL,N904DE,1167,VPS,ATL,43,65,250,0,0
"2018-10-31",2002,1808,114,2115,1940,95,OH,N561NN,5248,TLH,CLT,60,73,386,0,0
"2018-10-31",1828,1830,-2,1855,1915,-20,EV,N717EV,2890,CLT,ECP,64,87,437,0,0
"2018-10-31",1925,1850,35,2115,2054,21,EV,N616QX,2870,DFW,ECP,92,110,685,0,0
"2018-10-31",2007,1928,39,2119,2050,29,MQ,N650AE,3844,TLH,MIA,61,72,402,0,0
"2018-10-31",1934,1930,4,2043,2045,-2,WN,N7729A,546,BNA,ECP,60,69,401,0,0
"2018-10-31",1930,1930,0,2045,2050,-5,WN,N461WN,37,ECP,BNA,61,75,401,0,0
"2018-10-31",1950,1955,-5,2127,2133,-6,EV,N16561,4190,IAH,ECP,78,97,572,0,0
"2018-12-01",611,620,-9,829,840,-11,EV,N600QX,2889,ECP,DFW,114,138,685,0,0
"2018-12-01",624,630,-6,834,832,2,EV,N17560,3979,ECP,IAH,110,130,572,0,0
"2018-12-01",633,633,0,900,915,-15,OH,N592NN,5623,VPS,CLT,67,87,460,0,0
"2018-12-01",700,700,0,927,914,13,DL,N3732J,2430,ECP,ATL,55,87,240,0,0
"2018-12-01",728,730,-2,1000,942,18,DL,N904DL,2478,VPS,ATL,69,92,250,0,0
"2018-12-01",723,732,-9,1023,1015,8,EV,N615QX,2899,ECP,CLT,68,120,437,0,0
"2018-12-01",850,855,-5,1041,1100,-19,YX,N422YX,4626,TLH,DCA,92,111,716,0,0
"2018-12-01",851,855,-4,1018,1025,-7,OH,N563NN,5272,CLT,TLH,69,87,386,0,0
"2018-12-01",910,910,0,1028,1025,3,WN,N789SW,3352,BNA,ECP,61,78,401,0,0
"2018-12-01",902,910,-8,1013,1030,-17,WN,N726SW,683,ECP,BNA,58,71,401,0,0
"2018-12-01",916,932,-16,1130,1150,-20,YV,N906FJ,5725,VPS,DFW,108,134,641,0,0
"2018-12-01",950,950,0,959,1005,-6,DL,N946AT,794,ATL,VPS,47,69,250,0,0
"2018-12-01",1045,1049,-4,1250,1304,-14,DL,N946AT,794,VPS,ATL,41,65,250,0,0
"2018-12-01",1056,1058,-2,1225,1229,-4,OH,N563NN,5272,TLH,CLT,67,89,386,0,0
"2018-12-01",1057,1100,-3,1254,1258,-4,YV,N938LR,5740,DFW,VPS,83,117,641,0,0
"2018-12-01",1045,1100,-15,1244,1245,-1,G4,"309NV",1991,EWR,VPS,151,179,988,0,0
"2018-12-01",1156,1205,-9,1333,1350,-17,EV,N17560,4451,IAH,ECP,75,97,572,0,0
"2018-12-01",1208,1215,-7,1314,1330,-16,"9E",N912XJ,3395,TLH,ATL,42,66,223,0,0
"2018-12-01",1235,1235,0,1548,1539,9,MQ,N243NN,4069,DFW,TLH,107,133,767,0,0
"2018-12-01",1318,1325,-7,1442,1458,-16,OH,N719PS,5662,CLT,TLH,64,84,386,0,0
"2018-12-01",1356,1415,-19,1657,1719,-22,G4,"309NV",1946,VPS,BWI,104,121,819,0,0
"2018-12-01",1439,1439,0,1610,1601,9,MQ,N693AE,3861,MIA,TLH,67,91,402,0,0
"2018-12-01",1449,1450,-1,1612,1625,-13,WN,N7864B,105,HOU,ECP,75,83,571,0,0
"2018-12-01",1623,1505,78,1820,1704,76,EV,N12567,4165,VPS,IAH,94,117,528,0,0
"2018-12-01",1531,1537,-6,1643,1649,-6,DL,N929AT,2936,TLH,ATL,45,72,223,0,0
"2018-12-01",1539,1545,-6,1802,1804,-2,DL,N892AT,2844,VPS,ATL,53,83,250,0,0
"2018-12-01",1554,1605,-11,1814,1820,-6,DL,N996DL,1633,ECP,ATL,42,80,240,0,0
"2018-12-01",1625,1625,0,1633,1638,-5,DL,N988DL,946,ATL,VPS,48,68,250,0,0
"2018-12-01",1713,1655,18,1827,1815,12,WN,N7864B,105,ECP,BNA,64,74,401,0,0
"2018-12-01",1651,1706,-15,1801,1827,-26,MQ,N693AE,3861,TLH,MIA,59,70,402,0,0
"2018-12-01",1700,1710,-10,1957,1933,24,YX,N135HQ,4504,DCA,TLH,136,177,716,0,0
"2018-12-01",1728,1730,-2,1853,1857,-4,MQ,N684JW,3844,MIA,TLH,68,85,402,0,0
"2018-12-01",1752,1758,-6,1946,1915,31,DL,N896AT,1813,TLH,ATL,57,114,223,0,0
"2018-12-01",1754,1804,-10,1927,1920,7,G4,"309NV",1947,BWI,VPS,131,153,819,0,0
"2018-12-01",1847,1805,42,2030,1946,44,EV,N12567,4447,IAH,VPS,77,103,528,0,0
"2018-12-01",1921,1901,20,1921,1909,12,DL,N3758Y,2431,ATL,ECP,45,60,240,0,0
"2018-12-01",2020,1955,25,2200,2133,27,EV,N12569,4190,IAH,ECP,75,100,572,0,0
"2018-12-01",1914,1906,8,2041,2018,23,"9E",N341PQ,5242,ATL,TLH,60,87,223,0,0
"2018-12-01",1917,1929,-12,2034,2049,-15,MQ,N684JW,3844,TLH,MIA,60,77,402,0,0
"2018-12-01",2237,2241,-4,2321,2324,-3,OH,N548NN,5696,CLT,VPS,83,104,460,0,0
"2018-12-01",2036,2040,-4,2340,2344,-4,MQ,N226NN,4131,DFW,TLH,97,124,767,0,0
"2018-12-01",2223,2225,-2,2329,2329,0,DL,N984DL,1414,ATL,TLH,49,66,223,0,0
"2018-12-01",2234,2241,-7,2251,2255,-4,DL,N997DL,755,ATL,VPS,51,77,250,0,0
"2018-12-01",2239,2241,-2,2246,2249,-3,DL,N373DA,2303,ATL,ECP,46,67,240,0,0
"2018-12-02",559,600,-1,807,816,-9,DL,N373DA,1237,ECP,ATL,47,68,240,0,0
"2018-12-02",534,529,5,704,655,9,OH,N525EA,5584,TLH,CLT,74,90,386,0,0
"2018-12-02",651,600,51,857,804,53,DL,N997DL,2461,VPS,ATL,47,66,250,0,0
"2018-12-02",613,620,-7,821,840,-19,EV,N720EV,2889,ECP,DFW,107,128,685,0,0
"2018-12-02",648,650,-2,810,815,-5,MQ,N687JS,3663,MIA,TLH,64,82,402,0,0
"2018-12-02",630,630,0,826,832,-6,EV,N12569,3979,ECP,IAH,100,116,572,0,0
"2018-12-02",852,633,139,1112,915,117,OH,N548NN,5623,VPS,CLT,59,80,460,0,0
"2018-12-02",703,709,-6,912,918,-6,YX,N135HQ,4626,TLH,DCA,91,129,716,0,0
"2018-12-02",706,700,6,917,916,1,DL,N3758Y,2430,ECP,ATL,45,71,240,0,0
"2018-12-02",655,700,-5,759,805,-6,DL,N984DL,2770,TLH,ATL,44,64,223,0,0
"2018-12-02",705,700,5,847,849,-2,G4,"309NV",1902,VPS,BLV,85,102,587,0,0
"2018-12-02",730,732,-2,1015,1015,0,EV,N717EV,2899,ECP,CLT,73,105,437,0,0
"2018-12-02",741,747,-6,916,916,0,MQ,N226NN,4116,TLH,DFW,124,155,767,0,0
"2018-12-02",731,730,1,947,944,3,DL,N988DL,2478,VPS,ATL,45,76,250,0,0
"2018-12-02",827,831,-4,913,913,0,OH,N576NN,5564,CLT,VPS,77,106,460,0,0
"2018-12-02",847,850,-3,1019,1028,-9,YX,N418YX,4609,DCA,VPS,134,152,789,0,0
"2018-12-02",851,903,-12,1059,1025,34,MQ,N687JS,3663,TLH,MIA,106,128,402,0,0
"2018-12-02",854,855,-1,1016,1025,-9,OH,N567NN,5272,CLT,TLH,70,82,386,0,0
"2018-12-02",903,905,-2,1057,1105,-8,EV,N12567,4310,VPS,IAH,95,114,528,0,0
"2018-12-02",934,931,3,1141,1149,-8,AA,N9626F,1538,VPS,DFW,107,127,641,0,0
"2018-12-02",954,934,20,1137,1119,18,G4,"309NV",1903,BLV,VPS,86,103,587,0,0
"2018-12-02",949,952,-3,1001,1009,-8,DL,N992AT,794,ATL,VPS,52,72,250,0,0
"2018-12-02",940,943,-3,1247,1228,19,OH,N576NN,5564,VPS,CLT,78,127,460,0,0
"2018-12-02",1027,1025,2,1136,1141,-5,"9E",N928XJ,3452,ATL,TLH,44,69,223,0,0
"2018-12-02",952,956,-4,954,1007,-13,DL,N901DE,2029,ATL,ECP,42,62,240,0,0
"2018-12-02",1006,1016,-10,1129,1130,-1,"9E",N341PQ,3395,TLH,ATL,45,83,223,0,0
"2018-12-02",1048,1051,-3,1256,1303,-7,DL,N901DE,2029,ECP,ATL,43,68,240,0,0
"2018-12-02",1043,1049,-6,1248,1305,-17,DL,N992AT,794,VPS,ATL,42,65,250,0,0
"2018-12-02",1056,1058,-2,1232,1229,3,OH,N567NN,5272,TLH,CLT,67,96,386,0,0
"2018-12-02",1100,1100,0,1249,1258,-9,YV,N326MS,5740,DFW,VPS,77,109,641,0,0
"2018-12-02",1215,1218,-3,1349,1402,-13,EV,N15555,3995,IAH,VPS,75,94,528,0,0
"2018-12-02",1050,1101,-11,1355,1413,-18,YX,N418YX,4609,VPS,DCA,96,125,789,0,0
"2018-12-02",1123,1125,-2,1311,1315,-4,WN,N786SW,4572,ECP,HOU,96,108,571,0,0
"2018-12-02",1249,1205,44,1413,1350,23,EV,N14977,4451,IAH,ECP,73,84,572,0,0
"2018-12-02",1236,1209,27,1451,1413,38,G4,"309NV",1908,VPS,OKC,117,135,726,0,0
"2018-12-02",1157,1209,-12,1250,1247,3,EV,N615QX,2893,CLT,ECP,70,113,437,0,0
"2018-12-02",1218,1225,-7,1355,1419,-24,EV,N608QX,2895,DFW,ECP,80,97,685,0,0
"2018-12-02",1244,1250,-6,1251,1306,-15,DL,N955DL,1335,ATL,VPS,46,67,250,0,0
"2018-12-02",1232,1235,-3,1533,1539,-6,MQ,N231AN,4069,DFW,TLH,92,121,767,0,0
"2018-12-02",1323,1330,-7,1533,1549,-16,EV,N615QX,2876,ECP,DFW,110,130,685,0,0
"2018-12-02",1252,1300,-8,1407,1416,-9,"9E",N928XJ,3452,TLH,ATL,42,75,223,0,0
"2018-12-02",1318,1308,10,1406,1354,12,OH,N576NN,5500,CLT,VPS,72,108,460,0,0
"2018-12-02",1345,1325,20,1509,1458,11,OH,N502AE,5662,CLT,TLH,69,84,386,0,0
"2018-12-02",1329,1337,-8,1538,1550,-12,YV,N326MS,5740,VPS,DFW,110,129,641,0,0
"2018-12-02",1346,1349,-3,1442,1454,-12,DL,N955AT,2936,ATL,TLH,44,56,223,0,0
"2018-12-02",1437,1429,8,1714,1714,0,OH,N576NN,5500,VPS,CLT,73,97,460,0,0
"2018-12-02",1343,1350,-7,1548,1610,-22,DL,N955DL,1335,VPS,ATL,43,65,250,0,0
"2018-12-02",1355,1357,-2,1359,1406,-7,DL,N915DL,2506,ATL,ECP,43,64,240,0,0
"2018-12-02",1446,1450,-4,1651,1705,-14,DL,N915DL,2506,ECP,ATL,42,65,240,0,0
"2018-12-02",1432,1439,-7,1604,1601,3,MQ,N619AE,3861,MIA,TLH,71,92,402,0,0
"2018-12-02",1500,1459,1,1510,1515,-5,DL,N891AT,2844,ATL,VPS,44,70,250,0,0
"2018-12-02",1445,1455,-10,1640,1657,-17,EV,N14977,4134,ECP,IAH,95,115,572,0,0
"2018-12-02",1458,1505,-7,1651,1704,-13,EV,N15555,4165,VPS,IAH,97,113,528,0,0
"2018-12-02",1538,1458,40,1725,1650,35,G4,"309NV",1909,OKC,VPS,92,107,726,0,0
"2018-12-02",1455,1503,-8,1732,1744,-12,EV,N608QX,2880,ECP,CLT,74,97,437,0,0
"2018-12-02",1530,1537,-7,1627,1650,-23,DL,N955AT,2936,TLH,ATL,41,57,223,0,0
"2018-12-02",1729,1531,118,1850,1704,106,OH,N502AE,5662,TLH,CLT,65,81,386,0,0
"2018-12-02",1622,1614,8,1719,1715,4,DL,N992DL,1813,ATL,TLH,41,57,223,0,0
"2018-12-02",1558,1558,0,1809,1819,-10,DL,N891AT,2844,VPS,ATL,43,71,250,0,0
"2018-12-02",1614,1621,-7,1743,1749,-6,MQ,N231AN,4069,TLH,DFW,126,149,767,0,0
"2018-12-02",1639,1640,-1,1828,1831,-3,YV,N246LR,5906,DFW,VPS,77,109,641,0,0
"2018-12-02",1658,1706,-8,1815,1827,-12,MQ,N619AE,3861,TLH,MIA,64,77,402,0,0
"2018-12-02",1715,1700,15,1842,1835,7,WN,N7866A,3434,HOU,ECP,68,87,571,0,0
"2018-12-02",1714,1715,-1,1713,1722,-9,DL,N905DL,1403,ATL,ECP,44,59,240,0,0
"2018-12-02",1716,1722,-6,1726,1736,-10,DL,N952AT,1099,ATL,VPS,44,70,250,0,0
"2018-12-02",1729,1730,-1,1851,1857,-6,MQ,N618AE,3844,MIA,TLH,67,82,402,0,0
"2018-12-02",1739,1739,0,1813,1823,-10,OH,N550NN,5709,CLT,VPS,76,94,460,0,0
"2018-12-02",1758,1759,-1,1859,1910,-11,DL,N992DL,1813,TLH,ATL,41,61,223,0,0
"2018-12-02",1811,1816,-5,1925,1923,2,DL,N919AT,1787,ATL,TLH,45,74,223,0,0
"2018-12-02",1815,1805,10,2013,1946,27,EV,N15555,4447,IAH,VPS,68,118,528,0,0
"2018-12-02",1804,1806,-2,2023,2030,-7,DL,N905DL,1403,ECP,ATL,45,79,240,0,0
"2018-12-02",1822,1809,13,1959,1946,13,YX,N124HQ,4660,CLT,TLH,67,97,386,0,0
"2018-12-02",1814,1819,-5,2032,2049,-17,DL,N952AT,1099,VPS,ATL,47,78,250,0,0
"2018-12-02",1823,1830,-7,1907,1914,-7,EV,N608QX,2890,CLT,ECP,74,104,437,0,0
"2018-12-02",1904,1849,15,2050,2050,0,EV,N720EV,2870,DFW,ECP,81,106,685,0,0
"2018-12-02",1914,1905,9,2029,2025,4,WN,N7866A,3434,ECP,BNA,59,75,401,0,0
"2018-12-02",1850,1855,-5,2045,2051,-6,AA,N9681B,1445,DFW,VPS,80,115,641,0,0
"2018-12-02",1849,1855,-6,2121,2136,-15,OH,N550NN,5709,VPS,CLT,79,92,460,0,0
"2018-12-02",1901,1906,-5,2103,2124,-21,YV,N246LR,5906,VPS,DFW,105,122,641,0,0
"2018-12-02",1922,1925,-3,2038,2045,-7,WN,N901WN,2465,BNA,ECP,57,76,401,0,0
"2018-12-02",1919,1920,-1,1915,1930,-15,DL,N388DA,2431,ATL,ECP,42,56,240,0,0
"2018-12-02",1948,1955,-7,2122,2133,-11,EV,N14568,4190,IAH,ECP,74,94,572,0,0
"2018-12-02",1921,1929,-8,2049,2049,0,MQ,N618AE,3844,TLH,MIA,71,88,402,0,0
"2018-12-02",1937,1939,-2,1950,1949,1,DL,N947DL,2406,ATL,VPS,44,73,250,0,0
"2018-12-02",2019,2019,0,2152,2145,7,YX,N124HQ,4660,TLH,CLT,59,93,386,0,0
"2018-12-02",1952,2000,-8,2232,2224,8,YX,N444YX,4504,DCA,TLH,136,160,716,0,0
"2018-12-02",1959,2006,-7,2100,2119,-19,DL,N919AT,1787,TLH,ATL,46,61,223,0,0
"2018-12-02",2046,2049,-3,1059,2155,,DL,N962DL,854,ATL,TLH,,,223,0,1
"2018-12-02",2035,2040,-5,2340,2344,-4,MQ,N222NS,4131,DFW,TLH,93,125,767,0,0
"2018-12-02",2241,2241,0,2320,2324,-4,OH,N588NN,5696,CLT,VPS,79,99,460,0,0
"2018-12-02",2224,2230,-6,2220,2240,-20,DL,N3758Y,2303,ATL,ECP,42,56,240,0,0
"2018-12-02",2329,2232,57,141,3,98,OH,N710PS,5284,CLT,TLH,112,132,386,0,0
"2018-12-02",2239,2241,-2,2244,2256,-12,DL,N963DL,755,ATL,VPS,44,65,250,0,0
"2018-12-02",953,2241,672,1102,2345,677,DL,N961DL,1414,ATL,TLH,40,69,223,0,0
"2018-12-03",553,600,-7,754,816,-22,DL,N388DA,1237,ECP,ATL,40,61,240,0,0
"2018-12-03",528,529,-1,653,655,-2,OH,N710PS,5584,TLH,CLT,55,85,386,0,0
"2018-12-03",1138,540,358,1237,648,349,DL,N961DL,990,TLH,ATL,42,59,223,0,0
"2018-12-03",553,600,-7,750,804,-14,DL,N963DL,2461,VPS,ATL,41,57,250,0,0
"2018-12-03",612,620,-8,819,840,-21,EV,N720EV,2889,ECP,DFW,107,127,685,0,0
"2018-12-03",623,630,-7,822,832,-10,EV,N14568,3979,ECP,IAH,101,119,572,0,0
"2018-12-03",624,633,-9,845,915,-30,OH,N588NN,5623,VPS,CLT,57,81,460,0,0
"2018-12-03",649,650,-1,856,815,41,MQ,N697AB,3663,MIA,TLH,103,127,402,0,0
"2018-12-04",1007,1016,-9,1102,1130,-28,"9E",N134EV,3395,TLH,ATL,43,55,223,0,0
"2018-12-03",658,702,-4,841,858,-17,YV,N942LR,5725,DFW,VPS,83,103,641,0,0
"2018-12-03",706,706,0,926,925,1,AA,N9681B,1538,VPS,DFW,105,140,641,0,0
"2018-12-03",659,709,-10,910,918,-8,YX,N444YX,4626,TLH,DCA,85,131,716,0,0
"2018-12-03",724,730,-6,932,944,-12,DL,N947DL,2478,VPS,ATL,42,68,250,0,0
"2018-12-03",736,740,-4,850,900,-10,WN,N901WN,1837,ECP,BNA,59,74,401,0,0
"2018-12-03",741,747,-6,902,916,-14,MQ,N222NS,4116,TLH,DFW,123,141,767,0,0
"2018-12-03",755,800,-5,908,915,-7,WN,N7708E,1251,BNA,ECP,62,73,401,0,0
"2018-12-03",829,831,-2,919,913,6,OH,N562NN,5564,CLT,VPS,85,110,460,0,0
"2018-12-03",843,850,-7,1035,1028,7,YX,N431YX,4609,DCA,VPS,138,172,789,0,0
"2018-12-03",921,903,18,1045,1025,20,MQ,N697AB,3663,TLH,MIA,68,84,402,0,0
"2018-12-03",924,932,-8,1154,1150,4,YV,N942LR,5725,VPS,DFW,105,150,641,0,0
"2018-12-03",955,945,10,1144,1140,4,WN,N7708E,1251,ECP,HOU,98,109,571,0,0
"2018-12-03",949,952,-3,1004,1009,-5,DL,N993AT,794,ATL,VPS,52,75,250,0,0
"2018-12-03",1255,953,182,1450,1151,179,G4,"234NV",1915,MCI,VPS,101,115,764,0,0
"2018-12-03",954,956,-2,957,1007,-10,DL,N382DA,2029,ATL,ECP,46,63,240,0,0
"2018-12-03",1008,1016,-8,1114,1130,-16,"9E",N300PQ,3395,TLH,ATL,44,66,223,0,0
"2018-12-03",1045,1049,-4,1258,1305,-7,DL,N993AT,794,VPS,ATL,46,73,250,0,0
"2018-12-03",1055,1100,-5,1244,1251,-7,AA,N9620D,2622,DFW,VPS,81,109,641,0,0
"2018-12-03",1053,1101,-8,1405,1413,-8,YX,N431YX,4609,VPS,DCA,91,132,789,0,0
"2018-12-03",1209,1205,4,1358,1350,8,EV,N13913,4451,IAH,ECP,75,109,572,0,0
"2018-12-03",1413,1300,73,1523,1417,66,DL,N939AT,921,TLH,ATL,43,70,223,0,0
"2018-12-03",1309,1308,1,1348,1354,-6,OH,N562NN,5500,CLT,VPS,85,99,460,0,0
"2018-12-03",1357,1325,32,1512,1458,14,OH,N565NN,5662,CLT,TLH,65,75,386,0,0
"2018-12-03",1344,1330,14,1557,1549,8,EV,N600QX,2876,ECP,DFW,116,133,685,0,0
"2018-12-03",1343,1349,-6,1444,1454,-10,DL,N896AT,2936,ATL,TLH,41,61,223,0,0
"2018-12-03",1445,1357,48,1446,1406,40,DL,N3744F,2506,ATL,ECP,47,61,240,0,0
"2018-12-03",1455,1459,-4,1515,1515,0,DL,N983AT,2844,ATL,VPS,64,80,250,0,0
"2018-12-03",1455,1505,-10,1651,1704,-13,EV,N17560,4165,VPS,IAH,95,116,528,0,0
"2018-12-03",1553,1558,-5,1759,1819,-20,DL,N983AT,2844,VPS,ATL,42,66,250,0,0
"2018-12-03",1609,1614,-5,1704,1715,-11,DL,N965DL,1813,ATL,TLH,39,55,223,0,0
"2018-12-03",1616,1621,-5,1741,1749,-8,MQ,N237NN,4069,TLH,DFW,130,145,767,0,0
"2018-12-03",1721,1725,-4,1848,1900,-12,WN,N406WN,37,HOU,ECP,72,87,571,0,0
"2018-12-03",1737,1748,-11,1828,1841,-13,G4,"261NV",1342,CVG,VPS,97,111,600,0,0
"2018-12-03",1802,1805,-3,1942,1946,-4,EV,N11189,4447,IAH,VPS,70,100,528,0,0
"2018-12-03",1755,1806,-11,2006,2030,-24,DL,N905DE,1403,ECP,ATL,40,71,240,0,0
"2018-12-03",1812,1809,3,1943,1948,-5,OH,N534EA,5331,CLT,TLH,69,91,386,0,0
"2018-12-03",1808,1815,-7,1930,1946,-16,OH,N547NN,5248,TLH,CLT,55,82,386,0,0
"2018-12-03",1823,1830,-7,1857,1914,-17,EV,N616QX,2890,CLT,ECP,75,94,437,0,0
"2018-12-03",1842,1849,-7,2029,2050,-21,EV,N600QX,2870,DFW,ECP,84,107,685,0,0
"2018-12-03",1921,1926,-5,2154,2213,-19,G4,"261NV",1343,VPS,CVG,77,93,600,0,0
"2018-12-03",1917,1929,-12,2035,2049,-14,MQ,N676AE,3844,TLH,MIA,65,78,402,0,0
"2018-12-03",1924,1930,-6,2034,2050,-16,WN,N406WN,37,ECP,BNA,58,70,401,0,0
"2018-12-03",1930,1935,-5,2042,2055,-13,WN,N788SA,414,BNA,ECP,58,72,401,0,0
"2018-12-03",1936,1939,-3,1940,1949,-9,DL,N979DL,2406,ATL,VPS,45,64,250,0,0
"2018-12-03",1949,2000,-11,2212,2224,-12,YX,N444YX,4504,DCA,TLH,115,143,716,0,0
"2018-12-03",1954,2006,-12,2055,2119,-24,DL,N952AT,1787,TLH,ATL,44,61,223,0,0
"2018-12-03",2225,2230,-5,2223,2240,-17,DL,N3744F,2303,ATL,ECP,42,58,240,0,0
"2018-12-04",555,600,-5,758,816,-18,DL,N3753,1237,ECP,ATL,41,63,240,0,0
"2018-12-04",604,620,-16,836,840,-4,EV,N600QX,2889,ECP,DFW,109,152,685,0,0
"2018-12-04",648,650,-2,810,815,-5,MQ,N928AE,3663,MIA,TLH,62,82,402,0,0
"2018-12-04",657,709,-12,845,918,-33,YX,N444YX,4626,TLH,DCA,86,108,716,0,0
"2018-12-04",723,732,-9,1007,1015,-8,EV,N616QX,2899,ECP,CLT,59,104,437,0,0
"2018-12-04",825,830,-5,920,941,-21,"9E",N134EV,3395,ATL,TLH,38,55,223,0,0
"2018-12-04",855,855,0,1021,1025,-4,OH,N564NN,5272,CLT,TLH,71,86,386,0,0
"2018-12-04",907,903,4,1030,1025,5,MQ,N928AE,3663,TLH,MIA,63,83,402,0,0
"2018-12-04",948,945,3,1129,1140,-11,WN,N946WN,1251,ECP,HOU,92,101,571,0,0
"2018-12-04",948,952,-4,959,1009,-10,DL,N956AT,794,ATL,VPS,47,71,250,0,0
"2018-12-03",655,700,-5,900,916,-16,DL,N3758Y,2430,ECP,ATL,42,65,240,0,0
"2018-12-03",1156,700,296,1306,805,301,DL,N962DL,2770,TLH,ATL,45,70,223,0,0
"2018-12-03",1010,700,190,1220,908,192,G4,"234NV",1914,VPS,MCI,113,130,764,0,0
"2018-12-03",724,732,-8,1004,1015,-11,EV,N608QX,2899,ECP,CLT,61,100,437,0,0
"2018-12-03",828,830,-2,930,941,-11,"9E",N300PQ,3395,ATL,TLH,44,62,223,0,0
"2018-12-03",852,855,-3,1008,1025,-17,OH,N589NN,5272,CLT,TLH,63,76,386,0,0
"2018-12-03",855,905,-10,1108,1105,3,EV,N15555,4310,VPS,IAH,107,133,528,0,0
"2018-12-03",944,943,1,1224,1228,-4,OH,N562NN,5564,VPS,CLT,68,100,460,0,0
"2018-12-03",1052,1051,1,1252,1303,-11,DL,N382DA,2029,ECP,ATL,43,60,240,0,0
"2018-12-03",1049,1058,-9,1219,1229,-10,OH,N589NN,5272,TLH,CLT,61,90,386,0,0
"2018-12-03",1229,1112,77,1338,1221,77,DL,N939AT,921,ATL,TLH,45,69,223,0,0
"2018-12-03",1223,1209,14,1306,1247,19,EV,N600QX,2893,CLT,ECP,77,103,437,0,0
"2018-12-03",1223,1218,5,1418,1402,16,EV,N17560,3995,IAH,VPS,71,115,528,0,0
"2018-12-03",1223,1225,-2,1413,1419,-6,EV,N616QX,2895,DFW,ECP,84,110,685,0,0
"2018-12-03",1229,1235,-6,1529,1539,-10,MQ,N237NN,4069,DFW,TLH,92,120,767,0,0
"2018-12-03",1247,1250,-3,1259,1306,-7,DL,N907DL,1335,ATL,VPS,47,72,250,0,0
"2018-12-03",1335,1335,0,1601,1550,11,AA,N9620D,2622,VPS,DFW,109,146,641,0,0
"2018-12-03",1349,1350,-1,1550,1610,-20,DL,N907DL,1335,VPS,ATL,39,61,250,0,0
"2018-12-03",1423,1429,-6,1704,1714,-10,OH,N562NN,5500,VPS,CLT,63,101,460,0,0
"2018-12-03",1537,1439,58,1708,1601,67,MQ,N689EC,3861,MIA,TLH,69,91,402,0,0
"2018-12-03",1524,1450,34,1716,1705,11,DL,N3744F,2506,ECP,ATL,38,52,240,0,0
"2018-12-03",1449,1455,-6,1648,1657,-9,EV,N13913,4134,ECP,IAH,100,119,572,0,0
"2018-12-03",1446,1503,-17,1716,1744,-28,EV,N616QX,2880,ECP,CLT,59,90,437,0,0
"2018-12-03",1544,1531,13,1713,1704,9,OH,N565NN,5662,TLH,CLT,58,89,386,0,0
"2018-12-03",1530,1537,-7,1636,1650,-14,DL,N896AT,2936,TLH,ATL,45,66,223,0,0
"2018-12-03",1606,1610,-4,1738,1745,-7,OH,N547NN,5248,CLT,TLH,71,92,386,0,0
"2018-12-03",1821,1706,75,1954,1827,87,MQ,N689EC,3861,TLH,MIA,66,93,402,0,0
"2018-12-03",1710,1715,-5,1708,1722,-14,DL,N905DE,1403,ATL,ECP,41,58,240,0,0
"2018-12-03",1722,1722,0,1727,1736,-9,DL,N993AT,1099,ATL,VPS,46,65,250,0,0
"2018-12-03",1724,1730,-6,1853,1857,-4,MQ,N676AE,3844,MIA,TLH,67,89,402,0,0
"2018-12-03",1735,1739,-4,1814,1823,-9,OH,N558NN,5709,CLT,VPS,81,99,460,0,0
"2018-12-03",1758,1759,-1,1856,1910,-14,DL,N965DL,1813,TLH,ATL,44,58,223,0,0
"2018-12-03",1814,1816,-2,1916,1923,-7,DL,N952AT,1787,ATL,TLH,40,62,223,0,0
"2018-12-03",1813,1819,-6,2023,2049,-26,DL,N993AT,1099,VPS,ATL,43,70,250,0,0
"2018-12-03",1851,1855,-4,2034,2051,-17,AA,N7541A,1445,DFW,VPS,78,103,641,0,0
"2018-12-03",1918,1920,-2,1917,1930,-13,DL,N3753,2431,ATL,ECP,45,59,240,0,0
"2018-12-03",1951,1955,-4,2123,2133,-10,EV,N13989,4190,IAH,ECP,73,92,572,0,0
"2018-12-03",2110,2040,30,2,2344,18,MQ,N242NN,4131,DFW,TLH,89,112,767,0,0
"2018-12-03",2045,2049,-4,2138,2155,-17,DL,N901DE,854,ATL,TLH,38,53,223,0,0
"2018-12-03",2238,2241,-3,2259,2256,3,DL,N993DL,755,ATL,VPS,47,81,250,0,0
"2018-12-03",2237,2241,-4,2334,2345,-11,DL,N998DL,1414,ATL,TLH,40,57,223,0,0
"2018-12-04",523,529,-6,639,655,-16,OH,N534EA,5584,TLH,CLT,59,76,386,0,0
"2018-12-04",535,540,-5,638,648,-10,DL,N998DL,990,TLH,ATL,44,63,223,0,0
"2018-12-04",557,600,-3,802,804,-2,DL,N993DL,2461,VPS,ATL,43,65,250,0,0
"2018-12-04",622,630,-8,820,832,-12,EV,N13989,3979,ECP,IAH,101,118,572,0,0
"2018-12-04",627,633,-6,900,915,-15,OH,N558NN,5623,VPS,CLT,58,93,460,0,0
"2018-12-04",717,700,17,914,916,-2,DL,N3744F,2430,ECP,ATL,41,57,240,0,0
"2018-12-04",655,700,-5,759,805,-6,DL,N901DE,2770,TLH,ATL,45,64,223,0,0
"2018-12-04",700,706,-6,922,925,-3,AA,N7541A,1538,VPS,DFW,113,142,641,0,0
"2018-12-04",726,730,-4,929,944,-15,DL,N979DL,2478,VPS,ATL,43,63,250,0,0
"2018-12-04",733,740,-7,845,900,-15,WN,N788SA,1837,ECP,BNA,62,72,401,0,0
"2018-12-04",741,747,-6,907,916,-9,MQ,N242NN,4116,TLH,DFW,127,146,767,0,0
"2018-12-04",755,800,-5,915,915,0,WN,N946WN,1251,BNA,ECP,62,80,401,0,0
"2018-12-04",828,831,-3,913,913,0,OH,N593NN,5564,CLT,VPS,90,105,460,0,0
"2018-12-04",845,850,-5,1035,1028,7,YX,N134HQ,4609,DCA,VPS,132,170,789,0,0
"2018-12-04",855,905,-10,1052,1105,-13,EV,N11189,4310,VPS,IAH,95,117,528,0,0
"2018-12-04",941,943,-2,1214,1228,-14,OH,N593NN,5564,VPS,CLT,61,93,460,0,0
"2018-12-04",952,956,-4,955,1007,-12,DL,N957DL,2029,ATL,ECP,42,63,240,0,0
"2018-12-04",1046,1051,-5,1248,1303,-15,DL,N957DL,2029,ECP,ATL,41,62,240,0,0
"2018-12-04",1046,1049,-3,1255,1305,-10,DL,N956AT,794,VPS,ATL,45,69,250,0,0
"2018-12-04",1106,1100,6,1248,1251,-3,AA,N9616G,2622,DFW,VPS,79,102,641,0,0
"2018-12-04",1053,1058,-5,1220,1229,-9,OH,N564NN,5272,TLH,CLT,57,87,386,0,0
"2018-12-04",1058,1101,-3,1410,1413,-3,YX,N134HQ,4609,VPS,DCA,100,132,789,0,0
"2018-12-04",1203,1209,-6,1238,1247,-9,EV,N738EV,2893,CLT,ECP,71,95,437,0,0
"2018-12-04",1108,1112,-4,1204,1221,-17,DL,N998AT,921,ATL,TLH,39,56,223,0,0
"2018-12-04",1204,1205,-1,1407,1350,17,EV,N22909,4451,IAH,ECP,79,123,572,0,0
"2018-12-04",1218,1218,0,1415,1402,13,EV,N17108,3995,IAH,VPS,72,117,528,0,0
"2018-12-04",1233,1235,-2,1525,1539,-14,MQ,N237NN,4069,DFW,TLH,89,112,767,0,0
"2018-12-04",1221,1225,-4,1409,1419,-10,EV,N717EV,2895,DFW,ECP,82,108,685,0,0
"2018-12-04",1238,1250,-12,1244,1306,-22,DL,N960DL,1335,ATL,VPS,47,66,250,0,0
"2018-12-04",1305,1308,-3,1355,1354,1,OH,N593NN,5500,CLT,VPS,83,110,460,0,0
"2018-12-04",1257,1300,-3,1355,1417,-22,DL,N998AT,921,TLH,ATL,44,58,223,0,0
"2018-12-04",1323,1330,-7,1534,1549,-15,EV,N738EV,2876,ECP,DFW,109,131,685,0,0
"2018-12-04",1319,1325,-6,1445,1458,-13,OH,N501BG,5662,CLT,TLH,68,86,386,0,0
"2018-12-04",1323,1335,-12,1523,1550,-27,AA,N9616G,2622,VPS,DFW,103,120,641,0,0
"2018-12-04",1348,1349,-1,1448,1454,-6,DL,N956AT,2936,ATL,TLH,40,60,223,0,0
"2018-12-04",1347,1350,-3,1545,1610,-25,DL,N960DL,1335,VPS,ATL,42,58,250,0,0
"2018-12-04",1355,1357,-2,1400,1406,-6,DL,N902DE,2506,ATL,ECP,45,65,240,0,0
"2018-12-04",1427,1429,-2,1703,1714,-11,OH,N593NN,5500,VPS,CLT,66,96,460,0,0
"2018-12-04",1429,1439,-10,1546,1601,-15,MQ,N674RJ,3861,MIA,TLH,63,77,402,0,0
"2018-12-04",1449,1455,-6,1650,1657,-7,EV,N22909,4134,ECP,IAH,100,121,572,0,0
"2018-12-04",1447,1450,-3,1649,1705,-16,DL,N902DE,2506,ECP,ATL,40,62,240,0,0
"2018-12-04",1527,1531,-4,1657,1704,-7,OH,N501BG,5662,TLH,CLT,60,90,386,0,0
"2018-12-04",1457,1459,-2,1506,1515,-9,DL,N927AT,2844,ATL,VPS,50,69,250,0,0
"2018-12-04",1454,1503,-9,1723,1744,-21,EV,N717EV,2880,ECP,CLT,69,89,437,0,0
"2018-12-04",1502,1505,-3,1701,1704,-3,EV,N17108,4165,VPS,IAH,96,119,528,0,0
"2018-12-04",1551,1558,-7,1756,1819,-23,DL,N927AT,2844,VPS,ATL,43,65,250,0,0
"2018-12-04",1532,1537,-5,1631,1650,-19,DL,N956AT,2936,TLH,ATL,45,59,223,0,0
"2018-12-04",1747,1739,8,1825,1823,2,OH,N571NN,5709,CLT,VPS,77,98,460,0,0
"2018-12-04",1606,1610,-4,1730,1745,-15,OH,N568NN,5248,CLT,TLH,64,84,386,0,0
"2018-12-04",1613,1614,-1,1705,1715,-10,DL,N916DL,1813,ATL,TLH,37,52,223,0,0
"2018-12-04",1611,1621,-10,1734,1749,-15,MQ,N237NN,4069,TLH,DFW,120,143,767,0,0
"2018-12-04",1659,1706,-7,1821,1827,-6,MQ,N674RJ,3861,TLH,MIA,64,82,402,0,0
"2018-12-04",1711,1715,-4,1709,1722,-13,DL,N954DL,1403,ATL,ECP,43,58,240,0,0
"2018-12-04",1717,1722,-5,1719,1736,-17,DL,N955AT,1099,ATL,VPS,46,62,250,0,0
"2018-12-04",1721,1725,-4,1853,1900,-7,WN,N497WN,37,HOU,ECP,77,92,571,0,0
"2018-12-04",1722,1730,-8,1852,1857,-5,MQ,N680AE,3844,MIA,TLH,63,90,402,0,0
"2018-12-04",1744,1759,-15,1838,1910,-32,DL,N916DL,1813,TLH,ATL,41,54,223,0,0
"2018-12-04",1804,1809,-5,1938,1948,-10,OH,N537EA,5331,CLT,TLH,71,94,386,0,0
"2018-12-04",1758,1805,-7,1930,1946,-16,EV,N14991,4447,IAH,VPS,75,92,528,0,0
"2018-12-04",1812,1816,-4,1911,1923,-12,DL,N892AT,1787,ATL,TLH,39,59,223,0,0
"2018-12-04",1758,1806,-8,2020,2030,-10,DL,N954DL,1403,ECP,ATL,44,82,240,0,0
"2018-12-04",1803,1815,-12,1925,1946,-21,OH,N568NN,5248,TLH,CLT,60,82,386,0,0
"2018-12-04",1814,1819,-5,2032,2049,-17,DL,N955AT,1099,VPS,ATL,44,78,250,0,0
"2018-12-04",1918,1855,23,2048,2051,-3,AA,N9630A,1445,DFW,VPS,75,90,641,0,0
"2018-12-04",1823,1830,-7,1858,1914,-16,EV,N717EV,2890,CLT,ECP,69,95,437,0,0
"2018-12-04",1846,1849,-3,2045,2050,-5,EV,N738EV,2870,DFW,ECP,82,119,685,0,0
"2018-12-04",1946,1955,-9,2112,2133,-21,EV,N11547,4190,IAH,ECP,70,86,572,0,0
"2018-12-04",1920,1920,0,1917,1930,-13,DL,N3753,2431,ATL,ECP,42,57,240,0,0
"2018-12-04",1928,1929,-1,2049,2049,0,MQ,N680AE,3844,TLH,MIA,62,81,402,0,0
"2018-12-04",1925,1930,-5,2039,2050,-11,WN,N497WN,37,ECP,BNA,62,74,401,0,0
"2018-12-04",1929,1935,-6,2041,2055,-14,WN,N295WN,414,BNA,ECP,59,72,401,0,0
"2018-12-04",1932,1939,-7,1943,1949,-6,DL,N900DE,2406,ATL,VPS,47,71,250,0,0
"2018-12-04",2046,2049,-3,2133,2155,-22,DL,N971DL,854,ATL,TLH,37,47,223,0,0
"2018-12-04",1956,2000,-4,2241,2224,17,YX,N445YX,4504,DCA,TLH,114,165,716,0,0
"2018-12-04",1956,2006,-10,2116,2119,-3,DL,N892AT,1787,TLH,ATL,45,80,223,0,0
"2018-12-04",2036,2040,-4,2333,2344,-11,MQ,N245NN,4131,DFW,TLH,85,117,767,0,0
"2018-12-04",2227,2230,-3,2235,2240,-5,DL,N3745B,2303,ATL,ECP,46,68,240,0,0
"2018-12-05",552,600,-8,749,816,-27,DL,N3745B,1237,ECP,ATL,42,57,240,0,0
"2018-12-04",2246,2241,5,2342,2345,-3,DL,N999DN,1414,ATL,TLH,39,56,223,0,0
"2018-12-04",2226,2241,-15,2239,2256,-17,DL,N951DL,755,ATL,VPS,46,73,250,0,0
"2018-12-05",528,529,-1,644,655,-11,OH,N537EA,5584,TLH,CLT,54,76,386,0,0
"2018-12-05",537,540,-3,634,648,-14,DL,N999DN,990,TLH,ATL,40,57,223,0,0
"2018-12-05",612,620,-8,825,840,-15,EV,N717EV,2889,ECP,DFW,110,133,685,0,0
"2018-12-05",555,600,-5,808,804,4,DL,N951DL,2461,VPS,ATL,42,73,250,0,0
"2018-12-05",626,630,-4,1031,1000,31,G4,"309NV",1990,VPS,EWR,114,185,988,0,0
"2018-12-05",625,630,-5,846,832,14,EV,N11547,3979,ECP,IAH,105,141,572,0,0
"2018-12-05",700,650,10,817,815,2,MQ,N697AB,3663,MIA,TLH,63,77,402,0,0
"2018-12-05",633,633,0,930,915,15,OH,N571NN,5623,VPS,CLT,60,117,460,0,0
"2018-12-05",701,709,-8,901,918,-17,YX,N445YX,4626,TLH,DCA,91,120,716,0,0
"2018-12-05",657,700,-3,903,916,-13,DL,N3753,2430,ECP,ATL,45,66,240,0,0
"2018-12-05",658,700,-2,758,805,-7,DL,N971DL,2770,TLH,ATL,44,60,223,0,0
"2018-12-05",653,706,-13,927,925,2,AA,N9630A,1538,VPS,DFW,116,154,641,0,0
"2018-12-05",722,730,-8,937,944,-7,DL,N900DE,2478,VPS,ATL,45,75,250,0,0
"2018-12-05",736,740,-4,853,900,-7,WN,N295WN,1837,ECP,BNA,64,77,401,0,0
"2018-12-05",726,732,-6,1003,1015,-12,EV,N738EV,2899,ECP,CLT,68,97,437,0,0
"2018-12-05",738,747,-9,916,916,0,MQ,N245NN,4116,TLH,DFW,133,158,767,0,0
"2018-12-05",754,800,-6,941,915,26,WN,N406WN,1251,BNA,ECP,57,107,401,0,0
"2018-12-05",828,830,-2,927,941,-14,"9E",N915XJ,3395,ATL,TLH,39,59,223,0,0
"2018-12-05",826,831,-5,908,913,-5,OH,N572NN,5564,CLT,VPS,86,102,460,0,0
"2018-12-05",850,855,-5,1012,1025,-13,OH,N573NN,5272,CLT,TLH,66,82,386,0,0
"2018-12-05",842,850,-8,1030,1028,2,YX,N416YX,4609,DCA,VPS,130,168,789,0,0
"2018-12-05",854,903,-9,1013,1025,-12,MQ,N697AB,3663,TLH,MIA,62,79,402,0,0
"2018-12-05",857,905,-8,1101,1105,-4,EV,N14991,4310,VPS,IAH,102,124,528,0,0
"2018-12-05",1009,945,24,1158,1140,18,WN,N406WN,1251,ECP,HOU,96,109,571,0,0
"2018-12-05",933,943,-10,1206,1228,-22,OH,N572NN,5564,VPS,CLT,63,93,460,0,0
"2018-12-05",957,956,1,959,1007,-8,DL,N955DL,2029,ATL,ECP,42,62,240,0,0
"2018-12-05",948,952,-4,949,1009,-20,DL,N967AT,794,ATL,VPS,45,61,250,0,0
"2018-12-05",1014,1016,-2,1115,1130,-15,"9E",N915XJ,3395,TLH,ATL,44,61,223,0,0
"2018-12-05",1046,1051,-5,1302,1303,-1,DL,N955DL,2029,ECP,ATL,49,76,240,0,0
"2018-12-05",1041,1049,-8,1302,1305,-3,DL,N967AT,794,VPS,ATL,48,81,250,0,0
"2018-12-05",1104,1058,6,1226,1229,-3,OH,N573NN,5272,TLH,CLT,59,82,386,0,0
"2018-12-05",1110,1112,-2,1216,1221,-5,DL,N981AT,921,ATL,TLH,38,66,223,0,0
"2018-12-05",1208,1100,68,1341,1251,50,AA,N9618A,2622,DFW,VPS,80,93,641,0,0
"2018-12-05",1110,1100,10,1319,1245,34,G4,"309NV",1991,EWR,VPS,153,189,988,0,0
"2018-12-05",1053,1101,-8,1357,1413,-16,YX,N416YX,4609,VPS,DCA,99,124,789,0,0
"2018-12-06",1436,1439,-3,1559,1601,-2,MQ,N618AE,3861,MIA,TLH,67,83,402,0,0
"2018-12-05",1204,1205,-1,1337,1350,-13,EV,N11536,4451,IAH,ECP,72,93,572,0,0
"2018-12-05",1209,1218,-9,1344,1402,-18,EV,N11551,3995,IAH,VPS,73,95,528,0,0
"2018-12-05",1223,1225,-2,1403,1419,-16,EV,N717EV,2895,DFW,ECP,79,100,685,0,0
"2018-12-05",1231,1235,-4,1527,1539,-12,MQ,N220NN,4069,DFW,TLH,88,116,767,0,0
"2018-12-05",1257,1300,-3,1406,1417,-11,DL,N981AT,921,TLH,ATL,46,69,223,0,0
"2018-12-05",1303,1308,-5,1334,1354,-20,OH,N559NN,5500,CLT,VPS,77,91,460,0,0
"2018-12-05",1419,1335,44,1621,1550,31,AA,N9618A,2622,VPS,DFW,103,122,641,0,0
"2018-12-05",1406,1415,-9,1708,1719,-11,G4,"309NV",1946,VPS,BWI,104,122,819,0,0
"2018-12-05",1431,1439,-8,1554,1601,-7,MQ,N689EC,3861,MIA,TLH,64,83,402,0,0
"2018-12-05",1528,1531,-3,1702,1704,-2,OH,N723PS,5662,TLH,CLT,63,94,386,0,0
"2018-12-05",1531,1537,-6,1631,1650,-19,DL,N967AT,2936,TLH,ATL,43,60,223,0,0
"2018-12-05",1610,1610,0,1739,1745,-6,OH,N562NN,5248,CLT,TLH,72,89,386,0,0
"2018-12-05",1634,1640,-6,1826,1831,-5,YV,N930LR,5906,DFW,VPS,78,112,641,0,0
"2018-12-05",1729,1725,4,1901,1900,1,WN,N246LV,37,HOU,ECP,73,92,571,0,0
"2018-12-05",1802,1805,-3,1926,1946,-20,EV,N14907,4447,IAH,VPS,71,84,528,0,0
"2018-12-05",1802,1806,-4,2011,2030,-19,DL,N947DL,1403,ECP,ATL,47,69,240,0,0
"2018-12-05",1817,1815,2,1938,1946,-8,OH,N562NN,5248,TLH,CLT,60,81,386,0,0
"2018-12-05",1904,1849,15,2043,2050,-7,EV,N720EV,2870,DFW,ECP,78,99,685,0,0
"2018-12-05",1850,1911,-21,2117,2129,-12,YV,N930LR,5906,VPS,DFW,116,147,641,0,0
"2018-12-05",1929,1930,-1,2049,2050,-1,WN,N246LV,37,ECP,BNA,68,80,401,0,0
"2018-12-05",1936,1939,-3,1938,1949,-11,DL,N962DL,2406,ATL,VPS,43,62,250,0,0
"2018-12-05",1951,1955,-4,2123,2133,-10,EV,N16987,4190,IAH,ECP,76,92,572,0,0
"2018-12-05",2004,2019,-15,2128,2145,-17,YX,N126HQ,4660,TLH,CLT,61,84,386,0,0
"2018-12-05",2035,2040,-5,2331,2344,-13,MQ,N241NN,4131,DFW,TLH,92,116,767,0,0
"2018-12-05",2045,2049,-4,2138,2155,-17,DL,N989DL,854,ATL,TLH,36,53,223,0,0
"2018-12-05",2345,2232,73,103,3,60,OH,N534EA,5284,CLT,TLH,61,78,386,0,0
"2018-12-06",600,600,0,855,816,39,DL,N373DA,1237,ECP,ATL,45,115,240,0,0
"2018-12-06",611,620,-9,859,840,19,EV,N720EV,2889,ECP,DFW,120,168,685,0,0
"2018-12-06",630,633,-3,858,915,-17,OH,N583NN,5623,VPS,CLT,62,88,460,0,0
"2018-12-06",640,650,-10,804,815,-11,MQ,N674RJ,3663,MIA,TLH,65,84,402,0,0
"2018-12-06",656,702,-6,846,858,-12,YV,N955LR,5725,DFW,VPS,78,110,641,0,0
"2018-12-06",656,706,-10,927,925,2,AA,N979TW,1538,VPS,DFW,116,151,641,0,0
"2018-12-06",657,709,-12,915,918,-3,YX,N115HQ,4626,TLH,DCA,100,138,716,0,0
"2018-12-06",735,740,-5,851,900,-9,WN,N900WN,1837,ECP,BNA,66,76,401,0,0
"2018-12-06",,747,,,916,,MQ,N241NN,4116,TLH,DFW,,,767,1,0
"2018-12-06",824,831,-7,908,913,-5,OH,N562NN,5564,CLT,VPS,77,104,460,0,0
"2018-12-06",846,850,-4,1028,1028,0,YX,N430YX,4609,DCA,VPS,120,162,789,0,0
"2018-12-06",859,903,-4,1020,1025,-5,MQ,N674RJ,3663,TLH,MIA,64,81,402,0,0
"2018-12-06",931,932,-1,1152,1150,2,YV,N955LR,5725,VPS,DFW,117,141,641,0,0
"2018-12-06",950,934,16,1122,1119,3,G4,"309NV",1903,BLV,VPS,74,92,587,0,0
"2018-12-06",939,943,-4,1216,1228,-12,OH,N562NN,5564,VPS,CLT,67,97,460,0,0
"2018-12-06",952,956,-4,953,1007,-14,DL,N964DL,2029,ATL,ECP,41,61,240,0,0
"2018-12-06",1006,1016,-10,1114,1130,-16,"9E",N933XJ,3395,TLH,ATL,42,68,223,0,0
"2018-12-06",1043,1049,-6,1246,1305,-19,DL,N989AT,794,VPS,ATL,42,63,250,0,0
"2018-12-06",1049,1058,-9,1209,1229,-20,OH,N574NN,5272,TLH,CLT,59,80,386,0,0
"2018-12-06",1147,1100,47,1320,1251,29,AA,N968TW,2622,DFW,VPS,73,93,641,0,0
"2018-12-06",1056,1101,-5,1356,1413,-17,YX,N430YX,4609,VPS,DCA,102,120,789,0,0
"2018-12-06",1200,1205,-5,1339,1350,-11,EV,N13566,4451,IAH,ECP,74,99,572,0,0
"2018-12-06",1232,1235,-3,1525,1539,-14,MQ,N252NN,4069,DFW,TLH,87,113,767,0,0
"2018-12-06",1243,1250,-7,1245,1306,-21,DL,N969DL,1335,ATL,VPS,43,62,250,0,0
"2018-12-06",1322,1325,-3,1448,1458,-10,OH,N513AE,5662,CLT,TLH,61,86,386,0,0
"2018-12-06",1321,1330,-9,1541,1549,-8,EV,N716EV,2876,ECP,DFW,120,140,685,0,0
"2018-12-06",1405,1335,30,1619,1550,29,AA,N968TW,2622,VPS,DFW,111,134,641,0,0
"2018-12-06",1345,1349,-4,1441,1454,-13,DL,N956AT,2936,ATL,TLH,36,56,223,0,0
"2018-12-06",1341,1350,-9,1551,1610,-19,DL,N969DL,1335,VPS,ATL,43,70,250,0,0
"2018-12-06",1351,1357,-6,1355,1406,-11,DL,N964DL,2506,ATL,ECP,44,64,240,0,0
"2018-12-06",1422,1429,-7,1653,1714,-21,OH,N562NN,5500,VPS,CLT,62,91,460,0,0
"2018-12-06",1442,1450,-8,1645,1705,-20,DL,N964DL,2506,ECP,ATL,42,63,240,0,0
"2018-12-05",1203,1209,-6,1236,1247,-11,EV,N600QX,2893,CLT,ECP,76,93,437,0,0
"2018-12-05",1242,1250,-8,1251,1306,-15,DL,N993DL,1335,ATL,VPS,47,69,250,0,0
"2018-12-05",1318,1325,-7,1450,1458,-8,OH,N723PS,5662,CLT,TLH,70,92,386,0,0
"2018-12-05",1317,1330,-13,1544,1549,-5,EV,N600QX,2876,ECP,DFW,121,147,685,0,0
"2018-12-05",1346,1349,-3,1442,1454,-12,DL,N967AT,2936,ATL,TLH,37,56,223,0,0
"2018-12-05",1343,1350,-7,1550,1610,-20,DL,N993DL,1335,VPS,ATL,45,67,250,0,0
"2018-12-05",1352,1357,-5,1357,1406,-9,DL,N922DL,2506,ATL,ECP,43,65,240,0,0
"2018-12-05",1415,1429,-14,1644,1714,-30,OH,N559NN,5500,VPS,CLT,67,89,460,0,0
"2018-12-05",1447,1450,-3,1647,1705,-18,DL,N922DL,2506,ECP,ATL,43,60,240,0,0
"2018-12-05",1445,1455,-10,1655,1657,-2,EV,N11536,4134,ECP,IAH,103,130,572,0,0
"2018-12-05",1503,1459,4,1503,1515,-12,DL,N989AT,2844,ATL,VPS,42,60,250,0,0
"2018-12-05",1448,1503,-15,1726,1744,-18,EV,N717EV,2880,ECP,CLT,71,98,437,0,0
"2018-12-05",1451,1505,-14,1658,1704,-6,EV,N11551,4165,VPS,IAH,103,127,528,0,0
"2018-12-05",1553,1558,-5,1800,1819,-19,DL,N989AT,2844,VPS,ATL,42,67,250,0,0
"2018-12-05",1609,1614,-5,1707,1715,-8,DL,N989DL,1813,ATL,TLH,37,58,223,0,0
"2018-12-05",1615,1621,-6,1747,1749,-2,MQ,N220NN,4069,TLH,DFW,136,152,767,0,0
"2018-12-05",1658,1706,-8,1825,1827,-2,MQ,N689EC,3861,TLH,MIA,61,87,402,0,0
"2018-12-05",1711,1715,-4,1710,1722,-12,DL,N947DL,1403,ATL,ECP,43,59,240,0,0
"2018-12-05",1714,1722,-8,1722,1736,-14,DL,N966AT,1099,ATL,VPS,46,68,250,0,0
"2018-12-05",1725,1730,-5,1851,1857,-6,MQ,N680AE,3844,MIA,TLH,65,86,402,0,0
"2018-12-05",1736,1739,-3,1815,1823,-8,OH,N567NN,5709,CLT,VPS,78,99,460,0,0
"2018-12-05",1749,1759,-10,1909,1910,-1,DL,N989DL,1813,TLH,ATL,47,80,223,0,0
"2018-12-05",1754,1804,-10,1913,1920,-7,G4,"309NV",1947,BWI,VPS,125,139,819,0,0
"2018-12-05",1807,1809,-2,1936,1946,-10,YX,N126HQ,4660,CLT,TLH,67,89,386,0,0
"2018-12-05",1811,1816,-5,1917,1923,-6,DL,N983AT,1787,ATL,TLH,38,66,223,0,0
"2018-12-05",1809,1819,-10,2029,2049,-20,DL,N966AT,1099,VPS,ATL,48,80,250,0,0
"2018-12-05",1819,1830,-11,1854,1914,-20,EV,N717EV,2890,CLT,ECP,71,95,437,0,0
"2018-12-05",1844,1855,-11,2015,2051,-36,AA,N979TW,1445,DFW,VPS,78,91,641,0,0
"2018-12-05",1844,1855,-11,2121,2136,-15,OH,N567NN,5709,VPS,CLT,72,97,460,0,0
"2018-12-05",1917,1920,-3,1917,1930,-13,DL,N382DA,2431,ATL,ECP,44,60,240,0,0
"2018-12-05",1923,1929,-6,2038,2049,-11,MQ,N680AE,3844,TLH,MIA,60,75,402,0,0
"2018-12-05",1948,1935,13,2056,2055,1,WN,N900WN,414,BNA,ECP,56,68,401,0,0
"2018-12-05",1955,2000,-5,2215,2224,-9,YX,N115HQ,4504,DCA,TLH,103,140,716,0,0
"2018-12-05",1959,2006,-7,2121,2119,2,DL,N983AT,1787,TLH,ATL,46,82,223,0,0
"2018-12-05",2223,2230,-7,2303,2240,23,DL,N373DA,2303,ATL,ECP,41,100,240,0,0
"2018-12-05",2236,2241,-5,2234,2256,-22,DL,N946DL,755,ATL,VPS,40,58,250,0,0
"2018-12-05",2231,2241,-10,2327,2345,-18,DL,N917DL,1414,ATL,TLH,34,56,223,0,0
"2018-12-05",2250,2241,9,2319,2324,-5,OH,N583NN,5696,CLT,VPS,71,89,460,0,0
"2018-12-06",524,529,-5,637,655,-18,OH,N534EA,5584,TLH,CLT,57,73,386,0,0
"2018-12-06",539,540,-1,651,648,3,DL,N917DL,990,TLH,ATL,41,72,223,0,0
"2018-12-06",549,600,-11,755,804,-9,DL,N946DL,2461,VPS,ATL,41,66,250,0,0
"2018-12-06",635,630,5,856,832,24,EV,N16987,3979,ECP,IAH,111,141,572,0,0
"2018-12-06",658,700,-2,918,916,2,DL,N382DA,2430,ECP,ATL,42,80,240,0,0
"2018-12-06",659,700,-1,755,805,-10,DL,N989DL,2770,TLH,ATL,41,56,223,0,0
"2018-12-06",656,700,-4,912,849,23,G4,"309NV",1902,VPS,BLV,88,136,587,0,0
"2018-12-06",723,730,-7,946,944,2,DL,N962DL,2478,VPS,ATL,44,83,250,0,0
"2018-12-06",728,732,-4,1014,1015,-1,EV,N717EV,2899,ECP,CLT,64,106,437,0,0
"2018-12-06",755,800,-5,915,915,0,WN,N494WN,1251,BNA,ECP,58,80,401,0,0
"2018-12-06",822,830,-8,924,941,-17,"9E",N933XJ,3395,ATL,TLH,39,62,223,0,0
"2018-12-06",849,855,-6,1013,1025,-12,OH,N574NN,5272,CLT,TLH,64,84,386,0,0
"2018-12-06",856,905,-9,1104,1105,-1,EV,N14907,4310,VPS,IAH,107,128,528,0,0
"2018-12-06",941,945,-4,1134,1140,-6,WN,N494WN,1251,ECP,HOU,98,113,571,0,0
"2018-12-06",948,952,-4,952,1009,-17,DL,N989AT,794,ATL,VPS,43,64,250,0,0
"2018-12-06",1046,1051,-5,1258,1303,-5,DL,N964DL,2029,ECP,ATL,44,72,240,0,0
"2018-12-06",1206,1112,54,1254,1221,33,DL,N980AT,921,ATL,TLH,36,48,223,0,0
"2018-12-06",1158,1209,-11,1419,1413,6,G4,"309NV",1908,VPS,OKC,127,141,726,0,0
"2018-12-06",1200,1209,-9,1232,1247,-15,EV,N716EV,2893,CLT,ECP,68,92,437,0,0
"2018-12-06",1211,1218,-7,1350,1402,-12,EV,N13975,3995,IAH,VPS,80,99,528,0,0
"2018-12-06",1223,1225,-2,1409,1419,-10,EV,N615QX,2895,DFW,ECP,80,106,685,0,0
"2018-12-06",1331,1300,31,1432,1417,15,DL,N980AT,921,TLH,ATL,41,61,223,0,0
"2018-12-06",1304,1308,-4,1342,1354,-12,OH,N562NN,5500,CLT,VPS,74,98,460,0,0
"2018-12-06",1453,1458,-5,1641,1650,-9,G4,"309NV",1909,OKC,VPS,88,108,726,0,0
"2018-12-06",1446,1455,-9,1659,1657,2,EV,N13566,4134,ECP,IAH,115,133,572,0,0
"2018-12-06",1458,1459,-1,1502,1515,-13,DL,N910AT,2844,ATL,VPS,44,64,250,0,0
"2018-12-06",1528,1531,-3,1653,1704,-11,OH,N513AE,5662,TLH,CLT,60,85,386,0,0
"2018-12-06",1442,1503,-21,1722,1744,-22,EV,N615QX,2880,ECP,CLT,64,100,437,0,0
"2018-12-06",1457,1505,-8,1709,1704,5,EV,N13975,4165,VPS,IAH,112,132,528,0,0
"2018-12-06",1537,1537,0,1630,1650,-20,DL,N956AT,2936,TLH,ATL,41,53,223,0,0
"2018-12-06",1712,1715,-3,1709,1722,-13,DL,N992DL,1403,ATL,ECP,44,57,240,0,0
"2018-12-06",1549,1558,-9,1806,1819,-13,DL,N910AT,2844,VPS,ATL,43,77,250,0,0
"2018-12-06",1608,1610,-2,1729,1745,-16,OH,N589NN,5248,CLT,TLH,65,81,386,0,0
"2018-12-06",1611,1614,-3,1706,1715,-9,DL,N911DL,1813,ATL,TLH,39,55,223,0,0
"2018-12-06",1614,1621,-7,1751,1749,2,MQ,N252NN,4069,TLH,DFW,132,157,767,0,0
"2018-12-06",1645,1640,5,1836,1831,5,YV,N927LR,5906,DFW,VPS,76,111,641,0,0
"2018-12-06",1655,1706,-11,1811,1827,-16,MQ,N618AE,3861,TLH,MIA,61,76,402,0,0
"2018-12-06",1720,1722,-2,1731,1736,-5,DL,N895AT,1099,ATL,VPS,46,71,250,0,0
"2018-12-06",1756,1805,-9,1929,1946,-17,EV,N13566,4447,IAH,VPS,68,93,528,0,0
"2018-12-06",1748,1725,23,1913,1900,13,WN,N432WN,37,HOU,ECP,68,85,571,0,0
"2018-12-06",1721,1730,-9,1851,1857,-6,MQ,N918AE,3844,MIA,TLH,64,90,402,0,0
"2018-12-06",1731,1739,-8,1815,1823,-8,OH,N592NN,5709,CLT,VPS,81,104,460,0,0
"2018-12-06",1757,1759,-2,1855,1910,-15,DL,N911DL,1813,TLH,ATL,44,58,223,0,0
"2018-12-06",1802,1806,-4,2019,2030,-11,DL,N992DL,1403,ECP,ATL,47,77,240,0,0
"2018-12-06",1804,1809,-5,1930,1946,-16,YX,N104HQ,4660,CLT,TLH,68,86,386,0,0
"2018-12-06",1804,1815,-11,1924,1946,-22,OH,N589NN,5248,TLH,CLT,58,80,386,0,0
"2018-12-06",1856,1855,1,2050,2051,-1,AA,N9677W,1445,DFW,VPS,73,114,641,0,0
"2018-12-06",1813,1816,-3,1919,1923,-4,DL,N948AT,1787,ATL,TLH,40,66,223,0,0
"2018-12-06",1816,1819,-3,2037,2049,-12,DL,N895AT,1099,VPS,ATL,46,81,250,0,0
"2018-12-06",1825,1830,-5,1856,1914,-18,EV,N615QX,2890,CLT,ECP,67,91,437,0,0
"2018-12-06",1838,1849,-11,2017,2050,-33,EV,N719EV,2870,DFW,ECP,77,99,685,0,0
"2018-12-06",1845,1855,-10,2124,2136,-12,OH,N592NN,5709,VPS,CLT,71,99,460,0,0
"2018-12-06",1906,1911,-5,2130,2129,1,YV,N927LR,5906,VPS,DFW,116,144,641,0,0
"2018-12-06",1928,1920,8,1929,1930,-1,DL,N375DA,2431,ATL,ECP,40,61,240,0,0
"2018-12-06",1922,1929,-7,2044,2049,-5,MQ,N918AE,3844,TLH,MIA,62,82,402,0,0
"2018-12-06",1942,1930,12,2058,2050,8,WN,N432WN,37,ECP,BNA,65,76,401,0,0
"2018-12-06",1925,1935,-10,2030,2055,-25,WN,N476WN,414,BNA,ECP,53,65,401,0,0
"2018-12-06",1938,1939,-1,1946,1949,-3,DL,N970DL,2406,ATL,VPS,41,68,250,0,0
"2018-12-06",2009,2000,9,2223,2224,-1,YX,N432YX,4504,DCA,TLH,103,134,716,0,0
"2018-12-06",1950,1955,-5,2117,2133,-16,EV,N48901,4190,IAH,ECP,73,87,572,0,0
"2018-12-06",2000,2006,-6,2113,2119,-6,DL,N948AT,1787,TLH,ATL,46,73,223,0,0
"2018-12-06",2011,2019,-8,2140,2145,-5,YX,N104HQ,4660,TLH,CLT,61,89,386,0,0
"2018-12-06",2235,2241,-6,2244,2256,-12,DL,N991DL,755,ATL,VPS,42,69,250,0,0
"2018-12-06",2038,2040,-2,2335,2344,-9,MQ,N248NN,4131,DFW,TLH,88,117,767,0,0
"2018-12-06",2047,2049,-2,2139,2155,-16,DL,N908DL,854,ATL,TLH,38,52,223,0,0
"2018-12-06",2225,2230,-5,2232,2240,-8,DL,N3754A,2303,ATL,ECP,39,67,240,0,0
"2018-12-06",2230,2232,-2,5,3,2,OH,N516AE,5284,CLT,TLH,65,95,386,0,0
"2018-12-06",2232,2241,-9,2329,2345,-16,DL,N906DL,1414,ATL,TLH,39,57,223,0,0
"2018-12-06",2237,2241,-4,2324,2324,0,OH,N579NN,5696,CLT,VPS,79,107,460,0,0
"2018-12-07",525,529,-4,648,655,-7,OH,N516AE,5584,TLH,CLT,57,83,386,0,0
"2018-12-07",553,600,-7,801,816,-15,DL,N375DA,1237,ECP,ATL,44,68,240,0,0
"2018-12-07",538,540,-2,636,648,-12,DL,N906DL,990,TLH,ATL,42,58,223,0,0
"2018-12-07",554,600,-6,801,804,-3,DL,N970DL,2461,VPS,ATL,45,67,250,0,0
"2018-12-07",627,630,-3,838,832,6,EV,N48901,3979,ECP,IAH,111,131,572,0,0
"2018-12-07",614,620,-6,827,840,-13,EV,N719EV,2889,ECP,DFW,102,133,685,0,0
"2018-12-07",632,633,-1,903,915,-12,OH,N579NN,5623,VPS,CLT,65,91,460,0,0
"2018-12-07",654,700,-6,800,805,-5,DL,N908DL,2770,TLH,ATL,44,66,223,0,0
"2018-12-07",647,650,-3,809,815,-6,MQ,N668HH,3663,MIA,TLH,65,82,402,0,0
"2018-12-07",652,700,-8,912,908,4,G4,"309NV",1914,VPS,MCI,126,140,764,0,0
"2018-12-07",656,700,-4,901,916,-15,DL,N3754A,2430,ECP,ATL,44,65,240,0,0
"2018-12-07",657,702,-5,850,858,-8,YV,N948LR,5725,DFW,VPS,75,113,641,0,0
"2018-12-07",732,730,2,938,944,-6,DL,N991DL,2478,VPS,ATL,45,66,250,0,0
"2018-12-07",701,706,-5,908,925,-17,AA,N9677W,1538,VPS,DFW,105,127,641,0,0
"2018-12-07",700,709,-9,856,918,-22,YX,N432YX,4626,TLH,DCA,98,116,716,0,0
"2018-12-07",955,732,143,1221,1015,126,EV,N615QX,2899,ECP,CLT,59,86,437,0,0
"2018-12-07",731,740,-9,849,900,-11,WN,N476WN,1837,ECP,BNA,65,78,401,0,0
"2018-12-07",736,747,-11,857,916,-19,MQ,N248NN,4116,TLH,DFW,122,141,767,0,0
"2018-12-07",822,831,-9,908,913,-5,OH,N589NN,5564,CLT,VPS,80,106,460,0,0
"2018-12-07",813,800,13,925,915,10,WN,N923WN,1251,BNA,ECP,61,72,401,0,0
"2018-12-07",825,830,-5,924,941,-17,"9E",N691CA,3395,ATL,TLH,39,59,223,0,0
"2018-12-07",841,850,-9,1030,1028,2,YX,N421YX,4609,DCA,VPS,121,169,789,0,0
"2018-12-07",855,903,-8,1012,1025,-13,MQ,N668HH,3663,TLH,MIA,64,77,402,0,0
"2018-12-07",855,855,0,1013,1025,-12,OH,N588NN,5272,CLT,TLH,65,78,386,0,0
"2018-12-07",857,905,-8,1105,1105,0,EV,N13566,4310,VPS,IAH,109,128,528,0,0
"2018-12-07",935,943,-8,1202,1228,-26,OH,N589NN,5564,VPS,CLT,64,87,460,0,0
"2018-12-07",918,932,-14,1138,1150,-12,YV,N948LR,5725,VPS,DFW,109,140,641,0,0
"2018-12-07",949,945,4,1139,1140,-1,WN,N923WN,1251,ECP,HOU,98,110,571,0,0
"2018-12-07",955,956,-1,1024,1007,17,DL,N979DL,2029,ATL,ECP,42,89,240,0,0
"2018-12-07",947,952,-5,951,1009,-18,DL,N968AT,794,ATL,VPS,43,64,250,0,0
"2018-12-07",946,953,-7,1141,1151,-10,G4,"309NV",1915,MCI,VPS,97,115,764,0,0
"2018-12-07",1011,1016,-5,1118,1130,-12,"9E",N691CA,3395,TLH,ATL,43,67,223,0,0
"2018-12-07",1041,1049,-8,1253,1305,-12,DL,N968AT,794,VPS,ATL,52,72,250,0,0
"2018-12-07",1143,1051,52,1348,1303,45,DL,N979DL,2029,ECP,ATL,42,65,240,0,0
"2018-12-07",1055,1100,-5,1242,1251,-9,AA,N963TW,2622,DFW,VPS,77,107,641,0,0
"2018-12-07",1054,1058,-4,1222,1229,-7,OH,N588NN,5272,TLH,CLT,61,88,386,0,0
"2018-12-07",1109,1112,-3,1215,1221,-6,DL,N949AT,921,ATL,TLH,39,66,223,0,0
"2018-12-07",1052,1101,-9,1344,1413,-29,YX,N421YX,4609,VPS,DCA,98,112,789,0,0
"2018-12-07",1155,1205,-10,1321,1350,-29,EV,N14568,4451,IAH,ECP,71,86,572,0,0
"2018-12-07",1258,1235,23,1600,1539,21,MQ,N229NN,4069,DFW,TLH,94,122,767,0,0
"2018-12-07",1209,1218,-9,1347,1402,-15,EV,N12540,3995,IAH,VPS,72,98,528,0,0
"2018-12-07",1219,1225,-6,1406,1419,-13,EV,N738EV,2895,DFW,ECP,85,107,685,0,0
"2018-12-07",1330,1335,-5,1553,1550,3,AA,N963TW,2622,VPS,DFW,106,143,641,0,0
"2018-12-07",1244,1250,-6,1244,1306,-22,DL,N913DL,1335,ATL,VPS,42,60,250,0,0
"2018-12-07",1258,1300,-2,1403,1417,-14,DL,N949AT,921,TLH,ATL,45,65,223,0,0
"2018-12-07",1304,1308,-4,1345,1354,-9,OH,N589NN,5500,CLT,VPS,76,101,460,0,0
"2018-12-07",1321,1325,-4,1452,1458,-6,OH,N705PS,5662,CLT,TLH,64,91,386,0,0
"2018-12-07",1654,1330,204,1910,1549,201,EV,N616QX,2876,ECP,DFW,102,136,685,0,0
"2018-12-07",1343,1350,-7,1551,1610,-19,DL,N913DL,1335,VPS,ATL,45,68,250,0,0
"2018-12-07",1348,1349,-1,1443,1454,-11,DL,N992AT,2936,ATL,TLH,38,55,223,0,0
"2018-12-07",1403,1357,6,1406,1406,0,DL,N906DE,2506,ATL,ECP,44,63,240,0,0
"2018-12-07",1423,1429,-6,1706,1714,-8,OH,N589NN,5500,VPS,CLT,63,103,460,0,0
"2018-12-07",1445,1450,-5,1648,1705,-17,DL,N906DE,2506,ECP,ATL,42,63,240,0,0
"2018-12-07",1436,1439,-3,1609,1601,8,MQ,N918AE,3861,MIA,TLH,71,93,402,0,0
"2018-12-07",1442,1455,-13,1832,1657,,EV,N14568,4134,ECP,IAH,,,572,0,1
"2018-12-07",1454,1459,-5,1500,1515,-15,DL,N989AT,2844,ATL,VPS,41,66,250,0,0
"2018-12-07",1445,1503,-18,1722,1744,-22,EV,N738EV,2880,ECP,CLT,64,97,437,0,0
"2018-12-09",624,630,-6,828,832,-4,EV,N14158,3979,ECP,IAH,102,124,572,0,0
"2018-12-07",1457,1505,-8,1749,1704,45,EV,N12540,4165,VPS,IAH,151,172,528,0,0
"2018-12-07",1530,1531,-1,1709,1704,5,OH,N705PS,5662,TLH,CLT,61,99,386,0,0
"2018-12-07",1612,1614,-2,1703,1715,-12,DL,N997DL,1813,ATL,TLH,38,51,223,0,0
"2018-12-07",1652,1621,31,1828,1749,39,MQ,N229NN,4069,TLH,DFW,134,156,767,0,0
"2018-12-07",1748,1748,0,1834,1841,-7,G4,"261NV",1342,CVG,VPS,84,106,600,0,0
"2018-12-07",1758,1759,-1,1905,1910,-5,DL,N997DL,1813,TLH,ATL,48,67,223,0,0
"2018-12-07",,1805,,,1946,,EV,N13988,4447,IAH,VPS,,,528,1,0
"2018-12-07",1801,1806,-5,2015,2030,-15,DL,N961DL,1403,ECP,ATL,45,74,240,0,0
"2018-12-07",1811,1815,-4,1937,1946,-9,OH,N553NN,5248,TLH,CLT,58,86,386,0,0
"2018-12-07",1852,1855,-3,2058,2051,7,AA,N979TW,1445,DFW,VPS,83,126,641,0,0
"2018-12-07",1849,1855,-6,2117,2136,-19,OH,N566NN,5709,VPS,CLT,64,88,460,0,0
"2018-12-07",1944,1920,24,1943,1930,13,DL,N373DA,2431,ATL,ECP,44,59,240,0,0
"2018-12-07",1939,1939,0,1947,1949,-2,DL,N963DL,2406,ATL,VPS,42,68,250,0,0
"2018-12-07",1955,2000,-5,2218,2224,-6,YX,N416YX,4504,DCA,TLH,117,143,716,0,0
"2018-12-07",1959,2006,-7,2120,2119,1,DL,N993AT,1787,TLH,ATL,46,81,223,0,0
"2018-12-07",2035,2040,-5,2344,2344,0,MQ,N220NN,4131,DFW,TLH,89,129,767,0,0
"2018-12-07",2236,2230,6,2238,2240,-2,DL,N375DA,2303,ATL,ECP,41,62,240,0,0
"2018-12-07",2228,2232,-4,2353,3,-10,OH,N705PS,5284,CLT,TLH,63,85,386,0,0
"2018-12-08",557,600,-3,758,814,-16,DL,N373DA,1237,ECP,ATL,41,61,240,0,0
"2018-12-08",554,600,-6,755,802,-7,DL,N963DL,2461,VPS,ATL,40,61,250,0,0
"2018-12-08",604,610,-6,700,716,-16,DL,N948DL,990,TLH,ATL,41,56,223,0,0
"2018-12-08",610,620,-10,820,840,-20,EV,N738EV,2889,ECP,DFW,107,130,685,0,0
"2018-12-08",619,630,-11,902,832,30,EV,N14570,3979,ECP,IAH,118,163,572,0,0
"2018-12-08",700,701,-1,815,831,-16,OH,N705PS,5584,TLH,CLT,57,75,386,0,0
"2018-12-08",716,702,14,902,858,4,YV,N927LR,5725,DFW,VPS,79,106,641,0,0
"2018-12-08",722,730,-8,936,942,-6,DL,N905DL,2478,VPS,ATL,41,74,250,0,0
"2018-12-08",741,747,-6,901,916,-15,MQ,N220NN,4116,TLH,DFW,120,140,767,0,0
"2018-12-08",850,855,-5,1050,1100,-10,YX,N416YX,4626,TLH,DCA,92,120,716,0,0
"2018-12-08",853,855,-2,1018,1025,-7,OH,N581NN,5272,CLT,TLH,69,85,386,0,0
"2018-12-08",907,910,-3,1019,1025,-6,WN,N963WN,3352,BNA,ECP,60,72,401,0,0
"2018-12-08",908,910,-2,1021,1030,-9,WN,N951WN,683,ECP,BNA,59,73,401,0,0
"2018-12-08",906,912,-6,1152,1200,-8,OH,N588NN,5623,VPS,CLT,62,106,460,0,0
"2018-12-08",929,932,-3,1139,1150,-11,YV,N927LR,5725,VPS,DFW,98,130,641,0,0
"2018-12-08",1044,1049,-5,1254,1304,-10,DL,N919AT,794,VPS,ATL,43,70,250,0,0
"2018-12-08",1054,1058,-4,1219,1229,-10,OH,N581NN,5272,TLH,CLT,59,85,386,0,0
"2018-12-08",1040,1100,-20,1239,1245,-6,G4,"309NV",1991,EWR,VPS,158,179,988,0,0
"2018-12-08",1625,1205,260,1816,1350,266,EV,N14568,4451,IAH,ECP,82,111,572,0,0
"2018-12-08",1205,1215,-10,1316,1330,-14,"9E",N920XJ,3395,TLH,ATL,42,71,223,0,0
"2018-12-08",1239,1235,4,1538,1539,-1,MQ,N221NN,4069,DFW,TLH,91,119,767,0,0
"2018-12-08",1243,1245,-2,1247,1300,-13,DL,N967AT,1335,ATL,VPS,44,64,250,0,0
"2018-12-08",1323,1325,-2,1452,1458,-6,OH,N559NN,5662,CLT,TLH,70,89,386,0,0
"2018-12-08",1328,1335,-7,1540,1550,-10,AA,N9628W,2622,VPS,DFW,106,132,641,0,0
"2018-12-08",1352,1415,-23,1647,1719,-32,G4,"309NV",1946,VPS,BWI,99,115,819,0,0
"2018-12-08",1428,1439,-11,1608,1601,7,MQ,N918AE,3861,MIA,TLH,65,100,402,0,0
"2018-12-08",1506,1450,16,1630,1625,5,WN,N912WN,105,HOU,ECP,72,84,571,0,0
"2018-12-08",1742,1505,157,1940,1704,156,EV,N13988,4165,VPS,IAH,98,118,528,0,0
"2018-12-08",1532,1537,-5,1642,1649,-7,DL,N954AT,2936,TLH,ATL,44,70,223,0,0
"2018-12-08",1537,1545,-8,1739,1804,-25,DL,N967AT,2844,VPS,ATL,43,62,250,0,0
"2018-12-08",1600,1605,-5,1843,1820,23,DL,N906DL,1633,ECP,ATL,44,103,240,0,0
"2018-12-08",1615,1620,-5,1710,1719,-9,DL,N929AT,1813,ATL,TLH,40,55,223,0,0
"2018-12-08",1625,1625,0,1635,1638,-3,DL,N972DL,946,ATL,VPS,45,70,250,0,0
"2018-12-08",1654,1655,-1,1810,1815,-5,WN,N912WN,105,ECP,BNA,60,76,401,0,0
"2018-12-08",1659,1706,-7,1816,1827,-11,MQ,N918AE,3861,TLH,MIA,60,77,402,0,0
"2018-12-08",1700,1710,-10,1928,1933,-5,YX,N424YX,4504,DCA,TLH,124,148,716,0,0
"2018-12-08",1723,1730,-7,1848,1857,-9,MQ,N645AE,3844,MIA,TLH,70,85,402,0,0
"2018-12-08",1748,1758,-10,2011,1915,56,DL,N929AT,1813,TLH,ATL,44,143,223,0,0
"2018-12-08",1943,1805,98,2131,1946,105,EV,N11544,4447,IAH,VPS,69,108,528,0,0
"2018-12-08",,1855,,,2136,,OH,N504AE,5709,VPS,CLT,,,460,1,0
"2018-12-08",1921,1901,20,1923,1909,14,DL,N373DA,2431,ATL,ECP,43,62,240,0,0
"2018-12-08",2038,2040,-2,2338,2344,-6,MQ,N224NN,4131,DFW,TLH,96,120,767,0,0
"2018-12-08",,2241,,,2324,,OH,N599NN,5696,CLT,VPS,,,460,1,0
"2018-12-08",2236,2241,-5,2253,2255,-2,DL,N916DE,755,ATL,VPS,49,77,250,0,0
"2018-12-08",2323,2241,42,2327,2249,38,DL,N388DA,2303,ATL,ECP,47,64,240,0,0
"2018-12-09",559,600,-1,822,816,6,DL,N373DA,1237,ECP,ATL,41,83,240,0,0
"2018-12-09",1328,600,448,1540,804,456,DL,N916DE,2461,VPS,ATL,46,72,250,0,0
"2018-12-09",615,620,-5,818,840,-22,EV,N719EV,2889,ECP,DFW,101,123,685,0,0
"2018-12-09",717,650,27,849,815,34,MQ,N618AE,3663,MIA,TLH,65,92,402,0,0
"2018-12-07",1529,1537,-8,1639,1650,-11,DL,N992AT,2936,TLH,ATL,45,70,223,0,0
"2018-12-07",1549,1558,-9,1756,1819,-23,DL,N989AT,2844,VPS,ATL,47,67,250,0,0
"2018-12-07",1608,1610,-2,1724,1745,-21,OH,N553NN,5248,CLT,TLH,65,76,386,0,0
"2018-12-07",1719,1640,39,1911,1831,40,YV,N929LR,5906,DFW,VPS,78,112,641,0,0
"2018-12-07",1703,1706,-3,1824,1827,-3,MQ,N918AE,3861,TLH,MIA,63,81,402,0,0
"2018-12-07",1714,1715,-1,1714,1722,-8,DL,N961DL,1403,ATL,ECP,44,60,240,0,0
"2018-12-07",1718,1722,-4,1722,1736,-14,DL,N968AT,1099,ATL,VPS,42,64,250,0,0
"2018-12-07",1723,1725,-2,1843,1900,-17,WN,N472WN,37,HOU,ECP,70,80,571,0,0
"2018-12-07",1730,1730,0,1856,1857,-1,MQ,N939AE,3844,MIA,TLH,68,86,402,0,0
"2018-12-07",1735,1739,-4,1816,1823,-7,OH,N566NN,5709,CLT,VPS,75,101,460,0,0
"2018-12-07",1801,1809,-8,1950,1946,4,YX,N116HQ,4660,CLT,TLH,70,109,386,0,0
"2018-12-07",1810,1816,-6,1922,1923,-1,DL,N993AT,1787,ATL,TLH,40,72,223,0,0
"2018-12-07",1817,1819,-2,2025,2049,-24,DL,N968AT,1099,VPS,ATL,45,68,250,0,0
"2018-12-07",1826,1830,-4,1907,1914,-7,EV,N738EV,2890,CLT,ECP,69,101,437,0,0
"2018-12-07",2005,1849,76,2157,2050,67,EV,N616QX,2870,DFW,ECP,79,112,685,0,0
"2018-12-07",1936,1911,25,2146,2129,17,YV,N929LR,5906,VPS,DFW,101,130,641,0,0
"2018-12-07",1918,1926,-8,2154,2213,-19,G4,"261NV",1343,VPS,CVG,80,96,600,0,0
"2018-12-07",1930,1929,1,2053,2049,4,MQ,N939AE,3844,TLH,MIA,61,83,402,0,0
"2018-12-07",1922,1930,-8,2034,2050,-16,WN,N472WN,37,ECP,BNA,61,72,401,0,0
"2018-12-07",2016,1935,41,2128,2055,33,WN,N951WN,414,BNA,ECP,58,72,401,0,0
"2018-12-07",2050,1955,55,2246,2133,73,EV,N14570,4190,IAH,ECP,77,116,572,0,0
"2018-12-07",2010,2019,-9,2140,2145,-5,YX,N116HQ,4660,TLH,CLT,59,90,386,0,0
"2018-12-07",2043,2049,-6,2146,2155,-9,DL,N962DL,854,ATL,TLH,43,63,223,0,0
"2018-12-07",2232,2241,-9,2232,2256,-24,DL,N905DL,755,ATL,VPS,41,60,250,0,0
"2018-12-07",2238,2241,-3,2324,2324,0,OH,N588NN,5696,CLT,VPS,80,106,460,0,0
"2018-12-07",2236,2241,-5,2330,2345,-15,DL,N948DL,1414,ATL,TLH,36,54,223,0,0
"2018-12-08",616,630,-14,939,1000,-21,G4,"309NV",1990,VPS,EWR,125,143,988,0,0
"2018-12-08",723,700,23,920,914,6,DL,N375DA,2430,ECP,ATL,40,57,240,0,0
"2018-12-08",655,706,-11,900,925,-25,AA,N979TW,1538,VPS,DFW,102,125,641,0,0
"2018-12-08",723,732,-9,951,1015,-24,EV,N616QX,2899,ECP,CLT,59,88,437,0,0
"2018-12-08",754,755,-1,926,905,21,DL,N962DL,2770,TLH,ATL,42,92,223,0,0
"2018-12-08",840,850,-10,1030,1028,2,YX,N415YX,4609,DCA,VPS,130,170,789,0,0
"2018-12-08",,905,,,1105,,EV,N13988,4310,VPS,IAH,,,528,1,0
"2018-12-08",1002,950,12,1008,1005,3,DL,N919AT,794,ATL,VPS,43,66,250,0,0
"2018-12-08",1007,1007,0,1011,1017,-6,DL,N956DL,2029,ATL,ECP,42,64,240,0,0
"2018-12-08",1021,1026,-5,1123,1140,-17,"9E",N920XJ,3395,ATL,TLH,40,62,223,0,0
"2018-12-08",1049,1055,-6,1236,1245,-9,WN,N963WN,3352,ECP,HOU,94,107,571,0,0
"2018-12-08",1054,1100,-6,1241,1251,-10,AA,N9628W,2622,DFW,VPS,87,107,641,0,0
"2018-12-08",1055,1101,-6,1356,1413,-17,YX,N415YX,4609,VPS,DCA,97,121,789,0,0
"2018-12-08",1155,1155,0,1359,1410,-11,DL,N956DL,830,ECP,ATL,41,64,240,0,0
"2018-12-08",1202,1209,-7,1234,1247,-13,EV,N719EV,2893,CLT,ECP,70,92,437,0,0
"2018-12-08",1221,1218,3,1406,1402,4,EV,N13988,3995,IAH,VPS,72,105,528,0,0
"2018-12-08",1318,1225,53,1506,1419,47,EV,N717EV,2895,DFW,ECP,86,108,685,0,0
"2018-12-08",1306,1308,-2,1400,1354,6,OH,N588NN,5500,CLT,VPS,79,114,460,0,0
"2018-12-08",1323,1330,-7,1538,1549,-11,EV,N719EV,2876,ECP,DFW,105,135,685,0,0
"2018-12-08",1339,1340,-1,1434,1442,-8,DL,N954AT,2936,ATL,TLH,38,55,223,0,0
"2018-12-08",1359,1400,-1,1351,1408,-17,DL,N906DL,2506,ATL,ECP,42,52,240,0,0
"2018-12-08",1432,1429,3,1701,1714,-13,OH,N588NN,5500,VPS,CLT,62,89,460,0,0
"2018-12-08",1834,1455,219,2045,1657,228,EV,N14568,4134,ECP,IAH,103,131,572,0,0
"2018-12-08",,1503,,,1744,,EV,N717EV,2880,ECP,CLT,,,437,1,0
"2018-12-08",1527,1531,-4,1652,1704,-12,OH,N559NN,5662,TLH,CLT,55,85,386,0,0
"2018-12-08",1616,1621,-5,1736,1749,-13,MQ,N221NN,4069,TLH,DFW,117,140,767,0,0
"2018-12-08",1659,1640,19,1851,1827,24,AA,N984TW,1445,DFW,VPS,88,112,641,0,0
"2018-12-08",1716,1705,11,1836,1820,16,WN,N965WN,2613,BNA,ECP,64,80,401,0,0
"2018-12-08",1740,1739,1,1828,1823,5,OH,N504AE,5709,CLT,VPS,82,108,460,0,0
"2018-12-08",1816,1755,21,1956,1929,27,OH,N501BG,5188,CLT,TLH,70,100,386,0,0
"2018-12-08",1733,1804,-31,1903,1920,-17,G4,"309NV",1947,BWI,VPS,134,150,819,0,0
"2018-12-08",,1830,,,1914,,EV,N717EV,2890,CLT,ECP,,,437,1,0
"2018-12-08",1840,1849,-9,2038,2050,-12,EV,N719EV,2870,DFW,ECP,86,118,685,0,0
"2018-12-08",1911,1906,5,2017,2018,-1,"9E",N134EV,5242,ATL,TLH,41,66,223,0,0
"2018-12-08",1922,1929,-7,2041,2049,-8,MQ,N645AE,3844,TLH,MIA,61,79,402,0,0
"2018-12-08",2044,1955,49,2225,2133,52,EV,N14158,4190,IAH,ECP,75,101,572,0,0
"2018-12-08",2223,2225,-2,2335,2329,6,DL,N969DL,1414,ATL,TLH,49,72,223,0,0
"2018-12-09",,633,,,915,,OH,"",5623,VPS,CLT,,,460,1,0
"2018-12-09",657,700,-3,909,916,-7,DL,N388DA,2430,ECP,ATL,42,72,240,0,0
"2018-12-09",713,700,13,814,805,9,DL,N969DL,2770,TLH,ATL,43,61,223,0,0
"2018-12-09",648,700,-12,827,849,-22,G4,"309NV",1902,VPS,BLV,78,99,587,0,0
"2018-12-09",,705,,,835,,OH,N502AE,5584,TLH,CLT,,,386,1,0
"2018-12-09",,732,,,1015,,EV,N719EV,2899,ECP,CLT,,,437,1,0
"2018-12-09",710,709,1,852,918,-26,YX,N424YX,4626,TLH,DCA,83,102,716,0,0
"2018-12-09",906,850,16,1039,1028,11,YX,N429YX,4609,DCA,VPS,134,153,789,0,0
"2018-12-09",742,730,12,956,944,12,DL,N972DL,2478,VPS,ATL,40,74,250,0,0
"2018-12-09",746,747,-1,902,916,-14,MQ,N224NN,4116,TLH,DFW,120,136,767,0,0
"2018-12-09",857,905,-8,1106,1105,1,EV,N11544,4310,VPS,IAH,106,129,528,0,0
"2018-12-09",,855,,,1025,,OH,"",5272,CLT,TLH,,,386,1,0
"2018-12-09",915,903,12,1042,1025,17,MQ,N618AE,3663,TLH,MIA,69,87,402,0,0
"2018-12-09",1009,952,17,1016,1009,7,DL,N937AT,794,ATL,VPS,48,67,250,0,0
"2018-12-09",926,931,-5,1140,1149,-9,AA,N984TW,1538,VPS,DFW,108,134,641,0,0
"2018-12-09",920,934,-14,1109,1119,-10,G4,"309NV",1903,BLV,VPS,87,109,587,0,0
"2018-12-09",1011,1016,-5,1115,1130,-15,"9E",N134EV,3395,TLH,ATL,43,64,223,0,0
"2018-12-09",957,956,1,1004,1007,-3,DL,N963DL,2029,ATL,ECP,50,67,240,0,0
"2018-12-09",1015,1025,-10,1117,1141,-24,"9E",N920XJ,3452,ATL,TLH,40,62,223,0,0
"2018-12-09",1049,1051,-2,1255,1303,-8,DL,N963DL,2029,ECP,ATL,42,66,240,0,0
"2018-12-09",1104,1049,15,1311,1305,6,DL,N937AT,794,VPS,ATL,44,67,250,0,0
"2018-12-09",1128,1100,28,1309,1251,18,AA,N971TW,2622,DFW,VPS,82,101,641,0,0
"2018-12-09",,1058,,,1229,,OH,"",5272,TLH,CLT,,,386,1,0
"2018-12-09",1205,1205,0,1347,1350,-3,EV,N13913,4451,IAH,ECP,76,102,572,0,0
"2018-12-09",1109,1101,8,1414,1413,1,YX,N429YX,4609,VPS,DCA,98,125,789,0,0
"2018-12-09",1145,1125,20,1334,1315,19,WN,N470WN,4572,ECP,HOU,97,109,571,0,0
"2018-12-09",1235,1235,0,1536,1539,-3,MQ,N240NN,4069,DFW,TLH,95,121,767,0,0
"2018-12-09",1200,1209,-9,1406,1413,-7,G4,"309NV",1908,VPS,OKC,106,126,726,0,0
"2018-12-09",,1209,,,1247,,EV,N600QX,2893,CLT,ECP,,,437,1,0
"2018-12-09",1211,1218,-7,1400,1402,-2,EV,N16987,3995,IAH,VPS,72,109,528,0,0
"2018-12-09",1222,1225,-3,1404,1419,-15,EV,N616QX,2895,DFW,ECP,78,102,685,0,0
"2018-12-09",1248,1250,-2,1259,1306,-7,DL,N961DL,1335,ATL,VPS,46,71,250,0,0
"2018-12-09",,1308,,,1354,,OH,"",5500,CLT,VPS,,,460,1,0
"2018-12-09",1254,1300,-6,1401,1416,-15,"9E",N920XJ,3452,TLH,ATL,41,67,223,0,0
"2018-12-09",,1325,,,1458,,OH,"",5662,CLT,TLH,,,386,1,0
"2018-12-09",1323,1330,-7,1536,1549,-13,EV,N717EV,2876,ECP,DFW,108,133,685,0,0
"2018-12-09",1349,1335,14,1609,1550,19,AA,N971TW,2622,VPS,DFW,106,140,641,0,0
"2018-12-09",1348,1349,-1,1451,1454,-3,DL,N607AT,2936,ATL,TLH,40,63,223,0,0
"2018-12-09",1346,1350,-4,1551,1610,-19,DL,N961DL,1335,VPS,ATL,39,65,250,0,0
"2018-12-09",1356,1357,-1,1400,1406,-6,DL,N963DL,2506,ATL,ECP,42,64,240,0,0
"2018-12-09",,1429,,,1714,,OH,"",5500,VPS,CLT,,,460,1,0
"2018-12-09",1450,1450,0,1655,1705,-10,DL,N963DL,2506,ECP,ATL,39,65,240,0,0
"2018-12-09",1444,1439,5,1602,1601,1,MQ,N674RJ,3861,MIA,TLH,62,78,402,0,0
"2018-12-09",1449,1455,-6,1703,1657,6,EV,N13913,4134,ECP,IAH,107,134,572,0,0
"2018-12-09",1439,1458,-19,1626,1650,-24,G4,"309NV",1909,OKC,VPS,91,107,726,0,0
"2018-12-09",1523,1459,24,1526,1515,11,DL,N992AT,2844,ATL,VPS,45,63,250,0,0
"2018-12-09",,1503,,,1744,,EV,N616QX,2880,ECP,CLT,,,437,1,0
"2018-12-09",1457,1505,-8,1656,1704,-8,EV,N16987,4165,VPS,IAH,99,119,528,0,0
"2018-12-09",1531,1537,-6,1634,1650,-16,DL,N607AT,2936,TLH,ATL,42,63,223,0,0
"2018-12-09",,1531,,,1704,,OH,"",5662,TLH,CLT,,,386,1,0
"2018-12-09",1600,1558,2,1815,1819,-4,DL,N992AT,2844,VPS,ATL,41,75,250,0,0
"2018-12-09",1612,1614,-2,1711,1715,-4,DL,N946DL,1813,ATL,TLH,43,59,223,0,0
"2018-12-09",1621,1621,0,1751,1749,2,MQ,N240NN,4069,TLH,DFW,124,150,767,0,0
"2018-12-09",1719,1722,-3,1719,1736,-17,DL,N981AT,1099,ATL,VPS,46,60,250,0,0
"2018-12-09",1643,1640,3,1841,1831,10,YV,N914FJ,5906,DFW,VPS,87,118,641,0,0
"2018-12-09",1751,1700,51,1914,1835,39,WN,N707SA,3434,HOU,ECP,71,83,571,0,0
"2018-12-09",1653,1706,-13,1822,1827,-5,MQ,N674RJ,3861,TLH,MIA,68,89,402,0,0
"2018-12-09",1732,1715,17,1738,1722,16,DL,N999DN,1403,ATL,ECP,52,66,240,0,0
"2018-12-09",1805,1805,0,1934,1946,-12,EV,N15912,4447,IAH,VPS,71,89,528,0,0
"2018-12-09",1728,1730,-2,1848,1857,-9,MQ,N935AE,3844,MIA,TLH,64,80,402,0,0
"2018-12-09",,1739,,,1823,,OH,"",5709,CLT,VPS,,,460,1,0
"2018-12-09",1758,1759,-1,1914,1910,4,DL,N946DL,1813,TLH,ATL,42,76,223,0,0
"2018-12-09",1807,1806,1,2016,2030,-14,DL,N999DN,1403,ECP,ATL,42,69,240,0,0
"2018-12-09",,1809,,,1946,,YX,"",4660,CLT,TLH,,,386,1,0
"2018-12-09",1812,1816,-4,1913,1923,-10,DL,N968AT,1787,ATL,TLH,43,61,223,0,0
"2018-12-09",1853,1855,-2,2046,2051,-5,AA,N9626F,1445,DFW,VPS,80,113,641,0,0
"2018-12-09",1812,1819,-7,2029,2049,-20,DL,N981AT,1099,VPS,ATL,45,77,250,0,0
"2018-12-09",,1830,,,1914,,EV,N616QX,2890,CLT,ECP,,,437,1,0
"2018-12-09",2022,1849,93,2218,2050,88,EV,N608QX,2870,DFW,ECP,90,116,685,0,0
"2018-12-09",,1855,,,2136,,OH,"",5709,VPS,CLT,,,460,1,0
"2018-12-09",1941,1905,36,2052,2025,27,WN,N707SA,3434,ECP,BNA,61,71,401,0,0
"2018-12-09",1926,1925,1,2051,2045,6,WN,N235WN,2465,BNA,ECP,67,85,401,0,0
"2018-12-09",1922,1911,11,2137,2129,8,YV,N914FJ,5906,VPS,DFW,107,135,641,0,0
"2018-12-09",1926,1920,6,1925,1930,-5,DL,N3744F,2431,ATL,ECP,47,59,240,0,0
"2018-12-09",1920,1929,-9,2037,2049,-12,MQ,N935AE,3844,TLH,MIA,63,77,402,0,0
"2018-12-09",1951,2000,-9,2209,2224,-15,YX,N427YX,4504,DCA,TLH,113,138,716,0,0
"2018-12-09",1937,1939,-2,1940,1949,-9,DL,N908DL,2406,ATL,VPS,45,63,250,0,0
"2018-12-09",1948,1955,-7,2128,2133,-5,EV,N14907,4190,IAH,ECP,79,100,572,0,0
"2018-12-09",2002,2006,-4,2112,2119,-7,DL,N968AT,1787,TLH,ATL,43,70,223,0,0
"2018-12-09",2036,2040,-4,2334,2344,-10,MQ,N250NN,4131,DFW,TLH,89,118,767,0,0
"2018-12-09",,2019,,,2145,,YX,"",4660,TLH,CLT,,,386,1,0
"2018-12-09",2230,2230,0,2257,2240,17,DL,N394DA,2303,ATL,ECP,51,87,240,0,0
"2018-12-09",2058,2049,9,2151,2155,-4,DL,N955DL,854,ATL,TLH,39,53,223,0,0
"2018-12-09",,2232,,,3,,OH,"",5284,CLT,TLH,,,386,1,0
"2018-12-10",,529,,,655,,OH,"",5584,TLH,CLT,,,386,1,0
"2018-12-09",,2241,,,2324,,OH,"",5696,CLT,VPS,,,460,1,0
"2018-12-09",2234,2241,-7,2244,2256,-12,DL,N987DL,755,ATL,VPS,45,70,250,0,0
"2018-12-09",2258,2241,17,2351,2345,6,DL,N909DE,1414,ATL,TLH,40,53,223,0,0
"2018-12-10",535,540,-5,649,648,1,DL,N909DE,990,TLH,ATL,46,74,223,0,0
"2018-12-10",556,600,-4,802,804,-2,DL,N987DL,2461,VPS,ATL,44,66,250,0,0
"2018-12-10",557,600,-3,807,816,-9,DL,N3744F,1237,ECP,ATL,45,70,240,0,0
"2018-12-10",624,630,-6,827,832,-5,EV,N14907,3979,ECP,IAH,105,123,572,0,0
"2018-12-10",611,620,-9,825,840,-15,EV,N608QX,2889,ECP,DFW,107,134,685,0,0
"2018-12-10",,633,,,915,,OH,"",5623,VPS,CLT,,,460,1,0
"2018-12-10",658,702,-4,846,858,-12,YV,N943LR,5725,DFW,VPS,81,108,641,0,0
"2018-12-10",647,650,-3,811,815,-4,MQ,N668HH,3663,MIA,TLH,64,84,402,0,0
"2018-12-10",706,700,6,916,916,0,DL,N394DA,2430,ECP,ATL,45,70,240,0,0
"2018-12-10",655,700,-5,800,805,-5,DL,N955DL,2770,TLH,ATL,44,65,223,0,0
"2018-12-10",642,700,-18,842,908,-26,G4,"309NV",1914,VPS,MCI,100,120,764,0,0
"2018-12-10",,732,,,1015,,EV,N616QX,2899,ECP,CLT,,,437,1,0
"2018-12-10",703,706,-3,924,925,-1,AA,N9626F,1538,VPS,DFW,101,141,641,0,0
"2018-12-10",704,709,-5,902,918,-16,YX,N427YX,4626,TLH,DCA,95,118,716,0,0
"2018-12-10",724,730,-6,947,944,3,DL,N908DL,2478,VPS,ATL,44,83,250,0,0
"2018-12-10",756,800,-4,914,915,-1,WN,N263WN,1251,BNA,ECP,68,78,401,0,0
"2018-12-10",735,740,-5,846,900,-14,WN,N235WN,1837,ECP,BNA,59,71,401,0,0
"2018-12-10",743,747,-4,917,916,1,MQ,N250NN,4116,TLH,DFW,128,154,767,0,0
"2018-12-10",,855,,,1025,,OH,"",5272,CLT,TLH,,,386,1,0
"2018-12-10",828,830,-2,930,941,-11,"9E",N310PQ,3395,ATL,TLH,41,62,223,0,0
"2018-12-10",,831,,,913,,OH,"",5564,CLT,VPS,,,460,1,0
"2018-12-10",848,850,-2,1051,1028,23,YX,N402YX,4609,DCA,VPS,145,183,789,0,0
"2018-12-10",855,903,-8,1015,1025,-10,MQ,N668HH,3663,TLH,MIA,64,80,402,0,0
"2018-12-10",925,932,-7,1156,1150,6,YV,N943LR,5725,VPS,DFW,111,151,641,0,0
"2018-12-10",855,905,-10,1056,1105,-9,EV,N15912,4310,VPS,IAH,104,121,528,0,0
"2018-12-10",951,952,-1,1011,1009,2,DL,N607AT,794,ATL,VPS,47,80,250,0,0
"2018-12-10",934,953,-19,1136,1151,-15,G4,"309NV",1915,MCI,VPS,106,122,764,0,0
"2018-12-10",1007,1016,-9,1119,1130,-11,"9E",N310PQ,3395,TLH,ATL,45,72,223,0,0
"2018-12-10",1045,1049,-4,1307,1305,2,DL,N607AT,794,VPS,ATL,50,82,250,0,0
"2018-12-10",1111,1051,20,1321,1303,18,DL,N999DN,2029,ECP,ATL,46,70,240,0,0
"2018-12-10",,1058,,,1229,,OH,"",5272,TLH,CLT,,,386,1,0
"2018-12-10",1120,1101,19,1418,1413,5,YX,N402YX,4609,VPS,DCA,97,118,789,0,0
"2018-12-10",1215,1205,10,1416,1350,26,EV,N13979,4451,IAH,ECP,76,121,572,0,0
"2018-12-10",1201,1209,-8,1231,1247,-16,EV,N718EV,2893,CLT,ECP,74,90,437,0,0
"2018-12-10",1229,1235,-6,1521,1539,-18,MQ,N241NN,4069,DFW,TLH,90,112,767,0,0
"2018-12-10",1250,1250,0,1256,1306,-10,DL,N952DL,1335,ATL,VPS,48,66,250,0,0
"2018-12-10",,1308,,,1354,,OH,"",5500,CLT,VPS,,,460,1,0
"2018-12-10",,1325,,,1458,,OH,"",5662,CLT,TLH,,,386,1,0
"2018-12-10",1327,1330,-3,1546,1549,-3,EV,N718EV,2876,ECP,DFW,119,139,685,0,0
"2018-12-10",1354,1349,5,1449,1454,-5,DL,N607AT,2936,ATL,TLH,41,55,223,0,0
"2018-12-10",1350,1350,0,1605,1610,-5,DL,N952DL,1335,VPS,ATL,45,75,250,0,0
"2018-12-10",1409,1357,12,1418,1406,12,DL,N999DN,2506,ATL,ECP,47,69,240,0,0
"2018-12-10",1423,1429,-6,1712,1714,-2,OH,N504AE,5500,VPS,CLT,65,109,460,0,0
"2018-12-10",1449,1450,-1,1706,1705,1,DL,N999DN,2506,ECP,ATL,59,77,240,0,0
"2018-12-10",1509,1459,10,1516,1515,1,DL,N937AT,2844,ATL,VPS,47,67,250,0,0
"2018-12-10",1525,1505,20,1732,1704,28,EV,N15912,4165,VPS,IAH,104,127,528,0,0
"2018-12-10",1555,1558,-3,1805,1819,-14,DL,N937AT,2844,VPS,ATL,46,70,250,0,0
"2018-12-10",1611,1614,-3,1713,1715,-2,DL,N960DL,1813,ATL,TLH,40,62,223,0,0
"2018-12-10",1615,1621,-6,1739,1749,-10,MQ,N241NN,4069,TLH,DFW,131,144,767,0,0
"2018-12-10",1747,1748,-1,1826,1841,-15,G4,"261NV",1342,CVG,VPS,86,99,600,0,0
"2018-12-10",1809,1805,4,1955,1946,9,EV,N14907,4447,IAH,VPS,75,106,528,0,0
"2018-12-10",1812,1806,6,2027,2030,-3,DL,N920DE,1403,ECP,ATL,45,75,240,0,0
"2018-12-10",1806,1809,-3,1943,1948,-5,OH,N708PS,5331,CLT,TLH,69,97,386,0,0
"2018-12-10",1815,1816,-1,1923,1923,0,DL,N607AT,1787,ATL,TLH,43,68,223,0,0
"2018-12-10",1815,1819,-4,2023,2049,-26,DL,N925AT,1099,VPS,ATL,46,68,250,0,0
"2018-12-10",1855,1855,0,2057,2051,6,AA,N979TW,1445,DFW,VPS,82,122,641,0,0
"2018-12-10",1917,1920,-3,1917,1930,-13,DL,N3754A,2431,ATL,ECP,44,60,240,0,0
"2018-12-10",2124,1929,115,2300,2049,131,MQ,N618AE,3844,TLH,MIA,67,96,402,0,0
"2018-12-10",1927,1930,-3,2037,2050,-13,WN,N7853B,37,ECP,BNA,59,70,401,0,0
"2018-12-10",1945,1939,6,1950,1949,1,DL,N992DL,2406,ATL,VPS,47,65,250,0,0
"2018-12-10",1948,2000,-12,2224,2224,0,YX,N438YX,4504,DCA,TLH,114,156,716,0,0
"2018-12-10",2002,2006,-4,2116,2119,-3,DL,N607AT,1787,TLH,ATL,48,74,223,0,0
"2018-12-10",2237,2241,-4,2245,2256,-11,DL,N983DL,755,ATL,VPS,43,68,250,0,0
"2018-12-10",2229,2241,-12,2322,2345,-23,DL,N900DE,1414,ATL,TLH,39,53,223,0,0
"2018-12-11",529,529,0,653,655,-2,OH,N708PS,5584,TLH,CLT,62,84,386,0,0
"2018-12-11",538,540,-2,644,648,-4,DL,N998DL,990,TLH,ATL,46,66,223,0,0
"2018-12-11",556,600,-4,803,804,-1,DL,N992DL,2461,VPS,ATL,46,67,250,0,0
"2018-12-11",657,700,-3,909,916,-7,DL,N3753,2430,ECP,ATL,45,72,240,0,0
"2018-12-11",658,700,-2,805,805,0,DL,N900DE,2770,TLH,ATL,49,67,223,0,0
"2018-12-11",706,706,0,947,925,22,AA,N979TW,1538,VPS,DFW,105,161,641,0,0
"2018-12-11",706,709,-3,905,918,-13,YX,N438YX,4626,TLH,DCA,96,119,716,0,0
"2018-12-11",727,732,-5,1008,1015,-7,EV,N720EV,2899,ECP,CLT,66,101,437,0,0
"2018-12-11",755,800,-5,904,915,-11,WN,N964WN,1251,BNA,ECP,56,69,401,0,0
"2018-12-11",853,831,22,924,913,11,OH,N564NN,5564,CLT,VPS,72,91,460,0,0
"2018-12-11",841,850,-9,1022,1028,-6,YX,N415YX,4609,DCA,VPS,120,161,789,0,0
"2018-12-11",858,905,-7,1111,1105,6,EV,N14907,4310,VPS,IAH,94,133,528,0,0
"2018-12-11",954,943,11,1238,1228,10,OH,N564NN,5564,VPS,CLT,70,104,460,0,0
"2018-12-11",1000,956,4,1011,1007,4,DL,N907DL,2029,ATL,ECP,42,71,240,0,0
"2018-12-11",1008,1016,-8,1117,1130,-13,"9E",N132EV,3395,TLH,ATL,46,69,223,0,0
"2018-12-11",1034,1049,-15,1244,1305,-21,DL,N891AT,794,VPS,ATL,46,70,250,0,0
"2018-12-11",1100,1100,0,1252,1251,1,AA,N970TW,2622,DFW,VPS,81,112,641,0,0
"2018-12-11",1050,1101,-11,1405,1413,-8,YX,N415YX,4609,VPS,DCA,116,135,789,0,0
"2018-12-11",,1209,,,1247,,EV,N719EV,2893,CLT,ECP,,,437,1,0
"2018-12-11",1212,1218,-6,1404,1402,2,EV,N18556,3995,IAH,VPS,73,112,528,0,0
"2018-12-11",1232,1225,7,1414,1419,-5,EV,N615QX,2895,DFW,ECP,82,102,685,0,0
"2018-12-10",,943,,,1228,,OH,"",5564,VPS,CLT,,,460,1,0
"2018-12-10",944,945,-1,1131,1140,-9,WN,N263WN,1251,ECP,HOU,98,107,571,0,0
"2018-12-10",1011,956,15,1034,1007,27,DL,N999DN,2029,ATL,ECP,51,83,240,0,0
"2018-12-10",1054,1100,-6,1240,1251,-11,AA,N961TW,2622,DFW,VPS,82,106,641,0,0
"2018-12-10",1109,1112,-3,1210,1221,-11,DL,N924AT,921,ATL,TLH,40,61,223,0,0
"2018-12-10",1258,1218,40,1437,1402,35,EV,N15912,3995,IAH,VPS,73,99,528,0,0
"2018-12-10",1218,1225,-7,1410,1419,-9,EV,N720EV,2895,DFW,ECP,87,112,685,0,0
"2018-12-10",1253,1300,-7,1359,1417,-18,DL,N924AT,921,TLH,ATL,45,66,223,0,0
"2018-12-10",1332,1335,-3,1607,1550,17,AA,N961TW,2622,VPS,DFW,116,155,641,0,0
"2018-12-10",1433,1439,-6,1552,1601,-9,MQ,N674RJ,3861,MIA,TLH,63,79,402,0,0
"2018-12-10",1454,1455,-1,1702,1657,5,EV,N13979,4134,ECP,IAH,107,128,572,0,0
"2018-12-10",1452,1503,-11,1727,1744,-17,EV,N720EV,2880,ECP,CLT,67,95,437,0,0
"2018-12-10",1539,1531,8,1716,1704,12,OH,N501BG,5662,TLH,CLT,61,97,386,0,0
"2018-12-10",1534,1537,-3,1646,1650,-4,DL,N607AT,2936,TLH,ATL,48,72,223,0,0
"2018-12-10",1609,1610,-1,1733,1745,-12,OH,N549NN,5248,CLT,TLH,69,84,386,0,0
"2018-12-10",1652,1706,-14,1814,1827,-13,MQ,N674RJ,3861,TLH,MIA,62,82,402,0,0
"2018-12-10",1739,1715,24,1743,1722,21,DL,N920DE,1403,ATL,ECP,46,64,240,0,0
"2018-12-10",1720,1722,-2,1724,1736,-12,DL,N925AT,1099,ATL,VPS,46,64,250,0,0
"2018-12-10",1732,1725,7,1857,1900,-3,WN,N7853B,37,HOU,ECP,73,85,571,0,0
"2018-12-10",1756,1730,26,1956,1857,59,MQ,N618AE,3844,MIA,TLH,68,120,402,0,0
"2018-12-10",1737,1739,-2,1817,1823,-6,OH,N551NN,5709,CLT,VPS,84,100,460,0,0
"2018-12-10",1759,1759,0,1914,1910,4,DL,N960DL,1813,TLH,ATL,45,75,223,0,0
"2018-12-10",1811,1815,-4,1925,1946,-21,OH,N549NN,5248,TLH,CLT,57,74,386,0,0
"2018-12-10",1821,1830,-9,1902,1914,-12,EV,N720EV,2890,CLT,ECP,76,101,437,0,0
"2018-12-10",1848,1849,-1,2035,2050,-15,EV,N738EV,2870,DFW,ECP,83,107,685,0,0
"2018-12-10",1906,1926,-20,2143,2213,-30,G4,"261NV",1343,VPS,CVG,79,97,600,0,0
"2018-12-10",1959,1935,24,2120,2055,25,WN,N236WN,414,BNA,ECP,65,81,401,0,0
"2018-12-10",1951,1955,-4,2138,2133,5,EV,N12567,4190,IAH,ECP,79,107,572,0,0
"2018-12-10",2037,2040,-3,2341,2344,-3,MQ,N236NN,4131,DFW,TLH,94,124,767,0,0
"2018-12-10",2045,2049,-4,2145,2155,-10,DL,N998DL,854,ATL,TLH,39,60,223,0,0
"2018-12-10",2232,2230,2,2240,2240,0,DL,N3753,2303,ATL,ECP,43,68,240,0,0
"2018-12-11",554,600,-6,802,816,-14,DL,N3754A,1237,ECP,ATL,42,68,240,0,0
"2018-12-11",616,620,-4,830,840,-10,EV,N738EV,2889,ECP,DFW,110,134,685,0,0
"2018-12-11",628,630,-2,824,832,-8,EV,N12567,3979,ECP,IAH,94,116,572,0,0
"2018-12-11",629,633,-4,905,915,-10,OH,N551NN,5623,VPS,CLT,72,96,460,0,0
"2018-12-11",646,650,-4,813,815,-2,MQ,N618AE,3663,MIA,TLH,67,87,402,0,0
"2018-12-11",730,730,0,942,944,-2,DL,N983DL,2478,VPS,ATL,46,72,250,0,0
"2018-12-11",736,740,-4,856,900,-4,WN,N236WN,1837,ECP,BNA,68,80,401,0,0
"2018-12-11",740,747,-7,903,916,-13,MQ,N236NN,4116,TLH,DFW,116,143,767,0,0
"2018-12-11",826,830,-4,933,941,-8,"9E",N132EV,3395,ATL,TLH,40,67,223,0,0
"2018-12-11",903,855,8,1022,1025,-3,OH,N576NN,5272,CLT,TLH,62,79,386,0,0
"2018-12-11",900,903,-3,1027,1025,2,MQ,N618AE,3663,TLH,MIA,69,87,402,0,0
"2018-12-11",944,945,-1,1128,1140,-12,WN,N964WN,1251,ECP,HOU,92,104,571,0,0
"2018-12-11",949,952,-3,954,1009,-15,DL,N891AT,794,ATL,VPS,43,65,250,0,0
"2018-12-11",1049,1051,-2,1258,1303,-5,DL,N907DL,2029,ECP,ATL,49,69,240,0,0
"2018-12-11",1154,1058,56,1324,1229,55,OH,N576NN,5272,TLH,CLT,65,90,386,0,0
"2018-12-11",1111,1112,-1,1204,1221,-17,DL,N927AT,921,ATL,TLH,39,53,223,0,0
"2018-12-11",1204,1205,-1,1348,1350,-2,EV,N13979,4451,IAH,ECP,81,104,572,0,0
"2018-12-11",1234,1235,-1,1530,1539,-9,MQ,N265NN,4069,DFW,TLH,94,116,767,0,0
"2018-12-11",1252,1300,-8,1407,1417,-10,DL,N927AT,921,TLH,ATL,47,75,223,0,0
"2018-12-11",1314,1308,6,1405,1354,11,OH,N564NN,5500,CLT,VPS,74,111,460,0,0
"2018-12-11",1333,1335,-2,1553,1550,3,AA,N970TW,2622,VPS,DFW,105,140,641,0,0
"2018-12-11",1416,1325,51,1533,1458,35,OH,N716PS,5662,CLT,TLH,60,77,386,0,0
"2018-12-11",,1330,,,1549,,EV,N719EV,2876,ECP,DFW,,,685,1,0
"2018-12-11",1344,1350,-6,1555,1610,-15,DL,N980DL,1335,VPS,ATL,47,71,250,0,0
"2018-12-11",1348,1349,-1,1450,1454,-4,DL,N891AT,2936,ATL,TLH,38,62,223,0,0
"2018-12-11",1351,1357,-6,1356,1406,-10,DL,N971DL,2506,ATL,ECP,39,65,240,0,0
"2018-12-11",1428,1429,-1,1708,1714,-6,OH,N564NN,5500,VPS,CLT,72,100,460,0,0
"2018-12-11",1433,1439,-6,1607,1601,6,MQ,N674RJ,3861,MIA,TLH,68,94,402,0,0
"2018-12-11",1605,1531,34,1726,1704,22,OH,N716PS,5662,TLH,CLT,63,81,386,0,0
"2018-12-11",1446,1450,-4,1650,1705,-15,DL,N971DL,2506,ECP,ATL,44,64,240,0,0
"2018-12-11",1446,1455,-9,1644,1657,-13,EV,N13979,4134,ECP,IAH,96,118,572,0,0
"2018-12-11",1458,1459,-1,1517,1515,2,DL,N944AT,2844,ATL,VPS,51,79,250,0,0
"2018-12-11",1453,1503,-10,1721,1744,-23,EV,N615QX,2880,ECP,CLT,66,88,437,0,0
"2018-12-11",1456,1505,-9,1650,1704,-14,EV,N18556,4165,VPS,IAH,92,114,528,0,0
"2018-12-11",1534,1537,-3,1631,1650,-19,DL,N891AT,2936,TLH,ATL,44,57,223,0,0
"2018-12-11",1607,1610,-3,1720,1745,-25,OH,N575NN,5248,CLT,TLH,58,73,386,0,0
"2018-12-11",1554,1558,-4,1800,1819,-19,DL,N944AT,2844,VPS,ATL,46,66,250,0,0
"2018-12-11",1611,1614,-3,1702,1715,-13,DL,N974DL,1813,ATL,TLH,36,51,223,0,0
"2018-12-11",1622,1621,1,1757,1749,8,MQ,N265NN,4069,TLH,DFW,124,155,767,0,0
"2018-12-11",1711,1715,-4,1703,1722,-19,DL,N969DL,1403,ATL,ECP,37,52,240,0,0
"2018-12-11",1703,1706,-3,1820,1827,-7,MQ,N674RJ,3861,TLH,MIA,63,77,402,0,0
"2018-12-11",1734,1722,12,1734,1736,-2,DL,N993AT,1099,ATL,VPS,44,60,250,0,0
"2018-12-11",1716,1725,-9,1843,1900,-17,WN,N7729A,37,HOU,ECP,75,87,571,0,0
"2018-12-11",1723,1730,-7,1848,1857,-9,MQ,N618AE,3844,MIA,TLH,67,85,402,0,0
"2018-12-11",1737,1739,-2,1806,1823,-17,OH,N549NN,5709,CLT,VPS,70,89,460,0,0
"2018-12-11",1754,1759,-5,1900,1910,-10,DL,N974DL,1813,TLH,ATL,43,66,223,0,0
"2018-12-11",1755,1805,-10,1936,1946,-10,EV,N14904,4447,IAH,VPS,74,101,528,0,0
"2018-12-11",1800,1806,-6,2017,2030,-13,DL,N969DL,1403,ECP,ATL,43,77,240,0,0
"2018-12-11",1842,1849,-7,2023,2050,-27,EV,N718EV,2870,DFW,ECP,80,101,685,0,0
"2018-12-11",1804,1809,-5,1932,1948,-16,OH,N540EA,5331,CLT,TLH,60,88,386,0,0
"2018-12-11",1756,1815,-19,1922,1946,-24,OH,N575NN,5248,TLH,CLT,63,86,386,0,0
"2018-12-11",1809,1816,-7,1910,1923,-13,DL,N951AT,1787,ATL,TLH,35,61,223,0,0
"2018-12-11",1815,1819,-4,2027,2049,-22,DL,N993AT,1099,VPS,ATL,44,72,250,0,0
"2018-12-11",1824,1830,-6,1846,1914,-28,EV,N615QX,2890,CLT,ECP,62,82,437,0,0
"2018-12-11",1922,1929,-7,2039,2049,-10,MQ,N618AE,3844,TLH,MIA,63,77,402,0,0
"2018-12-11",1845,1855,-10,2023,2051,-28,AA,N9628W,1445,DFW,VPS,79,98,641,0,0
"2018-12-11",1932,1920,12,1930,1930,0,DL,N3750D,2431,ATL,ECP,38,58,240,0,0
"2018-12-11",1922,1930,-8,2045,2050,-5,WN,N7729A,37,ECP,BNA,69,83,401,0,0
"2018-12-11",1928,1935,-7,2031,2055,-24,WN,N7732A,414,BNA,ECP,53,63,401,0,0
"2018-12-11",1955,2000,-5,2203,2224,-21,YX,N426YX,4504,DCA,TLH,95,128,716,0,0
"2018-12-11",1957,1939,18,1959,1949,10,DL,N949DL,2406,ATL,VPS,40,62,250,0,0
"2018-12-11",2102,1955,67,2235,2133,62,EV,N14570,4190,IAH,ECP,75,93,572,0,0
"2018-12-11",1955,2006,-11,2107,2119,-12,DL,N951AT,1787,TLH,ATL,42,72,223,0,0
"2018-12-11",2044,2049,-5,2135,2155,-20,DL,N905DE,854,ATL,TLH,36,51,223,0,0
"2018-12-11",2033,2040,-7,2325,2344,-19,MQ,N220NN,4131,DFW,TLH,87,112,767,0,0
"2018-12-11",2219,2230,-11,2214,2240,-26,DL,N388DA,2303,ATL,ECP,40,55,240,0,0
"2018-12-12",615,620,-5,850,840,10,EV,N718EV,2889,ECP,DFW,111,155,685,0,0
"2018-12-11",2236,2241,-5,2236,2256,-20,DL,N905DL,755,ATL,VPS,43,60,250,0,0
"2018-12-11",2237,2241,-4,2339,2345,-6,DL,N901DE,1414,ATL,TLH,44,62,223,0,0
"2018-12-12",531,529,2,644,655,-11,OH,N540EA,5584,TLH,CLT,57,73,386,0,0
"2018-12-12",607,540,27,708,648,20,DL,N901DE,990,TLH,ATL,42,61,223,0,0
"2018-12-12",606,600,6,849,816,33,DL,N388DA,1237,ECP,ATL,44,103,240,0,0
"2018-12-12",556,600,-4,857,804,53,DL,N905DL,2461,VPS,ATL,43,121,250,0,0
"2018-12-12",645,650,-5,811,815,-4,MQ,N939AE,3663,MIA,TLH,64,86,402,0,0
"2018-12-12",647,630,17,1118,1000,78,G4,"309NV",1990,VPS,EWR,122,211,988,0,0
"2018-12-12",630,630,0,848,832,16,EV,N14570,3979,ECP,IAH,100,138,572,0,0
"2018-12-12",633,633,0,932,915,17,OH,N549NN,5623,VPS,CLT,64,119,460,0,0
"2018-12-12",727,730,-3,945,944,1,DL,N949DL,2478,VPS,ATL,42,78,250,0,0
"2018-12-12",700,700,0,917,916,1,DL,N3750D,2430,ECP,ATL,40,77,240,0,0
"2018-12-12",658,700,-2,800,805,-5,DL,N905DE,2770,TLH,ATL,43,62,223,0,0
"2018-12-12",700,706,-6,933,925,8,AA,N9628W,1538,VPS,DFW,112,153,641,0,0
"2018-12-12",705,709,-4,902,918,-16,YX,N426YX,4626,TLH,DCA,99,117,716,0,0
"2018-12-12",801,747,14,935,916,19,MQ,N220NN,4116,TLH,DFW,129,154,767,0,0
"2018-12-12",728,732,-4,1020,1015,5,EV,N615QX,2899,ECP,CLT,62,112,437,0,0
"2018-12-12",734,740,-6,848,900,-12,WN,N7732A,1837,ECP,BNA,64,74,401,0,0
"2018-12-12",758,800,-2,912,915,-3,WN,N7701B,1251,BNA,ECP,57,74,401,0,0
"2018-12-12",827,831,-4,917,913,4,OH,N583NN,5564,CLT,VPS,76,110,460,0,0
"2018-12-12",852,830,22,955,941,14,"9E",N300PQ,3395,ATL,TLH,40,63,223,0,0
"2018-12-12",843,850,-7,1019,1028,-9,YX,N438YX,4609,DCA,VPS,128,156,789,0,0
"2018-12-12",856,905,-9,1102,1105,-3,EV,N14904,4310,VPS,IAH,100,126,528,0,0
"2018-12-12",853,855,-2,1035,1025,10,OH,N586NN,5272,CLT,TLH,75,102,386,0,0
"2018-12-12",853,903,-10,1009,1025,-16,MQ,N939AE,3663,TLH,MIA,60,76,402,0,0
"2018-12-12",943,943,0,1217,1228,-11,OH,N583NN,5564,VPS,CLT,64,94,460,0,0
"2018-12-12",955,956,-1,1006,1007,-1,DL,N954DL,2029,ATL,ECP,45,71,240,0,0
"2018-12-12",945,945,0,1137,1140,-3,WN,N7701B,1251,ECP,HOU,99,112,571,0,0
"2018-12-12",949,952,-3,953,1009,-16,DL,N933AT,794,ATL,VPS,43,64,250,0,0
"2018-12-12",1046,1049,-3,1254,1305,-11,DL,N933AT,794,VPS,ATL,50,68,250,0,0
"2018-12-12",1022,1016,6,1130,1130,0,"9E",N300PQ,3395,TLH,ATL,45,68,223,0,0
"2018-12-12",1155,1100,55,1409,1245,84,G4,"309NV",1991,EWR,VPS,154,194,988,0,0
"2018-12-12",1048,1051,-3,1254,1303,-9,DL,N954DL,2029,ECP,ATL,46,66,240,0,0
"2018-12-12",1108,1058,10,1245,1229,16,OH,N586NN,5272,TLH,CLT,69,97,386,0,0
"2018-12-12",1055,1100,-5,1239,1251,-12,AA,N963TW,2622,DFW,VPS,75,104,641,0,0
"2018-12-12",1051,1101,-10,1402,1413,-11,YX,N438YX,4609,VPS,DCA,115,131,789,0,0
"2018-12-12",1205,1209,-4,1248,1247,1,EV,N717EV,2893,CLT,ECP,70,103,437,0,0
"2018-12-12",1109,1112,-3,1203,1221,-18,DL,N928AT,921,ATL,TLH,39,54,223,0,0
"2018-12-12",1202,1205,-3,1341,1350,-9,EV,N26545,4451,IAH,ECP,74,99,572,0,0
"2018-12-12",1230,1235,-5,1529,1539,-10,MQ,N240NN,4069,DFW,TLH,91,119,767,0,0
"2018-12-12",1210,1218,-8,1347,1402,-15,EV,N16559,3995,IAH,VPS,70,97,528,0,0
"2018-12-12",1219,1225,-6,1419,1419,0,EV,N738EV,2895,DFW,ECP,98,120,685,0,0
"2018-12-12",1257,1300,-3,1406,1417,-11,DL,N928AT,921,TLH,ATL,46,69,223,0,0
"2018-12-12",1243,1250,-7,1251,1306,-15,DL,N906DL,1335,ATL,VPS,44,68,250,0,0
"2018-12-12",1305,1308,-3,1348,1354,-6,OH,N560NN,5500,CLT,VPS,79,103,460,0,0
"2018-12-12",1337,1325,12,1504,1458,6,OH,N502AE,5662,CLT,TLH,65,87,386,0,0
"2018-12-12",1322,1330,-8,1538,1549,-11,EV,N717EV,2876,ECP,DFW,111,136,685,0,0
"2018-12-12",1344,1349,-5,1438,1454,-16,DL,N933AT,2936,ATL,TLH,39,54,223,0,0
"2018-12-12",1331,1335,-4,1550,1550,0,AA,N963TW,2622,VPS,DFW,118,139,641,0,0
"2018-12-12",1345,1350,-5,1552,1610,-18,DL,N906DL,1335,VPS,ATL,43,67,250,0,0
"2018-12-12",1353,1357,-4,1353,1406,-13,DL,N951DL,2506,ATL,ECP,44,60,240,0,0
"2018-12-12",1447,1450,-3,1649,1705,-16,DL,N951DL,2506,ECP,ATL,45,62,240,0,0
"2018-12-12",1449,1415,34,1750,1719,31,G4,"309NV",1946,VPS,BWI,102,121,819,0,0
"2018-12-12",1422,1429,-7,1705,1714,-9,OH,N560NN,5500,VPS,CLT,62,103,460,0,0
"2018-12-12",1430,1439,-9,1549,1601,-12,MQ,N616AE,3861,MIA,TLH,64,79,402,0,0
"2018-12-12",1446,1455,-9,1655,1657,-2,EV,N26545,4134,ECP,IAH,111,129,572,0,0
"2018-12-12",1455,1459,-4,1459,1515,-16,DL,N983AT,2844,ATL,VPS,44,64,250,0,0
"2018-12-12",1453,1503,-10,1721,1744,-23,EV,N738EV,2880,ECP,CLT,65,88,437,0,0
"2018-12-12",1553,1558,-5,1803,1819,-16,DL,N983AT,2844,VPS,ATL,45,70,250,0,0
"2018-12-12",1456,1505,-9,1708,1704,4,EV,N16559,4165,VPS,IAH,110,132,528,0,0
"2018-12-12",1543,1531,12,1716,1704,12,OH,N502AE,5662,TLH,CLT,57,93,386,0,0
"2018-12-12",1531,1537,-6,1636,1650,-14,DL,N933AT,2936,TLH,ATL,45,65,223,0,0
"2018-12-12",1605,1614,-9,1659,1715,-16,DL,N979DL,1813,ATL,TLH,38,54,223,0,0
"2018-12-12",1618,1610,8,1739,1745,-6,OH,N578NN,5248,CLT,TLH,66,81,386,0,0
"2018-12-12",1636,1640,-4,1820,1831,-11,YV,N907FJ,5906,DFW,VPS,81,104,641,0,0
"2018-12-12",1619,1621,-2,1737,1749,-12,MQ,N240NN,4069,TLH,DFW,121,138,767,0,0
"2018-12-15",735,702,33,925,858,27,YV,N957LR,5725,DFW,VPS,82,110,641,0,0
"2018-12-12",1711,1715,-4,1707,1722,-15,DL,N997DL,1403,ATL,ECP,41,56,240,0,0
"2018-12-12",1720,1722,-2,1722,1736,-14,DL,N891AT,1099,ATL,VPS,42,62,250,0,0
"2018-12-12",1736,1739,-3,1816,1823,-7,OH,N584NN,5709,CLT,VPS,78,100,460,0,0
"2018-12-12",1830,1806,24,2030,2030,0,DL,N997DL,1403,ECP,ATL,46,60,240,0,0
"2018-12-12",1815,1809,6,2003,1946,17,YX,N121HQ,4660,CLT,TLH,68,108,386,0,0
"2018-12-12",1807,1816,-9,1909,1923,-14,DL,N929AT,1787,ATL,TLH,37,62,223,0,0
"2018-12-12",1812,1819,-7,2027,2049,-22,DL,N891AT,1099,VPS,ATL,49,75,250,0,0
"2018-12-12",1824,1830,-6,1855,1914,-19,EV,N738EV,2890,CLT,ECP,69,91,437,0,0
"2018-12-12",1916,1920,-4,1912,1930,-18,DL,N388DA,2431,ATL,ECP,42,56,240,0,0
"2018-12-12",1921,1929,-8,2044,2049,-5,MQ,N939AE,3844,TLH,MIA,60,83,402,0,0
"2018-12-12",1926,1935,-9,2042,2055,-13,WN,N7719A,414,BNA,ECP,61,76,401,0,0
"2018-12-12",1956,2006,-10,2113,2119,-6,DL,N929AT,1787,TLH,ATL,42,77,223,0,0
"2018-12-12",2031,2019,12,2147,2145,2,YX,N121HQ,4660,TLH,CLT,54,76,386,0,0
"2018-12-12",2042,2049,-7,2140,2155,-15,DL,N915DL,854,ATL,TLH,40,58,223,0,0
"2018-12-12",2238,2241,-3,2318,2324,-6,OH,N591NN,5696,CLT,VPS,78,100,460,0,0
"2018-12-12",2225,2241,-16,2237,2256,-19,DL,N991DL,755,ATL,VPS,42,72,250,0,0
"2018-12-12",2237,2241,-4,2338,2345,-7,DL,N970DL,1414,ATL,TLH,39,61,223,0,0
"2018-12-13",600,600,0,752,816,-24,DL,N3759,1237,ECP,ATL,38,52,240,0,0
"2018-12-13",620,630,-10,833,832,1,EV,N16571,3979,ECP,IAH,116,133,572,0,0
"2018-12-13",629,633,-4,904,915,-11,OH,N591NN,5623,VPS,CLT,62,95,460,0,0
"2018-12-13",700,700,0,859,916,-17,DL,N388DA,2430,ECP,ATL,39,59,240,0,0
"2018-12-13",700,700,0,800,805,-5,DL,N970DL,2770,TLH,ATL,41,60,223,0,0
"2018-12-13",728,732,-4,1003,1015,-12,EV,N738EV,2899,ECP,CLT,66,95,437,0,0
"2018-12-13",826,830,-4,927,941,-14,"9E",N916XJ,3395,ATL,TLH,42,61,223,0,0
"2018-12-13",855,855,0,1040,1025,15,OH,N593NN,5272,CLT,TLH,74,105,386,0,0
"2018-12-13",858,905,-7,1107,1105,2,EV,N16559,4310,VPS,IAH,107,129,528,0,0
"2018-12-13",921,934,-13,1106,1119,-13,G4,"309NV",1903,BLV,VPS,84,105,587,0,0
"2018-12-13",947,943,4,1220,1228,-8,OH,N552NN,5564,VPS,CLT,64,93,460,0,0
"2018-12-13",952,956,-4,954,1007,-13,DL,N918DE,2029,ATL,ECP,45,62,240,0,0
"2018-12-13",1011,1016,-5,1113,1130,-17,"9E",N916XJ,3395,TLH,ATL,42,62,223,0,0
"2018-12-13",1042,1049,-7,1307,1305,2,DL,N960AT,794,VPS,ATL,43,85,250,0,0
"2018-12-13",1102,1100,2,1255,1251,4,AA,N9630A,2622,DFW,VPS,89,113,641,0,0
"2018-12-13",1045,1101,-16,1350,1413,-23,YX,N419YX,4609,VPS,DCA,107,125,789,0,0
"2018-12-13",1159,1205,-6,1331,1350,-19,EV,N14570,4451,IAH,ECP,77,92,572,0,0
"2018-12-13",1232,1235,-3,1539,1539,0,MQ,N259NN,4069,DFW,TLH,101,127,767,0,0
"2018-12-13",1247,1250,-3,1253,1306,-13,DL,N908DE,1335,ATL,VPS,47,66,250,0,0
"2018-12-13",1335,1335,0,1544,1550,-6,AA,N9630A,2622,VPS,DFW,108,129,641,0,0
"2018-12-13",1346,1349,-3,1446,1454,-8,DL,N986AT,2936,ATL,TLH,47,60,223,0,0
"2018-12-13",1357,1357,0,1356,1406,-10,DL,N906DE,2506,ATL,ECP,45,59,240,0,0
"2018-12-13",1430,1439,-9,1552,1601,-9,MQ,N615AE,3861,MIA,TLH,66,82,402,0,0
"2018-12-13",1448,1455,-7,1656,1657,-1,EV,N14570,4134,ECP,IAH,105,128,572,0,0
"2018-12-13",1455,1505,-10,1651,1704,-13,EV,N16559,4165,VPS,IAH,96,116,528,0,0
"2018-12-13",1532,1537,-5,1635,1650,-15,DL,N986AT,2936,TLH,ATL,42,63,223,0,0
"2018-12-13",1550,1558,-8,1750,1819,-29,DL,N974AT,2844,VPS,ATL,44,60,250,0,0
"2018-12-13",1613,1614,-1,1709,1715,-6,DL,N977DL,1813,ATL,TLH,41,56,223,0,0
"2018-12-13",1618,1621,-3,1743,1749,-6,MQ,N259NN,4069,TLH,DFW,122,145,767,0,0
"2018-12-13",1801,1759,2,1915,1910,5,DL,N977DL,1813,TLH,ATL,42,74,223,0,0
"2018-12-13",1758,1805,-7,1934,1946,-12,EV,N13908,4447,IAH,VPS,72,96,528,0,0
"2018-12-13",1754,1806,-12,2006,2030,-24,DL,N998DL,1403,ECP,ATL,42,72,240,0,0
"2018-12-13",1812,1815,-3,1925,1946,-21,OH,N576NN,5248,TLH,CLT,57,73,386,0,0
"2018-12-13",1916,1855,21,2107,2051,16,AA,N979TW,1445,DFW,VPS,87,111,641,0,0
"2018-12-13",1919,1855,24,2146,2136,10,OH,N550NN,5709,VPS,CLT,62,87,460,0,0
"2018-12-13",1918,1920,-2,1918,1930,-12,DL,N385DN,2431,ATL,ECP,43,60,240,0,0
"2018-12-13",1924,1929,-5,2039,2049,-10,MQ,N662EH,3844,TLH,MIA,61,75,402,0,0
"2018-12-13",2125,1935,110,2241,2055,106,WN,N715SW,414,BNA,ECP,67,76,401,0,0
"2018-12-13",1946,1955,-9,2134,2133,1,EV,N14916,4190,IAH,ECP,78,108,572,0,0
"2018-12-13",2015,2019,-4,2132,2145,-13,YX,N112HQ,4660,TLH,CLT,58,77,386,0,0
"2018-12-13",2044,2049,-5,2139,2155,-16,DL,N971DL,854,ATL,TLH,42,55,223,0,0
"2018-12-13",2225,2230,-5,2231,2240,-9,DL,N397DA,2303,ATL,ECP,45,66,240,0,0
"2018-12-13",2236,2241,-5,2318,2324,-6,OH,N593NN,5696,CLT,VPS,74,102,460,0,0
"2018-12-13",2237,2241,-4,2248,2256,-8,DL,N966DL,755,ATL,VPS,43,71,250,0,0
"2018-12-13",2231,2241,-10,2347,2345,2,DL,N948DL,1414,ATL,TLH,40,76,223,0,0
"2018-12-14",550,600,-10,807,804,3,DL,N966DL,2461,VPS,ATL,45,77,250,0,0
"2018-12-14",622,633,-11,903,915,-12,OH,N593NN,5623,VPS,CLT,66,101,460,0,0
"2018-12-14",722,732,-10,948,1015,-27,EV,N720EV,2899,ECP,CLT,61,86,437,0,0
"2018-12-14",800,800,0,911,915,-4,WN,N915WN,1251,BNA,ECP,61,71,401,0,0
"2018-12-14",827,830,-3,946,941,5,"9E",N300PQ,3395,ATL,TLH,45,79,223,0,0
"2018-12-14",854,905,-11,1104,1105,-1,EV,N13908,4310,VPS,IAH,109,130,528,0,0
"2018-12-14",1001,932,29,1216,1150,26,YV,N326MS,5725,VPS,DFW,101,135,641,0,0
"2018-12-14",940,943,-3,1215,1228,-13,OH,N576NN,5564,VPS,CLT,68,95,460,0,0
"2018-12-14",1110,1051,19,1341,1303,38,DL,N998DL,2029,ECP,ATL,44,91,240,0,0
"2018-12-14",1058,1058,0,1217,1229,-12,OH,N597NN,5272,TLH,CLT,58,79,386,0,0
"2018-12-14",1116,1112,4,1226,1221,5,DL,N970AT,921,ATL,TLH,40,70,223,0,0
"2018-12-14",1202,1205,-3,1408,1350,18,EV,N16561,4451,IAH,ECP,79,126,572,0,0
"2018-12-14",1202,1209,-7,1247,1247,0,EV,N608QX,2893,CLT,ECP,75,105,437,0,0
"2018-12-14",1229,1235,-6,1545,1539,6,MQ,N255NN,4069,DFW,TLH,104,136,767,0,0
"2018-12-14",1250,1250,0,1302,1306,-4,DL,N962DL,1335,ATL,VPS,48,72,250,0,0
"2018-12-14",1358,1325,33,1523,1458,25,OH,N506AE,5662,CLT,TLH,69,85,386,0,0
"2018-12-14",1318,1330,-12,1529,1549,-20,EV,N608QX,2876,ECP,DFW,103,131,685,0,0
"2018-12-14",1520,1439,41,1641,1601,40,MQ,N615AE,3861,MIA,TLH,70,81,402,0,0
"2018-12-14",1505,1505,0,1712,1704,8,EV,N16571,4165,VPS,IAH,106,127,528,0,0
"2018-12-14",1538,1537,1,1651,1650,1,DL,N974AT,2936,TLH,ATL,42,73,223,0,0
"2018-12-14",1615,1558,17,1840,1819,21,DL,N891AT,2844,VPS,ATL,47,85,250,0,0
"2018-12-14",1613,1614,-1,1727,1715,12,DL,N991DL,1813,ATL,TLH,47,74,223,0,0
"2018-12-14",1631,1621,10,1758,1749,9,MQ,N255NN,4069,TLH,DFW,123,147,767,0,0
"2018-12-14",1641,1640,1,1836,1831,5,YV,N247LR,5906,DFW,VPS,89,115,641,0,0
"2018-12-14",1720,1706,14,1839,1827,12,MQ,N615AE,3861,TLH,MIA,65,79,402,0,0
"2018-12-14",1810,1715,55,1838,1722,76,DL,N972DL,1403,ATL,ECP,48,88,240,0,0
"2018-12-14",1733,1722,11,1750,1736,14,DL,N996AT,1099,ATL,VPS,48,77,250,0,0
"2018-12-14",1827,1725,62,1959,1900,59,WN,N288WN,37,HOU,ECP,73,92,571,0,0
"2018-12-14",1728,1730,-2,1858,1857,1,MQ,N661JA,3844,MIA,TLH,70,90,402,0,0
"2018-12-14",1828,1739,49,1927,1823,64,OH,N598NN,5709,CLT,VPS,83,119,460,0,0
"2018-12-14",1905,1806,59,2147,2030,77,DL,N972DL,1403,ECP,ATL,40,102,240,0,0
"2018-12-14",1829,1809,20,2021,1946,35,YX,N111HQ,4660,CLT,TLH,70,112,386,0,0
"2018-12-14",1855,1815,40,2030,1946,44,OH,N556NN,5248,TLH,CLT,57,95,386,0,0
"2018-12-14",1815,1816,-1,1938,1923,15,DL,N929AT,1787,ATL,TLH,46,83,223,0,0
"2018-12-14",1831,1830,1,1911,1914,-3,EV,N617QX,2890,CLT,ECP,74,100,437,0,0
"2018-12-14",1845,1849,-4,2043,2050,-7,EV,N720EV,2870,DFW,ECP,93,118,685,0,0
"2018-12-14",1853,1855,-2,2041,2051,-10,AA,N9677W,1445,DFW,VPS,90,108,641,0,0
"2018-12-14",1951,1855,56,2213,2136,37,OH,N598NN,5709,VPS,CLT,60,82,460,0,0
"2018-12-14",1904,1911,-7,2106,2129,-23,YV,N247LR,5906,VPS,DFW,101,122,641,0,0
"2018-12-14",1946,1920,26,1950,1930,20,DL,N394DA,2431,ATL,ECP,45,64,240,0,0
"2018-12-14",2015,1929,46,2145,2049,56,MQ,N661JA,3844,TLH,MIA,68,90,402,0,0
"2018-12-14",2030,1930,60,2142,2050,52,WN,N288WN,37,ECP,BNA,61,72,401,0,0
"2018-12-14",2104,1939,85,2110,1949,81,DL,N908DL,2406,ATL,VPS,46,66,250,0,0
"2018-12-14",1955,2000,-5,2226,2224,2,YX,N415YX,4504,DCA,TLH,118,151,716,0,0
"2018-12-14",2042,2040,2,2350,2344,6,MQ,N244NN,4131,DFW,TLH,92,128,767,0,0
"2018-12-14",2230,2230,0,2245,2240,5,DL,N3753,2303,ATL,ECP,59,75,240,0,0
"2018-12-14",16,2232,104,159,3,116,OH,N595NN,5284,CLT,TLH,79,103,386,0,0
"2018-12-15",656,600,56,921,802,79,DL,N908DL,2461,VPS,ATL,41,85,250,0,0
"2018-12-15",609,610,-1,702,716,-14,DL,N947DL,990,TLH,ATL,35,53,223,0,0
"2018-12-15",626,630,-4,943,1000,-17,G4,"309NV",1990,VPS,EWR,115,137,988,0,0
"2018-12-15",1126,630,296,1326,832,294,EV,N18556,3979,ECP,IAH,98,120,572,0,0
"2018-12-15",704,701,3,811,831,-20,OH,N595NN,5584,TLH,CLT,49,67,386,0,0
"2018-12-15",656,706,-10,901,925,-24,AA,N9677W,1538,VPS,DFW,99,125,641,0,0
"2018-12-11",1246,1250,-4,1248,1306,-18,DL,N980DL,1335,ATL,VPS,40,62,250,0,0
"2018-12-12",1702,1706,-4,1823,1827,-4,MQ,N616AE,3861,TLH,MIA,64,81,402,0,0
"2018-12-12",1758,1725,33,1920,1900,20,WN,N7715E,37,HOU,ECP,72,82,571,0,0
"2018-12-12",1724,1730,-6,1847,1857,-10,MQ,N939AE,3844,MIA,TLH,64,83,402,0,0
"2018-12-12",1755,1759,-4,1858,1910,-12,DL,N979DL,1813,TLH,ATL,41,63,223,0,0
"2018-12-12",1819,1804,15,1949,1920,29,G4,"309NV",1947,BWI,VPS,124,150,819,0,0
"2018-12-12",1800,1805,-5,1934,1946,-12,EV,N16559,4447,IAH,VPS,68,94,528,0,0
"2018-12-12",1810,1815,-5,1929,1946,-17,OH,N578NN,5248,TLH,CLT,55,79,386,0,0
"2018-12-12",1841,1849,-8,2029,2050,-21,EV,N617QX,2870,DFW,ECP,86,108,685,0,0
"2018-12-12",1853,1855,-2,2044,2051,-7,AA,N501AA,1445,DFW,VPS,83,111,641,0,0
"2018-12-12",1845,1855,-10,2120,2136,-16,OH,N584NN,5709,VPS,CLT,65,95,460,0,0
"2018-12-12",1845,1911,-26,2059,2129,-30,YV,N907FJ,5906,VPS,DFW,109,134,641,0,0
"2018-12-12",1947,1930,17,2058,2050,8,WN,N7715E,37,ECP,BNA,61,71,401,0,0
"2018-12-12",1935,1939,-4,1945,1949,-4,DL,N915DE,2406,ATL,VPS,50,70,250,0,0
"2018-12-12",1954,1955,-1,2120,2133,-13,EV,N16571,4190,IAH,ECP,76,86,572,0,0
"2018-12-12",1957,2000,-3,2221,2224,-3,YX,N444YX,4504,DCA,TLH,117,144,716,0,0
"2018-12-12",2035,2040,-5,2327,2344,-17,MQ,N257NN,4131,DFW,TLH,92,112,767,0,0
"2018-12-12",2219,2230,-11,2219,2240,-21,DL,N3759,2303,ATL,ECP,43,60,240,0,0
"2018-12-12",2222,2232,-10,2356,3,-7,OH,N507AE,5284,CLT,TLH,65,94,386,0,0
"2018-12-13",530,529,1,650,655,-5,OH,N507AE,5584,TLH,CLT,56,80,386,0,0
"2018-12-13",544,540,4,640,648,-8,DL,N915DL,990,TLH,ATL,40,56,223,0,0
"2018-12-13",553,600,-7,753,804,-11,DL,N991DL,2461,VPS,ATL,40,60,250,0,0
"2018-12-13",610,620,-10,842,840,2,EV,N617QX,2889,ECP,DFW,117,152,685,0,0
"2018-12-13",646,650,-4,811,815,-4,MQ,N663AR,3663,MIA,TLH,66,85,402,0,0
"2018-12-13",650,700,-10,830,849,-19,G4,"309NV",1902,VPS,BLV,83,100,587,0,0
"2018-12-13",653,702,-9,842,858,-16,YV,N945LR,5725,DFW,VPS,83,109,641,0,0
"2018-12-13",649,706,-17,915,925,-10,AA,N501AA,1538,VPS,DFW,113,146,641,0,0
"2018-12-13",719,709,10,911,918,-7,YX,N444YX,4626,TLH,DCA,92,112,716,0,0
"2018-12-13",720,730,-10,924,944,-20,DL,N915DE,2478,VPS,ATL,40,64,250,0,0
"2018-12-13",734,740,-6,847,900,-13,WN,N7719A,1837,ECP,BNA,59,73,401,0,0
"2018-12-13",746,747,-1,920,916,4,MQ,N257NN,4116,TLH,DFW,127,154,767,0,0
"2018-12-13",758,800,-2,906,915,-9,WN,N958WN,1251,BNA,ECP,58,68,401,0,0
"2018-12-13",830,831,-1,913,913,0,OH,N552NN,5564,CLT,VPS,83,103,460,0,0
"2018-12-13",845,850,-5,1017,1028,-11,YX,N419YX,4609,DCA,VPS,127,152,789,0,0
"2018-12-13",854,903,-9,1014,1025,-11,MQ,N663AR,3663,TLH,MIA,63,80,402,0,0
"2018-12-13",922,932,-10,1133,1150,-17,YV,N945LR,5725,VPS,DFW,105,131,641,0,0
"2018-12-13",945,945,0,1138,1140,-2,WN,N958WN,1251,ECP,HOU,102,113,571,0,0
"2018-12-13",951,952,-1,957,1009,-12,DL,N960AT,794,ATL,VPS,44,66,250,0,0
"2018-12-13",1046,1051,-5,1254,1303,-9,DL,N918DE,2029,ECP,ATL,40,68,240,0,0
"2018-12-13",1107,1058,9,1225,1229,-4,OH,N593NN,5272,TLH,CLT,55,78,386,0,0
"2018-12-13",1108,1112,-4,1216,1221,-5,DL,N951AT,921,ATL,TLH,44,68,223,0,0
"2018-12-13",1205,1209,-4,1408,1413,-5,G4,"309NV",1908,VPS,OKC,110,123,726,0,0
"2018-12-13",1157,1209,-12,1226,1247,-21,EV,N716EV,2893,CLT,ECP,69,89,437,0,0
"2018-12-13",1210,1218,-8,1343,1402,-19,EV,N16559,3995,IAH,VPS,72,93,528,0,0
"2018-12-13",1223,1225,-2,1418,1419,-1,EV,N720EV,2895,DFW,ECP,91,115,685,0,0
"2018-12-13",1300,1300,0,1420,1417,3,DL,N951AT,921,TLH,ATL,41,80,223,0,0
"2018-12-13",1305,1308,-3,1351,1354,-3,OH,N552NN,5500,CLT,VPS,76,106,460,0,0
"2018-12-13",1317,1325,-8,1443,1458,-15,OH,N562NN,5662,CLT,TLH,69,86,386,0,0
"2018-12-13",1319,1330,-11,1538,1549,-11,EV,N716EV,2876,ECP,DFW,111,139,685,0,0
"2018-12-13",1343,1350,-7,1548,1610,-22,DL,N908DE,1335,VPS,ATL,39,65,250,0,0
"2018-12-13",1424,1429,-5,1652,1714,-22,OH,N552NN,5500,VPS,CLT,62,88,460,0,0
"2018-12-13",1443,1450,-7,1647,1705,-18,DL,N906DE,2506,ECP,ATL,41,64,240,0,0
"2018-12-13",1516,1458,18,1713,1650,23,G4,"309NV",1909,OKC,VPS,97,117,726,0,0
"2018-12-13",1457,1459,-2,1458,1515,-17,DL,N974AT,2844,ATL,VPS,42,61,250,0,0
"2018-12-13",1456,1503,-7,1722,1744,-22,EV,N720EV,2880,ECP,CLT,63,86,437,0,0
"2018-12-13",1531,1531,0,1646,1704,-18,OH,N562NN,5662,TLH,CLT,56,75,386,0,0
"2018-12-13",1610,1610,0,1733,1745,-12,OH,N576NN,5248,CLT,TLH,66,83,386,0,0
"2018-12-13",1637,1640,-3,1856,1831,25,YV,N951LR,5906,DFW,VPS,85,139,641,0,0
"2018-12-13",1705,1706,-1,1828,1827,1,MQ,N615AE,3861,TLH,MIA,63,83,402,0,0
"2018-12-13",1708,1715,-7,1704,1722,-18,DL,N998DL,1403,ATL,ECP,42,56,240,0,0
"2018-12-13",1716,1722,-6,1720,1736,-16,DL,N961AT,1099,ATL,VPS,44,64,250,0,0
"2018-12-13",1912,1725,107,2040,1900,100,WN,N7844A,37,HOU,ECP,77,88,571,0,0
"2018-12-13",1723,1730,-7,1842,1857,-15,MQ,N662EH,3844,MIA,TLH,65,79,402,0,0
"2018-12-13",1800,1739,21,1850,1823,27,OH,N550NN,5709,CLT,VPS,77,110,460,0,0
"2018-12-13",1801,1809,-8,1942,1946,-4,YX,N112HQ,4660,CLT,TLH,69,101,386,0,0
"2018-12-13",1812,1816,-4,1910,1923,-13,DL,N986AT,1787,ATL,TLH,43,58,223,0,0
"2018-12-13",1811,1819,-8,2040,2049,-9,DL,N961AT,1099,VPS,ATL,45,89,250,0,0
"2018-12-13",1821,1830,-9,1900,1914,-14,EV,N720EV,2890,CLT,ECP,70,99,437,0,0
"2018-12-13",1907,1849,18,2103,2050,13,EV,N738EV,2870,DFW,ECP,93,116,685,0,0
"2018-12-13",1923,1911,12,,2129,,YV,N951LR,5906,VPS,DFW,,,641,1,0
"2018-12-13",2103,1930,93,2214,2050,84,WN,N7844A,37,ECP,BNA,58,71,401,0,0
"2018-12-13",1935,1939,-4,1942,1949,-7,DL,N915DE,2406,ATL,VPS,43,67,250,0,0
"2018-12-13",1951,2000,-9,2207,2224,-17,YX,N421YX,4504,DCA,TLH,111,136,716,0,0
"2018-12-13",1957,2006,-9,2056,2119,-23,DL,N986AT,1787,TLH,ATL,39,59,223,0,0
"2018-12-13",2038,2040,-2,2355,2344,11,MQ,N248NN,4131,DFW,TLH,103,137,767,0,0
"2018-12-13",2230,2232,-2,10,3,7,OH,N505AE,5284,CLT,TLH,68,100,386,0,0
"2018-12-14",527,529,-2,651,655,-4,OH,N505AE,5584,TLH,CLT,61,84,386,0,0
"2018-12-14",553,540,13,650,648,2,DL,N948DL,990,TLH,ATL,39,57,223,0,0
"2018-12-14",553,600,-7,824,816,8,DL,N385DN,1237,ECP,ATL,44,91,240,0,0
"2018-12-14",615,620,-5,820,840,-20,EV,N738EV,2889,ECP,DFW,108,125,685,0,0
"2018-12-14",618,630,-12,825,832,-7,EV,N14916,3979,ECP,IAH,104,127,572,0,0
"2018-12-14",649,650,-1,843,815,28,MQ,N616AE,3663,MIA,TLH,83,114,402,0,0
"2018-12-14",826,700,86,1056,916,100,DL,N397DA,2430,ECP,ATL,44,90,240,0,0
"2018-12-14",656,700,-4,759,805,-6,DL,N971DL,2770,TLH,ATL,42,63,223,0,0
"2018-12-14",655,700,-5,854,908,-14,G4,"309NV",1914,VPS,MCI,107,119,764,0,0
"2018-12-14",658,702,-4,933,858,35,YV,N326MS,5725,DFW,VPS,87,155,641,0,0
"2018-12-14",656,706,-10,902,925,-23,AA,N979TW,1538,VPS,DFW,102,126,641,0,0
"2018-12-14",708,709,-1,910,918,-8,YX,N421YX,4626,TLH,DCA,93,122,716,0,0
"2018-12-14",719,730,-11,1025,944,41,DL,N915DE,2478,VPS,ATL,50,126,250,0,0
"2018-12-14",758,740,18,907,900,7,WN,N715SW,1837,ECP,BNA,55,69,401,0,0
"2018-12-14",742,747,-5,854,916,-22,MQ,N248NN,4116,TLH,DFW,112,132,767,0,0
"2018-12-14",824,831,-7,909,913,-4,OH,N576NN,5564,CLT,VPS,82,105,460,0,0
"2018-12-14",844,850,-6,1042,1028,14,YX,N445YX,4609,DCA,VPS,139,178,789,0,0
"2018-12-14",857,855,2,1019,1025,-6,OH,N597NN,5272,CLT,TLH,66,82,386,0,0
"2018-12-14",908,903,5,1038,1025,13,MQ,N616AE,3663,TLH,MIA,68,90,402,0,0
"2018-12-14",945,945,0,1132,1140,-8,WN,N915WN,1251,ECP,HOU,98,107,571,0,0
"2018-12-14",948,952,-4,959,1009,-10,DL,N938AT,794,ATL,VPS,45,71,250,0,0
"2018-12-14",947,953,-6,1151,1151,0,G4,"309NV",1915,MCI,VPS,110,124,764,0,0
"2018-12-14",954,956,-2,1024,1007,17,DL,N998DL,2029,ATL,ECP,52,90,240,0,0
"2018-12-14",1020,1016,4,1133,1130,3,"9E",N300PQ,3395,TLH,ATL,45,73,223,0,0
"2018-12-14",1046,1049,-3,1312,1305,7,DL,N938AT,794,VPS,ATL,47,86,250,0,0
"2018-12-14",1056,1100,-4,1247,1251,-4,AA,N980TW,2622,DFW,VPS,86,111,641,0,0
"2018-12-14",1102,1101,1,1421,1413,8,YX,N445YX,4609,VPS,DCA,96,139,789,0,0
"2018-12-14",1218,1218,0,1437,1402,35,EV,N16571,3995,IAH,VPS,76,139,528,0,0
"2018-12-14",1223,1225,-2,1428,1419,9,EV,N617QX,2895,DFW,ECP,97,125,685,0,0
"2018-12-14",1313,1300,13,1434,1417,17,DL,N970AT,921,TLH,ATL,44,81,223,0,0
"2018-12-14",1305,1308,-3,1354,1354,0,OH,N576NN,5500,CLT,VPS,82,109,460,0,0
"2018-12-14",1334,1335,-1,1538,1550,-12,AA,N980TW,2622,VPS,DFW,94,124,641,0,0
"2018-12-14",1351,1349,2,1452,1454,-2,DL,N974AT,2936,ATL,TLH,41,61,223,0,0
"2018-12-14",1409,1350,19,1618,1610,8,DL,N962DL,1335,VPS,ATL,44,69,250,0,0
"2018-12-14",1354,1357,-3,1404,1406,-2,DL,N949DL,2506,ATL,ECP,45,70,240,0,0
"2018-12-14",1426,1429,-3,1707,1714,-7,OH,N576NN,5500,VPS,CLT,63,101,460,0,0
"2018-12-14",1448,1450,-2,1717,1705,12,DL,N949DL,2506,ECP,ATL,50,89,240,0,0
"2018-12-14",1447,1455,-8,1657,1657,0,EV,N16561,4134,ECP,IAH,105,130,572,0,0
"2018-12-14",1517,1459,18,1525,1515,10,DL,N891AT,2844,ATL,VPS,46,68,250,0,0
"2018-12-14",1459,1503,-4,1738,1744,-6,EV,N617QX,2880,ECP,CLT,67,99,437,0,0
"2018-12-14",1608,1531,37,1733,1704,29,OH,N506AE,5662,TLH,CLT,58,85,386,0,0
"2018-12-14",1631,1610,21,1814,1745,29,OH,N556NN,5248,CLT,TLH,81,103,386,0,0
"2018-12-14",1740,1748,-8,1846,1841,5,G4,"272NV",1342,CVG,VPS,106,126,600,0,0
"2018-12-14",1829,1759,30,1937,1910,27,DL,N991DL,1813,TLH,ATL,40,68,223,0,0
"2018-12-14",1825,1805,20,2018,1946,32,EV,N11548,4447,IAH,VPS,71,113,528,0,0
"2018-12-14",1822,1819,3,2108,2049,19,DL,N996AT,1099,VPS,ATL,47,106,250,0,0
"2018-12-14",1934,1926,8,2211,2213,-2,G4,"272NV",1343,VPS,CVG,76,97,600,0,0
"2018-12-14",1930,1935,-5,2053,2055,-2,WN,N227WN,414,BNA,ECP,72,83,401,0,0
"2018-12-14",930,1955,815,1100,2133,807,EV,N18556,4190,IAH,ECP,75,90,572,0,0
"2018-12-14",2027,2006,21,2201,2119,42,DL,N929AT,1787,TLH,ATL,43,94,223,0,0
"2018-12-14",2110,2019,51,2229,2145,44,YX,N111HQ,4660,TLH,CLT,53,79,386,0,0
"2018-12-14",2044,2049,-5,2141,2155,-14,DL,N984DL,854,ATL,TLH,41,57,223,0,0
"2018-12-14",2254,2241,13,2340,2324,16,OH,N598NN,5696,CLT,VPS,80,106,460,0,0
"2018-12-14",2241,2241,0,2255,2256,-1,DL,N906DL,755,ATL,VPS,54,74,250,0,0
"2018-12-14",2236,2241,-5,2337,2345,-8,DL,N947DL,1414,ATL,TLH,44,61,223,0,0
"2018-12-15",558,600,-2,754,814,-20,DL,N394DA,1237,ECP,ATL,38,56,240,0,0
"2018-12-15",609,620,-11,824,840,-16,EV,N720EV,2889,ECP,DFW,107,135,685,0,0
"2018-12-15",658,700,-2,913,914,-1,DL,N3753,2430,ECP,ATL,41,75,240,0,0
"2018-12-15",724,730,-6,930,942,-12,DL,N906DL,2478,VPS,ATL,38,66,250,0,0
"2018-12-15",720,730,-10,814,823,-9,G4,"272NV",1342,CVG,VPS,89,114,600,0,0
"2018-12-15",854,855,-1,1026,1025,1,OH,N592NN,5272,CLT,TLH,77,92,386,0,0
"2018-12-15",724,732,-8,958,1015,-17,EV,N617QX,2899,ECP,CLT,53,94,437,0,0
"2018-12-15",745,747,-2,926,916,10,MQ,N244NN,4116,TLH,DFW,122,161,767,0,0
"2018-12-15",753,755,-2,911,905,6,DL,N984DL,2770,TLH,ATL,41,78,223,0,0
"2018-12-15",845,850,-5,1023,1028,-5,YX,N425YX,4609,DCA,VPS,140,158,789,0,0
"2018-12-15",854,855,-1,1054,1100,-6,YX,N415YX,4626,TLH,DCA,90,120,716,0,0
"2018-12-15",930,910,20,1037,1025,12,WN,N430WN,3352,BNA,ECP,57,67,401,0,0
"2018-12-15",859,905,-6,1106,1105,1,EV,N11548,4310,VPS,IAH,94,127,528,0,0
"2018-12-15",853,908,-15,1037,1057,-20,G4,"272NV",1327,VPS,BLV,83,104,587,0,0
"2018-12-15",905,910,-5,1015,1030,-15,WN,N227WN,683,ECP,BNA,58,70,401,0,0
"2018-12-15",905,912,-7,1145,1200,-15,OH,N598NN,5623,VPS,CLT,58,100,460,0,0
"2018-12-15",1008,1007,1,1027,1017,10,DL,N984DL,2029,ATL,ECP,43,79,240,0,0
"2018-12-15",949,932,17,1153,1150,3,YV,N957LR,5725,VPS,DFW,100,124,641,0,0
"2018-12-15",952,950,2,956,1005,-9,DL,N996AT,794,ATL,VPS,48,64,250,0,0
"2018-12-15",1020,1026,-6,1136,1140,-4,"9E",N310PQ,3395,ATL,TLH,45,76,223,0,0
"2018-12-15",1048,1049,-1,1257,1304,-7,DL,N996AT,794,VPS,ATL,46,69,250,0,0
"2018-12-15",1108,1055,13,1251,1245,6,WN,N430WN,3352,ECP,HOU,91,103,571,0,0
"2018-12-15",1054,1101,-7,1353,1413,-20,YX,N425YX,4609,VPS,DCA,96,119,789,0,0
"2018-12-15",1103,1058,5,1246,1229,17,OH,N592NN,5272,TLH,CLT,53,103,386,0,0
"2018-12-15",1051,1100,-9,1245,1245,0,G4,"309NV",1991,EWR,VPS,154,174,988,0,0
"2018-12-15",1059,1100,-1,1243,1251,-8,AA,N963TW,2622,DFW,VPS,81,104,641,0,0
"2018-12-15",1149,1155,-6,1353,1410,-17,DL,N984DL,830,ECP,ATL,42,64,240,0,0
"2018-12-15",1124,1142,-18,1302,1327,-25,G4,"272NV",1326,BLV,VPS,82,98,587,0,0
"2018-12-15",1225,1209,16,1256,1247,9,EV,N716EV,2893,CLT,ECP,73,91,437,0,0
"2018-12-15",1202,1205,-3,1401,1350,11,EV,N12135,4451,IAH,ECP,74,119,572,0,0
"2018-12-15",1236,1225,11,1425,1419,6,EV,N616QX,2895,DFW,ECP,82,109,685,0,0
"2018-12-15",1208,1215,-7,1323,1330,-7,"9E",N310PQ,3395,TLH,ATL,45,75,223,0,0
"2018-12-15",1232,1235,-3,1535,1539,-4,MQ,N264NN,4069,DFW,TLH,101,123,767,0,0
"2018-12-15",1242,1245,-3,1249,1300,-11,DL,N936AT,1335,ATL,VPS,50,67,250,0,0
"2018-12-15",1304,1308,-4,1349,1354,-5,OH,N583NN,5500,CLT,VPS,85,105,460,0,0
"2018-12-15",1254,1247,7,1438,1431,7,EV,N13979,3995,IAH,VPS,74,104,528,0,0
"2018-12-15",1331,1330,1,1539,1549,-10,EV,N716EV,2876,ECP,DFW,108,128,685,0,0
"2018-12-15",1320,1325,-5,1459,1458,1,OH,N720PS,5662,CLT,TLH,75,99,386,0,0
"2018-12-15",1337,1340,-3,1436,1442,-6,DL,N951AT,2936,ATL,TLH,42,59,223,0,0
"2018-12-15",1324,1335,-11,1530,1550,-20,AA,N963TW,2622,VPS,DFW,103,126,641,0,0
"2018-12-15",1325,1335,-10,1628,1639,-11,G4,"309NV",1946,VPS,BWI,108,123,819,0,0
"2018-12-15",1357,1400,-3,1354,1408,-14,DL,N913DL,2506,ATL,ECP,43,57,240,0,0
"2018-12-15",1424,1429,-5,1656,1714,-18,OH,N583NN,5500,VPS,CLT,64,92,460,0,0
"2018-12-15",1349,1412,-23,1625,1659,-34,G4,"272NV",1343,VPS,CVG,76,96,600,0,0
"2018-12-15",1438,1439,-1,1631,1601,30,MQ,N687JS,3861,MIA,TLH,64,113,402,0,0
"2018-12-15",1446,1455,-9,1639,1657,-18,EV,N12135,4134,ECP,IAH,97,113,572,0,0
"2018-12-15",1448,1450,-2,1610,1625,-15,WN,N726SW,105,HOU,ECP,72,82,571,0,0
"2018-12-15",1502,1503,-1,1730,1744,-14,EV,N616QX,2880,ECP,CLT,65,88,437,0,0
"2018-12-15",1502,1505,-3,1714,1704,10,EV,N13979,4165,VPS,IAH,96,132,528,0,0
"2018-12-15",1626,1531,55,1758,1704,54,OH,N720PS,5662,TLH,CLT,61,92,386,0,0
"2018-12-15",1538,1537,1,1643,1649,-6,DL,N951AT,2936,TLH,ATL,45,65,223,0,0
"2018-12-15",1531,1545,-14,1732,1804,-32,DL,N936AT,2844,VPS,ATL,45,61,250,0,0
"2018-12-15",1559,1605,-6,1807,1820,-13,DL,N913DL,1633,ECP,ATL,42,68,240,0,0
"2018-12-15",1616,1620,-4,1714,1719,-5,DL,N986AT,1813,ATL,TLH,40,58,223,0,0
"2018-12-15",1624,1625,-1,1630,1638,-8,DL,N952DL,946,ATL,VPS,46,66,250,0,0
"2018-12-15",1640,1621,19,1805,1749,16,MQ,N264NN,4069,TLH,DFW,123,145,767,0,0
"2018-12-15",1721,1706,15,1846,1827,19,MQ,N687JS,3861,TLH,MIA,66,85,402,0,0
"2018-12-15",1636,1640,-4,1817,1827,-10,AA,N9621A,1445,DFW,VPS,80,101,641,0,0
"2018-12-15",1650,1655,-5,1803,1815,-12,WN,N726SW,105,ECP,BNA,61,73,401,0,0
"2018-12-15",1707,1705,2,1817,1820,-3,WN,N437WN,2613,BNA,ECP,58,70,401,0,0
"2018-12-15",1703,1710,-7,1920,1933,-13,YX,N421YX,4504,DCA,TLH,114,137,716,0,0
"2018-12-15",1729,1730,-1,1905,1857,8,MQ,N663AR,3844,MIA,TLH,67,96,402,0,0
"2018-12-15",1720,1724,-4,1845,1840,5,G4,"309NV",1947,BWI,VPS,128,145,819,0,0
"2018-12-15",1756,1758,-2,1906,1915,-9,DL,N986AT,1813,TLH,ATL,48,70,223,0,0
"2018-12-15",1734,1739,-5,1817,1823,-6,OH,N519AE,5709,CLT,VPS,86,103,460,0,0
"2018-12-15",1754,1755,-1,1940,1929,11,OH,N505AE,5188,CLT,TLH,68,106,386,0,0
"2018-12-15",1758,1805,-7,1928,1946,-18,EV,N16561,4447,IAH,VPS,69,90,528,0,0
"2018-12-15",1908,1901,7,1911,1909,2,DL,N394DA,2431,ATL,ECP,46,63,240,0,0
"2018-12-15",1822,1830,-8,1907,1914,-7,EV,N616QX,2890,CLT,ECP,76,105,437,0,0
"2018-12-15",1842,1849,-7,2030,2050,-20,EV,N608QX,2870,DFW,ECP,80,108,685,0,0
"2018-12-15",1846,1855,-9,2116,2136,-20,OH,N519AE,5709,VPS,CLT,60,90,460,0,0
"2018-12-15",1901,1906,-5,2004,2018,-14,"9E",N678CA,5242,ATL,TLH,40,63,223,0,0
"2018-12-15",1956,1955,1,2142,2133,9,EV,N14542,4190,IAH,ECP,73,106,572,0,0
"2018-12-15",1931,1929,2,2114,2049,25,MQ,N663AR,3844,TLH,MIA,75,103,402,0,0
"2018-12-15",2237,2241,-4,2307,2324,-17,OH,N596NN,5696,CLT,VPS,75,90,460,0,0
"2018-12-15",2038,2040,-2,2334,2344,-10,MQ,N248NN,4131,DFW,TLH,89,116,767,0,0
"2018-12-15",2219,2225,-6,2312,2329,-17,DL,N949DL,1414,ATL,TLH,37,53,223,0,0
"2018-12-15",2239,2241,-2,2243,2255,-12,DL,N954DL,755,ATL,VPS,44,64,250,0,0
"2018-12-15",2225,2241,-16,2224,2249,-25,DL,N375DA,2303,ATL,ECP,38,59,240,0,0
"2018-12-16",558,600,-2,808,804,4,DL,N954DL,2461,VPS,ATL,51,70,250,0,0
"2018-12-16",558,600,-2,815,816,-1,DL,N394DA,1237,ECP,ATL,47,77,240,0,0
"2018-12-16",611,620,-9,833,840,-7,EV,N616QX,2889,ECP,DFW,105,142,685,0,0
"2018-12-16",623,630,-7,817,832,-15,EV,N14542,3979,ECP,IAH,91,114,572,0,0
"2018-12-16",630,633,-3,859,915,-16,OH,N596NN,5623,VPS,CLT,64,89,460,0,0
"2018-12-16",655,700,-5,906,916,-10,DL,N375DA,2430,ECP,ATL,52,71,240,0,0
"2018-12-16",649,650,-1,820,815,5,MQ,N932AE,3663,MIA,TLH,69,91,402,0,0
"2018-12-16",658,700,-2,757,805,-8,DL,N949DL,2770,TLH,ATL,48,59,223,0,0
"2018-12-16",651,700,-9,835,849,-14,G4,"309NV",1902,VPS,BLV,85,104,587,0,0
"2018-12-16",708,705,3,837,835,2,OH,N505AE,5584,TLH,CLT,60,89,386,0,0
"2018-12-16",724,730,-6,937,944,-7,DL,N952DL,2478,VPS,ATL,47,73,250,0,0
"2018-12-16",718,709,9,918,918,0,YX,N421YX,4626,TLH,DCA,95,120,716,0,0
"2018-12-16",850,855,-5,1005,1025,-20,OH,N584NN,5272,CLT,TLH,62,75,386,0,0
"2018-12-16",730,732,-2,1005,1015,-10,EV,N608QX,2899,ECP,CLT,67,95,437,0,0
"2018-12-16",747,747,0,925,916,9,MQ,N248NN,4116,TLH,DFW,118,158,767,0,0
"2018-12-16",904,850,14,1030,1028,2,YX,N442YX,4609,DCA,VPS,111,146,789,0,0
"2018-12-16",854,903,-9,1015,1025,-10,MQ,N932AE,3663,TLH,MIA,63,81,402,0,0
"2018-12-16",1015,931,44,1213,1149,24,AA,N9621A,1538,VPS,DFW,100,118,641,0,0
"2018-12-16",901,905,-4,1051,1105,-14,EV,N16561,4310,VPS,IAH,89,110,528,0,0
"2018-12-16",949,952,-3,956,1009,-13,DL,N892AT,794,ATL,VPS,43,67,250,0,0
"2018-12-16",920,934,-14,1047,1119,-32,G4,"309NV",1903,BLV,VPS,74,87,587,0,0
"2018-12-16",1045,1049,-4,1302,1305,-3,DL,N892AT,794,VPS,ATL,49,77,250,0,0
"2018-12-16",950,956,-6,955,1007,-12,DL,N987DL,2029,ATL,ECP,39,65,240,0,0
"2018-12-16",1016,1016,0,1129,1130,-1,"9E",N678CA,3395,TLH,ATL,48,73,223,0,0
"2018-12-16",1020,1025,-5,1126,1141,-15,"9E",N186PQ,3452,ATL,TLH,41,66,223,0,0
"2018-12-16",1109,1100,9,1258,1251,7,AA,N9617R,2622,DFW,VPS,79,109,641,0,0
"2018-12-16",1048,1051,-3,1306,1303,3,DL,N987DL,2029,ECP,ATL,51,78,240,0,0
"2018-12-16",1057,1058,-1,1222,1229,-7,OH,N584NN,5272,TLH,CLT,63,85,386,0,0
"2018-12-16",1054,1101,-7,1408,1413,-5,YX,N442YX,4609,VPS,DCA,110,134,789,0,0
"2018-12-16",1120,1125,-5,1303,1315,-12,WN,N437WN,4572,ECP,HOU,91,103,571,0,0
"2018-12-16",1201,1205,-4,1340,1350,-10,EV,N12567,4451,IAH,ECP,78,99,572,0,0
"2018-12-16",1202,1209,-7,1415,1413,2,G4,"309NV",1908,VPS,OKC,110,133,726,0,0
"2018-12-16",1203,1209,-6,1230,1247,-17,EV,N617QX,2893,CLT,ECP,64,87,437,0,0
"2018-12-16",1300,1235,25,1556,1539,17,MQ,N238NN,4069,DFW,TLH,94,116,767,0,0
"2018-12-16",1209,1218,-9,1333,1402,-29,EV,N15910,3995,IAH,VPS,71,84,528,0,0
"2018-12-16",1218,1225,-7,1400,1419,-19,EV,N720EV,2895,DFW,ECP,82,102,685,0,0
"2018-12-16",1249,1250,-1,1250,1306,-16,DL,N971DL,1335,ATL,VPS,42,61,250,0,0
"2018-12-16",1251,1300,-9,1414,1416,-2,"9E",N186PQ,3452,TLH,ATL,51,83,223,0,0
"2018-12-16",1351,1308,43,1418,1354,24,OH,N587NN,5500,CLT,VPS,70,87,460,0,0
"2018-12-16",1322,1325,-3,1437,1458,-21,OH,N505AE,5662,CLT,TLH,40,75,386,0,0
"2018-12-16",1318,1330,-12,1550,1549,1,EV,N617QX,2876,ECP,DFW,110,152,685,0,0
"2018-12-16",1348,1349,-1,1447,1454,-7,DL,N919AT,2936,ATL,TLH,39,59,223,0,0
"2018-12-16",1334,1335,-1,1542,1550,-8,AA,N9617R,2622,VPS,DFW,106,128,641,0,0
"2018-12-16",1344,1350,-6,1554,1610,-16,DL,N971DL,1335,VPS,ATL,44,70,250,0,0
"2018-12-16",1357,1357,0,1410,1406,4,DL,N910DE,2506,ATL,ECP,42,73,240,0,0
"2018-12-16",1438,1439,-1,1614,1601,13,MQ,N688AE,3861,MIA,TLH,79,96,402,0,0
"2018-12-16",1453,1429,24,1721,1714,7,OH,N587NN,5500,VPS,CLT,67,88,460,0,0
"2018-12-16",1451,1503,-12,1731,1744,-13,EV,N720EV,2880,ECP,CLT,74,100,437,0,0
"2018-12-16",1447,1450,-3,1652,1705,-13,DL,N910DE,2506,ECP,ATL,42,65,240,0,0
"2018-12-16",1448,1455,-7,1651,1657,-6,EV,N12567,4134,ECP,IAH,100,123,572,0,0
"2018-12-16",1509,1458,11,1648,1650,-2,G4,"309NV",1909,OKC,VPS,84,99,726,0,0
"2018-12-16",1456,1459,-3,1458,1515,-17,DL,N996AT,2844,ATL,VPS,40,62,250,0,0
"2018-12-16",1529,1531,-2,1701,1704,-3,OH,N505AE,5662,TLH,CLT,61,92,386,0,0
"2018-12-16",1450,1505,-15,1623,1704,-41,EV,N15910,4165,VPS,IAH,83,93,528,0,0
"2018-12-16",1549,1558,-9,1756,1819,-23,DL,N996AT,2844,VPS,ATL,43,67,250,0,0
"2018-12-16",1540,1537,3,1643,1650,-7,DL,N919AT,2936,TLH,ATL,46,63,223,0,0
"2018-12-16",1638,1640,-2,1817,1831,-14,YV,N951LR,5906,DFW,VPS,80,99,641,0,0
"2018-12-16",1609,1614,-5,1707,1715,-8,DL,N903DE,1813,ATL,TLH,38,58,223,0,0
"2018-12-16",1626,1621,5,1802,1749,13,MQ,N238NN,4069,TLH,DFW,124,156,767,0,0
"2018-12-16",1700,1700,0,1825,1835,-10,WN,N428WN,3434,HOU,ECP,74,85,571,0,0
"2018-12-16",1701,1706,-5,1821,1827,-6,MQ,N688AE,3861,TLH,MIA,61,80,402,0,0
"2018-12-16",1714,1715,-1,1708,1722,-14,DL,N986DL,1403,ATL,ECP,41,54,240,0,0
"2018-12-16",1717,1722,-5,1718,1736,-18,DL,N944AT,1099,ATL,VPS,43,61,250,0,0
"2018-12-16",1722,1730,-8,1843,1857,-14,MQ,N616AE,3844,MIA,TLH,64,81,402,0,0
"2018-12-16",1744,1739,5,1813,1823,-10,OH,N597NN,5709,CLT,VPS,70,89,460,0,0
"2018-12-16",1758,1805,-7,1921,1946,-25,EV,N16571,4447,IAH,VPS,72,83,528,0,0
"2018-12-16",1812,1759,13,1915,1910,5,DL,N903DE,1813,TLH,ATL,46,63,223,0,0
"2018-12-16",1808,1809,-1,1945,1946,-1,YX,N106HQ,4660,CLT,TLH,62,97,386,0,0
"2018-12-16",1812,1806,6,2026,2030,-4,DL,N986DL,1403,ECP,ATL,48,74,240,0,0
"2018-12-16",1811,1816,-5,1922,1923,-1,DL,N998AT,1787,ATL,TLH,40,71,223,0,0
"2018-12-16",1809,1819,-10,2029,2049,-20,DL,N944AT,1099,VPS,ATL,49,80,250,0,0
"2018-12-16",1822,1830,-8,1901,1914,-13,EV,N720EV,2890,CLT,ECP,68,99,437,0,0
"2018-12-16",1844,1849,-5,2029,2050,-21,EV,N616QX,2870,DFW,ECP,80,105,685,0,0
"2018-12-16",1849,1911,-22,2102,2129,-27,YV,N951LR,5906,VPS,DFW,103,133,641,0,0
"2018-12-16",1849,1855,-6,2027,2051,-24,AA,N970TW,1445,DFW,VPS,82,98,641,0,0
"2018-12-16",1843,1855,-12,2119,2136,-17,OH,N597NN,5709,VPS,CLT,68,96,460,0,0
"2018-12-16",1902,1905,-3,2015,2025,-10,WN,N428WN,3434,ECP,BNA,63,73,401,0,0
"2018-12-16",2028,1939,49,2030,1949,41,DL,N910DL,2406,ATL,VPS,44,62,250,0,0
"2018-12-16",1921,1920,1,1918,1930,-12,DL,N385DN,2431,ATL,ECP,42,57,240,0,0
"2018-12-16",1922,1925,-3,2032,2045,-13,WN,N7734H,2465,BNA,ECP,56,70,401,0,0
"2018-12-16",1924,1929,-5,2038,2049,-11,MQ,N616AE,3844,TLH,MIA,60,74,402,0,0
"2018-12-16",1953,1955,-2,2146,2133,13,EV,N14902,4190,IAH,ECP,74,113,572,0,0
"2018-12-16",2016,2019,-3,2139,2145,-6,YX,N106HQ,4660,TLH,CLT,60,83,386,0,0
"2018-12-16",1950,2000,-10,2202,2224,-22,YX,N427YX,4504,DCA,TLH,101,132,716,0,0
"2018-12-16",2006,2006,0,2120,2119,1,DL,N998AT,1787,TLH,ATL,51,74,223,0,0
"2018-12-16",2047,2049,-2,2137,2155,-18,DL,N913DL,854,ATL,TLH,37,50,223,0,0
"2018-12-16",2035,2040,-5,2340,2344,-4,MQ,N236NN,4131,DFW,TLH,95,125,767,0,0
"2018-12-16",2238,2241,-3,2311,2324,-13,OH,N597NN,5696,CLT,VPS,75,93,460,0,0
"2018-12-16",2225,2230,-5,2225,2240,-15,DL,N394DA,2303,ATL,ECP,44,60,240,0,0
"2018-12-16",2231,2232,-1,2352,3,-11,OH,N515AE,5284,CLT,TLH,59,81,386,0,0
"2018-12-16",2238,2241,-3,2241,2256,-15,DL,N953DL,755,ATL,VPS,44,63,250,0,0
"2018-12-16",2238,2241,-3,2342,2345,-3,DL,N971DL,1414,ATL,TLH,41,64,223,0,0
"2018-12-17",527,529,-2,647,655,-8,OH,N515AE,5584,TLH,CLT,55,80,386,0,0
"2018-12-17",537,540,-3,640,648,-8,DL,N913DL,990,TLH,ATL,44,63,223,0,0
"2018-12-17",555,600,-5,759,804,-5,DL,N910DL,2461,VPS,ATL,44,64,250,0,0
"2018-12-17",551,600,-9,754,816,-22,DL,N385DN,1237,ECP,ATL,40,63,240,0,0
"2018-12-17",620,630,-10,813,832,-19,EV,N14902,3979,ECP,IAH,98,113,572,0,0
"2018-12-17",612,620,-8,813,840,-27,EV,N720EV,2889,ECP,DFW,101,121,685,0,0
"2018-12-17",627,633,-6,849,915,-26,OH,N597NN,5623,VPS,CLT,62,82,460,0,0
"2018-12-17",646,650,-4,808,815,-7,MQ,N663AR,3663,MIA,TLH,59,82,402,0,0
"2018-12-17",657,702,-5,839,858,-19,YV,N923FJ,5725,DFW,VPS,81,102,641,0,0
"2018-12-17",657,700,-3,906,908,-2,G4,"309NV",1914,VPS,MCI,114,129,764,0,0
"2018-12-17",648,700,-12,850,916,-26,DL,N394DA,2430,ECP,ATL,44,62,240,0,0
"2018-12-17",704,700,4,806,805,1,DL,N971DL,2770,TLH,ATL,44,62,223,0,0
"2018-12-17",656,709,-13,857,918,-21,YX,N427YX,4626,TLH,DCA,92,121,716,0,0
"2018-12-17",727,730,-3,931,944,-13,DL,N953DL,2478,VPS,ATL,42,64,250,0,0
"2018-12-17",702,706,-4,909,925,-16,AA,N970TW,1538,VPS,DFW,98,127,641,0,0
"2018-12-17",735,740,-5,851,900,-9,WN,N7734H,1837,ECP,BNA,64,76,401,0,0
"2018-12-17",725,732,-7,955,1015,-20,EV,N616QX,2899,ECP,CLT,61,90,437,0,0
"2018-12-17",745,747,-2,905,916,-11,MQ,N236NN,4116,TLH,DFW,119,140,767,0,0
"2018-12-17",833,831,2,912,913,-1,OH,N590NN,5564,CLT,VPS,80,99,460,0,0
"2018-12-17",756,800,-4,905,915,-10,WN,N7879A,1251,BNA,ECP,58,69,401,0,0
"2018-12-17",827,830,-3,928,941,-13,"9E",N909XJ,3395,ATL,TLH,39,61,223,0,0
"2018-12-17",845,850,-5,1027,1028,-1,YX,N440YX,4609,DCA,VPS,130,162,789,0,0
"2018-12-17",902,903,-1,1034,1025,9,MQ,N663AR,3663,TLH,MIA,74,92,402,0,0
"2018-12-17",854,855,-1,1035,1025,10,OH,N591NN,5272,CLT,TLH,66,101,386,0,0
"2018-12-17",855,905,-10,1052,1105,-13,EV,N16571,4310,VPS,IAH,99,117,528,0,0
"2018-12-17",919,932,-13,1138,1150,-12,YV,N923FJ,5725,VPS,DFW,107,139,641,0,0
"2018-12-17",939,945,-6,1131,1140,-9,WN,N7879A,1251,ECP,HOU,94,112,571,0,0
"2018-12-17",942,943,-1,1218,1228,-10,OH,N590NN,5564,VPS,CLT,70,96,460,0,0
"2018-12-17",948,952,-4,957,1009,-12,DL,N949AT,794,ATL,VPS,46,69,250,0,0
"2018-12-17",1012,956,16,1014,1007,7,DL,N905DL,2029,ATL,ECP,42,62,240,0,0
"2018-12-17",945,953,-8,1139,1151,-12,G4,"309NV",1915,MCI,VPS,99,114,764,0,0
"2018-12-17",1051,1051,0,1252,1303,-11,DL,N905DL,2029,ECP,ATL,43,61,240,0,0
"2018-12-17",1010,1016,-6,1120,1130,-10,"9E",N909XJ,3395,TLH,ATL,44,70,223,0,0
"2018-12-17",1046,1049,-3,1258,1305,-7,DL,N949AT,794,VPS,ATL,48,72,250,0,0
"2018-12-17",1109,1112,-3,1215,1221,-6,DL,N953AT,921,ATL,TLH,38,66,223,0,0
"2018-12-17",1056,1058,-2,1227,1229,-2,OH,N591NN,5272,TLH,CLT,61,91,386,0,0
"2018-12-17",1142,1100,42,1323,1251,32,AA,N965TW,2622,DFW,VPS,82,101,641,0,0
"2018-12-17",1054,1101,-7,1421,1413,8,YX,N440YX,4609,VPS,DCA,111,147,789,0,0
"2018-12-17",1204,1209,-5,1234,1247,-13,EV,N716EV,2893,CLT,ECP,65,90,437,0,0
"2018-12-17",1246,1205,41,1430,1350,40,EV,N26545,4451,IAH,ECP,82,104,572,0,0
"2018-12-17",1206,1218,-12,1408,1402,6,EV,N16571,3995,IAH,VPS,86,122,528,0,0
"2018-12-17",1222,1225,-3,1419,1419,0,EV,N738EV,2895,DFW,ECP,96,117,685,0,0
"2018-12-29",1909,1909,0,1953,1950,3,OH,N585NN,5696,CLT,VPS,80,104,460,0,0
"2018-12-17",1232,1235,-3,1532,1539,-7,MQ,N262NN,4069,DFW,TLH,96,120,767,0,0
"2018-12-17",1243,1250,-7,1249,1306,-17,DL,N963DL,1335,ATL,VPS,47,66,250,0,0
"2018-12-17",1402,1335,27,1604,1550,14,AA,N965TW,2622,VPS,DFW,97,122,641,0,0
"2018-12-17",1256,1300,-4,1404,1417,-13,DL,N953AT,921,TLH,ATL,45,68,223,0,0
"2018-12-17",1303,1308,-5,1338,1354,-16,OH,N584NN,5500,CLT,VPS,74,95,460,0,0
"2018-12-17",1323,1325,-2,1506,1458,8,OH,N517AE,5662,CLT,TLH,69,103,386,0,0
"2018-12-17",1321,1330,-9,1531,1549,-18,EV,N716EV,2876,ECP,DFW,102,130,685,0,0
"2018-12-17",1347,1350,-3,1556,1610,-14,DL,N963DL,1335,VPS,ATL,43,69,250,0,0
"2018-12-17",1348,1349,-1,1444,1454,-10,DL,N993AT,2936,ATL,TLH,36,56,223,0,0
"2018-12-17",1423,1429,-6,1710,1714,-4,OH,N584NN,5500,VPS,CLT,71,107,460,0,0
"2018-12-17",1353,1357,-4,1359,1406,-7,DL,N980DL,2506,ATL,ECP,41,66,240,0,0
"2018-12-17",1445,1450,-5,1652,1705,-13,DL,N980DL,2506,ECP,ATL,44,67,240,0,0
"2018-12-17",1439,1439,0,1607,1601,6,MQ,N661JA,3861,MIA,TLH,72,88,402,0,0
"2018-12-17",1454,1459,-5,1454,1515,-21,DL,N992AT,2844,ATL,VPS,43,60,250,0,0
"2018-12-17",1451,1455,-4,1655,1657,-2,EV,N26545,4134,ECP,IAH,97,124,572,0,0
"2018-12-17",1455,1505,-10,1703,1704,-1,EV,N16571,4165,VPS,IAH,101,128,528,0,0
"2018-12-17",1452,1503,-11,1726,1744,-18,EV,N738EV,2880,ECP,CLT,72,94,437,0,0
"2018-12-17",1551,1558,-7,1800,1819,-19,DL,N992AT,2844,VPS,ATL,45,69,250,0,0
"2018-12-17",1538,1531,7,1719,1704,15,OH,N517AE,5662,TLH,CLT,67,101,386,0,0
"2018-12-17",1532,1537,-5,1638,1650,-12,DL,N993AT,2936,TLH,ATL,47,66,223,0,0
"2018-12-17",1623,1614,9,1718,1715,3,DL,N949DL,1813,ATL,TLH,35,55,223,0,0
"2018-12-17",1607,1610,-3,1723,1745,-22,OH,N593NN,5248,CLT,TLH,61,76,386,0,0
"2018-12-17",1615,1621,-6,1739,1749,-10,MQ,N262NN,4069,TLH,DFW,122,144,767,0,0
"2018-12-18",2226,2230,-4,2223,2240,-17,DL,N3756,2303,ATL,ECP,41,57,240,0,0
"2018-12-17",1807,1805,2,1947,1946,1,EV,N15910,4447,IAH,VPS,79,100,528,0,0
"2018-12-17",1804,1806,-2,2008,2030,-22,DL,N984DL,1403,ECP,ATL,44,64,240,0,0
"2018-12-17",1800,1809,-9,1928,1948,-20,OH,N516AE,5331,CLT,TLH,61,88,386,0,0
"2018-12-17",1803,1815,-12,1932,1946,-14,OH,N593NN,5248,TLH,CLT,67,89,386,0,0
"2018-12-17",1824,1830,-6,1847,1914,-27,EV,N738EV,2890,CLT,ECP,62,83,437,0,0
"2018-12-17",1838,1849,-11,2024,2050,-26,EV,N716EV,2870,DFW,ECP,84,106,685,0,0
"2018-12-17",1911,1926,-15,2151,2213,-22,G4,"272NV",1343,VPS,CVG,80,100,600,0,0
"2018-12-17",1930,1935,-5,2037,2055,-18,WN,N255WN,414,BNA,ECP,55,67,401,0,0
"2018-12-17",2030,1955,35,2157,2133,24,EV,N15574,4190,IAH,ECP,74,87,572,0,0
"2018-12-17",2038,2040,-2,2345,2344,1,MQ,N247NN,4131,DFW,TLH,94,127,767,0,0
"2018-12-17",2044,2049,-5,2135,2155,-20,DL,N978DL,854,ATL,TLH,37,51,223,0,0
"2018-12-17",2226,2230,-4,2222,2240,-18,DL,N776DE,2303,ATL,ECP,37,56,240,0,0
"2018-12-18",526,529,-3,642,655,-13,OH,N516AE,5584,TLH,CLT,62,76,386,0,0
"2018-12-18",538,540,-2,642,648,-6,DL,N915DL,990,TLH,ATL,43,64,223,0,0
"2018-12-18",556,600,-4,758,816,-18,DL,N373DA,1237,ECP,ATL,42,62,240,0,0
"2018-12-18",609,620,-11,834,840,-6,EV,N716EV,2889,ECP,DFW,113,145,685,0,0
"2018-12-18",1117,630,287,1323,832,291,EV,N15574,3979,ECP,IAH,104,126,572,0,0
"2018-12-18",644,650,-6,813,815,-2,MQ,N616AE,3663,MIA,TLH,64,89,402,0,0
"2018-12-18",725,732,-7,1019,1015,4,EV,N738EV,2899,ECP,CLT,70,114,437,0,0
"2018-12-18",756,800,-4,906,915,-9,WN,N7824A,1251,BNA,ECP,57,70,401,0,0
"2018-12-18",827,830,-3,926,941,-15,"9E",N935XJ,3395,ATL,TLH,38,59,223,0,0
"2018-12-18",909,831,38,936,913,23,OH,N593NN,5564,CLT,VPS,71,87,460,0,0
"2018-12-18",843,850,-7,1022,1028,-6,YX,N122HQ,4609,DCA,VPS,123,159,789,0,0
"2018-12-18",901,903,-2,1019,1025,-6,MQ,N616AE,3663,TLH,MIA,65,78,402,0,0
"2018-12-18",959,952,7,1007,1009,-2,DL,N981AT,794,ATL,VPS,43,68,250,0,0
"2018-12-18",1054,1051,3,1255,1303,-8,DL,N991DL,2029,ECP,ATL,44,61,240,0,0
"2018-12-18",1145,1100,45,1326,1251,35,AA,N964TW,2622,DFW,VPS,77,101,641,0,0
"2018-12-18",1105,1112,-7,1214,1221,-7,DL,N980AT,921,ATL,TLH,43,69,223,0,0
"2018-12-18",1355,1205,110,1527,1350,97,EV,N15574,4451,IAH,ECP,73,92,572,0,0
"2018-12-18",1230,1235,-5,1529,1539,-10,MQ,N226NN,4069,DFW,TLH,94,119,767,0,0
"2018-12-18",1245,1250,-5,1249,1306,-17,DL,N951DL,1335,ATL,VPS,42,64,250,0,0
"2018-12-18",1323,1325,-2,1458,1458,0,OH,N525EA,5662,CLT,TLH,62,95,386,0,0
"2018-12-18",1511,1330,101,1727,1549,98,EV,N600QX,2876,ECP,DFW,105,136,685,0,0
"2018-12-18",1441,1439,2,1608,1601,7,MQ,N935AE,3861,MIA,TLH,64,87,402,0,0
"2018-12-18",1549,1455,54,1754,1657,57,EV,N15574,4134,ECP,IAH,108,125,572,0,0
"2018-12-18",1456,1459,-3,1454,1515,-21,DL,N919AT,2844,ATL,VPS,42,58,250,0,0
"2018-12-18",,1503,,,1744,,EV,N617QX,2880,ECP,CLT,,,437,1,0
"2018-12-18",1553,1558,-5,1753,1819,-26,DL,N919AT,2844,VPS,ATL,42,60,250,0,0
"2018-12-18",1610,1614,-4,1704,1715,-11,DL,N957DL,1813,ATL,TLH,37,54,223,0,0
"2018-12-18",1617,1621,-4,1732,1749,-17,MQ,N226NN,4069,TLH,DFW,118,135,767,0,0
"2018-12-18",1659,1706,-7,1808,1827,-19,MQ,N935AE,3861,TLH,MIA,58,69,402,0,0
"2018-12-18",1710,1715,-5,1704,1722,-18,DL,N977DL,1403,ATL,ECP,39,54,240,0,0
"2018-12-18",1737,1722,15,1737,1736,1,DL,N983AT,1099,ATL,VPS,40,60,250,0,0
"2018-12-18",1744,1725,19,1904,1900,4,WN,N431WN,37,HOU,ECP,70,80,571,0,0
"2018-12-18",1723,1730,-7,1846,1857,-11,MQ,N661JA,3844,MIA,TLH,66,83,402,0,0
"2018-12-18",1740,1739,1,1824,1823,1,OH,N564NN,5709,CLT,VPS,77,104,460,0,0
"2018-12-18",1754,1759,-5,1857,1910,-13,DL,N957DL,1813,TLH,ATL,41,63,223,0,0
"2018-12-18",1951,1805,106,2122,1946,96,EV,N21537,4447,IAH,VPS,69,91,528,0,0
"2018-12-18",1817,1819,-2,2028,2049,-21,DL,N983AT,1099,VPS,ATL,43,71,250,0,0
"2018-12-18",2012,1849,83,2155,2050,65,EV,N720EV,2870,DFW,ECP,83,103,685,0,0
"2018-12-18",1854,1855,-1,2044,2051,-7,AA,N9628W,1445,DFW,VPS,81,110,641,0,0
"2018-12-18",1859,1911,-12,2108,2129,-21,YV,N923FJ,5906,VPS,DFW,108,129,641,0,0
"2018-12-18",1919,1920,-1,1918,1930,-12,DL,N373DA,2431,ATL,ECP,40,59,240,0,0
"2018-12-18",1933,1939,-6,1936,1949,-13,DL,N954DL,2406,ATL,VPS,42,63,250,0,0
"2018-12-18",1953,1955,-2,2130,2133,-3,EV,N12563,4190,IAH,ECP,73,97,572,0,0
"2018-12-18",2034,2040,-6,2336,2344,-8,MQ,N239NN,4131,DFW,TLH,97,122,767,0,0
"2018-12-18",2047,2049,-2,2135,2155,-20,DL,N907DL,854,ATL,TLH,36,48,223,0,0
"2018-12-18",2235,2241,-6,2246,2256,-10,DL,N973DL,755,ATL,VPS,41,71,250,0,0
"2018-12-18",2236,2241,-5,2332,2345,-13,DL,N947DL,1414,ATL,TLH,38,56,223,0,0
"2018-12-17",1706,1706,0,1830,1827,3,MQ,N661JA,3861,TLH,MIA,66,84,402,0,0
"2018-12-17",1712,1715,-3,1712,1722,-10,DL,N984DL,1403,ATL,ECP,41,60,240,0,0
"2018-12-17",1717,1722,-5,1713,1736,-23,DL,N944AT,1099,ATL,VPS,42,56,250,0,0
"2018-12-17",1722,1725,-3,1844,1900,-16,WN,N775SW,37,HOU,ECP,70,82,571,0,0
"2018-12-17",1726,1730,-4,1849,1857,-8,MQ,N616AE,3844,MIA,TLH,65,83,402,0,0
"2018-12-17",1733,1739,-6,1758,1823,-25,OH,N592NN,5709,CLT,VPS,70,85,460,0,0
"2018-12-17",1739,1748,-9,1816,1841,-25,G4,"272NV",1342,CVG,VPS,81,97,600,0,0
"2018-12-17",1757,1759,-2,1921,1910,11,DL,N949DL,1813,TLH,ATL,43,84,223,0,0
"2018-12-17",1812,1816,-4,1917,1923,-6,DL,N922AT,1787,ATL,TLH,37,65,223,0,0
"2018-12-17",1758,1819,-21,2024,2049,-25,DL,N944AT,1099,VPS,ATL,47,86,250,0,0
"2018-12-17",1849,1855,-6,2031,2051,-20,AA,N964TW,1445,DFW,VPS,82,102,641,0,0
"2018-12-17",1915,1920,-5,1920,1930,-10,DL,N373DA,2431,ATL,ECP,47,65,240,0,0
"2018-12-17",1919,1929,-10,2040,2049,-9,MQ,N616AE,3844,TLH,MIA,63,81,402,0,0
"2018-12-17",1925,1930,-5,2037,2050,-13,WN,N775SW,37,ECP,BNA,62,72,401,0,0
"2018-12-17",1946,1939,7,1950,1949,1,DL,N947DL,2406,ATL,VPS,41,64,250,0,0
"2018-12-17",1956,2000,-4,2229,2224,5,YX,N422YX,4504,DCA,TLH,97,153,716,0,0
"2018-12-17",1958,2006,-8,2059,2119,-20,DL,N922AT,1787,TLH,ATL,42,61,223,0,0
"2018-12-17",2240,2241,-1,2248,2256,-8,DL,N951DL,755,ATL,VPS,38,68,250,0,0
"2018-12-17",2243,2241,2,2350,2345,5,DL,N915DL,1414,ATL,TLH,44,67,223,0,0
"2018-12-18",554,600,-6,808,804,4,DL,N951DL,2461,VPS,ATL,46,74,250,0,0
"2018-12-18",633,633,0,852,915,-23,OH,N592NN,5623,VPS,CLT,65,79,460,0,0
"2018-12-18",700,700,0,904,916,-12,DL,N776DE,2430,ECP,ATL,43,64,240,0,0
"2018-12-18",701,700,1,804,805,-1,DL,N978DL,2770,TLH,ATL,49,63,223,0,0
"2018-12-18",808,706,62,1005,925,40,AA,N964TW,1538,VPS,DFW,98,117,641,0,0
"2018-12-18",701,709,-8,915,918,-3,YX,N422YX,4626,TLH,DCA,102,134,716,0,0
"2018-12-18",725,730,-5,944,944,0,DL,N947DL,2478,VPS,ATL,49,79,250,0,0
"2018-12-18",733,740,-7,839,900,-21,WN,N255WN,1837,ECP,BNA,54,66,401,0,0
"2018-12-18",747,747,0,905,916,-11,MQ,N247NN,4116,TLH,DFW,121,138,767,0,0
"2018-12-18",849,855,-6,1019,1025,-6,OH,N578NN,5272,CLT,TLH,64,90,386,0,0
"2018-12-18",1052,905,107,1301,1105,116,EV,N15910,4310,VPS,IAH,101,129,528,0,0
"2018-12-18",1006,943,23,1232,1228,4,OH,N593NN,5564,VPS,CLT,60,86,460,0,0
"2018-12-18",941,945,-4,1134,1140,-6,WN,N7824A,1251,ECP,HOU,101,113,571,0,0
"2018-12-18",1005,956,9,1012,1007,5,DL,N991DL,2029,ATL,ECP,42,67,240,0,0
"2018-12-18",1008,1016,-8,1110,1130,-20,"9E",N935XJ,3395,TLH,ATL,42,62,223,0,0
"2018-12-18",1047,1049,-2,1248,1305,-17,DL,N981AT,794,VPS,ATL,43,61,250,0,0
"2018-12-18",1053,1058,-5,1225,1229,-4,OH,N578NN,5272,TLH,CLT,65,92,386,0,0
"2018-12-18",1049,1101,-12,1406,1413,-7,YX,N122HQ,4609,VPS,DCA,105,137,789,0,0
"2018-12-18",,1209,,,1247,,EV,N617QX,2893,CLT,ECP,,,437,1,0
"2018-12-18",1334,1218,76,1533,1402,91,EV,N15572,3995,IAH,VPS,77,119,528,0,0
"2018-12-18",1242,1225,17,1433,1419,14,EV,N600QX,2895,DFW,ECP,84,111,685,0,0
"2018-12-18",1301,1300,1,1412,1417,-5,DL,N980AT,921,TLH,ATL,41,71,223,0,0
"2018-12-18",1316,1308,8,1356,1354,2,OH,N593NN,5500,CLT,VPS,71,100,460,0,0
"2018-12-18",1403,1335,28,1613,1550,23,AA,N964TW,2622,VPS,DFW,104,130,641,0,0
"2018-12-18",1358,1349,9,1457,1454,3,DL,N981AT,2936,ATL,TLH,37,59,223,0,0
"2018-12-18",1345,1350,-5,1548,1610,-22,DL,N951DL,1335,VPS,ATL,46,63,250,0,0
"2018-12-18",1355,1357,-2,1352,1406,-14,DL,N991DL,2506,ATL,ECP,43,57,240,0,0
"2018-12-18",1430,1429,1,1713,1714,-1,OH,N593NN,5500,VPS,CLT,66,103,460,0,0
"2018-12-18",1448,1450,-2,1648,1705,-17,DL,N991DL,2506,ECP,ATL,44,60,240,0,0
"2018-12-18",1556,1505,51,1802,1704,58,EV,N15572,4165,VPS,IAH,104,126,528,0,0
"2018-12-18",1534,1531,3,1648,1704,-16,OH,N525EA,5662,TLH,CLT,57,74,386,0,0
"2018-12-18",1543,1537,6,1639,1650,-11,DL,N981AT,2936,TLH,ATL,39,56,223,0,0
"2018-12-18",1609,1610,-1,1733,1745,-12,OH,N561NN,5248,CLT,TLH,63,84,386,0,0
"2018-12-18",1639,1640,-1,1827,1831,-4,YV,N923FJ,5906,DFW,VPS,84,108,641,0,0
"2018-12-18",1802,1806,-4,2021,2030,-9,DL,N977DL,1403,ECP,ATL,45,79,240,0,0
"2018-12-18",1855,1809,46,2021,1948,33,OH,N725PS,5331,CLT,TLH,70,86,386,0,0
"2018-12-18",1811,1815,-4,1931,1946,-15,OH,N561NN,5248,TLH,CLT,58,80,386,0,0
"2018-12-18",1811,1816,-5,1909,1923,-14,DL,N981AT,1787,ATL,TLH,37,58,223,0,0
"2018-12-18",1827,1830,-3,1854,1914,-20,EV,N617QX,2890,CLT,ECP,67,87,437,0,0
"2018-12-18",1917,1929,-12,2037,2049,-12,MQ,N661JA,3844,TLH,MIA,62,80,402,0,0
"2018-12-18",1930,1930,0,2041,2050,-9,WN,N431WN,37,ECP,BNA,58,71,401,0,0
"2018-12-18",1947,1935,12,2103,2055,8,WN,N232WN,414,BNA,ECP,65,76,401,0,0
"2018-12-18",1952,2000,-8,2159,2224,-25,YX,N428YX,4504,DCA,TLH,102,127,716,0,0
"2018-12-18",2002,2006,-4,2055,2119,-24,DL,N981AT,1787,TLH,ATL,40,53,223,0,0
"2018-12-19",531,531,0,652,655,-3,OH,N725PS,5584,TLH,CLT,57,81,386,0,0
"2018-12-19",536,540,-4,636,648,-12,DL,N947DL,990,TLH,ATL,38,60,223,0,0
"2018-12-19",619,625,-6,748,749,-1,MQ,N662EH,3663,MIA,TLH,65,89,402,0,0
"2018-12-19",554,600,-6,756,804,-8,DL,N973DL,2461,VPS,ATL,40,62,250,0,0
"2018-12-19",554,600,-6,758,816,-18,DL,N373DA,1237,ECP,ATL,41,64,240,0,0
"2018-12-19",645,630,15,956,1000,-4,G4,"309NV",1990,VPS,EWR,116,131,988,0,0
"2018-12-19",626,630,-4,824,839,-15,EV,N12563,3979,ECP,IAH,101,118,572,0,0
"2018-12-19",633,636,-3,858,915,-17,OH,N564NN,5623,VPS,CLT,60,85,460,0,0
"2018-12-19",656,700,-4,753,805,-12,DL,N907DL,2770,TLH,ATL,40,57,223,0,0
"2018-12-19",649,700,-11,859,856,3,YV,N918FJ,5725,DFW,VPS,92,130,641,0,0
"2018-12-19",653,702,-9,930,924,6,AA,N9628W,2552,VPS,DFW,127,157,641,0,0
"2018-12-19",701,700,1,914,916,-2,DL,N3756,2430,ECP,ATL,38,73,240,0,0
"2018-12-19",659,700,-1,910,921,-11,EV,N617QX,2889,ECP,DFW,107,131,685,0,0
"2018-12-19",702,710,-8,930,919,11,YX,N428YX,4626,TLH,DCA,98,148,716,0,0
"2018-12-19",729,730,-1,1006,1016,-10,EV,N720EV,2899,ECP,CLT,58,97,437,0,0
"2018-12-19",727,730,-3,944,944,0,DL,N954DL,2478,VPS,ATL,41,77,250,0,0
"2018-12-19",758,750,8,909,910,-1,WN,N766SW,292,BNA,ECP,61,71,401,0,0
"2018-12-19",736,740,-4,847,855,-8,WN,N232WN,1245,ECP,BNA,60,71,401,0,0
"2018-12-19",802,803,-1,857,853,4,OH,N571NN,5564,CLT,VPS,80,115,460,0,0
"2018-12-19",751,803,-12,918,934,-16,MQ,N239NN,4116,TLH,DFW,120,147,767,0,0
"2018-12-19",826,818,8,950,939,11,MQ,N662EH,3663,TLH,MIA,68,84,402,0,0
"2018-12-19",826,830,-4,1030,1013,17,YX,N404YX,4609,DCA,VPS,128,184,789,0,0
"2018-12-19",852,855,-3,1019,1026,-7,OH,N575NN,5272,CLT,TLH,69,87,386,0,0
"2018-12-19",827,830,-3,922,941,-19,"9E",N905XJ,3395,ATL,TLH,38,55,223,0,0
"2018-12-19",930,926,4,1151,1149,2,YV,N918FJ,5725,VPS,DFW,107,141,641,0,0
"2018-12-19",902,910,-8,1106,1115,-9,EV,N21537,4310,VPS,IAH,105,124,528,0,0
"2018-12-19",936,923,13,1208,1210,-2,OH,N571NN,5564,VPS,CLT,62,92,460,0,0
"2018-12-19",946,945,1,1137,1135,2,WN,N766SW,292,ECP,HOU,101,111,571,0,0
"2018-12-19",952,956,-4,950,1007,-17,DL,N910DE,2029,ATL,ECP,42,58,240,0,0
"2018-12-19",949,952,-3,955,1009,-14,DL,N998AT,794,ATL,VPS,44,66,250,0,0
"2018-12-19",1011,1016,-5,1108,1130,-22,"9E",N905XJ,3395,TLH,ATL,39,57,223,0,0
"2018-12-19",1038,1045,-7,1234,1237,-3,AA,N809AW,2013,DFW,VPS,88,116,641,0,0
"2018-12-19",1107,1048,19,1414,1400,14,YX,N404YX,4609,VPS,DCA,109,127,789,0,0
"2018-12-19",1045,1049,-4,1247,1305,-18,DL,N998AT,794,VPS,ATL,41,62,250,0,0
"2018-12-19",1049,1100,-11,1228,1245,-17,G4,"309NV",1991,EWR,VPS,141,159,988,0,0
"2018-12-19",1045,1051,-6,1251,1303,-12,DL,N910DE,2029,ECP,ATL,42,66,240,0,0
"2018-12-19",1102,1056,6,1227,1226,1,OH,N575NN,5272,TLH,CLT,57,85,386,0,0
"2018-12-19",1227,1205,22,1417,1347,30,EV,N18556,4451,IAH,ECP,80,110,572,0,0
"2018-12-19",1120,1112,8,1218,1221,-3,DL,N926AT,921,ATL,TLH,39,58,223,0,0
"2018-12-19",1213,1211,2,1244,1245,-1,EV,N738EV,2918,CLT,ECP,71,91,437,0,0
"2018-12-19",1228,1233,-5,1546,1538,8,MQ,N265NN,4069,DFW,TLH,105,138,767,0,0
"2018-12-19",1220,1225,-5,1400,1408,-8,EV,N12569,4307,IAH,VPS,74,100,528,0,0
"2018-12-19",1223,1231,-8,1429,1419,10,AA,N964TW,2262,DFW,VPS,93,126,641,0,0
"2018-12-19",1246,1250,-4,1242,1306,-24,DL,N964DL,1335,ATL,VPS,41,56,250,0,0
"2018-12-19",1317,1237,40,1505,1434,31,EV,N615QX,2895,DFW,ECP,92,108,685,0,0
"2018-12-19",1308,1311,-3,1350,1357,-7,OH,N515AE,5500,CLT,VPS,78,102,460,0,0
"2018-12-19",1304,1300,4,1411,1417,-6,DL,N926AT,921,TLH,ATL,43,67,223,0,0
"2018-12-19",1424,1427,-3,1708,1710,-2,OH,N515AE,5500,VPS,CLT,66,104,460,0,0
"2018-12-19",1326,1317,9,1531,1535,-4,AA,N809AW,2013,VPS,DFW,102,125,641,0,0
"2018-12-19",1325,1325,0,1451,1459,-8,OH,N705PS,5662,CLT,TLH,70,86,386,0,0
"2018-12-19",1332,1335,-3,1635,1646,-11,G4,"309NV",1946,VPS,BWI,96,123,819,0,0
"2018-12-19",1334,1335,-1,1547,1555,-8,EV,N738EV,2875,ECP,DFW,100,133,685,0,0
"2018-12-19",1344,1349,-5,1438,1454,-16,DL,N927AT,2936,ATL,TLH,38,54,223,0,0
"2018-12-19",1343,1350,-7,1549,1610,-21,DL,N964DL,1335,VPS,ATL,44,66,250,0,0
"2018-12-19",1355,1357,-2,1348,1406,-18,DL,N958DL,2506,ATL,ECP,39,53,240,0,0
"2018-12-19",1444,1455,-11,1639,1659,-20,EV,N18556,4134,ECP,IAH,96,115,572,0,0
"2018-12-19",1435,1441,-6,1603,1607,-4,MQ,N671AE,3861,MIA,TLH,63,88,402,0,0
"2018-12-19",1442,1445,-3,1628,1638,-10,YV,N912FJ,5906,DFW,VPS,87,106,641,0,0
"2018-12-19",1447,1450,-3,1654,1705,-11,DL,N958DL,2506,ECP,ATL,43,67,240,0,0
"2018-12-19",1537,1451,46,1723,1645,38,EV,N600QX,2876,DFW,ECP,89,106,685,0,0
"2018-12-19",1447,1455,-8,1651,1658,-7,EV,N12569,4165,VPS,IAH,98,124,528,0,0
"2018-12-19",1535,1537,-2,1631,1650,-19,DL,N927AT,2936,TLH,ATL,40,56,223,0,0
"2018-12-19",1521,1459,22,1750,1719,31,AA,N964TW,2262,VPS,DFW,117,149,641,0,0
"2018-12-19",1455,1459,-4,1455,1515,-20,DL,N934AT,2844,ATL,VPS,43,60,250,0,0
"2018-12-19",1538,1504,34,1757,1744,13,EV,N615QX,2916,ECP,CLT,61,79,437,0,0
"2018-12-19",1528,1529,-1,1702,1702,0,OH,N705PS,5662,TLH,CLT,57,94,386,0,0
"2018-12-19",1548,1558,-10,1754,1819,-25,DL,N934AT,2844,VPS,ATL,43,66,250,0,0
"2018-12-19",1609,1611,-2,1732,1749,-17,OH,N559NN,5248,CLT,TLH,68,83,386,0,0
"2018-12-19",1616,1608,8,1732,1739,-7,MQ,N265NN,4069,TLH,DFW,122,136,767,0,0
"2018-12-19",1609,1614,-5,1702,1715,-13,DL,N996DL,1813,ATL,TLH,40,53,223,0,0
"2018-12-19",1656,1710,-14,1901,1930,-29,YV,N912FJ,5906,VPS,DFW,100,125,641,0,0
"2018-12-19",1656,1706,-10,1815,1827,-12,MQ,N671AE,3861,TLH,MIA,65,79,402,0,0
"2018-12-19",1808,1759,9,1918,1910,8,DL,N996DL,1813,TLH,ATL,41,70,223,0,0
"2018-12-19",1745,1710,35,1923,1845,38,WN,N8679A,2218,HOU,ECP,87,98,571,0,0
"2018-12-19",1705,1715,-10,1659,1722,-23,DL,N906DE,1403,ATL,ECP,41,54,240,0,0
"2018-12-19",1718,1722,-4,1718,1736,-18,DL,N919AT,1099,ATL,VPS,42,60,250,0,0
"2018-12-19",1752,1724,28,1953,1945,8,EV,N600QX,2876,ECP,DFW,106,121,685,0,0
"2018-12-19",1716,1730,-14,1835,1901,-26,MQ,N922AE,3844,MIA,TLH,67,79,402,0,0
"2018-12-19",1725,1731,-6,1903,1851,12,G4,"309NV",1947,BWI,VPS,135,158,819,0,0
"2018-12-19",1746,1740,6,1830,1824,6,OH,N583NN,5709,CLT,VPS,82,104,460,0,0
"2018-12-19",1803,1805,-2,1942,1948,-6,EV,N17984,4447,IAH,VPS,76,99,528,0,0
"2018-12-19",1802,1806,-4,2016,2030,-14,DL,N906DE,1403,ECP,ATL,44,74,240,0,0
"2018-12-19",1900,1900,0,2149,2141,8,OH,N583NN,5709,VPS,CLT,68,109,460,0,0
"2018-12-19",1811,1813,-2,1939,1953,-14,YX,N440YX,4660,CLT,TLH,70,88,386,0,0
"2018-12-19",1815,1816,-1,1905,1923,-18,DL,N608AT,1787,ATL,TLH,38,50,223,0,0
"2018-12-19",1811,1819,-8,1935,1946,-11,OH,N559NN,5248,TLH,CLT,53,84,386,0,0
"2018-12-19",1812,1819,-7,2032,2049,-17,DL,N919AT,1099,VPS,ATL,42,80,250,0,0
"2018-12-19",1833,1830,3,1911,1914,-3,EV,N615QX,2890,CLT,ECP,74,98,437,0,0
"2018-12-19",1917,1920,-3,1915,1930,-15,DL,N395DN,2431,ATL,ECP,43,58,240,0,0
"2018-12-19",1906,1915,-9,2056,2115,-19,EV,N720EV,2870,DFW,ECP,90,110,685,0,0
"2018-12-19",2013,1940,33,2120,2055,25,WN,N8679A,2218,ECP,BNA,56,67,401,0,0
"2018-12-19",1923,1929,-6,2042,2049,-7,MQ,N922AE,3844,TLH,MIA,66,79,402,0,0
"2018-12-19",1954,1955,-1,2130,2137,-7,EV,N13975,4190,IAH,ECP,76,96,572,0,0
"2018-12-19",1933,1939,-6,1945,1949,-4,DL,N981DL,2406,ATL,VPS,44,72,250,0,0
"2018-12-19",1940,1940,0,2156,2202,-6,YX,N428YX,4504,DCA,TLH,111,136,716,0,0
"2018-12-19",1954,2006,-12,2101,2119,-18,DL,N608AT,1787,TLH,ATL,39,67,223,0,0
"2018-12-19",2221,2040,101,120,2343,97,MQ,N263NN,4131,DFW,TLH,99,119,767,0,0
"2018-12-19",2007,2023,-16,2148,2149,-1,YX,N440YX,4660,TLH,CLT,58,101,386,0,0
"2018-12-19",2101,2040,21,2214,2155,19,WN,N946WN,1265,BNA,ECP,63,73,401,0,0
"2018-12-19",2126,2132,-6,2318,2315,3,AA,N90024,2272,DFW,VPS,86,112,641,0,0
"2018-12-19",2102,2049,13,2152,2155,-3,DL,N906DE,854,ATL,TLH,40,50,223,0,0
"2018-12-19",2227,2230,-3,2236,2240,-4,DL,N3762Y,2303,ATL,ECP,44,69,240,0,0
"2018-12-19",2232,2232,0,10,4,6,OH,N548NN,5284,CLT,TLH,74,98,386,0,0
"2018-12-19",2239,2241,-2,2338,2324,14,OH,N587NN,5696,CLT,VPS,85,119,460,0,0
"2018-12-19",2234,2241,-7,2251,2256,-5,DL,N954DL,755,ATL,VPS,44,77,250,0,0
"2018-12-19",2239,2241,-2,2350,2345,5,DL,N915DE,1414,ATL,TLH,41,71,223,0,0
"2018-12-20",535,540,-5,634,648,-14,DL,N915DE,990,TLH,ATL,38,59,223,0,0
"2018-12-20",528,531,-3,640,655,-15,OH,N548NN,5584,TLH,CLT,54,72,386,0,0
"2018-12-20",553,600,-7,752,804,-12,DL,N981DL,2461,VPS,ATL,40,59,250,0,0
"2018-12-20",553,600,-7,805,816,-11,DL,N3762Y,1237,ECP,ATL,39,72,240,0,0
"2018-12-21",826,830,-4,1007,1013,-6,YX,N421YX,4609,DCA,VPS,136,161,789,0,0
"2018-12-20",618,625,-7,743,749,-6,MQ,N687JS,3663,MIA,TLH,67,85,402,0,0
"2018-12-20",631,636,-5,905,915,-10,OH,N587NN,5623,VPS,CLT,60,94,460,0,0
"2018-12-20",659,700,-1,914,921,-7,EV,N615QX,2889,ECP,DFW,103,135,685,0,0
"2018-12-20",657,710,-13,904,919,-15,YX,N428YX,4626,TLH,DCA,92,127,716,0,0
"2018-12-20",725,730,-5,944,944,0,DL,N954DL,2478,VPS,ATL,47,79,250,0,0
"2018-12-20",814,755,19,937,910,27,WN,N7823A,2112,BNA,ECP,69,83,401,0,0
"2018-12-20",822,818,4,950,939,11,MQ,N687JS,3663,TLH,MIA,73,88,402,0,0
"2018-12-20",1042,830,132,1156,941,135,"9E",N935XJ,5031,ATL,TLH,44,74,223,0,0
"2018-12-20",853,855,-2,1021,1026,-5,OH,N572NN,5272,CLT,TLH,74,88,386,0,0
"2018-12-20",900,910,-10,1056,1115,-19,EV,N17984,4310,VPS,IAH,98,116,528,0,0
"2018-12-20",933,923,10,1202,1210,-8,OH,N556NN,5564,VPS,CLT,61,89,460,0,0
"2018-12-20",1040,946,54,1235,1128,67,G4,"309NV",1903,BLV,VPS,94,115,587,0,0
"2018-12-20",951,956,-5,950,1007,-17,DL,N956DL,2029,ATL,ECP,42,59,240,0,0
"2018-12-20",1248,1016,152,1349,1130,139,"9E",N935XJ,5031,TLH,ATL,38,61,223,0,0
"2018-12-20",1042,1048,-6,1331,1400,-29,YX,N422YX,4609,VPS,DCA,91,109,789,0,0
"2018-12-20",1043,1049,-6,1259,1305,-6,DL,N956AT,794,VPS,ATL,41,76,250,0,0
"2018-12-20",1051,1056,-5,1224,1226,-2,OH,N572NN,5272,TLH,CLT,53,93,386,0,0
"2018-12-20",1108,1110,-2,1217,1224,-7,"9E",N153PQ,3491,ATL,TLH,47,69,223,0,0
"2018-12-20",1359,1225,94,1539,1408,91,EV,N15910,4307,IAH,VPS,75,100,528,0,0
"2018-12-20",1227,1231,-4,1417,1419,-2,AA,N979TW,2262,DFW,VPS,87,110,641,0,0
"2018-12-20",1227,1233,-6,1542,1538,4,MQ,N235NN,4069,DFW,TLH,106,135,767,0,0
"2018-12-20",1234,1237,-3,1429,1434,-5,EV,N738EV,2895,DFW,ECP,89,115,685,0,0
"2018-12-20",1258,1300,-2,1418,1416,2,"9E",N153PQ,3491,TLH,ATL,46,80,223,0,0
"2018-12-20",1327,1317,10,1526,1535,-9,AA,N756US,2013,VPS,DFW,98,119,641,0,0
"2018-12-20",1331,1325,6,1529,1459,30,OH,N517AE,5662,CLT,TLH,76,118,386,0,0
"2018-12-20",1345,1349,-4,1444,1454,-10,DL,N965AT,2936,ATL,TLH,44,59,223,0,0
"2018-12-20",1354,1357,-3,1352,1406,-14,DL,N916DE,2506,ATL,ECP,46,58,240,0,0
"2018-12-20",1457,1427,30,1756,1710,46,OH,N507AE,5500,VPS,CLT,94,119,460,0,0
"2018-12-20",1433,1441,-8,1621,1607,14,MQ,N688AE,3861,MIA,TLH,86,108,402,0,0
"2018-12-20",1448,1450,-2,1702,1705,-3,DL,N916DE,2506,ECP,ATL,55,74,240,0,0
"2018-12-20",1507,1455,12,1707,1659,8,EV,N12569,4134,ECP,IAH,103,120,572,0,0
"2018-12-20",1559,1455,64,1748,1658,50,EV,N15910,4165,VPS,IAH,93,109,528,0,0
"2018-12-20",1509,1459,10,1711,1719,-8,AA,N979TW,2262,VPS,DFW,99,122,641,0,0
"2018-12-20",1609,1502,67,1801,1659,62,G4,"309NV",1909,OKC,VPS,93,112,726,0,0
"2018-12-20",1621,1608,13,1733,1739,-6,MQ,N235NN,4069,TLH,DFW,108,132,767,0,0
"2018-12-20",1726,1726,0,1736,1740,-4,DL,N895AT,1099,ATL,VPS,48,70,250,0,0
"2018-12-20",1755,1805,-10,1932,1948,-16,EV,N16546,4447,IAH,VPS,71,97,528,0,0
"2018-12-20",1814,1806,8,2035,2030,5,DL,N961DL,1403,ECP,ATL,58,81,240,0,0
"2018-12-20",1910,1820,50,2010,1927,43,DL,N929AT,1787,ATL,TLH,48,60,223,0,0
"2018-12-20",1916,1920,-4,1935,1930,5,DL,N384DA,2431,ATL,ECP,54,79,240,0,0
"2018-12-20",1943,1939,4,2006,1949,17,DL,N960DL,2406,ATL,VPS,52,83,250,0,0
"2018-12-20",1935,1940,-5,2204,2202,2,YX,N120HQ,4504,DCA,TLH,124,149,716,0,0
"2018-12-20",2040,2006,34,2150,2119,31,DL,N929AT,1787,TLH,ATL,52,70,223,0,0
"2018-12-20",2020,2023,-3,2150,2149,1,YX,N132HQ,4660,TLH,CLT,65,90,386,0,0
"2018-12-20",2038,2030,8,2144,2150,-6,WN,N924WN,2854,ECP,BNA,54,66,401,0,0
"2018-12-20",2104,2035,29,2219,2150,29,WN,N235WN,6688,BNA,ECP,64,75,401,0,0
"2018-12-20",2227,2230,-3,2234,2240,-6,DL,N3748Y,2303,ATL,ECP,47,67,240,0,0
"2018-12-20",2258,2232,26,23,4,19,OH,N548NN,5284,CLT,TLH,71,85,386,0,0
"2018-12-21",525,531,-6,655,655,0,OH,N548NN,5584,TLH,CLT,68,90,386,0,0
"2018-12-21",546,540,6,650,648,2,DL,N947DL,990,TLH,ATL,45,64,223,0,0
"2018-12-21",620,600,20,825,816,9,DL,N3748Y,1237,ECP,ATL,47,65,240,0,0
"2018-12-21",639,625,14,805,749,16,MQ,N661JA,3663,MIA,TLH,61,86,402,0,0
"2018-12-21",633,636,-3,907,915,-8,OH,N598NN,5623,VPS,CLT,76,94,460,0,0
"2018-12-21",709,700,9,919,921,-2,EV,N616QX,2889,ECP,DFW,109,130,685,0,0
"2018-12-21",706,710,-4,908,919,-11,YX,N120HQ,4626,TLH,DCA,107,122,716,0,0
"2018-12-21",734,740,-6,848,900,-12,WN,N235WN,2789,ECP,BNA,60,74,401,0,0
"2018-12-21",807,755,12,930,910,20,WN,N768SW,2112,BNA,ECP,65,83,401,0,0
"2018-12-20",630,630,0,845,839,6,EV,N13975,3979,ECP,IAH,96,135,572,0,0
"2018-12-20",658,700,-2,908,856,12,YV,N925FJ,5725,DFW,VPS,87,130,641,0,0
"2018-12-20",659,700,-1,920,916,4,DL,N395DN,2430,ECP,ATL,46,81,240,0,0
"2018-12-20",653,700,-7,756,805,-9,DL,N906DE,2770,TLH,ATL,40,63,223,0,0
"2018-12-20",712,719,-7,846,901,-15,G4,"309NV",1902,VPS,BLV,76,94,587,0,0
"2018-12-20",731,730,1,1023,1016,7,EV,N720EV,2899,ECP,CLT,66,112,437,0,0
"2018-12-20",738,740,-2,850,900,-10,WN,N946WN,2789,ECP,BNA,58,72,401,0,0
"2018-12-20",758,803,-5,904,853,11,OH,N556NN,5564,CLT,VPS,81,126,460,0,0
"2018-12-20",759,803,-4,921,934,-13,MQ,N263NN,4116,TLH,DFW,116,142,767,0,0
"2018-12-20",801,808,-7,1009,1030,-21,AA,N90024,2552,VPS,DFW,106,128,641,0,0
"2018-12-20",823,830,-7,1011,1013,-2,YX,N422YX,4609,DCA,VPS,136,168,789,0,0
"2018-12-20",941,926,15,1148,1149,-1,YV,N925FJ,5725,VPS,DFW,103,127,641,0,0
"2018-12-20",1015,940,35,1153,1135,18,WN,N7823A,2112,ECP,HOU,89,98,571,0,0
"2018-12-20",947,949,-2,950,1006,-16,DL,N956AT,794,ATL,VPS,43,63,250,0,0
"2018-12-20",1039,1045,-6,1246,1237,9,AA,N756US,2013,DFW,VPS,103,127,641,0,0
"2018-12-20",1039,1051,-12,1254,1303,-9,DL,N956DL,2029,ECP,ATL,40,75,240,0,0
"2018-12-20",1224,1205,19,1433,1347,46,EV,N12569,4451,IAH,ECP,81,129,572,0,0
"2018-12-20",1225,1205,20,1356,1340,16,WN,N909WN,3582,HOU,ECP,81,91,571,0,0
"2018-12-20",1224,1211,13,1346,1245,61,EV,N616QX,2918,CLT,ECP,78,142,437,0,0
"2018-12-20",1328,1214,74,1525,1417,68,G4,"309NV",1908,VPS,OKC,101,117,726,0,0
"2018-12-20",1247,1250,-3,1304,1306,-2,DL,N908DL,1335,ATL,VPS,49,77,250,0,0
"2018-12-20",1314,1311,3,1425,1357,28,OH,N507AE,5500,CLT,VPS,80,131,460,0,0
"2018-12-20",1416,1335,41,1618,1555,23,EV,N616QX,2875,ECP,DFW,97,122,685,0,0
"2018-12-20",1345,1350,-5,1603,1610,-7,DL,N908DL,1335,VPS,ATL,42,78,250,0,0
"2018-12-20",1435,1415,20,1616,1610,6,WN,N909WN,3585,ECP,HOU,90,101,571,0,0
"2018-12-20",1500,1445,15,1706,1638,28,YV,N939LR,5906,DFW,VPS,84,126,641,0,0
"2018-12-20",1449,1451,-2,1652,1645,7,EV,N617QX,2876,DFW,ECP,90,123,685,0,0
"2018-12-20",1505,1459,6,1514,1515,-1,DL,N925AT,2844,ATL,VPS,48,69,250,0,0
"2018-12-20",1459,1504,-5,1800,1744,16,EV,N738EV,2916,ECP,CLT,72,121,437,0,0
"2018-12-20",1607,1529,38,1738,1702,36,OH,N517AE,5662,TLH,CLT,66,91,386,0,0
"2018-12-20",1532,1537,-5,1635,1650,-15,DL,N965AT,2936,TLH,ATL,44,63,223,0,0
"2018-12-20",1553,1558,-5,1808,1819,-11,DL,N925AT,2844,VPS,ATL,46,75,250,0,0
"2018-12-20",1610,1611,-1,1828,1749,39,OH,N559NN,5248,CLT,TLH,73,138,386,0,0
"2018-12-20",1615,1614,1,1741,1715,26,DL,N907DL,1813,ATL,TLH,62,86,223,0,0
"2018-12-20",1705,1706,-1,2138,1827,,MQ,N688AE,3861,TLH,MIA,,,402,0,1
"2018-12-20",1738,1710,28,1956,1930,26,YV,N939LR,5906,VPS,DFW,107,138,641,0,0
"2018-12-20",1711,1715,-4,1726,1722,4,DL,N961DL,1403,ATL,ECP,56,75,240,0,0
"2018-12-20",1721,1724,-3,1928,1945,-17,EV,N617QX,2876,ECP,DFW,104,127,685,0,0
"2018-12-20",1742,1730,12,2009,1901,68,MQ,N616AE,3844,MIA,TLH,61,147,402,0,0
"2018-12-20",1801,1740,21,1850,1824,26,OH,N564NN,5709,CLT,VPS,79,109,460,0,0
"2018-12-20",1830,1759,31,1937,1910,27,DL,N907DL,1813,TLH,ATL,45,67,223,0,0
"2018-12-20",1812,1813,-1,1957,1953,4,YX,N132HQ,4660,CLT,TLH,77,105,386,0,0
"2018-12-20",1900,1819,41,2023,1946,37,OH,N559NN,5248,TLH,CLT,55,83,386,0,0
"2018-12-20",1814,1819,-5,2047,2049,-2,DL,N895AT,1099,VPS,ATL,59,93,250,0,0
"2018-12-20",1838,1830,8,2007,2000,7,WN,N924WN,2854,HOU,ECP,77,89,571,0,0
"2018-12-20",1834,1830,4,1924,1914,10,EV,N738EV,2890,CLT,ECP,79,110,437,0,0
"2018-12-20",1921,1900,21,2200,2141,19,OH,N564NN,5709,VPS,CLT,70,99,460,0,0
"2018-12-20",1910,1915,-5,2108,2115,-7,EV,N616QX,2870,DFW,ECP,88,118,685,0,0
"2018-12-20",2039,1929,70,2224,2049,95,MQ,N616AE,3844,TLH,MIA,77,105,402,0,0
"2018-12-20",2009,1955,14,2202,2137,25,EV,N11551,4190,IAH,ECP,79,113,572,0,0
"2018-12-20",2036,2040,-4,2347,2343,4,MQ,N252NN,4131,DFW,TLH,105,131,767,0,0
"2018-12-20",2111,2052,19,2211,2158,13,DL,N913DE,854,ATL,TLH,46,60,223,0,0
"2018-12-20",2129,2132,-3,2314,2315,-1,AA,N9025B,2272,DFW,VPS,85,105,641,0,0
"2018-12-20",2240,2241,-1,2315,2324,-9,OH,N598NN,5696,CLT,VPS,80,95,460,0,0
"2018-12-20",2234,2241,-7,2247,2256,-9,DL,N966DL,755,ATL,VPS,49,73,250,0,0
"2018-12-20",2242,2241,1,2356,2345,11,DL,N947DL,1414,ATL,TLH,52,74,223,0,0
"2018-12-21",557,600,-3,816,804,12,DL,N966DL,2461,VPS,ATL,48,79,250,0,0
"2018-12-21",627,630,-3,828,839,-11,EV,N11551,3979,ECP,IAH,99,121,572,0,0
"2018-12-21",837,700,97,1035,856,99,YV,N948LR,5725,DFW,VPS,87,118,641,0,0
"2018-12-21",713,700,13,924,916,8,DL,N384DA,2430,ECP,ATL,48,71,240,0,0
"2018-12-21",655,700,-5,804,805,-1,DL,N913DE,2770,TLH,ATL,52,69,223,0,0
"2018-12-21",725,730,-5,935,944,-9,DL,N960DL,2478,VPS,ATL,48,70,250,0,0
"2018-12-21",733,730,3,1031,1016,15,EV,N738EV,2899,ECP,CLT,73,118,437,0,0
"2018-12-21",803,803,0,908,853,15,OH,N599NN,5564,CLT,VPS,76,125,460,0,0
"2018-12-21",754,803,-9,918,934,-16,MQ,N252NN,4116,TLH,DFW,121,144,767,0,0
"2018-12-21",808,808,0,1054,1030,24,AA,N9025B,2552,VPS,DFW,99,166,641,0,0
"2018-12-21",833,818,15,1001,939,22,MQ,N661JA,3663,TLH,MIA,71,88,402,0,0
"2018-12-21",1112,926,106,1314,1149,85,YV,N948LR,5725,VPS,DFW,101,122,641,0,0
"2018-12-21",825,830,-5,933,941,-8,"9E",N166PQ,5031,ATL,TLH,42,68,223,0,0
"2018-12-21",855,855,0,1036,1026,10,OH,N551NN,5272,CLT,TLH,72,101,386,0,0
"2018-12-21",902,910,-8,1057,1115,-18,EV,N16546,4310,VPS,IAH,88,115,528,0,0
"2018-12-21",940,923,17,1225,1210,15,OH,N599NN,5564,VPS,CLT,74,105,460,0,0
"2018-12-21",1002,940,22,1144,1135,9,WN,N768SW,2112,ECP,HOU,90,102,571,0,0
"2018-12-21",1046,1045,1,1231,1237,-6,AA,N93003,2013,DFW,VPS,81,105,641,0,0
"2018-12-21",950,950,0,1004,1007,-3,DL,N929AT,794,ATL,VPS,49,74,250,0,0
"2018-12-21",954,956,-2,959,1007,-8,DL,N964DL,2029,ATL,ECP,44,65,240,0,0
"2018-12-21",1013,1016,-3,1124,1130,-6,"9E",N166PQ,5031,TLH,ATL,48,71,223,0,0
"2018-12-21",1047,1051,-4,1307,1303,4,DL,N964DL,2029,ECP,ATL,49,80,240,0,0
"2018-12-21",1043,1048,-5,1357,1400,-3,YX,N421YX,4609,VPS,DCA,112,134,789,0,0
"2018-12-21",1045,1049,-4,1302,1305,-3,DL,N929AT,794,VPS,ATL,50,77,250,0,0
"2018-12-21",1107,1112,-5,1212,1221,-9,DL,N899AT,921,ATL,TLH,42,65,223,0,0
"2018-12-21",1120,1056,24,1249,1226,23,OH,N551NN,5272,TLH,CLT,69,89,386,0,0
"2018-12-21",1122,1133,-11,1304,1315,-11,G4,"309NV",2892,VPS,BLV,82,102,587,0,0
"2018-12-21",1230,1233,-3,1523,1538,-15,MQ,N234JW,4069,DFW,TLH,95,113,767,0,0
"2018-12-21",1211,1205,6,1344,1340,4,WN,N7701B,3582,HOU,ECP,81,93,571,0,0
"2018-12-21",1159,1205,-6,1356,1347,9,EV,N15572,4451,IAH,ECP,86,117,572,0,0
"2018-12-21",1244,1211,33,1311,1245,26,EV,N716EV,2918,CLT,ECP,68,87,437,0,0
"2018-12-21",1221,1225,-4,1430,1408,22,EV,N16571,4307,IAH,VPS,78,129,528,0,0
"2018-12-21",1245,1231,14,1423,1419,4,AA,N9677W,2262,DFW,VPS,79,98,641,0,0
"2018-12-21",1250,1250,0,1302,1306,-4,DL,N907DE,1335,ATL,VPS,44,72,250,0,0
"2018-12-21",1235,1237,-2,1425,1434,-9,EV,N720EV,2895,DFW,ECP,93,110,685,0,0
"2018-12-21",1322,1311,11,1400,1357,3,OH,N520DC,5500,CLT,VPS,74,98,460,0,0
"2018-12-21",1305,1306,-1,1412,1420,-8,DL,N899AT,921,TLH,ATL,52,67,223,0,0
"2018-12-21",1350,1335,15,1605,1555,10,EV,N716EV,2875,ECP,DFW,107,135,685,0,0
"2018-12-21",1315,1317,-2,1522,1535,-13,AA,N93003,2013,VPS,DFW,100,127,641,0,0
"2018-12-21",1330,1325,5,1457,1459,-2,OH,N566NN,5662,CLT,TLH,63,87,386,0,0
"2018-12-21",1348,1350,-2,1453,1502,-9,"9E",N601LR,3442,ATL,TLH,44,65,223,0,0
"2018-12-21",1345,1350,-5,1612,1610,2,DL,N907DE,1335,VPS,ATL,56,87,250,0,0
"2018-12-21",1346,1400,-14,1512,1542,-30,G4,"309NV",2893,BLV,VPS,75,86,587,0,0
"2018-12-21",1359,1357,2,1400,1406,-6,DL,N983DL,2506,ATL,ECP,44,61,240,0,0
"2018-12-21",1421,1415,6,1604,1610,-6,WN,N7701B,3585,ECP,HOU,90,103,571,0,0
"2018-12-21",1440,1445,-5,1624,1638,-14,YV,N948LR,5906,DFW,VPS,81,104,641,0,0
"2018-12-21",1435,1427,8,1717,1710,7,OH,N520DC,5500,VPS,CLT,75,102,460,0,0
"2018-12-21",1449,1450,-1,1654,1705,-11,DL,N983DL,2506,ECP,ATL,48,65,240,0,0
"2018-12-21",1435,1441,-6,1617,1607,10,MQ,N908AE,3861,MIA,TLH,68,102,402,0,0
"2018-12-21",1521,1451,30,1658,1645,13,EV,N616QX,2876,DFW,ECP,82,97,685,0,0
"2018-12-21",1503,1459,4,1716,1719,-3,AA,N9677W,2262,VPS,DFW,108,133,641,0,0
"2018-12-21",1459,1504,-5,1746,1744,2,EV,N720EV,2916,ECP,CLT,69,107,437,0,0
"2018-12-21",1450,1455,-5,1649,1659,-10,EV,N15572,4134,ECP,IAH,99,119,572,0,0
"2018-12-21",1452,1455,-3,1657,1658,-1,EV,N16571,4165,VPS,IAH,98,125,528,0,0
"2018-12-21",1459,1500,-1,1458,1516,-18,DL,N998AT,2844,ATL,VPS,43,59,250,0,0
"2018-12-21",1535,1529,6,1702,1702,0,OH,N566NN,5662,TLH,CLT,64,87,386,0,0
"2018-12-21",1551,1558,-7,1813,1819,-6,DL,N998AT,2844,VPS,ATL,53,82,250,0,0
"2018-12-21",1532,1537,-5,1652,1650,2,"9E",N601LR,3442,TLH,ATL,49,80,223,0,0
"2018-12-21",1647,1611,36,1805,1749,16,OH,N591NN,5248,CLT,TLH,64,78,386,0,0
"2018-12-21",1616,1608,8,1752,1739,13,MQ,N234JW,4069,TLH,DFW,131,156,767,0,0
"2018-12-21",1617,1614,3,1716,1715,1,DL,N981DL,1813,ATL,TLH,41,59,223,0,0
"2018-12-21",1707,1710,-3,1922,1930,-8,YV,N948LR,5906,VPS,DFW,107,135,641,0,0
"2018-12-21",1610,1632,-22,1821,1843,-22,G4,"309NV",1914,VPS,MCI,112,131,764,0,0
"2018-12-21",1826,1740,46,1905,1824,41,OH,N552NN,5709,CLT,VPS,74,99,460,0,0
"2018-12-21",1701,1706,-5,1831,1827,4,MQ,N908AE,3861,TLH,MIA,71,90,402,0,0
"2018-12-21",1713,1715,-2,1713,1722,-9,DL,N991DL,1403,ATL,ECP,43,60,240,0,0
"2018-12-21",1731,1724,7,1949,1945,4,EV,N616QX,2876,ECP,DFW,110,138,685,0,0
"2018-12-21",1729,1730,-1,1900,1901,-1,MQ,N678AE,3844,MIA,TLH,60,91,402,0,0
"2018-12-21",1741,1731,10,1742,1745,-3,DL,N947AT,1099,ATL,VPS,42,61,250,0,0
"2018-12-21",1821,1759,22,1930,1907,23,DL,N981DL,1813,TLH,ATL,48,69,223,0,0
"2018-12-21",1804,1805,-1,1941,1948,-7,EV,N16561,4447,IAH,VPS,73,97,528,0,0
"2018-12-21",1804,1806,-2,2033,2030,3,DL,N991DL,1403,ECP,ATL,50,89,240,0,0
"2018-12-21",1831,1813,18,2009,1953,16,YX,N445YX,4660,CLT,TLH,65,98,386,0,0
"2018-12-21",1825,1820,5,1925,1927,-2,DL,N989DN,1787,ATL,TLH,39,60,223,0,0
"2018-12-21",1809,1818,-9,1839,1904,-25,G4,"272NV",1342,CVG,VPS,75,90,600,0,0
"2018-12-21",1841,1819,22,2006,1946,20,OH,N591NN,5248,TLH,CLT,70,85,386,0,0
"2018-12-21",1823,1824,-1,2042,2054,-12,DL,N947AT,1099,VPS,ATL,51,79,250,0,0
"2018-12-21",1909,1830,39,2027,2000,27,WN,N228WN,2854,HOU,ECP,71,78,571,0,0
"2018-12-21",1825,1830,-5,1905,1914,-9,EV,N720EV,2890,CLT,ECP,70,100,437,0,0
"2018-12-21",1949,1939,10,1956,1949,7,DL,N963DL,2406,ATL,VPS,44,67,250,0,0
"2018-12-21",1935,1900,35,2205,2141,24,OH,N552NN,5709,VPS,CLT,66,90,460,0,0
"2018-12-21",1910,1915,-5,2101,2115,-14,EV,N615QX,2870,DFW,ECP,83,111,685,0,0
"2018-12-21",1911,1928,-17,2058,2132,-34,G4,"309NV",1915,MCI,VPS,90,107,764,0,0
"2018-12-21",1930,1929,1,2110,2049,21,MQ,N678AE,3844,TLH,MIA,64,100,402,0,0
"2018-12-21",1934,1940,-6,2130,2202,-32,YX,N110HQ,4504,DCA,TLH,100,116,716,0,0
"2018-12-21",1937,1949,-12,2232,2235,-3,G4,"272NV",1343,VPS,CVG,87,115,600,0,0
"2018-12-21",2037,2023,14,2200,2149,11,YX,N445YX,4660,TLH,CLT,60,83,386,0,0
"2018-12-21",2004,1955,9,2143,2137,6,EV,N13988,4190,IAH,ECP,79,99,572,0,0
"2018-12-21",2002,2006,-4,2114,2119,-5,DL,N989DN,1787,TLH,ATL,49,72,223,0,0
"2018-12-21",2055,2030,25,2207,2150,17,WN,N228WN,2854,ECP,BNA,64,72,401,0,0
"2018-12-21",2244,2035,129,2355,2150,125,WN,N288WN,6688,BNA,ECP,57,71,401,0,0
"2018-12-21",2037,2040,-3,2348,2343,5,MQ,N252NN,4131,DFW,TLH,93,131,767,0,0
"2018-12-21",2344,2230,74,2347,2240,67,DL,N608AT,2303,ATL,ECP,42,63,240,0,0
"2018-12-21",2054,2057,-3,2153,2203,-10,DL,N911DE,854,ATL,TLH,42,59,223,0,0
"2018-12-21",2147,2132,15,2324,2315,9,AA,N9023N,2272,DFW,VPS,76,97,641,0,0
"2018-12-21",2227,2232,-5,2359,4,-5,OH,N505AE,5284,CLT,TLH,60,92,386,0,0
"2018-12-22",518,520,-2,721,732,-11,DL,N963DL,1157,VPS,ATL,45,63,250,0,0
"2018-12-21",2239,2241,-2,2315,2324,-9,OH,N572NN,5696,CLT,VPS,73,96,460,0,0
"2018-12-21",2346,2241,65,2349,2256,53,DL,N902DE,755,ATL,VPS,44,63,250,0,0
"2018-12-21",2243,2241,2,2338,2345,-7,DL,N915DL,1414,ATL,TLH,37,55,223,0,0
"2018-12-22",624,625,-1,748,749,-1,MQ,N616AE,3663,MIA,TLH,64,84,402,0,0
"2018-12-22",531,531,0,701,655,6,OH,N505AE,5584,TLH,CLT,65,90,386,0,0
"2018-12-22",540,540,0,740,755,-15,DL,N608AT,1237,ECP,ATL,43,60,240,0,0
"2018-12-22",558,600,-2,659,708,-9,DL,N911DE,2022,TLH,ATL,41,61,223,0,0
"2018-12-22",636,630,6,1125,1000,85,G4,"309NV",1990,VPS,EWR,123,229,988,0,0
"2018-12-22",625,630,-5,827,839,-12,EV,N13988,3979,ECP,IAH,104,122,572,0,0
"2018-12-22",656,700,-4,842,856,-14,YV,N248LR,5725,DFW,VPS,76,106,641,0,0
"2018-12-22",635,636,-1,909,915,-6,OH,N572NN,5623,VPS,CLT,62,94,460,0,0
"2018-12-22",652,700,-8,917,921,-4,EV,N720EV,2889,ECP,DFW,116,145,685,0,0
"2018-12-22",835,719,76,1057,1005,52,EV,N615QX,2899,ECP,CLT,60,82,437,0,0
"2018-12-22",726,730,-4,1011,944,27,DL,N902DE,2650,VPS,ATL,48,105,250,0,0
"2018-12-22",730,730,0,841,840,1,DL,N915DL,430,TLH,ATL,53,71,223,0,0
"2018-12-22",946,745,121,1056,900,116,WN,N271LV,3587,BNA,ECP,56,70,401,0,0
"2018-12-22",742,745,-3,907,905,2,WN,N288WN,4168,ECP,BNA,66,85,401,0,0
"2018-12-22",759,803,-4,932,934,-2,MQ,N252NN,4116,TLH,DFW,128,153,767,0,0
"2018-12-22",809,814,-5,806,829,-23,DL,N926AT,2531,ATL,ECP,40,57,240,0,0
"2018-12-22",801,803,-2,851,853,-2,OH,N571NN,5564,CLT,VPS,75,110,460,0,0
"2018-12-22",806,808,-2,1028,1030,-2,AA,N9023N,2552,VPS,DFW,103,142,641,0,0
"2018-12-22",901,818,43,1020,939,41,MQ,N616AE,3663,TLH,MIA,64,79,402,0,0
"2018-12-22",819,820,-1,931,932,-1,"9E",N8839E,3414,ATL,TLH,44,72,223,0,0
"2018-12-22",814,816,-2,830,837,-7,"9E",N319PQ,5265,ATL,VPS,46,76,250,0,0
"2018-12-22",825,830,-5,944,1013,-29,YX,N427YX,4609,DCA,VPS,118,139,789,0,0
"2018-12-22",1136,855,161,1328,1100,148,YX,N110HQ,4626,TLH,DCA,95,112,716,0,0
"2018-12-22",929,855,34,1057,1026,31,OH,N597NN,5272,CLT,TLH,61,88,386,0,0
"2018-12-22",901,908,-7,1058,1122,-24,DL,N926AT,2531,ECP,ATL,40,57,240,0,0
"2018-12-22",903,910,-7,1106,1115,-9,EV,N16561,4310,VPS,IAH,99,123,528,0,0
"2018-12-22",907,912,-5,1122,1128,-6,"9E",N319PQ,5265,VPS,ATL,48,75,250,0,0
"2018-12-23",1322,1325,-3,1505,1459,6,OH,N513AE,5662,CLT,TLH,76,103,386,0,0
"2018-12-22",923,923,0,1211,1210,1,OH,N571NN,5564,VPS,CLT,64,108,460,0,0
"2018-12-22",926,926,0,1147,1149,-2,YV,N248LR,5725,VPS,DFW,109,141,641,0,0
"2018-12-22",1130,930,120,1327,1140,107,WN,N271LV,3587,ECP,DAL,106,117,674,0,0
"2018-12-22",959,1002,-3,1115,1114,1,"9E",N8839E,3414,TLH,ATL,50,76,223,0,0
"2018-12-22",1039,1045,-6,1224,1237,-13,AA,N756US,2013,DFW,VPS,81,105,641,0,0
"2018-12-22",1041,1048,-7,1349,1400,-11,YX,N427YX,4609,VPS,DCA,102,128,789,0,0
"2018-12-22",1143,1056,47,1257,1226,31,OH,N597NN,5272,TLH,CLT,57,74,386,0,0
"2018-12-22",1106,1110,-4,1119,1122,-3,DL,N989AT,2313,ATL,ECP,42,73,240,0,0
"2018-12-22",1107,1117,-10,1313,1332,-19,"9E",N200PQ,5171,VPS,ATL,44,66,250,0,0
"2018-12-22",1200,1201,-1,1412,1418,-6,DL,N989AT,2313,ECP,ATL,43,72,240,0,0
"2018-12-22",1220,1225,-5,1354,1408,-14,EV,N10575,4307,IAH,VPS,69,94,528,0,0
"2018-12-22",1619,1231,228,1801,1419,222,AA,N9615W,2262,DFW,VPS,76,102,641,0,0
"2018-12-22",1253,1233,20,1543,1538,5,MQ,N231AN,4069,DFW,TLH,89,110,767,0,0
"2018-12-22",1309,1311,-2,1357,1357,0,OH,N520DC,5500,CLT,VPS,77,108,460,0,0
"2018-12-22",1325,1325,0,1454,1459,-5,OH,N534EA,5662,CLT,TLH,65,89,386,0,0
"2018-12-22",1335,1340,-5,1431,1451,-20,"9E",N836AY,3283,ATL,TLH,38,56,223,0,0
"2018-12-22",1340,1343,-3,1351,1358,-7,"9E",N232PQ,5163,ATL,VPS,50,71,250,0,0
"2018-12-22",1432,1436,-4,1430,1443,-13,DL,N938AT,1569,ATL,ECP,41,58,240,0,0
"2018-12-22",1433,1440,-7,1652,1656,-4,"9E",N232PQ,5163,VPS,ATL,48,79,250,0,0
"2018-12-22",1442,1445,-3,1629,1638,-9,YV,N904FJ,5906,DFW,VPS,77,107,641,0,0
"2018-12-22",1444,1455,-11,1648,1659,-11,EV,N16561,4134,ECP,IAH,99,124,572,0,0
"2018-12-22",1446,1455,-9,1653,1658,-5,EV,N10575,4165,VPS,IAH,95,127,528,0,0
"2018-12-22",1510,1508,2,1643,1650,-7,G4,"254NV",2260,BLV,VPS,75,93,587,0,0
"2018-12-22",1517,1522,-5,1718,1739,-21,DL,N938AT,1569,ECP,ATL,44,61,240,0,0
"2018-12-22",1529,1529,0,1703,1702,1,OH,N534EA,5662,TLH,CLT,60,94,386,0,0
"2018-12-22",1627,1608,19,1745,1739,6,MQ,N231AN,4069,TLH,DFW,121,138,767,0,0
"2018-12-22",1625,1620,5,1717,1724,-7,DL,N967AT,2421,ATL,TLH,38,52,223,0,0
"2018-12-22",1701,1706,-5,1824,1827,-3,MQ,N661JA,3861,TLH,MIA,65,83,402,0,0
"2018-12-22",1706,1710,-4,1926,1931,-5,YX,N403YX,4504,DCA,TLH,114,140,716,0,0
"2018-12-22",1703,1710,-7,1918,1930,-12,YV,N904FJ,5906,VPS,DFW,105,135,641,0,0
"2018-12-22",1720,1724,-4,1942,1945,-3,EV,N616QX,2876,ECP,DFW,110,142,685,0,0
"2018-12-22",1735,1735,0,1914,1917,-3,G4,"254NV",2261,VPS,BLV,83,99,587,0,0
"2018-12-22",1742,1747,-5,1753,1804,-11,"9E",N902XJ,3336,ATL,VPS,46,71,250,0,0
"2018-12-22",1757,1800,-3,1753,1811,-18,DL,N980DL,2430,ATL,ECP,40,56,240,0,0
"2018-12-22",1809,1800,9,1930,1930,0,WN,N966WN,4655,HOU,ECP,68,81,571,0,0
"2018-12-22",1925,1830,55,1950,1914,36,EV,N617QX,2890,CLT,ECP,69,85,437,0,0
"2018-12-22",1840,1845,-5,2109,2104,5,"9E",N902XJ,3336,VPS,ATL,46,89,250,0,0
"2018-12-22",1853,1855,-2,2044,2116,-32,DL,N980DL,2430,ECP,ATL,41,51,240,0,0
"2018-12-22",1906,1910,-4,1947,1951,-4,OH,N555NN,5696,CLT,VPS,78,101,460,0,0
"2018-12-22",1953,1955,-2,2121,2137,-16,EV,N29917,4190,IAH,ECP,72,88,572,0,0
"2018-12-22",2030,1955,35,2138,2115,23,WN,N966WN,4655,ECP,BNA,58,68,401,0,0
"2018-12-22",2248,2234,14,2255,2250,5,DL,N972AT,755,ATL,VPS,44,67,250,0,0
"2018-12-23",517,520,-3,717,732,-15,DL,N979AT,1157,VPS,ATL,43,60,250,0,0
"2018-12-23",531,531,0,711,655,16,OH,N519AE,5584,TLH,CLT,57,100,386,0,0
"2018-12-23",631,636,-5,917,915,2,OH,N555NN,5623,VPS,CLT,65,106,460,0,0
"2018-12-23",711,710,1,859,919,-20,YX,N403YX,4626,TLH,DCA,92,108,716,0,0
"2018-12-23",728,730,-2,1026,1016,10,EV,N617QX,2899,ECP,CLT,61,118,437,0,0
"2018-12-23",737,740,-3,846,900,-14,WN,N7731A,2789,ECP,BNA,57,69,401,0,0
"2018-12-23",758,803,-5,849,853,-4,OH,N566NN,5564,CLT,VPS,78,111,460,0,0
"2018-12-23",756,803,-7,920,934,-14,MQ,N222NS,4116,TLH,DFW,117,144,767,0,0
"2018-12-23",757,808,-11,1050,1030,20,AA,N9004F,2552,VPS,DFW,104,173,641,0,0
"2018-12-23",905,855,10,1034,1026,8,OH,N581NN,5272,CLT,TLH,60,89,386,0,0
"2018-12-23",902,908,-6,1106,1122,-16,DL,N967AT,2531,ECP,ATL,44,64,240,0,0
"2018-12-23",902,910,-8,1054,1115,-21,EV,N13553,4310,VPS,IAH,97,112,528,0,0
"2018-12-23",958,1002,-4,1108,1114,-6,"9E",N8891A,3414,TLH,ATL,45,70,223,0,0
"2018-12-23",1035,1025,10,1044,1042,2,"9E",N279PQ,5171,ATL,VPS,46,69,250,0,0
"2018-12-23",1110,1056,14,1228,1226,2,OH,N581NN,5272,TLH,CLT,60,78,386,0,0
"2018-12-23",1155,1159,-4,1401,1402,-1,G4,"309NV",1908,VPS,OKC,113,126,726,0,0
"2018-12-23",1219,1201,18,1421,1418,3,DL,N894AT,2313,ECP,ATL,42,62,240,0,0
"2018-12-23",1222,1225,-3,1414,1408,6,EV,N11547,4307,IAH,VPS,76,112,528,0,0
"2018-12-23",1223,1231,-8,1403,1419,-16,AA,N965TW,2262,DFW,VPS,75,100,641,0,0
"2018-12-23",1233,1233,0,1534,1538,-4,MQ,N251NN,4069,DFW,TLH,93,121,767,0,0
"2018-12-23",1314,1311,3,1352,1357,-5,OH,N725PS,5500,CLT,VPS,77,98,460,0,0
"2018-12-23",1317,1317,0,1533,1535,-2,AA,N767UW,2013,VPS,DFW,107,136,641,0,0
"2018-12-23",1512,1335,97,1730,1555,95,EV,N608QX,2875,ECP,DFW,111,138,685,0,0
"2018-12-22",1021,1025,-4,1026,1042,-16,"9E",N200PQ,5171,ATL,VPS,41,65,250,0,0
"2018-12-22",1224,1100,84,1416,1245,91,G4,"309NV",1991,EWR,VPS,138,172,988,0,0
"2018-12-22",1149,1150,-1,1255,1259,-4,"9E",N8839E,3282,ATL,TLH,39,66,223,0,0
"2018-12-22",1203,1205,-2,1353,1347,6,EV,N16561,4451,IAH,ECP,78,110,572,0,0
"2018-12-22",1219,1205,14,1348,1355,-7,WN,N749SW,3678,DAL,ECP,79,89,674,0,0
"2018-12-22",1226,1211,15,1252,1245,7,EV,N718EV,2918,CLT,ECP,72,86,437,0,0
"2018-12-22",1354,1237,77,1542,1434,68,EV,N617QX,2895,DFW,ECP,78,108,685,0,0
"2018-12-22",1317,1317,0,1526,1535,-9,AA,N756US,2013,VPS,DFW,103,129,641,0,0
"2018-12-22",1321,1326,-5,1438,1440,-2,"9E",N8839E,3282,TLH,ATL,46,77,223,0,0
"2018-12-22",1456,1335,81,1759,1646,73,G4,"309NV",1946,VPS,BWI,100,123,819,0,0
"2018-12-22",1333,1335,-2,1543,1555,-12,EV,N718EV,2875,ECP,DFW,109,130,685,0,0
"2018-12-22",1430,1425,5,1616,1620,-4,WN,N749SW,3685,ECP,HOU,94,106,571,0,0
"2018-12-22",1448,1427,21,1717,1710,7,OH,N520DC,5500,VPS,CLT,66,89,460,0,0
"2018-12-22",1439,1441,-2,1622,1607,15,MQ,N661JA,3861,MIA,TLH,65,103,402,0,0
"2018-12-22",1449,1451,-2,1632,1645,-13,EV,N616QX,2876,DFW,ECP,78,103,685,0,0
"2018-12-22",1837,1459,218,2039,1719,200,AA,N9615W,2262,VPS,DFW,100,122,641,0,0
"2018-12-22",1618,1504,74,1854,1744,70,EV,N617QX,2916,ECP,CLT,62,96,437,0,0
"2018-12-22",1501,1505,-4,1459,1521,-22,DL,N943AT,1381,ATL,VPS,40,58,250,0,0
"2018-12-22",1519,1516,3,1616,1628,-12,"9E",N836AY,3283,TLH,ATL,42,57,223,0,0
"2018-12-22",1538,1534,4,1618,1620,-2,G4,"253NV",1612,CVG,VPS,82,100,600,0,0
"2018-12-22",1552,1600,-8,1758,1821,-23,DL,N943AT,1381,VPS,ATL,46,66,250,0,0
"2018-12-22",1609,1611,-2,1736,1749,-13,OH,N553NN,5248,CLT,TLH,65,87,386,0,0
"2018-12-22",1709,1705,4,1948,1951,-3,G4,"253NV",1613,VPS,CVG,83,99,600,0,0
"2018-12-22",1730,1730,0,1858,1901,-3,MQ,N678AE,3844,MIA,TLH,68,88,402,0,0
"2018-12-22",1838,1731,67,2012,1851,81,G4,"309NV",1947,BWI,VPS,127,154,819,0,0
"2018-12-22",1744,1740,4,1821,1824,-3,OH,N705PS,5709,CLT,VPS,79,97,460,0,0
"2018-12-22",1808,1805,3,1906,1926,-20,DL,N967AT,2421,TLH,ATL,43,58,223,0,0
"2018-12-22",1759,1805,-6,1924,1948,-24,EV,N13553,4447,IAH,VPS,67,85,528,0,0
"2018-12-22",1815,1819,-4,1934,1946,-12,OH,N553NN,5248,TLH,CLT,57,79,386,0,0
"2018-12-22",1855,1856,-1,2122,2136,-14,OH,N705PS,5709,VPS,CLT,62,87,460,0,0
"2018-12-22",2245,1915,210,28,2115,193,EV,N738EV,2870,DFW,ECP,80,103,685,0,0
"2018-12-22",1915,1919,-4,2009,2032,-23,"9E",N200PQ,5153,ATL,TLH,38,54,223,0,0
"2018-12-22",1932,1929,3,2101,2049,12,MQ,N678AE,3844,TLH,MIA,72,89,402,0,0
"2018-12-22",1950,1953,-3,1954,2010,-16,DL,N979AT,2242,ATL,VPS,42,64,250,0,0
"2018-12-22",2010,2005,5,2116,2120,-4,WN,N7731A,4526,BNA,ECP,56,66,401,0,0
"2018-12-22",2040,2040,0,2344,2343,1,MQ,N222NS,4131,DFW,TLH,89,124,767,0,0
"2018-12-22",2127,2132,-5,2307,2315,-8,AA,N9004F,2272,DFW,VPS,78,100,641,0,0
"2018-12-22",2224,2228,-4,2224,2238,-14,DL,N982AT,2303,ATL,ECP,40,60,240,0,0
"2018-12-22",2231,2232,-1,2335,2335,0,DL,N935AT,2583,ATL,TLH,37,64,223,0,0
"2018-12-22",2,2232,90,120,4,76,OH,N519AE,5284,CLT,TLH,66,78,386,0,0
"2018-12-23",540,540,0,753,755,-2,DL,N982AT,1237,ECP,ATL,47,73,240,0,0
"2018-12-23",555,600,-5,653,706,-13,DL,N935AT,2022,TLH,ATL,41,58,223,0,0
"2018-12-23",618,625,-7,743,749,-6,MQ,N663AR,3663,MIA,TLH,64,85,402,0,0
"2018-12-23",619,630,-11,826,839,-13,EV,N29917,3979,ECP,IAH,102,127,572,0,0
"2018-12-23",655,700,-5,838,856,-18,YV,N907FJ,5725,DFW,VPS,79,103,641,0,0
"2018-12-23",649,700,-11,825,842,-17,G4,"309NV",1902,VPS,BLV,82,96,587,0,0
"2018-12-23",651,700,-9,857,921,-24,EV,N738EV,2889,ECP,DFW,105,126,685,0,0
"2018-12-23",729,730,-1,931,949,-18,DL,N972AT,2650,VPS,ATL,42,62,250,0,0
"2018-12-23",725,730,-5,845,845,0,"9E",N200PQ,5031,TLH,ATL,42,80,223,0,0
"2018-12-23",807,755,12,921,910,11,WN,N770SA,2112,BNA,ECP,60,74,401,0,0
"2018-12-23",811,814,-3,806,829,-23,DL,N967AT,2531,ATL,ECP,42,55,240,0,0
"2018-12-23",813,816,-3,834,837,-3,"9E",N320PQ,5265,ATL,VPS,44,81,250,0,0
"2018-12-23",818,818,0,952,939,13,MQ,N663AR,3663,TLH,MIA,71,94,402,0,0
"2018-12-23",815,820,-5,933,932,1,"9E",N8891A,3414,ATL,TLH,39,78,223,0,0
"2018-12-23",836,840,-4,1021,1023,-2,YX,N132HQ,4609,DCA,VPS,129,165,789,0,0
"2018-12-23",907,912,-5,1116,1128,-12,"9E",N320PQ,5265,VPS,ATL,50,69,250,0,0
"2018-12-23",923,923,0,1214,1210,4,OH,N566NN,5564,VPS,CLT,66,111,460,0,0
"2018-12-23",924,926,-2,1138,1149,-11,YV,N907FJ,5725,VPS,DFW,108,134,641,0,0
"2018-12-23",940,927,13,1119,1109,10,G4,"309NV",1903,BLV,VPS,84,99,587,0,0
"2018-12-23",953,940,13,1139,1135,4,WN,N770SA,2112,ECP,HOU,93,106,571,0,0
"2018-12-23",1040,1045,-5,1238,1237,1,AA,N767UW,2013,DFW,VPS,84,118,641,0,0
"2018-12-23",1054,1055,-1,1404,1408,-4,YX,N132HQ,4609,VPS,DCA,97,130,789,0,0
"2018-12-23",1146,1110,36,1146,1122,24,DL,N894AT,2313,ATL,ECP,42,60,240,0,0
"2018-12-23",1113,1117,-4,1327,1332,-5,"9E",N279PQ,5171,VPS,ATL,50,74,250,0,0
"2018-12-23",1202,1205,-3,1347,1347,0,EV,N15574,4451,IAH,ECP,73,105,572,0,0
"2018-12-23",1202,1205,-3,1329,1340,-11,WN,N767SW,3582,HOU,ECP,71,87,571,0,0
"2018-12-23",1206,1211,-5,1257,1320,-23,"9E",N8877A,3328,ATL,TLH,40,51,223,0,0
"2018-12-23",1259,1211,48,1334,1245,49,EV,N608QX,2918,CLT,ECP,74,95,437,0,0
"2018-12-23",,1237,,,1434,,EV,N738EV,2895,DFW,ECP,,,685,1,0
"2018-12-23",1335,1340,-5,1437,1451,-14,"9E",N832AY,3283,ATL,TLH,42,62,223,0,0
"2018-12-23",1423,1427,-4,1659,1710,-11,OH,N725PS,5500,VPS,CLT,67,96,460,0,0
"2018-12-23",1337,1342,-5,1341,1357,-16,"9E",N904XJ,5163,ATL,VPS,43,64,250,0,0
"2018-12-23",1342,1350,-8,1441,1501,-20,"9E",N8877A,3328,TLH,ATL,42,59,223,0,0
"2018-12-23",1415,1415,0,1603,1610,-7,WN,N767SW,3585,ECP,HOU,99,108,571,0,0
"2018-12-23",1427,1432,-5,1644,1648,-4,"9E",N904XJ,5163,VPS,ATL,45,77,250,0,0
"2018-12-23",1439,1441,-2,1602,1607,-5,MQ,N663AR,3861,MIA,TLH,65,83,402,0,0
"2018-12-23",1432,1436,-4,1427,1443,-16,DL,N899AT,1569,ATL,ECP,41,55,240,0,0
"2018-12-23",1443,1447,-4,1625,1644,-19,G4,"309NV",1909,OKC,VPS,84,102,726,0,0
"2018-12-23",1442,1445,-3,1630,1638,-8,YV,N958LR,5906,DFW,VPS,81,108,641,0,0
"2018-12-23",1444,1455,-11,1646,1659,-13,EV,N15574,4134,ECP,IAH,103,122,572,0,0
"2018-12-23",1448,1451,-3,1635,1645,-10,EV,N616QX,2876,DFW,ECP,83,107,685,0,0
"2018-12-23",1446,1455,-9,1638,1658,-20,EV,N11547,4165,VPS,IAH,92,112,528,0,0
"2018-12-23",1523,1516,7,1626,1628,-2,"9E",N832AY,3283,TLH,ATL,45,63,223,0,0
"2018-12-23",1452,1459,-7,1712,1719,-7,AA,N965TW,2262,VPS,DFW,108,140,641,0,0
"2018-12-23",1802,1504,178,2046,1744,182,EV,N719EV,2916,ECP,CLT,61,104,437,0,0
"2018-12-23",1502,1505,-3,1510,1521,-11,DL,N894AT,1381,ATL,VPS,43,68,250,0,0
"2018-12-23",1606,1611,-5,1727,1749,-22,OH,N598NN,5248,CLT,TLH,63,81,386,0,0
"2018-12-23",1516,1522,-6,1724,1739,-15,DL,N899AT,1569,ECP,ATL,45,68,240,0,0
"2018-12-23",1532,1529,3,1658,1702,-4,OH,N513AE,5662,TLH,CLT,63,86,386,0,0
"2018-12-23",1553,1600,-7,1759,1821,-22,DL,N894AT,1381,VPS,ATL,44,66,250,0,0
"2018-12-23",1610,1608,2,1742,1739,3,MQ,N251NN,4069,TLH,DFW,125,152,767,0,0
"2018-12-23",1616,1620,-4,1728,1724,4,DL,N967AT,2421,ATL,TLH,39,72,223,0,0
"2018-12-23",1747,1749,-2,1740,1800,-20,DL,N979AT,2430,ATL,ECP,41,53,240,0,0
"2018-12-23",1655,1706,-11,1815,1827,-12,MQ,N663AR,3861,TLH,MIA,63,80,402,0,0
"2018-12-23",1703,1710,-7,1920,1930,-10,YV,N958LR,5906,VPS,DFW,103,137,641,0,0
"2018-12-23",1725,1724,1,1932,1945,-13,EV,N616QX,2876,ECP,DFW,106,127,685,0,0
"2018-12-23",1722,1730,-8,1841,1901,-20,MQ,N616AE,3844,MIA,TLH,64,79,402,0,0
"2018-12-23",1744,1740,4,1818,1824,-6,OH,N599NN,5709,CLT,VPS,79,94,460,0,0
"2018-12-23",1746,1747,-1,1751,1801,-10,DL,N952AT,1516,ATL,VPS,43,65,250,0,0
"2018-12-23",1803,1805,-2,1915,1926,-11,DL,N967AT,2421,TLH,ATL,45,72,223,0,0
"2018-12-23",1802,1805,-3,1932,1948,-16,EV,N15574,4447,IAH,VPS,70,90,528,0,0
"2018-12-23",1811,1813,-2,2006,1953,13,YX,N135HQ,4660,CLT,TLH,70,115,386,0,0
"2018-12-23",1818,1819,-1,1943,1946,-3,OH,N598NN,5248,TLH,CLT,67,85,386,0,0
"2018-12-23",1842,1830,12,2007,2000,7,WN,N499WN,2854,HOU,ECP,72,85,571,0,0
"2018-12-23",1836,1840,-4,2053,2110,-17,DL,N952AT,1516,VPS,ATL,44,77,250,0,0
"2018-12-23",2118,1830,168,2148,1914,154,EV,N719EV,2890,CLT,ECP,71,90,437,0,0
"2018-12-23",1834,1840,-6,2049,2101,-12,DL,N979AT,2430,ECP,ATL,46,75,240,0,0
"2018-12-23",2035,1915,80,2222,2115,67,EV,N617QX,2870,DFW,ECP,79,107,685,0,0
"2018-12-23",1844,1900,-16,2147,2141,6,OH,N599NN,5709,VPS,CLT,74,123,460,0,0
"2018-12-23",1950,1955,-5,2119,2137,-18,EV,N22909,4190,IAH,ECP,74,89,572,0,0
"2018-12-23",1911,1919,-8,2003,2032,-29,"9E",N902XJ,5153,ATL,TLH,35,52,223,0,0
"2018-12-23",1915,1929,-14,2034,2049,-15,MQ,N616AE,3844,TLH,MIA,59,79,402,0,0
"2018-12-23",1934,1940,-6,2157,2202,-5,YX,N108HQ,4504,DCA,TLH,118,143,716,0,0
"2018-12-23",1952,1953,-1,1956,2010,-14,DL,N945AT,2242,ATL,VPS,41,64,250,0,0
"2018-12-23",2036,2035,1,2145,2150,-5,WN,N7841A,6688,BNA,ECP,58,69,401,0,0
"2018-12-23",2030,2023,7,2151,2149,2,YX,N135HQ,4660,TLH,CLT,62,81,386,0,0
"2018-12-23",2037,2030,7,2148,2150,-2,WN,N499WN,2854,ECP,BNA,59,71,401,0,0
"2018-12-23",2227,2232,-5,2329,2335,-6,DL,N608AT,2583,ATL,TLH,40,62,223,0,0
"2018-12-23",2036,2040,-4,2337,2343,-6,MQ,N229NN,4131,DFW,TLH,87,121,767,0,0
"2018-12-23",2131,2132,-1,2309,2315,-6,AA,N9021H,2272,DFW,VPS,78,98,641,0,0
"2018-12-23",2225,2228,-3,2227,2238,-11,DL,N981AT,2303,ATL,ECP,43,62,240,0,0
"2018-12-23",2230,2232,-2,2348,4,-16,OH,N577NN,5284,CLT,TLH,64,78,386,0,0
"2018-12-23",2228,2234,-6,2232,2250,-18,DL,N923AT,755,ATL,VPS,41,64,250,0,0
"2018-12-24",518,520,-2,716,730,-14,DL,N923AT,1157,VPS,ATL,43,58,250,0,0
"2018-12-23",2239,2241,-2,2321,2324,-3,OH,N549NN,5696,CLT,VPS,80,102,460,0,0
"2018-12-24",538,540,-2,737,753,-16,DL,N981AT,1237,ECP,ATL,40,59,240,0,0
"2018-12-24",528,531,-3,643,655,-12,OH,N577NN,5584,TLH,CLT,55,75,386,0,0
"2018-12-24",625,630,-5,837,839,-2,EV,N22909,3979,ECP,IAH,109,132,572,0,0
"2018-12-24",557,600,-3,701,706,-5,DL,N608AT,2022,TLH,ATL,46,64,223,0,0
"2018-12-24",656,700,-4,839,856,-17,YV,N958LR,5725,DFW,VPS,77,103,641,0,0
"2018-12-24",635,636,-1,913,915,-2,OH,N549NN,5623,VPS,CLT,60,98,460,0,0
"2018-12-24",713,700,13,927,921,6,EV,N617QX,2889,ECP,DFW,115,134,685,0,0
"2018-12-24",657,710,-13,845,919,-34,YX,N108HQ,4626,TLH,DCA,86,108,716,0,0
"2018-12-24",1326,730,356,1544,1016,328,EV,N719EV,2899,ECP,CLT,59,78,437,0,0
"2018-12-24",726,730,-4,933,947,-14,DL,N945AT,1652,VPS,ATL,46,67,250,0,0
"2018-12-24",758,803,-5,905,853,12,OH,N588NN,5564,CLT,VPS,78,127,460,0,0
"2018-12-24",907,803,64,1030,934,56,MQ,N229NN,4116,TLH,DFW,123,143,767,0,0
"2018-12-24",811,814,-3,809,828,-19,DL,N919AT,670,ATL,ECP,44,58,240,0,0
"2018-12-24",755,808,-13,1018,1030,-12,AA,N9021H,2552,VPS,DFW,105,143,641,0,0
"2018-12-24",810,816,-6,824,837,-13,"9E",N913XJ,5265,ATL,VPS,44,74,250,0,0
"2018-12-24",907,855,12,1025,1026,-1,OH,N595NN,5272,CLT,TLH,65,78,386,0,0
"2018-12-24",834,830,4,1039,1013,26,YX,N406YX,4609,DCA,VPS,132,185,789,0,0
"2018-12-24",900,910,-10,1057,1115,-18,EV,N15574,4310,VPS,IAH,99,117,528,0,0
"2018-12-24",903,912,-9,1105,1128,-23,"9E",N913XJ,5265,VPS,ATL,44,62,250,0,0
"2018-12-24",940,945,-5,1126,1140,-14,WN,N7841A,223,ECP,HOU,93,106,571,0,0
"2018-12-24",929,923,6,1212,1210,2,OH,N588NN,5564,VPS,CLT,63,103,460,0,0
"2018-12-24",917,926,-9,1123,1149,-26,YV,N958LR,5725,VPS,DFW,110,126,641,0,0
"2018-12-24",956,951,5,1059,1102,-3,"9E",N8986B,3437,ATL,TLH,41,63,223,0,0
"2018-12-24",1057,1048,9,1413,1400,13,YX,N406YX,4609,VPS,DCA,99,136,789,0,0
"2018-12-24",1020,1025,-5,1033,1042,-9,"9E",N335PQ,5171,ATL,VPS,44,73,250,0,0
"2018-12-24",1101,1056,5,1218,1226,-8,OH,N595NN,5272,TLH,CLT,57,77,386,0,0
"2018-12-24",1042,1045,-3,1224,1237,-13,AA,N806AW,2013,DFW,VPS,78,102,641,0,0
"2018-12-24",1156,1205,-9,1323,1347,-24,EV,N13908,4451,IAH,ECP,72,87,572,0,0
"2018-12-24",1114,1123,-9,1313,1338,-25,"9E",N335PQ,5171,VPS,ATL,44,59,250,0,0
"2018-12-24",1136,1150,-14,1242,1305,-23,"9E",N902XJ,5388,TLH,ATL,47,66,223,0,0
"2018-12-24",1155,1201,-6,1350,1416,-26,DL,N919AT,2313,ECP,ATL,40,55,240,0,0
"2018-12-24",1220,1225,-5,1351,1408,-17,EV,N16976,4307,IAH,VPS,68,91,528,0,0
"2018-12-24",1353,1211,102,1415,1245,90,EV,N608QX,2918,CLT,ECP,68,82,437,0,0
"2018-12-24",1230,1231,-1,1359,1419,-20,AA,N965TW,2262,DFW,VPS,73,89,641,0,0
"2018-12-24",1229,1233,-4,1531,1538,-7,MQ,N229NN,4069,DFW,TLH,94,122,767,0,0
"2018-12-24",1312,1317,-5,1511,1535,-24,AA,N806AW,2013,VPS,DFW,100,119,641,0,0
"2018-12-24",1230,1237,-7,1430,1434,-4,EV,N615QX,2895,DFW,ECP,83,120,685,0,0
"2018-12-24",1307,1311,-4,1348,1357,-9,OH,N706PS,5500,CLT,VPS,76,101,460,0,0
"2018-12-24",1324,1325,-1,1439,1459,-20,OH,N526EA,5662,CLT,TLH,60,75,386,0,0
"2018-12-24",1314,1326,-12,1417,1440,-23,"9E",N8986B,3316,TLH,ATL,43,63,223,0,0
"2018-12-24",1506,1335,91,1709,1555,74,EV,N608QX,2875,ECP,DFW,100,123,685,0,0
"2018-12-24",1419,1427,-8,1701,1710,-9,OH,N706PS,5500,VPS,CLT,65,102,460,0,0
"2018-12-24",1336,1340,-4,1434,1451,-17,"9E",N933XJ,3283,ATL,TLH,38,58,223,0,0
"2018-12-24",1435,1436,-1,1428,1441,-13,DL,N992AT,1238,ATL,ECP,39,53,240,0,0
"2018-12-24",1436,1441,-5,1558,1607,-9,MQ,N616AE,3861,MIA,TLH,66,82,402,0,0
"2018-12-24",1524,1529,-5,1706,1702,4,OH,N526EA,5662,TLH,CLT,59,102,386,0,0
"2018-12-24",1445,1455,-10,1650,1659,-9,EV,N13908,4134,ECP,IAH,111,125,572,0,0
"2018-12-24",1445,1455,-10,1648,1658,-10,EV,N16976,4165,VPS,IAH,107,123,528,0,0
"2018-12-24",1449,1459,-10,1652,1719,-27,AA,N965TW,2262,VPS,DFW,103,123,641,0,0
"2018-12-24",1503,1505,-2,1503,1519,-16,DL,N925AT,1381,ATL,VPS,41,60,250,0,0
"2018-12-24",1518,1522,-4,1713,1737,-24,DL,N992AT,1238,ECP,ATL,38,55,240,0,0
"2018-12-24",1529,1535,-6,1628,1648,-20,"9E",N933XJ,3283,TLH,ATL,42,59,223,0,0
"2018-12-24",1602,1608,-6,1714,1739,-25,MQ,N229NN,4069,TLH,DFW,120,132,767,0,0
"2018-12-24",1552,1600,-8,1810,1819,-9,DL,N925AT,1381,VPS,ATL,42,78,250,0,0
"2018-12-24",1616,1620,-4,1715,1730,-15,"9E",N299PQ,5154,ATL,TLH,39,59,223,0,0
"2018-12-24",1607,1611,-4,1733,1749,-16,OH,N516AE,5248,CLT,TLH,64,86,386,0,0
"2018-12-24",1616,1632,-16,1821,1843,-22,G4,"309NV",1914,VPS,MCI,110,125,764,0,0
"2018-12-24",1907,1915,-8,2048,2115,-27,EV,N716EV,2870,DFW,ECP,81,101,685,0,0
"2018-12-24",1657,1706,-9,1811,1827,-16,MQ,N616AE,3861,TLH,MIA,61,74,402,0,0
"2018-12-24",1727,1725,2,1846,1900,-14,WN,N7707C,51,HOU,ECP,69,79,571,0,0
"2018-12-24",1758,1740,18,1838,1824,14,OH,N598NN,5709,CLT,VPS,75,100,460,0,0
"2018-12-24",1743,1747,-4,1752,1801,-9,DL,N937AT,1516,ATL,VPS,42,69,250,0,0
"2018-12-24",1800,1805,-5,1933,1948,-15,EV,N13975,4447,IAH,VPS,70,93,528,0,0
"2018-12-24",1809,1818,-9,1848,1904,-16,G4,"272NV",1342,CVG,VPS,80,99,600,0,0
"2018-12-24",1844,1850,-6,2137,2201,-24,MQ,N237NN,4131,DFW,TLH,90,113,767,0,0
"2018-12-24",1908,1928,-20,2054,2132,-38,G4,"309NV",1915,MCI,VPS,92,106,764,0,0
"2018-12-24",1920,1930,-10,2030,2050,-20,WN,N7707C,51,ECP,BNA,59,70,401,0,0
"2018-12-24",1950,1955,-5,2116,2137,-21,EV,N16976,4190,IAH,ECP,69,86,572,0,0
"2018-12-24",2041,1935,66,2151,2055,56,WN,N216WR,295,BNA,ECP,56,70,401,0,0
"2018-12-24",1932,1949,-17,2209,2235,-26,G4,"272NV",1343,VPS,CVG,81,97,600,0,0
"2018-12-24",2212,2228,-16,2217,2241,-24,DL,N947AT,755,ATL,VPS,41,65,250,0,0
"2018-12-25",536,540,-4,733,753,-20,DL,N995AT,1237,ECP,ATL,40,57,240,0,0
"2018-12-24",2230,2232,-2,2328,2335,-7,DL,N920AT,2583,ATL,TLH,38,58,223,0,0
"2018-12-24",2225,2236,-11,2221,2244,-23,DL,N995AT,2303,ATL,ECP,39,56,240,0,0
"2018-12-25",512,520,-8,708,730,-22,DL,N937AT,1157,VPS,ATL,39,56,250,0,0
"2018-12-25",629,636,-7,906,915,-9,OH,N598NN,5623,VPS,CLT,62,97,460,0,0
"2018-12-25",615,630,-15,802,839,-37,EV,N16976,3979,ECP,IAH,90,107,572,0,0
"2018-12-25",723,730,-7,932,947,-15,DL,N947AT,1652,VPS,ATL,40,69,250,0,0
"2018-12-25",653,700,-7,910,921,-11,EV,N716EV,2889,ECP,DFW,110,137,685,0,0
"2018-12-25",753,803,-10,937,934,3,MQ,N237NN,4116,TLH,DFW,136,164,767,0,0
"2018-12-25",725,730,-5,826,844,-18,"9E",N299PQ,5031,TLH,ATL,39,61,223,0,0
"2018-12-25",728,730,-2,1008,1016,-8,EV,N615QX,2899,ECP,CLT,60,100,437,0,0
"2018-12-25",825,830,-5,1008,1013,-5,YX,N421YX,4609,DCA,VPS,132,163,789,0,0
"2018-12-25",808,814,-6,808,828,-20,DL,N891AT,670,ATL,ECP,41,60,240,0,0
"2018-12-25",1036,1048,-12,1330,1400,-30,YX,N421YX,4609,VPS,DCA,100,114,789,0,0
"2018-12-25",900,910,-10,1055,1115,-20,EV,N13975,4310,VPS,IAH,99,115,528,0,0
"2018-12-25",938,941,-3,1036,1052,-16,"9E",N8986B,3398,ATL,TLH,40,58,223,0,0
"2018-12-25",945,945,0,1132,1140,-8,WN,N216WR,2677,ECP,HOU,91,107,571,0,0
"2018-12-25",1027,1027,0,1032,1044,-12,"9E",N329PQ,5171,ATL,VPS,44,65,250,0,0
"2018-12-25",1050,1045,5,1239,1237,2,AA,N756US,2013,DFW,VPS,80,109,641,0,0
"2018-12-25",1053,1056,-3,1215,1226,-11,OH,N516AE,5272,TLH,CLT,60,82,386,0,0
"2018-12-25",1137,1150,-13,1235,1301,-26,DL,N920AT,816,TLH,ATL,41,58,223,0,0
"2018-12-25",1124,1125,-1,1323,1340,-17,"9E",N329PQ,5171,VPS,ATL,43,59,250,0,0
"2018-12-25",1148,1201,-13,1354,1416,-22,DL,N891AT,2313,ECP,ATL,42,66,240,0,0
"2018-12-25",1226,1225,1,1406,1408,-2,EV,N29917,4307,IAH,VPS,72,100,528,0,0
"2018-12-25",1202,1205,-3,1335,1347,-12,EV,N13975,4451,IAH,ECP,75,93,572,0,0
"2018-12-25",1243,1211,32,1313,1245,28,EV,N718EV,2918,CLT,ECP,67,90,437,0,0
"2018-12-25",1223,1231,-8,1406,1419,-13,AA,N964TW,2262,DFW,VPS,77,103,641,0,0
"2018-12-25",1227,1233,-6,1526,1538,-12,MQ,N257NN,4069,DFW,TLH,91,119,767,0,0
"2018-12-25",1235,1300,-25,1412,1442,-30,G4,"309NV",1902,VPS,BLV,82,97,587,0,0
"2018-12-25",1233,1237,-4,1423,1434,-11,EV,N616QX,2895,DFW,ECP,86,110,685,0,0
"2018-12-25",1317,1317,0,1539,1535,4,AA,N756US,2013,VPS,DFW,111,142,641,0,0
"2018-12-25",1304,1311,-7,1340,1357,-17,OH,N516AE,5500,CLT,VPS,73,96,460,0,0
"2018-12-25",1347,1335,12,1557,1555,2,EV,N718EV,2875,ECP,DFW,103,130,685,0,0
"2018-12-25",1325,1325,0,1456,1459,-3,OH,N552NN,5662,CLT,TLH,63,91,386,0,0
"2018-12-25",1343,1346,-3,1438,1456,-18,"9E",N8683B,3283,ATL,TLH,38,55,223,0,0
"2018-12-25",1349,1355,-6,1612,1619,-7,YX,N442YX,4504,DCA,TLH,106,143,716,0,0
"2018-12-25",1448,1455,-7,1647,1659,-12,EV,N13975,4134,ECP,IAH,102,119,572,0,0
"2018-12-25",1424,1427,-3,1642,1710,-28,OH,N516AE,5500,VPS,CLT,61,78,460,0,0
"2018-12-25",1430,1436,-6,1428,1441,-13,DL,N927AT,1238,ATL,ECP,44,58,240,0,0
"2018-12-25",1433,1441,-8,1551,1607,-16,MQ,N902BC,3861,MIA,TLH,62,78,402,0,0
"2018-12-25",1440,1445,-5,1623,1638,-15,YV,N935LR,5906,DFW,VPS,81,103,641,0,0
"2018-12-25",1454,1455,-1,1703,1658,5,EV,N29917,4165,VPS,IAH,100,129,528,0,0
"2018-12-25",1500,1459,1,1715,1719,-4,AA,N964TW,2262,VPS,DFW,110,135,641,0,0
"2018-12-25",1500,1504,-4,1721,1744,-23,EV,N616QX,2916,ECP,CLT,62,81,437,0,0
"2018-12-25",1501,1505,-4,1500,1519,-19,DL,N919AT,1381,ATL,VPS,40,59,250,0,0
"2018-12-25",1514,1522,-8,1716,1737,-21,DL,N927AT,1238,ECP,ATL,42,62,240,0,0
"2018-12-25",1600,1600,0,1803,1819,-16,DL,N919AT,1381,VPS,ATL,44,63,250,0,0
"2018-12-25",1516,1527,-11,1649,1709,-20,G4,"309NV",1903,BLV,VPS,73,93,587,0,0
"2018-12-25",1520,1527,-7,1623,1639,-16,"9E",N8683B,3283,TLH,ATL,44,63,223,0,0
"2018-12-25",1529,1529,0,1643,1702,-19,OH,N552NN,5662,TLH,CLT,54,74,386,0,0
"2018-12-25",1604,1608,-4,1727,1739,-12,MQ,N257NN,4069,TLH,DFW,120,143,767,0,0
"2018-12-25",1726,1725,1,1847,1900,-13,WN,N228WN,37,HOU,ECP,68,81,571,0,0
"2018-12-25",1608,1611,-3,1728,1749,-21,OH,N556NN,5248,CLT,TLH,64,80,386,0,0
"2018-12-25",1616,1620,-4,1710,1730,-20,"9E",N913XJ,3437,ATL,TLH,36,54,223,0,0
"2018-12-25",1701,1706,-5,1814,1827,-13,MQ,N902BC,3861,TLH,MIA,60,73,402,0,0
"2018-12-25",1649,1710,-21,1915,1930,-15,YV,N935LR,5906,VPS,DFW,105,146,641,0,0
"2018-12-25",1830,1730,60,1950,1901,49,MQ,N677AE,3844,MIA,TLH,62,80,402,0,0
"2018-12-25",1739,1740,-1,1815,1824,-9,OH,N562NN,5709,CLT,VPS,70,96,460,0,0
"2018-12-25",1741,1747,-6,1743,1801,-18,DL,N946AT,1516,ATL,VPS,42,62,250,0,0
"2018-12-25",1806,1813,-7,1932,1955,-23,OH,N514AE,5061,CLT,TLH,64,86,386,0,0
"2018-12-25",1748,1758,-10,1908,1915,-7,"9E",N8986B,5154,TLH,ATL,39,80,223,0,0
"2018-12-25",1809,1805,4,1955,1948,7,EV,N12569,4447,IAH,VPS,72,106,528,0,0
"2018-12-25",2057,1929,88,2213,2049,84,MQ,N677AE,3844,TLH,MIA,64,76,402,0,0
"2018-12-25",1806,1819,-13,1932,1946,-14,OH,N556NN,5248,TLH,CLT,56,86,386,0,0
"2018-12-25",1822,1830,-8,1851,1914,-23,EV,N616QX,2890,CLT,ECP,65,89,437,0,0
"2018-12-25",1913,1915,-2,2059,2115,-16,EV,N617QX,2870,DFW,ECP,88,106,685,0,0
"2018-12-25",1921,1930,-9,2033,2050,-17,WN,N228WN,37,ECP,BNA,61,72,401,0,0
"2018-12-25",1947,1935,12,2055,2055,0,WN,N714CB,148,BNA,ECP,55,68,401,0,0
"2018-12-25",2217,2230,-13,2213,2238,-25,DL,N919AT,2303,ATL,ECP,39,56,240,0,0
"2018-12-25",2010,1955,15,2147,2137,10,EV,N27200,4190,IAH,ECP,74,97,572,0,0
"2018-12-25",2036,2040,-4,2332,2343,-11,MQ,N226NN,4131,DFW,TLH,93,116,767,0,0
"2018-12-25",2126,2132,-6,2306,2315,-9,AA,N8027D,2272,DFW,VPS,80,100,641,0,0
"2018-12-25",2219,2232,-13,2315,2335,-20,DL,N995AT,2583,ATL,TLH,36,56,223,0,0
"2018-12-26",516,520,-4,717,732,-15,DL,N946AT,1157,VPS,ATL,41,61,250,0,0
"2018-12-25",2233,2245,-12,2237,2259,-22,DL,N928AT,755,ATL,VPS,41,64,250,0,0
"2018-12-26",528,531,-3,641,655,-14,OH,N514AE,5584,TLH,CLT,60,73,386,0,0
"2018-12-26",621,625,-4,737,749,-12,MQ,N677AE,3663,MIA,TLH,62,76,402,0,0
"2018-12-26",535,540,-5,734,755,-21,DL,N919AT,1237,ECP,ATL,38,59,240,0,0
"2018-12-26",553,600,-7,648,706,-18,DL,N995AT,2022,TLH,ATL,40,55,223,0,0
"2018-12-26",619,630,-11,819,839,-20,EV,N27200,3979,ECP,IAH,100,120,572,0,0
"2018-12-26",800,700,60,938,856,42,YV,N248LR,5725,DFW,VPS,80,98,641,0,0
"2018-12-26",617,630,-13,936,1000,-24,G4,"309NV",1990,VPS,EWR,126,139,988,0,0
"2018-12-26",635,636,-1,903,915,-12,OH,N562NN,5623,VPS,CLT,63,88,460,0,0
"2018-12-26",645,700,-15,911,921,-10,EV,N617QX,2889,ECP,DFW,102,146,685,0,0
"2018-12-26",726,730,-4,933,949,-16,DL,N928AT,2650,VPS,ATL,44,67,250,0,0
"2018-12-26",701,710,-9,853,919,-26,YX,N442YX,4626,TLH,DCA,98,112,716,0,0
"2018-12-26",723,730,-7,846,845,1,"9E",N913XJ,5031,TLH,ATL,40,83,223,0,0
"2018-12-26",803,755,8,917,910,7,WN,N770SA,2112,BNA,ECP,61,74,401,0,0
"2018-12-26",722,730,-8,1008,1016,-8,EV,N616QX,2899,ECP,CLT,65,106,437,0,0
"2018-12-26",737,740,-3,858,900,-2,WN,N714CB,2789,ECP,BNA,59,81,401,0,0
"2018-12-26",802,808,-6,1022,1030,-8,AA,N8027D,2552,VPS,DFW,111,140,641,0,0
"2018-12-26",758,803,-5,853,853,0,OH,N558NN,5564,CLT,VPS,71,115,460,0,0
"2018-12-26",759,803,-4,921,934,-13,MQ,N226NN,4116,TLH,DFW,126,142,767,0,0
"2018-12-26",813,814,-1,807,829,-22,DL,N935AT,2531,ATL,ECP,42,54,240,0,0
"2018-12-26",815,820,-5,926,932,-6,"9E",N835AY,3414,ATL,TLH,39,71,223,0,0
"2018-12-26",814,816,-2,828,837,-9,"9E",N923XJ,5265,ATL,VPS,41,74,250,0,0
"2018-12-26",914,855,19,1033,1026,7,OH,N598NN,5272,CLT,TLH,65,79,386,0,0
"2018-12-26",918,818,60,1038,939,59,MQ,N677AE,3663,TLH,MIA,63,80,402,0,0
"2018-12-26",835,840,-5,1017,1023,-6,YX,N116HQ,4609,DCA,VPS,120,162,789,0,0
"2018-12-26",858,908,-10,1052,1122,-30,DL,N935AT,2531,ECP,ATL,38,54,240,0,0
"2018-12-26",1008,926,42,1217,1149,28,YV,N248LR,5725,VPS,DFW,108,129,641,0,0
"2018-12-26",912,910,2,1125,1115,10,EV,N12569,4310,VPS,IAH,99,133,528,0,0
"2018-12-26",906,912,-6,1105,1128,-23,"9E",N923XJ,5265,VPS,ATL,41,59,250,0,0
"2018-12-26",934,940,-6,1028,1053,-25,"9E",N8688C,3407,ATL,TLH,38,54,223,0,0
"2018-12-26",920,923,-3,1201,1210,-9,OH,N558NN,5564,VPS,CLT,65,101,460,0,0
"2018-12-26",1117,940,97,1309,1135,94,WN,N770SA,2112,ECP,HOU,97,112,571,0,0
"2018-12-26",1046,1055,-9,1354,1408,-14,YX,N116HQ,4609,VPS,DCA,107,128,789,0,0
"2018-12-26",958,1002,-4,1056,1114,-18,"9E",N835AY,3414,TLH,ATL,42,58,223,0,0
"2018-12-26",1022,1025,-3,1034,1042,-8,"9E",N307PQ,5171,ATL,VPS,50,72,250,0,0
"2018-12-26",1039,1045,-6,1238,1237,1,AA,N744P,2013,DFW,VPS,86,119,641,0,0
"2018-12-26",1127,1100,27,1324,1245,39,G4,"309NV",1991,EWR,VPS,136,177,988,0,0
"2018-12-26",1101,1056,5,1230,1226,4,OH,N598NN,5272,TLH,CLT,59,89,386,0,0
"2018-12-26",1104,1110,-6,1108,1122,-14,DL,N977AT,2313,ATL,ECP,43,64,240,0,0
"2018-12-26",1108,1117,-9,1312,1332,-20,"9E",N307PQ,5171,VPS,ATL,41,64,250,0,0
"2018-12-26",1111,1118,-7,1215,1229,-14,"9E",N8688C,3407,TLH,ATL,46,64,223,0,0
"2018-12-26",1316,1205,71,1505,1347,78,EV,N14977,4451,IAH,ECP,84,109,572,0,0
"2018-12-26",1145,1150,-5,1237,1259,-22,"9E",N8877A,3282,ATL,TLH,38,52,223,0,0
"2018-12-26",1155,1201,-6,1357,1418,-21,DL,N977AT,2313,ECP,ATL,44,62,240,0,0
"2018-12-26",1227,1205,22,1356,1340,16,WN,N289CT,3582,HOU,ECP,75,89,571,0,0
"2018-12-26",1206,1211,-5,1235,1245,-10,EV,N738EV,2918,CLT,ECP,66,89,437,0,0
"2018-12-26",1219,1225,-6,1355,1408,-13,EV,N10575,4307,IAH,VPS,70,96,528,0,0
"2018-12-26",1350,1233,77,1647,1538,69,MQ,N267NN,4069,DFW,TLH,93,117,767,0,0
"2018-12-26",1226,1231,-5,1413,1419,-6,AA,N963TW,2262,DFW,VPS,84,107,641,0,0
"2018-12-26",1346,1311,35,1423,1357,26,OH,N702PS,5500,CLT,VPS,72,97,460,0,0
"2018-12-26",1235,1237,-2,1429,1434,-5,EV,N716EV,2895,DFW,ECP,89,114,685,0,0
"2018-12-26",1432,1415,17,1629,1610,19,WN,N289CT,3585,ECP,HOU,103,117,571,0,0
"2018-12-26",1333,1317,16,1545,1535,10,AA,N744P,2013,VPS,DFW,112,132,641,0,0
"2018-12-26",1335,1325,10,1507,1459,8,OH,N504AE,5662,CLT,TLH,69,92,386,0,0
"2018-12-26",1317,1326,-9,1422,1440,-18,"9E",N8877A,3282,TLH,ATL,42,65,223,0,0
"2018-12-26",1401,1335,26,1709,1646,23,G4,"309NV",1946,VPS,BWI,103,128,819,0,0
"2018-12-26",1343,1335,8,2344,1555,,EV,N738EV,2875,ECP,DFW,,,685,0,1
"2018-12-26",1419,1340,39,1520,1451,29,"9E",N8908D,3283,ATL,TLH,41,61,223,0,0
"2018-12-26",1342,1342,0,1348,1357,-9,"9E",N538CA,5163,ATL,VPS,43,66,250,0,0
"2018-12-26",1453,1427,26,1726,1710,16,OH,N702PS,5500,VPS,CLT,66,93,460,0,0
"2018-12-26",1432,1436,-4,1429,1443,-14,DL,N927AT,1569,ATL,ECP,42,57,240,0,0
"2018-12-26",1425,1432,-7,1625,1648,-23,"9E",N538CA,5163,VPS,ATL,41,60,250,0,0
"2018-12-26",1547,1441,66,1727,1607,80,MQ,N902BC,3861,MIA,TLH,65,100,402,0,0
"2018-12-26",,1445,,,1638,,YV,N903FJ,5906,DFW,VPS,,,641,1,0
"2018-12-26",1508,1451,17,1717,1645,32,EV,N615QX,2876,DFW,ECP,87,129,685,0,0
"2018-12-26",1528,1455,33,1741,1659,42,EV,N14977,4134,ECP,IAH,116,133,572,0,0
"2018-12-26",1450,1455,-5,1709,1658,11,EV,N10575,4165,VPS,IAH,111,139,528,0,0
"2018-12-26",1642,1459,103,1435,1719,,AA,N963TW,2262,VPS,DFW,,,641,0,1
"2018-12-26",1503,1504,-1,1724,1744,-20,EV,N716EV,2916,ECP,CLT,59,81,437,0,0
"2018-12-26",1502,1505,-3,1507,1521,-14,DL,N940AT,1381,ATL,VPS,43,65,250,0,0
"2018-12-26",1545,1529,16,1702,1702,0,OH,N504AE,5662,TLH,CLT,59,77,386,0,0
"2018-12-26",1552,1516,36,1705,1628,37,"9E",N8908D,3283,TLH,ATL,44,73,223,0,0
"2018-12-26",1514,1522,-8,1720,1739,-19,DL,N927AT,1569,ECP,ATL,41,66,240,0,0
"2018-12-26",1609,1611,-2,1738,1749,-11,OH,N554NN,5248,CLT,TLH,64,89,386,0,0
"2018-12-26",1551,1600,-9,1812,1821,-9,DL,N940AT,1381,VPS,ATL,42,81,250,0,0
"2018-12-26",1725,1608,77,1952,1739,133,MQ,N267NN,4069,TLH,DFW,173,207,767,0,0
"2018-12-26",1757,1706,51,1916,1827,49,MQ,N902BC,3861,TLH,MIA,63,79,402,0,0
"2018-12-26",1619,1620,-1,1710,1724,-14,DL,N971AT,2421,ATL,TLH,38,51,223,0,0
"2018-12-26",,1710,,,1930,,YV,N903FJ,5906,VPS,DFW,,,641,1,0
"2018-12-26",1715,1724,-9,1756,1810,-14,G4,"261NV",1342,CVG,VPS,84,101,600,0,0
"2018-12-26",1743,1724,19,,1945,,EV,N615QX,2876,ECP,DFW,,,685,1,0
"2018-12-26",1728,1730,-2,1851,1901,-10,MQ,N662EH,3844,MIA,TLH,64,83,402,0,0
"2018-12-26",1752,1731,21,1910,1851,19,G4,"309NV",1947,BWI,VPS,114,138,819,0,0
"2018-12-26",1741,1740,1,1816,1824,-8,OH,N561NN,5709,CLT,VPS,74,95,460,0,0
"2018-12-26",1749,1749,0,1749,1800,-11,DL,N965AT,2430,ATL,ECP,44,60,240,0,0
"2018-12-26",1745,1747,-2,1748,1801,-13,DL,N944AT,1516,ATL,VPS,41,63,250,0,0
"2018-12-26",1959,1830,89,2029,1914,75,EV,N716EV,2890,CLT,ECP,69,90,437,0,0
"2018-12-26",1804,1805,-1,1909,1926,-17,DL,N971AT,2421,TLH,ATL,42,65,223,0,0
"2018-12-26",2001,1805,116,2138,1948,110,EV,N14977,4447,IAH,VPS,75,97,528,0,0
"2018-12-26",2132,1813,199,2258,1953,185,YX,N136HQ,4660,CLT,TLH,60,86,386,0,0
"2018-12-26",1814,1819,-5,1943,1946,-3,OH,N554NN,5248,TLH,CLT,58,89,386,0,0
"2018-12-26",1847,1830,17,2020,2000,20,WN,N773SA,2854,HOU,ECP,74,93,571,0,0
"2018-12-26",1836,1840,-4,2053,2110,-17,DL,N944AT,1516,VPS,ATL,45,77,250,0,0
"2018-12-26",1836,1840,-4,2042,2101,-19,DL,N965AT,2430,ECP,ATL,44,66,240,0,0
"2018-12-26",1846,1855,-9,2124,2141,-17,G4,"261NV",1343,VPS,CVG,81,98,600,0,0
"2018-12-26",1935,1940,-5,2151,2202,-11,YX,N111HQ,4504,DCA,TLH,108,136,716,0,0
"2018-12-26",1852,1900,-8,2128,2141,-13,OH,N561NN,5709,VPS,CLT,64,96,460,0,0
"2018-12-26",1916,1919,-3,2015,2032,-17,"9E",N135EV,5153,ATL,TLH,39,59,223,0,0
"2018-12-26",1924,1929,-5,2051,2049,2,MQ,N662EH,3844,TLH,MIA,62,87,402,0,0
"2018-12-26",1950,1953,-3,1952,2010,-18,DL,N968AT,2242,ATL,VPS,42,62,250,0,0
"2018-12-26",,2015,,,2207,,EV,N616QX,2870,DFW,ECP,,,685,1,0
"2018-12-26",2255,1955,180,39,2137,182,EV,N15912,4190,IAH,ECP,78,104,572,0,0
"2018-12-26",2047,2030,17,2159,2150,9,WN,N773SA,2854,ECP,BNA,60,72,401,0,0
"2018-12-26",2353,2023,210,107,2149,198,YX,N111HQ,4660,TLH,CLT,53,74,386,0,0
"2018-12-26",,2040,,,2343,,MQ,N222NS,4131,DFW,TLH,,,767,1,0
"2018-12-26",2055,2035,20,2206,2150,16,WN,N245WN,6688,BNA,ECP,59,71,401,0,0
"2018-12-26",2226,2232,-6,2327,2335,-8,DL,N923AT,2583,ATL,TLH,41,61,223,0,0
"2018-12-26",,2132,,,2315,,AA,N70020,2272,DFW,VPS,,,641,1,0
"2018-12-26",2252,2232,20,12,4,8,OH,N537EA,5284,CLT,TLH,65,80,386,0,0
"2018-12-26",2231,2234,-3,2235,2250,-15,DL,N608AT,755,ATL,VPS,43,64,250,0,0
"2018-12-27",554,600,-6,653,706,-13,DL,N923AT,2022,TLH,ATL,40,59,223,0,0
"2018-12-26",2225,2228,-3,2217,2238,-21,DL,N944AT,2303,ATL,ECP,39,52,240,0,0
"2018-12-26",2236,2241,-5,2305,2324,-19,OH,N559NN,5696,CLT,VPS,69,89,460,0,0
"2018-12-27",522,520,2,727,732,-5,DL,N968AT,1157,VPS,ATL,48,65,250,0,0
"2018-12-27",531,531,0,648,655,-7,OH,N537EA,5584,TLH,CLT,57,77,386,0,0
"2018-12-27",533,540,-7,732,755,-23,DL,N944AT,1237,ECP,ATL,41,59,240,0,0
"2018-12-27",625,625,0,748,749,-1,MQ,N902BC,3663,MIA,TLH,62,83,402,0,0
"2018-12-27",900,630,150,1130,839,171,EV,N15912,3979,ECP,IAH,127,150,572,0,0
"2018-12-27",,700,,,856,,YV,N246LR,5725,DFW,VPS,,,641,1,0
"2018-12-27",626,636,-10,855,915,-20,OH,N559NN,5623,VPS,CLT,60,89,460,0,0
"2018-12-27",725,700,25,942,921,21,EV,N716EV,2889,ECP,DFW,117,137,685,0,0
"2018-12-27",723,730,-7,941,949,-8,DL,N608AT,2650,VPS,ATL,44,78,250,0,0
"2018-12-27",706,710,-4,903,919,-16,YX,N136HQ,4626,TLH,DCA,98,117,716,0,0
"2018-12-27",813,755,18,923,910,13,WN,N754SW,2112,BNA,ECP,61,70,401,0,0
"2018-12-27",713,730,-17,849,912,-23,G4,"309NV",1902,VPS,BLV,83,96,587,0,0
"2018-12-27",727,730,-3,846,845,1,"9E",N135EV,5031,TLH,ATL,50,79,223,0,0
"2018-12-27",833,730,63,1113,1016,57,EV,N615QX,2899,ECP,CLT,63,100,437,0,0
"2018-12-27",737,740,-3,851,900,-9,WN,N245WN,2789,ECP,BNA,60,74,401,0,0
"2018-12-27",800,803,-3,846,853,-7,OH,N583NN,5564,CLT,VPS,76,106,460,0,0
"2018-12-27",,803,,,934,,MQ,N249NN,4116,TLH,DFW,,,767,1,0
"2018-12-27",824,820,4,939,932,7,"9E",N8928A,3414,ATL,TLH,46,75,223,0,0
"2018-12-27",,808,,,1030,,AA,N70020,2552,VPS,DFW,,,641,1,0
"2018-12-27",812,814,-2,815,829,-14,DL,N981AT,2531,ATL,ECP,43,63,240,0,0
"2018-12-27",836,816,20,851,837,14,"9E",N605LR,5265,ATL,VPS,44,75,250,0,0
"2018-12-27",823,830,-7,1005,1013,-8,YX,N417YX,4609,DCA,VPS,122,162,789,0,0
"2018-12-27",811,818,-7,930,939,-9,MQ,N902BC,3663,TLH,MIA,62,79,402,0,0
"2018-12-27",859,908,-9,1110,1122,-12,DL,N981AT,2531,ECP,ATL,41,71,240,0,0
"2018-12-27",855,855,0,1027,1026,1,OH,N555NN,5272,CLT,TLH,67,92,386,0,0
"2018-12-27",,926,,,1149,,YV,N942LR,5725,VPS,DFW,,,641,1,0
"2018-12-27",954,910,44,1235,1115,80,EV,N14977,4310,VPS,IAH,138,161,528,0,0
"2018-12-27",931,912,19,1136,1128,8,"9E",N605LR,5265,VPS,ATL,42,65,250,0,0
"2018-12-27",954,940,14,1158,1135,23,WN,N754SW,2112,ECP,HOU,110,124,571,0,0
"2018-12-27",915,923,-8,1156,1210,-14,OH,N583NN,5564,VPS,CLT,64,101,460,0,0
"2018-12-27",942,957,-15,1123,1139,-16,G4,"309NV",1903,BLV,VPS,86,101,587,0,0
"2018-12-27",937,940,-3,1039,1053,-14,"9E",N8688C,3407,ATL,TLH,43,62,223,0,0
"2018-12-27",1234,1045,109,1528,1237,171,AA,N755US,2013,DFW,VPS,137,174,641,0,0
"2018-12-27",1011,1002,9,1129,1114,15,"9E",N8928A,3414,TLH,ATL,43,78,223,0,0
"2018-12-27",1058,1025,33,1115,1042,33,"9E",N293PQ,5171,ATL,VPS,51,77,250,0,0
"2018-12-27",1251,1205,46,1424,1340,44,WN,N287WN,3582,HOU,ECP,81,93,571,0,0
"2018-12-27",1043,1048,-5,1356,1400,-4,YX,N417YX,4609,VPS,DCA,108,133,789,0,0
"2018-12-27",1057,1056,1,1232,1226,6,OH,N555NN,5272,TLH,CLT,59,95,386,0,0
"2018-12-27",1107,1110,-3,1110,1122,-12,DL,N608AT,2313,ATL,ECP,44,63,240,0,0
"2018-12-27",1144,1117,27,1357,1332,25,"9E",N293PQ,5171,VPS,ATL,41,73,250,0,0
"2018-12-27",1106,1118,-12,1215,1229,-14,"9E",N8688C,3407,TLH,ATL,42,69,223,0,0
"2018-12-27",1144,1150,-6,1243,1259,-16,"9E",N8986B,3282,ATL,TLH,47,59,223,0,0
"2018-12-27",1154,1201,-7,1407,1418,-11,DL,N608AT,2313,ECP,ATL,40,73,240,0,0
"2018-12-27",1424,1205,139,1618,1347,151,EV,N14180,4451,IAH,ECP,88,114,572,0,0
"2018-12-27",1710,1211,299,1733,1245,288,EV,N608QX,2918,CLT,ECP,67,83,437,0,0
"2018-12-27",1223,1229,-6,1423,1432,-9,G4,"309NV",1908,VPS,OKC,108,120,726,0,0
"2018-12-27",1250,1225,25,1514,1408,66,EV,N14573,4307,IAH,VPS,115,144,528,0,0
"2018-12-27",1305,1237,28,1519,1434,45,EV,N616QX,2895,DFW,ECP,112,134,685,0,0
"2018-12-27",,1231,,,1419,,AA,N9624T,2262,DFW,VPS,,,641,1,0
"2018-12-27",1255,1233,22,1629,1538,51,MQ,N241NN,4069,DFW,TLH,127,154,767,0,0
"2018-12-27",1408,1325,43,1538,1459,39,OH,N708PS,5662,CLT,TLH,73,90,386,0,0
"2018-12-27",1327,1311,16,1417,1357,20,OH,N709PS,5500,CLT,VPS,82,110,460,0,0
"2018-12-27",,1317,,,1535,,AA,N762US,2013,VPS,DFW,,,641,1,0
"2018-12-27",1554,1340,134,1659,1451,128,"9E",N835AY,3283,ATL,TLH,42,65,223,0,0
"2018-12-27",1319,1326,-7,1435,1440,-5,"9E",N8986B,3282,TLH,ATL,41,76,223,0,0
"2018-12-27",1832,1335,297,2102,1555,307,EV,N608QX,2875,ECP,DFW,110,150,685,0,0
"2018-12-27",1336,1342,-6,1344,1357,-13,"9E",N691CA,5163,ATL,VPS,50,68,250,0,0
"2018-12-27",1447,1427,20,1718,1710,8,OH,N709PS,5500,VPS,CLT,63,91,460,0,0
"2018-12-27",1504,1415,49,1657,1610,47,WN,N287WN,3585,ECP,HOU,94,113,571,0,0
"2018-12-27",1426,1432,-6,1629,1648,-19,"9E",N691CA,5163,VPS,ATL,41,63,250,0,0
"2018-12-27",1641,1455,106,1859,1659,120,EV,N14180,4134,ECP,IAH,105,138,572,0,0
"2018-12-27",1433,1436,-3,1426,1443,-17,DL,N925AT,1569,ATL,ECP,43,53,240,0,0
"2018-12-27",1438,1441,-3,1607,1607,0,MQ,N935AE,3861,MIA,TLH,68,89,402,0,0
"2018-12-27",,1445,,,1638,,YV,N943LR,5906,DFW,VPS,,,641,1,0
"2018-12-27",1613,1451,82,1823,1645,98,EV,N617QX,2876,DFW,ECP,100,130,685,0,0
"2018-12-27",,1459,,,1719,,AA,N9624T,2262,VPS,DFW,,,641,1,0
"2018-12-27",1542,1455,47,1743,1658,45,EV,N14573,4165,VPS,IAH,97,121,528,0,0
"2018-12-27",1511,1522,-11,1713,1739,-26,DL,N925AT,1569,ECP,ATL,42,62,240,0,0
"2018-12-27",1813,1504,189,2102,1744,198,EV,N616QX,2916,ECP,CLT,66,109,437,0,0
"2018-12-27",1505,1505,0,1518,1521,-3,DL,N979AT,1381,ATL,VPS,56,73,250,0,0
"2018-12-27",1754,1516,158,1929,1628,181,"9E",N835AY,3283,TLH,ATL,44,95,223,0,0
"2018-12-27",1511,1517,-6,1707,1714,-7,G4,"309NV",1909,OKC,VPS,100,116,726,0,0
"2018-12-27",1617,1529,48,1743,1702,41,OH,N708PS,5662,TLH,CLT,58,86,386,0,0
"2018-12-27",1609,1611,-2,1730,1749,-19,OH,N574NN,5248,CLT,TLH,66,81,386,0,0
"2018-12-27",1600,1600,0,1819,1821,-2,DL,N979AT,1381,VPS,ATL,44,79,250,0,0
"2018-12-27",1735,1608,87,1859,1739,80,MQ,N241NN,4069,TLH,DFW,124,144,767,0,0
"2018-12-27",1617,1620,-3,1710,1724,-14,DL,N939AT,2421,ATL,TLH,39,53,223,0,0
"2018-12-27",,1710,,,1930,,YV,N943LR,5906,VPS,DFW,,,641,1,0
"2018-12-27",1709,1706,3,1854,1827,27,MQ,N935AE,3861,TLH,MIA,76,105,402,0,0
"2018-12-27",1748,1747,1,1757,1801,-4,DL,N993AT,1516,ATL,VPS,50,69,250,0,0
"2018-12-27",1858,1724,94,2125,1945,100,EV,N617QX,2876,ECP,DFW,114,147,685,0,0
"2018-12-27",1730,1730,0,1913,1901,12,MQ,N922AE,3844,MIA,TLH,70,103,402,0,0
"2018-12-27",1737,1740,-3,1814,1824,-10,OH,N565NN,5709,CLT,VPS,77,97,460,0,0
"2018-12-27",1746,1749,-3,1746,1800,-14,DL,N938AT,2430,ATL,ECP,46,60,240,0,0
"2018-12-27",1817,1805,12,1939,1926,13,DL,N939AT,2421,TLH,ATL,44,82,223,0,0
"2018-12-27",1847,1805,42,2025,1948,37,EV,N14916,4447,IAH,VPS,79,98,528,0,0
"2018-12-27",2133,1830,183,2203,1914,169,EV,N616QX,2890,CLT,ECP,70,90,437,0,0
"2018-12-27",1813,1813,0,1950,1953,-3,YX,N128HQ,4660,CLT,TLH,70,97,386,0,0
"2018-12-27",1821,1819,2,1940,1946,-6,OH,N574NN,5248,TLH,CLT,57,79,386,0,0
"2018-12-27",1901,1830,31,2022,2000,22,WN,N734SA,2854,HOU,ECP,72,81,571,0,0
"2018-12-27",1859,1900,-1,2125,2141,-16,OH,N565NN,5709,VPS,CLT,62,86,460,0,0
"2018-12-27",1846,1840,6,2111,2110,1,DL,N993AT,1516,VPS,ATL,56,85,250,0,0
"2018-12-27",1832,1840,-8,2059,2101,-2,DL,N938AT,2430,ECP,ATL,52,87,240,0,0
"2018-12-27",1955,1955,0,2136,2137,-1,EV,N13903,4190,IAH,ECP,80,101,572,0,0
"2018-12-27",1915,1919,-4,2025,2032,-7,"9E",N349PQ,5153,ATL,TLH,43,70,223,0,0
"2018-12-27",1948,1929,19,2111,2049,22,MQ,N922AE,3844,TLH,MIA,65,83,402,0,0
"2018-12-27",1937,1940,-3,2142,2202,-20,YX,N126HQ,4504,DCA,TLH,101,125,716,0,0
"2018-12-27",1952,1953,-1,2000,2010,-10,DL,N608AT,2242,ATL,VPS,47,68,250,0,0
"2018-12-27",2040,2040,0,2341,2343,-2,MQ,N225NN,4131,DFW,TLH,95,121,767,0,0
"2018-12-27",2032,2015,17,2220,2207,13,EV,N716EV,2870,DFW,ECP,86,108,685,0,0
"2018-12-27",2028,2023,5,2146,2149,-3,YX,N128HQ,4660,TLH,CLT,56,78,386,0,0
"2018-12-27",2054,2030,24,2214,2150,24,WN,N734SA,2854,ECP,BNA,70,80,401,0,0
"2018-12-27",2129,2035,54,2241,2150,51,WN,N283WN,6688,BNA,ECP,60,72,401,0,0
"2018-12-27",2246,2232,14,2354,2335,19,DL,N989DN,2583,ATL,TLH,40,68,223,0,0
"2018-12-27",,2132,,,2315,,AA,N9015D,2272,DFW,VPS,,,641,1,0
"2018-12-27",2250,2228,22,2257,2238,19,DL,N977AT,2303,ATL,ECP,44,67,240,0,0
"2018-12-27",2257,2232,25,29,4,25,OH,N539EA,5284,CLT,TLH,70,92,386,0,0
"2018-12-27",2232,2234,-2,2250,2250,0,DL,N996AT,755,ATL,VPS,44,78,250,0,0
"2018-12-28",535,540,-5,743,755,-12,DL,N977AT,1237,ECP,ATL,41,68,240,0,0
"2018-12-27",2240,2241,-1,2314,2324,-10,OH,N594NN,5696,CLT,VPS,73,94,460,0,0
"2018-12-28",517,520,-3,716,732,-16,DL,N608AT,1157,VPS,ATL,40,59,250,0,0
"2018-12-28",539,531,8,707,655,12,OH,N539EA,5584,TLH,CLT,68,88,386,0,0
"2018-12-28",556,600,-4,719,706,13,DL,N989DN,2022,TLH,ATL,42,83,223,0,0
"2018-12-28",624,630,-6,821,839,-18,EV,N13903,3979,ECP,IAH,98,117,572,0,0
"2018-12-28",729,625,64,845,749,56,MQ,N693AE,3663,MIA,TLH,62,76,402,0,0
"2018-12-28",723,730,-7,1001,949,12,DL,N996AT,2650,VPS,ATL,66,98,250,0,0
"2018-12-28",633,636,-3,935,915,20,OH,N594NN,5623,VPS,CLT,72,122,460,0,0
"2018-12-28",920,700,140,1135,856,159,YV,N241LR,5725,DFW,VPS,81,135,641,0,0
"2018-12-28",853,700,113,1214,921,173,EV,N716EV,2889,ECP,DFW,177,201,685,0,0
"2018-12-28",709,710,-1,900,919,-19,YX,N126HQ,4626,TLH,DCA,92,111,716,0,0
"2018-12-28",721,730,-9,833,845,-12,"9E",N349PQ,5031,TLH,ATL,41,72,223,0,0
"2018-12-28",731,730,1,1028,1016,12,EV,N616QX,2899,ECP,CLT,74,117,437,0,0
"2018-12-28",758,753,5,1106,1015,51,AA,N755US,2552,VPS,DFW,158,188,641,0,0
"2018-12-28",738,740,-2,854,900,-6,WN,N283WN,2789,ECP,BNA,62,76,401,0,0
"2018-12-28",817,814,3,816,829,-13,DL,N960AT,2531,ATL,ECP,46,59,240,0,0
"2018-12-28",754,755,-1,913,910,3,WN,N483WN,2112,BNA,ECP,63,79,401,0,0
"2018-12-28",803,803,0,930,853,37,OH,N597NN,5564,CLT,VPS,75,147,460,0,0
"2018-12-28",758,803,-5,958,934,24,MQ,N225NN,4116,TLH,DFW,151,180,767,0,0
"2018-12-28",912,818,54,1032,939,53,MQ,N693AE,3663,TLH,MIA,64,80,402,0,0
"2018-12-28",818,816,2,834,837,-3,"9E",N923XJ,5265,ATL,VPS,48,76,250,0,0
"2018-12-28",831,820,11,952,932,20,"9E",N8683B,3414,ATL,TLH,44,81,223,0,0
"2018-12-28",853,855,-2,1034,1026,8,OH,N550NN,5272,CLT,TLH,65,101,386,0,0
"2018-12-28",836,830,6,1012,1013,-1,YX,N402YX,4609,DCA,VPS,118,156,789,0,0
"2018-12-28",903,910,-7,1058,1115,-17,EV,N14916,4310,VPS,IAH,99,115,528,0,0
"2018-12-28",902,908,-6,1117,1122,-5,DL,N960AT,2531,ECP,ATL,42,75,240,0,0
"2018-12-28",1020,1002,18,1136,1114,22,"9E",N8683B,3414,TLH,ATL,54,76,223,0,0
"2018-12-28",911,912,-1,1142,1128,14,"9E",N923XJ,5265,VPS,ATL,50,91,250,0,0
"2018-12-28",1006,923,43,1258,1210,48,OH,N597NN,5564,VPS,CLT,85,112,460,0,0
"2018-12-28",1225,926,179,1436,1149,167,YV,N241LR,5725,VPS,DFW,101,131,641,0,0
"2018-12-28",952,940,12,1202,1135,27,WN,N483WN,2112,ECP,HOU,119,130,571,0,0
"2018-12-28",1200,940,140,1333,1053,160,"9E",N8970D,3407,ATL,TLH,49,93,223,0,0
"2018-12-28",1123,1025,58,1142,1042,60,"9E",N200PQ,5171,ATL,VPS,50,79,250,0,0
"2018-12-28",1104,1048,16,1416,1400,16,YX,N402YX,4609,VPS,DCA,103,132,789,0,0
"2018-12-28",1048,1045,3,1237,1237,0,AA,N9016,2013,DFW,VPS,88,109,641,0,0
"2018-12-28",1104,1056,8,1240,1226,14,OH,N550NN,5272,TLH,CLT,76,96,386,0,0
"2018-12-28",1140,1110,30,1153,1122,31,DL,N937AT,2313,ATL,ECP,52,73,240,0,0
"2018-12-28",1242,1117,85,1453,1332,81,"9E",N200PQ,5171,VPS,ATL,47,71,250,0,0
"2018-12-28",1408,1118,170,1513,1229,164,"9E",N8970D,3407,TLH,ATL,43,65,223,0,0
"2018-12-28",1236,1201,35,1440,1418,22,DL,N937AT,2313,ECP,ATL,47,64,240,0,0
"2018-12-28",1206,1150,16,1340,1259,41,"9E",N8683B,3282,ATL,TLH,44,94,223,0,0
"2018-12-28",1337,1317,20,1534,1535,-1,AA,N9016,2013,VPS,DFW,99,117,641,0,0
"2018-12-28",1317,1205,72,1443,1340,63,WN,N733SA,3582,HOU,ECP,74,86,571,0,0
"2018-12-28",1212,1205,7,1430,1347,43,EV,N15912,4451,IAH,ECP,92,138,572,0,0
"2018-12-28",1451,1211,160,1529,1245,164,EV,N719EV,2918,CLT,ECP,77,98,437,0,0
"2018-12-28",1338,1225,73,1515,1408,67,EV,N14573,4307,IAH,VPS,70,97,528,0,0
"2018-12-28",1548,1231,197,1738,1419,199,AA,N983TW,2262,DFW,VPS,81,110,641,0,0
"2018-12-28",1415,1237,98,1619,1434,105,EV,N608QX,2895,DFW,ECP,89,124,685,0,0
"2018-12-28",1319,1311,8,1407,1357,10,OH,N705PS,5500,CLT,VPS,80,108,460,0,0
"2018-12-28",1947,1325,382,2121,1459,382,OH,N540EA,5662,CLT,TLH,70,94,386,0,0
"2018-12-28",1421,1326,55,1532,1440,52,"9E",N8683B,3282,TLH,ATL,40,71,223,0,0
"2018-12-28",1628,1340,168,1752,1451,181,"9E",N833AY,3283,ATL,TLH,51,84,223,0,0
"2018-12-28",1607,1335,152,1829,1555,154,EV,N719EV,2875,ECP,DFW,108,142,685,0,0
"2018-12-28",1548,1342,126,1611,1357,134,"9E",N935XJ,5163,ATL,VPS,52,83,250,0,0
"2018-12-28",1441,1427,14,1740,1710,30,OH,N705PS,5500,VPS,CLT,65,119,460,0,0
"2018-12-28",1522,1415,67,1705,1610,55,WN,N733SA,3585,ECP,HOU,93,103,571,0,0
"2018-12-28",1643,1432,131,1901,1648,133,"9E",N935XJ,5163,VPS,ATL,49,78,250,0,0
"2018-12-28",1436,1441,-5,1616,1607,9,MQ,N662EH,3861,MIA,TLH,66,100,402,0,0
"2018-12-28",1453,1436,17,1505,1443,22,DL,N919AT,1569,ATL,ECP,47,72,240,0,0
"2018-12-28",1450,1445,5,1633,1638,-5,YV,N928LR,5906,DFW,VPS,77,103,641,0,0
"2018-12-28",1622,1451,91,1759,1645,74,EV,N720EV,2876,DFW,ECP,81,97,685,0,0
"2018-12-28",1512,1505,7,1527,1521,6,"9E",N153PQ,3350,ATL,VPS,44,75,250,0,0
"2018-12-28",1457,1455,2,1655,1659,-4,EV,N15912,4134,ECP,IAH,101,118,572,0,0
"2018-12-28",1538,1455,43,1732,1658,34,EV,N14573,4165,VPS,IAH,96,114,528,0,0
"2018-12-28",1820,1459,201,2026,1719,187,AA,N983TW,2262,VPS,DFW,102,126,641,0,0
"2018-12-28",1702,1504,118,1937,1744,113,EV,N608QX,2916,ECP,CLT,64,95,437,0,0
"2018-12-28",1830,1516,194,1941,1628,193,"9E",N833AY,3283,TLH,ATL,47,71,223,0,0
"2018-12-28",1546,1522,24,1753,1739,14,DL,N919AT,1569,ECP,ATL,45,67,240,0,0
"2018-12-28",2244,1529,435,2357,1702,415,OH,N540EA,5662,TLH,CLT,57,73,386,0,0
"2018-12-28",1603,1600,3,1815,1817,-2,"9E",N153PQ,3350,VPS,ATL,50,72,250,0,0
"2018-12-28",1608,1608,0,1733,1739,-6,MQ,N237NN,4069,TLH,DFW,124,145,767,0,0
"2018-12-28",1718,1706,12,1858,1827,31,MQ,N662EH,3861,TLH,MIA,67,100,402,0,0
"2018-12-28",1655,1611,44,1833,1749,44,OH,N547NN,5248,CLT,TLH,71,98,386,0,0
"2018-12-28",1711,1620,51,1812,1730,42,"9E",N921XJ,3351,ATL,TLH,44,61,223,0,0
"2018-12-28",1621,1632,-11,1822,1843,-21,G4,"309NV",1914,VPS,MCI,107,121,764,0,0
"2018-12-28",1705,1710,-5,1912,1930,-18,YV,N928LR,5906,VPS,DFW,103,127,641,0,0
"2018-12-28",1838,1724,74,2032,1945,47,EV,N720EV,2876,ECP,DFW,100,114,685,0,0
"2018-12-28",1742,1730,12,1914,1901,13,MQ,N677AE,3844,MIA,TLH,65,92,402,0,0
"2018-12-28",1827,1740,47,1937,1824,73,OH,N592NN,5709,CLT,VPS,80,130,460,0,0
"2018-12-28",1811,1818,-7,1901,1904,-3,G4,"225NV",1342,CVG,VPS,89,110,600,0,0
"2018-12-28",1743,1747,-4,1750,1801,-11,DL,N960AT,1516,ATL,VPS,45,67,250,0,0
"2018-12-28",1810,1749,21,1816,1800,16,DL,N608AT,2430,ATL,ECP,46,66,240,0,0
"2018-12-28",1901,1805,56,2031,1924,67,"9E",N921XJ,3351,TLH,ATL,46,90,223,0,0
"2018-12-28",1829,1805,24,2000,1948,12,EV,N14542,4447,IAH,VPS,69,91,528,0,0
"2018-12-28",1907,1813,54,2103,1953,70,YX,N132HQ,4660,CLT,TLH,68,116,386,0,0
"2018-12-28",1909,1819,50,2031,1946,45,OH,N547NN,5248,TLH,CLT,56,82,386,0,0
"2018-12-28",2017,1830,107,2056,1914,102,EV,N608QX,2890,CLT,ECP,77,99,437,0,0
"2018-12-28",1834,1840,-6,2044,2110,-26,DL,N960AT,1516,VPS,ATL,46,70,250,0,0
"2018-12-28",1836,1830,6,1959,2000,-1,WN,N7876A,2854,HOU,ECP,69,83,571,0,0
"2018-12-28",1848,1840,8,2055,2101,-6,DL,N608AT,2430,ECP,ATL,43,67,240,0,0
"2018-12-28",1948,1949,-1,2226,2235,-9,G4,"225NV",1343,VPS,CVG,78,98,600,0,0
"2018-12-28",2013,1900,73,2243,2141,62,OH,N592NN,5709,VPS,CLT,59,90,460,0,0
"2018-12-28",1913,1919,-6,2026,2032,-6,"9E",N153PQ,5153,ATL,TLH,46,73,223,0,0
"2018-12-28",1928,1928,0,2143,2132,11,G4,"309NV",1915,MCI,VPS,102,135,764,0,0
"2018-12-28",1946,1929,17,2110,2049,21,MQ,N677AE,3844,TLH,MIA,68,84,402,0,0
"2018-12-28",1936,1940,-4,2210,2202,8,YX,N127HQ,4504,DCA,TLH,131,154,716,0,0
"2018-12-28",2322,2015,187,102,2207,175,EV,N720EV,2870,DFW,ECP,83,100,685,0,0
"2018-12-28",1951,1953,-2,2003,2010,-7,DL,N995AT,2242,ATL,VPS,45,72,250,0,0
"2018-12-28",2000,1955,5,2132,2137,-5,EV,N13903,4190,IAH,ECP,72,92,572,0,0
"2018-12-28",2035,2040,-5,1,2343,18,MQ,N251NN,4131,DFW,TLH,102,146,767,0,0
"2018-12-28",2131,2023,68,2252,2149,63,YX,N132HQ,4660,TLH,CLT,52,81,386,0,0
"2018-12-28",2032,2030,2,2149,2150,-1,WN,N7876A,2854,ECP,BNA,57,77,401,0,0
"2018-12-28",2113,2035,38,2236,2150,46,WN,N464WN,6688,BNA,ECP,64,83,401,0,0
"2018-12-28",2230,2232,-2,2349,2335,14,DL,N963AT,2583,ATL,TLH,54,79,223,0,0
"2018-12-28",2148,2132,16,2332,2315,17,AA,N90024,2272,DFW,VPS,78,104,641,0,0
"2018-12-28",2305,2228,37,2306,2238,28,DL,N970AT,2303,ATL,ECP,46,61,240,0,0
"2018-12-28",2336,2232,64,128,4,84,OH,N545PB,5284,CLT,TLH,88,112,386,0,0
"2018-12-28",2228,2234,-6,2237,2250,-13,DL,N964AT,755,ATL,VPS,42,69,250,0,0
"2018-12-28",30,2241,109,102,2324,98,OH,N558NN,5696,CLT,VPS,76,92,460,0,0
"2018-12-29",653,520,93,920,732,108,DL,N964AT,1157,VPS,ATL,54,87,250,0,0
"2018-12-29",817,531,166,935,655,160,OH,N545PB,5584,TLH,CLT,53,78,386,0,0
"2018-12-29",634,636,-2,900,915,-15,OH,N558NN,5623,VPS,CLT,64,86,460,0,0
"2018-12-29",703,540,83,926,755,91,DL,N970AT,1237,ECP,ATL,51,83,240,0,0
"2018-12-29",555,600,-5,654,708,-14,DL,N963AT,2022,TLH,ATL,41,59,223,0,0
"2018-12-29",619,625,-6,740,749,-9,MQ,N689EC,3663,MIA,TLH,65,81,402,0,0
"2018-12-29",625,630,-5,943,1000,-17,G4,"309NV",1990,VPS,EWR,121,138,988,0,0
"2018-12-29",627,630,-3,844,839,5,EV,N13903,3979,ECP,IAH,114,137,572,0,0
"2018-12-29",724,730,-6,1008,949,19,DL,N995AT,2650,VPS,ATL,80,104,250,0,0
"2018-12-29",655,700,-5,842,856,-14,YV,N933LR,5725,DFW,VPS,78,107,641,0,0
"2018-12-29",755,700,55,1005,921,44,EV,N608QX,2889,ECP,DFW,109,130,685,0,0
"2018-12-29",722,730,-8,957,1016,-19,EV,N720EV,2899,ECP,CLT,60,95,437,0,0
"2018-12-29",721,730,-9,835,845,-10,"9E",N153PQ,5031,TLH,ATL,50,74,223,0,0
"2018-12-29",742,745,-3,854,900,-6,WN,N712SW,3587,BNA,ECP,61,72,401,0,0
"2018-12-29",740,745,-5,850,905,-15,WN,N464WN,4168,ECP,BNA,60,70,401,0,0
"2018-12-29",800,803,-3,903,853,10,OH,N553NN,5564,CLT,VPS,84,123,460,0,0
"2018-12-29",803,803,0,934,934,0,MQ,N251NN,4116,TLH,DFW,123,151,767,0,0
"2018-12-29",819,816,3,852,837,15,"9E",N136EV,5265,ATL,VPS,44,93,250,0,0
"2018-12-29",804,808,-4,1013,1030,-17,AA,N90024,2552,VPS,DFW,107,129,641,0,0
"2018-12-29",808,814,-6,815,829,-14,DL,N977AT,2531,ATL,ECP,42,67,240,0,0
"2018-12-29",817,818,-1,952,939,13,MQ,N689EC,3663,TLH,MIA,66,95,402,0,0
"2018-12-29",842,820,22,1010,932,38,"9E",N8839E,3414,ATL,TLH,45,88,223,0,0
"2018-12-29",901,855,6,1051,1100,-9,YX,N127HQ,4626,TLH,DCA,93,110,716,0,0
"2018-12-29",854,855,-1,1023,1026,-3,OH,N562NN,5272,CLT,TLH,65,89,386,0,0
"2018-12-29",900,908,-8,1107,1122,-15,DL,N977AT,2531,ECP,ATL,45,67,240,0,0
"2018-12-29",924,926,-2,1130,1149,-19,YV,N933LR,5725,VPS,DFW,106,126,641,0,0
"2018-12-29",903,910,-7,1103,1115,-12,EV,N14542,4310,VPS,IAH,101,120,528,0,0
"2018-12-29",926,912,14,1140,1128,12,"9E",N136EV,5265,VPS,ATL,42,74,250,0,0
"2018-12-29",938,923,15,1214,1210,4,OH,N553NN,5564,VPS,CLT,64,96,460,0,0
"2018-12-29",1037,1002,35,1200,1114,46,"9E",N8839E,3414,TLH,ATL,45,83,223,0,0
"2018-12-29",932,930,2,1140,1140,0,WN,N712SW,3587,ECP,DAL,109,128,674,0,0
"2018-12-29",1146,1025,81,1156,1042,74,"9E",N936XJ,5171,ATL,VPS,42,70,250,0,0
"2018-12-29",1045,1045,0,1230,1237,-7,AA,N838AW,2013,DFW,VPS,77,105,641,0,0
"2018-12-29",1100,1100,0,1304,1245,19,G4,"309NV",1991,EWR,VPS,152,184,988,0,0
"2018-12-29",1116,1056,20,1228,1226,2,OH,N562NN,5272,TLH,CLT,56,72,386,0,0
"2018-12-29",1233,1150,43,1333,1259,34,"9E",N8839E,3282,ATL,TLH,43,60,223,0,0
"2018-12-29",1110,1110,0,1118,1122,-4,DL,N920AT,2313,ATL,ECP,42,68,240,0,0
"2018-12-29",1233,1117,76,1440,1332,68,"9E",N936XJ,5171,VPS,ATL,46,67,250,0,0
"2018-12-29",1126,1130,-4,1259,1302,-3,YX,N132HQ,4609,DCA,VPS,123,153,789,0,0
"2018-12-29",1200,1201,-1,1404,1418,-14,DL,N920AT,2313,ECP,ATL,40,64,240,0,0
"2018-12-29",1218,1205,13,1402,1355,7,WN,N946WN,3678,DAL,ECP,95,104,674,0,0
"2018-12-29",1216,1205,11,1359,1347,12,EV,N13988,4451,IAH,ECP,74,103,572,0,0
"2018-12-29",1313,1211,62,1406,1245,81,EV,N718EV,2918,CLT,ECP,86,113,437,0,0
"2018-12-29",1224,1225,-1,1401,1408,-7,EV,N17115,4307,IAH,VPS,68,97,528,0,0
"2018-12-29",1232,1233,-1,1528,1538,-10,MQ,N259NN,4069,DFW,TLH,94,116,767,0,0
"2018-12-29",1231,1231,0,1428,1419,9,AA,N9620D,2262,DFW,VPS,83,117,641,0,0
"2018-12-29",1325,1317,8,1543,1535,8,AA,N838AW,2013,VPS,DFW,118,138,641,0,0
"2018-12-29",1431,1237,114,1628,1434,114,EV,N716EV,2895,DFW,ECP,90,117,685,0,0
"2018-12-29",1308,1311,-3,1352,1357,-5,OH,N592NN,5500,CLT,VPS,79,104,460,0,0
"2018-12-29",1320,1325,-5,1446,1459,-13,OH,N519AE,5662,CLT,TLH,67,86,386,0,0
"2018-12-29",1357,1326,31,1512,1440,32,"9E",N8839E,3282,TLH,ATL,43,75,223,0,0
"2018-12-29",1348,1335,13,1533,1517,16,G4,"309NV",1902,VPS,BLV,84,105,587,0,0
"2018-12-29",1331,1332,-1,1627,1642,-15,YX,N132HQ,4609,VPS,DCA,96,116,789,0,0
"2018-12-29",1458,1335,83,1700,1555,65,EV,N718EV,2875,ECP,DFW,105,122,685,0,0
"2018-12-29",1440,1425,15,1632,1620,12,WN,N946WN,3685,ECP,HOU,103,112,571,0,0
"2018-12-29",1439,1340,59,1544,1451,53,"9E",N8683B,3283,ATL,TLH,42,65,223,0,0
"2018-12-29",1525,1343,102,1559,1358,121,"9E",N936XJ,5163,ATL,VPS,45,94,250,0,0
"2018-12-29",1353,1405,-12,1507,1525,-18,G4,"217NV",1214,BWI,VPS,121,134,819,0,0
"2018-12-29",1432,1427,5,1702,1710,-8,OH,N592NN,5500,VPS,CLT,62,90,460,0,0
"2018-12-29",1635,1440,115,1848,1656,112,"9E",N936XJ,5163,VPS,ATL,42,73,250,0,0
"2018-12-29",1444,1436,8,1441,1443,-2,DL,N923AT,1569,ATL,ECP,40,57,240,0,0
"2018-12-29",1433,1441,-8,1603,1607,-4,MQ,N623AE,3861,MIA,TLH,62,90,402,0,0
"2018-12-29",1547,1445,62,1733,1638,55,YV,N911FJ,5906,DFW,VPS,79,106,641,0,0
"2018-12-29",1655,1451,124,1846,1645,121,EV,N738EV,2876,DFW,ECP,84,111,685,0,0
"2018-12-29",1450,1455,-5,1700,1659,1,EV,N13988,4134,ECP,IAH,107,130,572,0,0
"2018-12-29",1449,1455,-6,1643,1658,-15,EV,N17115,4165,VPS,IAH,98,114,528,0,0
"2018-12-29",1517,1522,-5,1715,1739,-24,DL,N923AT,1569,ECP,ATL,42,58,240,0,0
"2018-12-29",1504,1459,5,1722,1719,3,AA,N9620D,2262,VPS,DFW,108,138,641,0,0
"2018-12-29",1723,1504,139,1942,1744,118,EV,N716EV,2916,ECP,CLT,59,79,437,0,0
"2018-12-29",1517,1505,12,1521,1521,0,DL,N936AT,1381,ATL,VPS,41,64,250,0,0
"2018-12-29",1611,1516,55,1714,1628,46,"9E",N8683B,3283,TLH,ATL,46,63,223,0,0
"2018-12-29",1604,1600,4,1809,1821,-12,DL,N936AT,1381,VPS,ATL,41,65,250,0,0
"2018-12-29",1529,1529,0,1655,1702,-7,OH,N519AE,5662,TLH,CLT,57,86,386,0,0
"2018-12-28",1228,1233,-5,1523,1538,-15,MQ,N237NN,4069,DFW,TLH,97,115,767,0,0
"2018-12-29",1613,1611,2,1736,1749,-13,OH,N555NN,5248,CLT,TLH,66,83,386,0,0
"2018-12-29",1613,1602,11,1756,1744,12,G4,"309NV",1903,BLV,VPS,82,103,587,0,0
"2018-12-29",1608,1608,0,1741,1739,2,MQ,N259NN,4069,TLH,DFW,129,153,767,0,0
"2018-12-29",1703,1706,-3,1820,1827,-7,MQ,N623AE,3861,TLH,MIA,62,77,402,0,0
"2018-12-29",1556,1610,-14,1849,1921,-32,G4,"217NV",1215,VPS,BWI,97,113,819,0,0
"2018-12-29",1625,1620,5,1720,1724,-4,DL,N970AT,2421,ATL,TLH,44,55,223,0,0
"2018-12-29",1759,1710,49,2002,1930,32,YV,N911FJ,5906,VPS,DFW,98,123,641,0,0
"2018-12-29",1720,1720,0,1940,1941,-1,YX,N113HQ,4504,DCA,TLH,122,140,716,0,0
"2018-12-29",1914,1724,110,2123,1945,98,EV,N738EV,2876,ECP,DFW,111,129,685,0,0
"2018-12-29",1748,1747,1,1814,1804,10,"9E",N200PQ,3336,ATL,VPS,44,86,250,0,0
"2018-12-29",1736,1730,6,1904,1901,3,MQ,N618AE,3844,MIA,TLH,65,88,402,0,0
"2018-12-29",1736,1740,-4,1820,1824,-4,OH,N530EA,5709,CLT,VPS,82,104,460,0,0
"2018-12-29",1813,1800,13,1936,1930,6,WN,N570WN,4655,HOU,ECP,70,83,571,0,0
"2018-12-29",1801,1758,3,1841,1809,32,DL,N918DE,2430,ATL,ECP,71,100,240,0,0
"2018-12-29",1802,1805,-3,1911,1926,-15,DL,N970AT,2421,TLH,ATL,46,69,223,0,0
"2018-12-29",1855,1803,52,1942,1849,53,G4,"241NV",1342,CVG,VPS,91,107,600,0,0
"2018-12-29",1817,1819,-2,1937,1946,-9,OH,N555NN,5248,TLH,CLT,57,80,386,0,0
"2018-12-29",1823,1805,18,2004,1948,16,EV,N17115,4447,IAH,VPS,66,101,528,0,0
"2018-12-29",2021,1830,111,2115,1914,121,EV,N716EV,2890,CLT,ECP,72,114,437,0,0
"2018-12-29",1918,1855,23,2128,2116,12,DL,N918DE,2430,ECP,ATL,41,70,240,0,0
"2018-12-29",1842,1845,-3,2049,2104,-15,"9E",N200PQ,3336,VPS,ATL,44,67,250,0,0
"2018-12-29",1849,1856,-7,2118,2136,-18,OH,N530EA,5709,VPS,CLT,63,89,460,0,0
"2018-12-29",2030,1934,56,2308,2220,48,G4,"241NV",1343,VPS,CVG,77,98,600,0,0
"2018-12-29",1919,1919,0,2025,2032,-7,"9E",N606LR,5153,ATL,TLH,44,66,223,0,0
"2018-12-29",1938,1929,9,2103,2049,14,MQ,N618AE,3844,TLH,MIA,62,85,402,0,0
"2018-12-29",1953,1953,0,2005,2010,-5,DL,N608AT,2242,ATL,VPS,47,72,250,0,0
"2018-12-29",2210,2015,115,2351,2207,104,EV,N616QX,2870,DFW,ECP,83,101,685,0,0
"2018-12-29",2002,1955,7,2116,2115,1,WN,N570WN,4655,ECP,BNA,62,74,401,0,0
"2018-12-29",1957,1955,2,2127,2137,-10,EV,N15555,4190,IAH,ECP,74,90,572,0,0
"2018-12-29",2039,2005,34,2154,2120,34,WN,N7701B,4526,BNA,ECP,64,75,401,0,0
"2018-12-30",540,540,0,750,755,-5,DL,N938AT,1237,ECP,ATL,39,70,240,0,0
"2018-12-29",2039,2040,-1,2336,2343,-7,MQ,N254NN,4131,DFW,TLH,98,117,767,0,0
"2018-12-29",2126,2132,-6,2306,2315,-9,AA,N8027D,2272,DFW,VPS,79,100,641,0,0
"2018-12-29",2228,2228,0,2225,2238,-13,DL,N938AT,2303,ATL,ECP,41,57,240,0,0
"2018-12-29",2229,2232,-3,2356,4,-8,OH,N716PS,5284,CLT,TLH,67,87,386,0,0
"2018-12-29",212,2232,220,312,2335,217,DL,N928AT,2583,ATL,TLH,44,60,223,0,0
"2018-12-29",2239,2234,5,2248,2250,-2,DL,N966AT,755,ATL,VPS,43,69,250,0,0
"2018-12-30",513,520,-7,719,732,-13,DL,N608AT,1157,VPS,ATL,41,66,250,0,0
"2018-12-30",531,531,0,649,655,-6,OH,N716PS,5584,TLH,CLT,57,78,386,0,0
"2018-12-30",621,625,-4,803,749,14,MQ,N662EH,3663,MIA,TLH,74,102,402,0,0
"2018-12-30",558,600,-2,658,706,-8,DL,N928AT,2022,TLH,ATL,41,60,223,0,0
"2018-12-30",633,636,-3,854,915,-21,OH,N585NN,5623,VPS,CLT,62,81,460,0,0
"2018-12-30",623,630,-7,832,839,-7,EV,N15555,3979,ECP,IAH,110,129,572,0,0
"2018-12-30",640,700,-20,820,842,-22,G4,"309NV",1902,VPS,BLV,83,100,587,0,0
"2018-12-30",655,700,-5,849,856,-7,YV,N956LR,5725,DFW,VPS,80,114,641,0,0
"2018-12-30",750,755,-5,858,910,-12,WN,N570WN,2112,BNA,ECP,60,68,401,0,0
"2018-12-30",811,700,71,1021,921,60,EV,N716EV,2889,ECP,DFW,98,130,685,0,0
"2018-12-30",715,710,5,859,919,-20,YX,N113HQ,4626,TLH,DCA,89,104,716,0,0
"2018-12-30",722,730,-8,837,845,-8,"9E",N606LR,5031,TLH,ATL,44,75,223,0,0
"2018-12-30",724,730,-6,930,949,-19,DL,N966AT,2650,VPS,ATL,42,66,250,0,0
"2018-12-30",734,730,4,1017,1016,1,EV,N616QX,2899,ECP,CLT,67,103,437,0,0
"2018-12-30",735,740,-5,844,900,-16,WN,N7701B,2789,ECP,BNA,57,69,401,0,0
"2018-12-30",801,803,-2,900,853,7,OH,N588NN,5564,CLT,VPS,80,119,460,0,0
"2018-12-30",755,803,-8,923,934,-11,MQ,N254NN,4116,TLH,DFW,120,148,767,0,0
"2018-12-30",809,816,-7,837,837,0,"9E",N335PQ,5265,ATL,VPS,48,88,250,0,0
"2018-12-30",812,808,4,1018,1030,-12,AA,N8027D,2552,VPS,DFW,102,126,641,0,0
"2018-12-30",811,814,-3,855,829,26,DL,N952AT,2531,ATL,ECP,41,104,240,0,0
"2018-12-30",826,818,8,948,939,9,MQ,N662EH,3663,TLH,MIA,64,82,402,0,0
"2018-12-30",835,840,-5,1029,1023,6,YX,N446YX,4609,DCA,VPS,133,174,789,0,0
"2018-12-30",831,820,11,948,932,16,"9E",N833AY,3414,ATL,TLH,42,77,223,0,0
"2018-12-30",852,855,-3,1016,1026,-10,OH,N583NN,5272,CLT,TLH,69,84,386,0,0
"2018-12-30",902,910,-8,1057,1115,-18,EV,N17115,4310,VPS,IAH,91,115,528,0,0
"2018-12-30",930,908,22,1135,1122,13,DL,N952AT,2531,ECP,ATL,42,65,240,0,0
"2018-12-30",912,912,0,1133,1128,5,"9E",N335PQ,5265,VPS,ATL,42,81,250,0,0
"2018-12-30",939,923,16,1209,1210,-1,OH,N588NN,5564,VPS,CLT,59,90,460,0,0
"2018-12-30",1016,1002,14,1215,1114,61,"9E",N833AY,3414,TLH,ATL,39,119,223,0,0
"2018-12-30",924,926,-2,1134,1149,-15,YV,N956LR,5725,VPS,DFW,99,130,641,0,0
"2018-12-30",904,927,-23,1044,1109,-25,G4,"309NV",1903,BLV,VPS,83,100,587,0,0
"2018-12-30",938,940,-2,1039,1053,-14,"9E",N8694A,3407,ATL,TLH,43,61,223,0,0
"2018-12-30",937,940,-3,1123,1135,-12,WN,N570WN,2112,ECP,HOU,96,106,571,0,0
"2018-12-30",1020,1025,-5,1038,1042,-4,"9E",N909XJ,5171,ATL,VPS,43,78,250,0,0
"2018-12-30",1219,1045,94,1403,1237,86,AA,N767UW,2013,DFW,VPS,81,104,641,0,0
"2018-12-30",1137,1159,-22,1349,1402,-13,G4,"309NV",1908,VPS,OKC,114,132,726,0,0
"2018-12-30",1054,1055,-1,1406,1408,-2,YX,N446YX,4609,VPS,DCA,101,132,789,0,0
"2018-12-30",1053,1056,-3,1210,1226,-16,OH,N583NN,5272,TLH,CLT,57,77,386,0,0
"2018-12-30",1110,1110,0,1111,1122,-11,DL,N980AT,2313,ATL,ECP,44,61,240,0,0
"2018-12-30",1115,1117,-2,1356,1332,24,"9E",N909XJ,5171,VPS,ATL,41,101,250,0,0
"2018-12-30",1108,1118,-10,1215,1229,-14,"9E",N8694A,3407,TLH,ATL,42,67,223,0,0
"2018-12-30",1235,1205,30,1401,1340,21,WN,N453WN,3582,HOU,ECP,72,86,571,0,0
"2018-12-30",1300,1211,49,1428,1320,68,"9E",N8986B,3328,ATL,TLH,45,88,223,0,0
"2018-12-30",1156,1201,-5,1421,1418,3,DL,N980AT,2313,ECP,ATL,42,85,240,0,0
"2018-12-30",1323,1205,78,1452,1347,65,EV,N11184,4451,IAH,ECP,74,89,572,0,0
"2018-12-30",1305,1211,54,1337,1245,52,EV,N615QX,2918,CLT,ECP,71,92,437,0,0
"2018-12-30",1235,1237,-2,1436,1434,2,EV,N617QX,2895,DFW,ECP,90,121,685,0,0
"2018-12-30",,1225,,,1408,,EV,N14570,4307,IAH,VPS,,,528,1,0
"2018-12-30",1411,1231,100,1612,1419,113,AA,N9681B,2262,DFW,VPS,89,121,641,0,0
"2018-12-30",1454,1317,97,1705,1535,90,AA,N767UW,2013,VPS,DFW,108,131,641,0,0
"2018-12-30",1228,1233,-5,1534,1538,-4,MQ,N243NN,4069,DFW,TLH,97,126,767,0,0
"2018-12-30",1306,1311,-5,1356,1357,-1,OH,N513AE,5500,CLT,VPS,75,110,460,0,0
"2018-12-30",1319,1325,-6,1455,1459,-4,OH,N708PS,5662,CLT,TLH,68,96,386,0,0
"2018-12-30",1432,1340,52,1539,1451,48,"9E",N8908D,3283,ATL,TLH,42,67,223,0,0
"2018-12-30",1416,1335,41,1625,1555,30,EV,N615QX,2875,ECP,DFW,106,129,685,0,0
"2018-12-30",1414,1342,32,1433,1357,36,"9E",N307PQ,5163,ATL,VPS,47,79,250,0,0
"2018-12-30",1441,1427,14,1725,1710,15,OH,N513AE,5500,VPS,CLT,74,104,460,0,0
"2018-12-30",1502,1350,72,1626,1501,85,"9E",N8986B,3328,TLH,ATL,46,84,223,0,0
"2018-12-30",1436,1415,21,1617,1610,7,WN,N453WN,3585,ECP,HOU,91,101,571,0,0
"2018-12-30",1433,1441,-8,1602,1607,-5,MQ,N922AE,3861,MIA,TLH,65,89,402,0,0
"2018-12-30",1500,1432,28,1720,1648,32,"9E",N307PQ,5163,VPS,ATL,43,80,250,0,0
"2018-12-30",1433,1436,-3,1440,1443,-3,DL,N923AT,1569,ATL,ECP,45,67,240,0,0
"2018-12-30",1447,1447,0,1634,1644,-10,G4,"309NV",1909,OKC,VPS,91,107,726,0,0
"2018-12-30",1447,1445,2,1647,1638,9,YV,N933LR,5906,DFW,VPS,80,120,641,0,0
"2018-12-30",1552,1451,61,1736,1645,51,EV,N716EV,2876,DFW,ECP,84,104,685,0,0
"2018-12-30",1503,1505,-2,1512,1521,-9,DL,N933AT,1381,ATL,VPS,43,69,250,0,0
"2018-12-30",1530,1455,35,1724,1659,25,EV,N11184,4134,ECP,IAH,95,114,572,0,0
"2018-12-30",,1455,,,1658,,EV,N14570,4165,VPS,IAH,,,528,1,0
"2018-12-30",1649,1459,110,1858,1719,99,AA,N9681B,2262,VPS,DFW,102,129,641,0,0
"2018-12-30",1525,1504,21,1747,1744,3,EV,N617QX,2916,ECP,CLT,63,82,437,0,0
"2018-12-30",1520,1522,-2,1733,1739,-6,DL,N923AT,1569,ECP,ATL,40,73,240,0,0
"2018-12-30",1604,1516,48,1715,1628,47,"9E",N8908D,3283,TLH,ATL,43,71,223,0,0
"2018-12-30",1557,1600,-3,1813,1821,-8,DL,N933AT,1381,VPS,ATL,41,76,250,0,0
"2018-12-30",1547,1529,18,1708,1702,6,OH,N708PS,5662,TLH,CLT,69,81,386,0,0
"2018-12-30",1614,1608,6,1731,1739,-8,MQ,N243NN,4069,TLH,DFW,120,137,767,0,0
"2018-12-30",1657,1706,-9,1815,1827,-12,MQ,N922AE,3861,TLH,MIA,60,78,402,0,0
"2018-12-30",1607,1611,-4,1730,1749,-19,OH,N575NN,5248,CLT,TLH,63,83,386,0,0
"2018-12-30",1624,1620,4,1725,1729,-4,"9E",N8970D,3351,ATL,TLH,39,61,223,0,0
"2018-12-30",1529,1710,1339,1733,1930,1323,YV,N933LR,5906,VPS,DFW,104,124,641,0,0
"2018-12-30",1805,1724,41,2007,1945,22,EV,N716EV,2876,ECP,DFW,106,122,685,0,0
"2018-12-30",1745,1747,-2,1751,1801,-10,DL,N989DN,1516,ATL,VPS,44,66,250,0,0
"2018-12-30",1720,1730,-10,1845,1901,-16,MQ,N941LT,3844,MIA,TLH,63,85,402,0,0
"2018-12-30",1742,1740,2,1917,1824,53,OH,N572NN,5709,CLT,VPS,82,155,460,0,0
"2018-12-30",1749,1749,0,1753,1800,-7,DL,N608AT,2430,ATL,ECP,42,64,240,0,0
"2018-12-30",1759,1805,-6,1901,1923,-22,"9E",N8970D,3351,TLH,ATL,41,62,223,0,0
"2018-12-30",2059,1805,174,2230,1948,162,EV,N15912,4447,IAH,VPS,73,91,528,0,0
"2018-12-30",1810,1813,-3,1944,1953,-9,YX,N104HQ,4660,CLT,TLH,66,94,386,0,0
"2018-12-30",1951,1900,51,2240,2141,59,OH,N572NN,5709,VPS,CLT,61,109,460,0,0
"2018-12-30",1814,1819,-5,1944,1946,-2,OH,N575NN,5248,TLH,CLT,65,90,386,0,0
"2018-12-30",1826,1830,-4,1904,1914,-10,EV,N617QX,2890,CLT,ECP,68,98,437,0,0
"2018-12-30",1836,1830,6,1958,2000,-2,WN,N465WN,2854,HOU,ECP,70,82,571,0,0
"2018-12-30",1845,1840,5,2058,2110,-12,DL,N989DN,1516,VPS,ATL,46,73,250,0,0
"2018-12-30",1840,1840,0,2112,2101,11,DL,N608AT,2430,ECP,ATL,42,92,240,0,0
"2018-12-30",1937,1940,-3,2140,2202,-22,YX,N436YX,4504,DCA,TLH,109,123,716,0,0
"2018-12-30",1921,1919,2,2048,2032,16,"9E",N607LR,5153,ATL,TLH,40,87,223,0,0
"2018-12-30",1905,1929,-24,2026,2049,-23,MQ,N941LT,3844,TLH,MIA,63,81,402,0,0
"2018-12-30",640,1953,647,645,2010,635,DL,N966AT,2242,ATL,VPS,45,65,250,0,0
"2018-12-30",1951,1955,-4,2153,2137,16,EV,N11544,4190,IAH,ECP,76,122,572,0,0
"2018-12-30",,2015,,,2207,,EV,N738EV,2870,DFW,ECP,,,685,1,0
"2018-12-30",2028,2030,-2,2145,2150,-5,WN,N465WN,2854,ECP,BNA,61,77,401,0,0
"2018-12-30",2016,2023,-7,2142,2149,-7,YX,N104HQ,4660,TLH,CLT,58,86,386,0,0
"2018-12-30",2037,2035,2,2145,2150,-5,WN,N7860A,6688,BNA,ECP,59,68,401,0,0
"2018-12-30",2042,2040,2,8,2343,25,MQ,N253NN,4131,DFW,TLH,108,146,767,0,0
"2018-12-30",2236,2232,4,2358,4,-6,OH,N516AE,5284,CLT,TLH,67,82,386,0,0
"2018-12-30",2131,2132,-1,2310,2315,-5,AA,N9016,2272,DFW,VPS,80,99,641,0,0
"2018-12-30",809,2228,581,829,2238,591,DL,N970AT,2303,ATL,ECP,42,80,240,0,0
"2018-12-30",2229,2232,-3,2330,2335,-5,DL,N996AT,2583,ATL,TLH,41,61,223,0,0
"2018-12-30",816,2234,582,921,2250,631,DL,N894AT,755,ATL,VPS,94,125,250,0,0
"2018-12-31",533,531,2,651,655,-4,OH,N516AE,5584,TLH,CLT,58,78,386,0,0
"2018-12-30",2243,2241,2,2335,2324,11,OH,N559NN,5696,CLT,VPS,77,112,460,0,0
"2018-12-31",1025,520,305,1237,730,307,DL,N894AT,1157,VPS,ATL,41,72,250,0,0
"2018-12-31",558,600,-2,656,706,-10,DL,N996AT,2022,TLH,ATL,38,58,223,0,0
"2018-12-31",903,540,203,1107,753,194,DL,N970AT,1237,ECP,ATL,40,64,240,0,0
"2018-12-31",615,625,-10,730,749,-19,MQ,N693AE,3663,MIA,TLH,61,75,402,0,0
"2018-12-31",636,636,0,925,915,10,OH,N559NN,5623,VPS,CLT,60,109,460,0,0
"2018-12-31",628,630,-2,842,839,3,EV,N11544,3979,ECP,IAH,101,134,572,0,0
"2018-12-31",655,700,-5,1115,856,,YV,N926LR,5725,DFW,VPS,,,641,0,1
"2018-12-31",808,800,8,927,915,12,WN,N7811F,3130,BNA,ECP,62,79,401,0,0
"2018-12-31",,700,,,921,,EV,N738EV,2889,ECP,DFW,,,685,1,0
"2018-12-31",703,710,-7,853,919,-26,YX,N436YX,4626,TLH,DCA,91,110,716,0,0
"2018-12-31",726,730,-4,928,947,-19,DL,N966AT,1652,VPS,ATL,42,62,250,0,0
"2018-12-31",720,730,-10,957,1016,-19,EV,N617QX,2899,ECP,CLT,60,97,437,0,0
"2018-12-31",735,740,-5,844,900,-16,WN,N7860A,1837,ECP,BNA,57,69,401,0,0
"2018-12-31",800,808,-8,1013,1030,-17,AA,N9016,2552,VPS,DFW,104,133,641,0,0
"2018-12-31",837,803,34,935,853,42,OH,N586NN,5564,CLT,VPS,88,118,460,0,0
"2018-12-31",802,803,-1,944,934,10,MQ,N253NN,4116,TLH,DFW,124,162,767,0,0
"2018-12-31",813,814,-1,812,828,-16,DL,N952AT,670,ATL,ECP,43,59,240,0,0
"2018-12-31",1140,926,134,1344,1149,115,YV,N926LR,5725,VPS,DFW,101,124,641,0,0
"2018-12-31",817,816,1,921,837,44,"9E",N153PQ,5265,ATL,VPS,81,124,250,0,0
"2018-12-31",813,818,-5,941,939,2,MQ,N693AE,3663,TLH,MIA,65,88,402,0,0
"2018-12-31",852,855,-3,1013,1026,-13,OH,N589NN,5272,CLT,TLH,66,81,386,0,0
"2018-12-31",919,910,9,1119,1115,4,EV,N15912,4310,VPS,IAH,98,120,528,0,0
"2018-12-31",1011,912,59,1213,1128,45,"9E",N153PQ,5265,VPS,ATL,40,62,250,0,0
"2018-12-31",1010,923,47,1232,1210,22,OH,N586NN,5564,VPS,CLT,60,82,460,0,0
"2018-12-31",948,951,-3,1055,1102,-7,"9E",N8688C,3437,ATL,TLH,40,67,223,0,0
"2018-12-31",1005,945,20,1152,1140,12,WN,N7811F,3130,ECP,HOU,96,107,571,0,0
"2018-12-31",1026,1025,1,1048,1042,6,"9E",N913XJ,5171,ATL,VPS,50,82,250,0,0
"2018-12-31",1051,1056,-5,1212,1226,-14,OH,N589NN,5272,TLH,CLT,53,81,386,0,0
"2018-12-31",1038,1045,-7,1233,1237,-4,AA,N742PS,2013,DFW,VPS,88,115,641,0,0
"2018-12-31",1121,1123,-2,1322,1338,-16,"9E",N913XJ,5171,VPS,ATL,40,61,250,0,0
"2018-12-31",1145,1150,-5,1259,1305,-6,"9E",N607LR,5388,TLH,ATL,44,74,223,0,0
"2018-12-31",1159,1201,-2,1404,1416,-12,DL,N952AT,2313,ECP,ATL,46,65,240,0,0
"2018-12-31",1227,1205,22,1400,1347,13,EV,N14916,4451,IAH,ECP,76,93,572,0,0
"2018-12-31",1221,1225,-4,1353,1408,-15,EV,N13978,4307,IAH,VPS,69,92,528,0,0
"2018-12-31",,1211,,,1245,,EV,N720EV,2918,CLT,ECP,,,437,1,0
"2018-12-31",1234,1231,3,1418,1419,-1,AA,N9677W,2262,DFW,VPS,83,104,641,0,0
"2018-12-31",1229,1233,-4,1520,1538,-18,MQ,N230NN,4069,DFW,TLH,94,111,767,0,0
"2018-12-31",1316,1317,-1,1519,1535,-16,AA,N742PS,2013,VPS,DFW,103,123,641,0,0
"2018-12-31",1233,1237,-4,1418,1434,-16,EV,N716EV,2895,DFW,ECP,86,105,685,0,0
"2018-12-31",1310,1311,-1,1402,1357,5,OH,N500AE,5500,CLT,VPS,87,112,460,0,0
"2018-12-31",1448,1325,83,1612,1459,73,OH,N723PS,5662,CLT,TLH,63,84,386,0,0
"2018-12-31",1315,1326,-11,1423,1440,-17,"9E",N8688C,3316,TLH,ATL,47,68,223,0,0
"2018-12-31",,1335,,,1555,,EV,N720EV,2875,ECP,DFW,,,685,1,0
"2018-12-31",1335,1340,-5,1445,1451,-6,"9E",N135EV,3283,ATL,TLH,43,70,223,0,0
"2018-12-31",1352,1400,-8,1611,1624,-13,YX,N129HQ,4504,DCA,TLH,113,139,716,0,0
"2018-12-31",1430,1441,-11,1557,1607,-10,MQ,N931AE,3861,MIA,TLH,67,87,402,0,0
"2018-12-31",1432,1427,5,1710,1710,0,OH,N500AE,5500,VPS,CLT,61,98,460,0,0
"2018-12-31",1436,1436,0,1440,1441,-1,DL,N947AT,1238,ATL,ECP,44,64,240,0,0
"2018-12-31",1514,1459,15,1723,1719,4,AA,N9677W,2262,VPS,DFW,105,129,641,0,0
"2018-12-31",1451,1445,6,1633,1638,-5,YV,N956LR,5906,DFW,VPS,84,102,641,0,0
"2018-12-31",1456,1451,5,1639,1645,-6,EV,N616QX,2876,DFW,ECP,83,103,685,0,0
"2018-12-31",,1504,,,1744,,EV,N716EV,2916,ECP,CLT,,,437,1,0
"2018-12-31",1455,1455,0,1645,1659,-14,EV,N14916,4134,ECP,IAH,94,110,572,0,0
"2018-12-31",1443,1455,-12,1637,1658,-21,EV,N13978,4165,VPS,IAH,99,114,528,0,0
"2018-12-31",1536,1505,31,1545,1519,26,DL,N935AT,1381,ATL,VPS,46,69,250,0,0
"2018-12-31",1517,1532,-15,1712,1705,7,YX,N411YX,4499,DCA,VPS,134,175,789,0,0
"2018-12-31",1651,1529,82,1808,1702,66,OH,N723PS,5662,TLH,CLT,61,77,386,0,0
"2018-12-31",1603,1608,-5,1718,1739,-21,MQ,N230NN,4069,TLH,DFW,120,135,767,0,0
"2018-12-31",1532,1535,-3,1640,1648,-8,"9E",N135EV,3283,TLH,ATL,48,68,223,0,0
"2018-12-31",1555,1600,-5,1801,1815,-14,DL,N947AT,1238,ECP,ATL,40,66,240,0,0
"2018-12-31",1621,1600,21,1820,1819,1,DL,N935AT,1381,VPS,ATL,41,59,250,0,0
"2018-12-31",1607,1632,-25,1812,1843,-31,G4,"309NV",1914,VPS,MCI,102,125,764,0,0
"2018-12-31",1613,1611,2,1736,1749,-13,OH,N526EA,5248,CLT,TLH,67,83,386,0,0
"2018-12-31",1633,1620,13,1733,1730,3,"9E",N912XJ,5154,ATL,TLH,41,60,223,0,0
"2018-12-31",1701,1706,-5,1819,1827,-8,MQ,N931AE,3861,TLH,MIA,65,78,402,0,0
"2018-12-31",1704,1710,-6,1906,1930,-24,YV,N956LR,5906,VPS,DFW,96,122,641,0,0
"2018-12-31",1753,1740,13,1837,1824,13,OH,N575NN,5709,CLT,VPS,76,104,460,0,0
"2018-12-31",1719,1724,-5,1933,1945,-12,EV,N616QX,2876,ECP,DFW,103,134,685,0,0
"2018-12-31",1728,1725,3,1852,1900,-8,WN,N917WN,6181,HOU,ECP,73,84,571,0,0
"2018-12-31",1723,1730,-7,1837,1901,-24,MQ,N922AE,3844,MIA,TLH,59,74,402,0,0
"2018-12-31",1741,1747,-6,1746,1801,-15,DL,N942AT,1516,ATL,VPS,47,65,250,0,0
"2018-12-31",1802,1805,-3,1933,1948,-15,EV,N15983,4447,IAH,VPS,69,91,528,0,0
"2018-12-31",1919,1928,-9,2138,2132,6,G4,"309NV",1915,MCI,VPS,104,139,764,0,0
"2018-12-31",1811,1818,-7,1906,1904,2,G4,"327NV",1342,CVG,VPS,95,115,600,0,0
"2018-12-31",,1830,,,1914,,EV,N716EV,2890,CLT,ECP,,,437,1,0
"2018-12-31",1858,1900,-2,2159,2211,-12,MQ,N265NN,4131,DFW,TLH,93,121,767,0,0
"2018-12-31",1909,1929,-20,2033,2049,-16,MQ,N922AE,3844,TLH,MIA,60,84,402,0,0
"2018-12-31",1925,1930,-5,2034,2050,-16,WN,N917WN,6181,ECP,BNA,58,69,401,0,0
"2018-12-31",1949,1935,14,2102,2055,7,WN,N290WN,2557,BNA,ECP,63,73,401,0,0
"2018-12-31",1952,1949,3,2232,2235,-3,G4,"327NV",1343,VPS,CVG,82,100,600,0,0
"2018-12-31",2226,2228,-2,2236,2241,-5,DL,N608AT,755,ATL,VPS,44,70,250,0,0
"2018-12-31",1950,1955,-5,2121,2137,-16,EV,N26545,4190,IAH,ECP,75,91,572,0,0
"2018-12-31",2012,2015,-3,2155,2207,-12,EV,N720EV,2870,DFW,ECP,85,103,685,0,0
"2018-12-31",2227,2232,-5,2332,2335,-3,DL,N946AT,2583,ATL,TLH,44,65,223,0,0
"2018-12-31",2232,2236,-4,2244,2244,0,DL,N948AT,2303,ATL,ECP,44,72,240,0,0
