"faa","name","lat","lon","alt","tz","dst","city","country","flight_date","dep_time","sched_dep_time","dep_delay","arr_time","sched_arr_time","arr_delay","airline","tail_number","flight_number","origin","dest","air_time","actual_elapsed_time","distance","cancelled","diverted"
VPS,Destin-Ft Walton Beach Airport,30.4832,-86.525398,87,-6.0,A,Valparaiso,United States,"2018-10-01",701,705,-4,853,903,-10,YV,N244LR,5725,DFW,VPS,89,112,641,0,0
PNS,Pensacola Regional Airport,30.473400115967,-87.186599731445,121,-6.0,A,Pensacola,United States,"2018-10-01",722,725,-3,849,904,-15,EV,N16541,4182,IAH,PNS,71,87,489,0,0
PNS,Pensacola Regional Airport,30.473400115967,-87.186599731445,121,-6.0,A,Pensacola,United States,"2018-10-01",745,740,5,822,822,0,OH,N545PB,5237,CLT,PNS,72,97,488,0,0
ECP,Northwest Florida Beaches International Airport,30.357106,-85.795414,69,-6.0,A,Panama City,United States,"2018-10-01",739,740,-1,904,900,4,WN,N756SA,1764,BNA,ECP,66,85,401,0,0
PNS,Pensacola Regional Airport,30.473400115967,-87.186599731445,121,-6.0,A,Pensacola,United States,"2018-10-01",740,745,-5,852,905,-13,WN,N272WN,1156,BNA,PNS,59,72,391,0,0
PNS,Pensacola Regional Airport,30.473400115967,-87.186599731445,121,-6.0,A,Pensacola,United States,"2018-10-01",814,820,-6,814,831,-17,DL,N989DL,2212,ATL,PNS,45,60,271,0,0
TLH,Tallahassee Regional Airport,30.396499633789062,-84.35030364990234,81,-5.0,A,Tallahassee,United States,"2018-10-01",831,836,-5,931,941,-10,"9E",N922XJ,3281,ATL,TLH,35,60,223,0,0
VPS,Destin-Ft Walton Beach Airport,30.4832,-86.525398,87,-6.0,A,Valparaiso,United States,"2018-10-01",847,850,-3,1008,1023,-15,YX,N408YX,4609,DCA,VPS,110,141,789,0,0
VPS,Destin-Ft Walton Beach Airport,30.4832,-86.525398,87,-6.0,A,Valparaiso,United States,"2018-10-01",851,855,-4,918,931,-13,OH,N564NN,5564,CLT,VPS,73,87,460,0,0
TLH,Tallahassee Regional Airport,30.396499633789062,-84.35030364990234,81,-5.0,A,Tallahassee,United States,"2018-10-01",900,900,0,1022,1025,-3,OH,N590NN,5272,CLT,TLH,62,82,386,0,0
ECP,Northwest Florida Beaches International Airport,30.357106,-85.795414,69,-6.0,A,Panama City,United States,"2018-10-01",902,900,2,902,903,-1,DL,N993DL,2029,ATL,ECP,46,60,240,0,0
PNS,Pensacola Regional Airport,30.473400115967,-87.186599731445,121,-6.0,A,Pensacola,United States,"2018-10-01",909,915,-6,957,1003,-6,MQ,N698CB,3733,MIA,PNS,88,108,530,0,0
PNS,Pensacola Regional Airport,30.473400115967,-87.186599731445,121,-6.0,A,Pensacola,United States,"2018-10-01",932,935,-3,1107,1117,-10,YV,N89349,6357,IAH,PNS,70,95,489,0,0
VPS,Destin-Ft Walton Beach Airport,30.4832,-86.525398,87,-6.0,A,Valparaiso,United States,"2018-10-01",941,944,-3,941,950,-9,DL,N913DL,2716,ATL,VPS,40,60,250,0,0
ECP,Northwest Florida Beaches International Airport,30.357106,-85.795414,69,-6.0,A,Panama City,United States,"2018-10-01",952,1000,-8,1150,1145,5,EV,N14562,4451,IAH,ECP,93,118,572,0,0
PNS,Pensacola Regional Airport,30.473400115967,-87.186599731445,121,-6.0,A,Pensacola,United States,"2018-10-01",958,1002,-4,1002,1017,-15,DL,N668DN,2179,ATL,PNS,46,64,271,0,0
TLH,Tallahassee Regional Airport,30.396499633789062,-84.35030364990234,81,-5.0,A,Tallahassee,United States,"2018-10-01",1023,1025,-2,1150,1150,0,MQ,N673AE,3663,MIA,TLH,75,87,402,0,0
PNS,Pensacola Regional Airport,30.473400115967,-87.186599731445,121,-6.0,A,Pensacola,United States,"2018-10-01",1021,1028,-7,1207,1216,-9,MQ,N223NN,3324,DFW,PNS,83,106,604,0,0
VPS,Destin-Ft Walton Beach Airport,30.4832,-86.525398,87,-6.0,A,Valparaiso,United States,"2018-10-01",1053,1031,22,1130,1118,12,G4,"224NV",1901,CVG,VPS,80,97,600,0,0
TLH,Tallahassee Regional Airport,30.396499633789062,-84.35030364990234,81,-5.0,A,Tallahassee,United States,"2018-10-01",1044,1050,-6,1133,1150,-17,DL,N944DL,489,ATL,TLH,36,49,223,0,0
VPS,Destin-Ft Walton Beach Airport,30.4832,-86.525398,87,-6.0,A,Valparaiso,United States,"2018-10-01",1044,1055,-11,1236,1255,-19,YV,N906FJ,5740,DFW,VPS,86,112,641,0,0
ECP,Northwest Florida Beaches International Airport,30.357106,-85.795414,69,-6.0,A,Panama City,United States,"2018-10-01",1109,1112,-3,1102,1116,-14,DL,N943DL,1733,ATL,ECP,39,53,240,0,0
VPS,Destin-Ft Walton Beach Airport,30.4832,-86.525398,87,-6.0,A,Valparaiso,United States,"2018-10-01",1107,1122,-15,1304,1326,-22,G4,"274NV",1915,MCI,VPS,101,117,764,0,0
PNS,Pensacola Regional Airport,30.473400115967,-87.186599731445,121,-6.0,A,Pensacola,United States,"2018-10-01",1136,1130,6,1215,1214,1,OH,N587NN,5298,CLT,PNS,73,99,488,0,0
ECP,Northwest Florida Beaches International Airport,30.357106,-85.795414,69,-6.0,A,Panama City,United States,"2018-10-01",1124,1131,-7,1200,1210,-10,EV,N717EV,2916,CLT,ECP,64,96,437,0,0
PNS,Pensacola Regional Airport,30.473400115967,-87.186599731445,121,-6.0,A,Pensacola,United States,"2018-10-01",1128,1138,-10,1241,1300,-19,MQ,N225NN,3771,DCA,PNS,112,133,816,0,0
PNS,Pensacola Regional Airport,30.473400115967,-87.186599731445,121,-6.0,A,Pensacola,United States,"2018-10-01",1137,1141,-4,1353,1400,-7,EV,N16559,4085,ORD,PNS,116,136,794,0,0
VPS,Destin-Ft Walton Beach Airport,30.4832,-86.525398,87,-6.0,A,Valparaiso,United States,"2018-10-01",1207,1155,12,1349,1344,5,EV,N16571,3995,IAH,VPS,75,102,528,0,0
PNS,Pensacola Regional Airport,30.473400115967,-87.186599731445,121,-6.0,A,Pensacola,United States,"2018-10-01",1206,1155,11,1340,1334,6,EV,N14573,4393,IAH,PNS,72,94,489,0,0
VPS,Destin-Ft Walton Beach Airport,30.4832,-86.525398,87,-6.0,A,Valparaiso,United States,"2018-10-01",1209,1220,-11,1354,1409,-15,AA,N9618A,1047,DFW,VPS,89,105,641,0,0
ECP,Northwest Florida Beaches International Airport,30.357106,-85.795414,69,-6.0,A,Panama City,United States,"2018-10-01",1215,1225,-10,1405,1424,-19,EV,N616QX,2895,DFW,ECP,93,110,685,0,0
PNS,Pensacola Regional Airport,30.473400115967,-87.186599731445,121,-6.0,A,Pensacola,United States,"2018-10-01",1235,1236,-1,1243,1247,-4,DL,N957DL,1353,ATL,PNS,51,68,271,0,0
PNS,Pensacola Regional Airport,30.473400115967,-87.186599731445,121,-6.0,A,Pensacola,United States,"2018-10-01",1307,1300,7,1440,1445,-5,AA,N9616G,2389,DFW,PNS,82,93,604,0,0
TLH,Tallahassee Regional Airport,30.396499633789062,-84.35030364990234,81,-5.0,A,Tallahassee,United States,"2018-10-01",1305,1305,0,1606,1612,-6,MQ,N250NN,4069,DFW,TLH,101,121,767,0,0
VPS,Destin-Ft Walton Beach Airport,30.4832,-86.525398,87,-6.0,A,Valparaiso,United States,"2018-10-01",1305,1306,-1,1346,1349,-3,OH,N566NN,5500,CLT,VPS,66,101,460,0,0
ECP,Northwest Florida Beaches International Airport,30.357106,-85.795414,69,-6.0,A,Panama City,United States,"2018-10-01",1310,1315,-5,1453,1500,-7,WN,N8622A,3079,DAL,ECP,87,103,674,0,0
TLH,Tallahassee Regional Airport,30.396499633789062,-84.35030364990234,81,-5.0,A,Tallahassee,United States,"2018-10-01",1312,1315,-3,1440,1446,-6,OH,N588NN,5662,CLT,TLH,55,88,386,0,0
VPS,Destin-Ft Walton Beach Airport,30.4832,-86.525398,87,-6.0,A,Valparaiso,United States,"2018-10-01",1338,1342,-4,1337,1348,-11,DL,N936DL,2873,ATL,VPS,41,59,250,0,0
ECP,Northwest Florida Beaches International Airport,30.357106,-85.795414,69,-6.0,A,Panama City,United States,"2018-10-01",1346,1354,-8,1343,1352,-9,DL,N955DL,2506,ATL,ECP,40,57,240,0,0
PNS,Pensacola Regional Airport,30.473400115967,-87.186599731445,121,-6.0,A,Pensacola,United States,"2018-10-01",1404,1414,-10,1533,1555,-22,YX,N133HQ,4537,PHL,PNS,129,149,935,0,0
TLH,Tallahassee Regional Airport,30.396499633789062,-84.35030364990234,81,-5.0,A,Tallahassee,United States,"2018-10-01",1420,1421,-1,1511,1523,-12,DL,N994AT,1399,ATL,TLH,38,51,223,0,0
TLH,Tallahassee Regional Airport,30.396499633789062,-84.35030364990234,81,-5.0,A,Tallahassee,United States,"2018-10-01",1452,1439,13,1615,1608,7,MQ,N657AE,3861,MIA,TLH,63,83,402,0,0
ECP,Northwest Florida Beaches International Airport,30.357106,-85.795414,69,-6.0,A,Panama City,United States,"2018-10-01",1501,1445,16,1641,1630,11,EV,N13553,4249,IAH,ECP,83,100,572,0,0
PNS,Pensacola Regional Airport,30.473400115967,-87.186599731445,121,-6.0,A,Pensacola,United States,"2018-10-01",1451,1447,4,1530,1531,-1,YX,N127HQ,4553,CLT,PNS,72,99,488,0,0
PNS,Pensacola Regional Airport,30.473400115967,-87.186599731445,121,-6.0,A,Pensacola,United States,"2018-10-01",1457,1459,-2,1454,1511,-17,DL,N937DL,1270,ATL,PNS,45,57,271,0,0
VPS,Destin-Ft Walton Beach Airport,30.4832,-86.525398,87,-6.0,A,Valparaiso,United States,"2018-10-01",1510,1510,0,1510,1516,-6,DL,N904DE,2802,ATL,VPS,39,60,250,0,0
TLH,Tallahassee Regional Airport,30.396499633789062,-84.35030364990234,81,-5.0,A,Tallahassee,United States,"2018-10-01",1612,1610,2,1732,1737,-5,OH,N558NN,5248,CLT,TLH,60,80,386,0,0
TLH,Tallahassee Regional Airport,30.396499633789062,-84.35030364990234,81,-5.0,A,Tallahassee,United States,"2018-10-01",1613,1617,-4,1701,1712,-11,DL,N999DN,1786,ATL,TLH,36,48,223,0,0
VPS,Destin-Ft Walton Beach Airport,30.4832,-86.525398,87,-6.0,A,Valparaiso,United States,"2018-10-01",,1620,,,1809,,EV,N14568,4412,IAH,VPS,,,528,1,0
PNS,Pensacola Regional Airport,30.473400115967,-87.186599731445,121,-6.0,A,Pensacola,United States,"2018-10-01",1721,1625,56,1851,1802,49,YV,N87360,6184,IAH,PNS,75,90,489,0,0
PNS,Pensacola Regional Airport,30.473400115967,-87.186599731445,121,-6.0,A,Pensacola,United States,"2018-10-01",1634,1638,-4,1722,1729,-7,MQ,N689EC,3427,MIA,PNS,89,108,530,0,0
PNS,Pensacola Regional Airport,30.473400115967,-87.186599731445,121,-6.0,A,Pensacola,United States,"2018-10-01",1643,1645,-2,1829,1835,-6,MQ,N259NN,3877,DFW,PNS,81,106,604,0,0
VPS,Destin-Ft Walton Beach Airport,30.4832,-86.525398,87,-6.0,A,Valparaiso,United States,"2018-10-01",1712,1650,22,1859,1846,13,YV,N326MS,5906,DFW,VPS,88,107,641,0,0
PNS,Pensacola Regional Airport,30.473400115967,-87.186599731445,121,-6.0,A,Pensacola,United States,"2018-10-01",1652,1655,-3,1653,1704,-11,DL,N692DL,1814,ATL,PNS,43,61,271,0,0
ECP,Northwest Florida Beaches International Airport,30.357106,-85.795414,69,-6.0,A,Panama City,United States,"2018-10-01",1728,1715,13,1905,1900,5,WN,N7748A,1484,HOU,ECP,85,97,571,0,0
VPS,Destin-Ft Walton Beach Airport,30.4832,-86.525398,87,-6.0,A,Valparaiso,United States,"2018-10-01",1717,1719,-2,1714,1722,-8,DL,N964DL,1167,ATL,VPS,40,57,250,0,0
ECP,Northwest Florida Beaches International Airport,30.357106,-85.795414,69,-6.0,A,Panama City,United States,"2018-10-01",1709,1713,-4,1703,1711,-8,DL,N982DL,1403,ATL,ECP,43,54,240,0,0
PNS,Pensacola Regional Airport,30.473400115967,-87.186599731445,121,-6.0,A,Pensacola,United States,"2018-10-01",1734,1720,14,1855,1845,10,WN,N8652B,2300,HOU,PNS,70,81,488,0,0
TLH,Tallahassee Regional Airport,30.396499633789062,-84.35030364990234,81,-5.0,A,Tallahassee,United States,"2018-10-01",1723,1730,-7,1843,1859,-16,MQ,N900AE,3844,MIA,TLH,62,80,402,0,0
PNS,Pensacola Regional Airport,30.473400115967,-87.186599731445,121,-6.0,A,Pensacola,United States,"2018-10-01",1829,1834,-5,1826,1845,-19,DL,N972DL,2182,ATL,PNS,41,57,271,0,0
PNS,Pensacola Regional Airport,30.473400115967,-87.186599731445,121,-6.0,A,Pensacola,United States,"2018-10-01",1740,1741,-1,1806,1820,-14,OH,N518AE,5463,CLT,PNS,68,86,488,0,0
VPS,Destin-Ft Walton Beach Airport,30.4832,-86.525398,87,-6.0,A,Valparaiso,United States,"2018-10-01",1743,1745,-2,1804,1824,-20,OH,N570NN,5709,CLT,VPS,65,81,460,0,0
TLH,Tallahassee Regional Airport,30.396499633789062,-84.35030364990234,81,-5.0,A,Tallahassee,United States,"2018-10-01",1749,1755,-6,1912,1927,-15,YX,N120HQ,4660,CLT,TLH,57,83,386,0,0
TLH,Tallahassee Regional Airport,30.396499633789062,-84.35030364990234,81,-5.0,A,Tallahassee,United States,"2018-10-01",1800,1804,-4,1854,1910,-16,DL,N893AT,678,ATL,TLH,37,54,223,0,0
VPS,Destin-Ft Walton Beach Airport,30.4832,-86.525398,87,-6.0,A,Valparaiso,United States,"2018-10-01",1805,1805,0,1953,1952,1,YV,N85354,6215,IAH,VPS,79,108,528,0,0
ECP,Northwest Florida Beaches International Airport,30.357106,-85.795414,69,-6.0,A,Panama City,United States,"2018-10-01",1824,1830,-6,1855,1914,-19,EV,N616QX,2890,CLT,ECP,62,91,437,0,0
VPS,Destin-Ft Walton Beach Airport,30.4832,-86.525398,87,-6.0,A,Valparaiso,United States,"2018-10-01",1835,1845,-10,2025,2044,-19,AA,N7541A,1445,DFW,VPS,85,110,641,0,0
ECP,Northwest Florida Beaches International Airport,30.357106,-85.795414,69,-6.0,A,Panama City,United States,"2018-10-01",1842,1850,-8,2038,2055,-17,EV,N605QX,2870,DFW,ECP,92,116,685,0,0
ECP,Northwest Florida Beaches International Airport,30.357106,-85.795414,69,-6.0,A,Panama City,United States,"2018-10-01",1931,1934,-3,1940,1940,0,DL,N3734B,2431,ATL,ECP,39,69,240,0,0
ECP,Northwest Florida Beaches International Airport,30.357106,-85.795414,69,-6.0,A,Panama City,United States,"2018-10-01",1955,2000,-5,2142,2145,-3,EV,N14991,4190,IAH,ECP,80,107,572,0,0
VPS,Destin-Ft Walton Beach Airport,30.4832,-86.525398,87,-6.0,A,Valparaiso,United States,"2018-10-01",1930,1936,-6,1942,1945,-3,DL,N954DL,1856,ATL,VPS,39,72,250,0,0
ECP,Northwest Florida Beaches International Airport,30.357106,-85.795414,69,-6.0,A,Panama City,United States,"2018-10-01",2136,1940,116,2258,2050,128,WN,N742SW,3723,BNA,ECP,62,82,401,0,0
PNS,Pensacola Regional Airport,30.473400115967,-87.186599731445,121,-6.0,A,Pensacola,United States,"2018-10-01",1940,1945,-5,2052,2055,-3,WN,N406WN,1362,BNA,PNS,55,72,391,0,0
PNS,Pensacola Regional Airport,30.473400115967,-87.186599731445,121,-6.0,A,Pensacola,United States,"2018-10-01",1953,2000,-7,2113,2129,-16,YX,N413YX,4504,DCA,PNS,108,140,816,0,0
TLH,Tallahassee Regional Airport,30.396499633789062,-84.35030364990234,81,-5.0,A,Tallahassee,United States,"2018-10-01",2036,2000,36,2240,2213,27,OH,N508AE,5597,DCA,TLH,103,124,716,0,0
VPS,Destin-Ft Walton Beach Airport,30.4832,-86.525398,87,-6.0,A,Valparaiso,United States,"2018-10-01",2001,2017,-16,2059,2117,-18,G4,"224NV",1917,LCK,VPS,95,118,675,0,0
TLH,Tallahassee Regional Airport,30.396499633789062,-84.35030364990234,81,-5.0,A,Tallahassee,United States,"2018-10-01",2026,2030,-4,2340,2335,5,MQ,N249NN,4131,DFW,TLH,110,134,767,0,0
PNS,Pensacola Regional Airport,30.473400115967,-87.186599731445,121,-6.0,A,Pensacola,United States,"2018-10-01",2039,2046,-7,2044,2057,-13,DL,N960DL,1236,ATL,PNS,45,65,271,0,0
PNS,Pensacola Regional Airport,30.473400115967,-87.186599731445,121,-6.0,A,Pensacola,United States,"2018-10-01",2048,2045,3,2232,2230,2,AA,N9626F,2641,DFW,PNS,89,104,604,0,0
TLH,Tallahassee Regional Airport,30.396499633789062,-84.35030364990234,81,-5.0,A,Tallahassee,United States,"2018-10-01",2220,2051,89,2313,2155,78,DL,N917DL,1669,ATL,TLH,38,53,223,0,0
TLH,Tallahassee Regional Airport,30.396499633789062,-84.35030364990234,81,-5.0,A,Tallahassee,United States,"2018-10-01",2141,2145,-4,2309,2318,-9,MQ,N696AE,3325,MIA,TLH,63,88,402,0,0
PNS,Pensacola Regional Airport,30.473400115967,-87.186599731445,121,-6.0,A,Pensacola,United States,"2018-10-01",2131,2135,-4,2257,2304,-7,YV,N82338,6187,IAH,PNS,68,86,489,0,0
PNS,Pensacola Regional Airport,30.473400115967,-87.186599731445,121,-6.0,A,Pensacola,United States,"2018-10-01",2147,2151,-4,2234,2245,-11,MQ,N905JH,4109,MIA,PNS,81,107,530,0,0
PNS,Pensacola Regional Airport,30.473400115967,-87.186599731445,121,-6.0,A,Pensacola,United States,"2018-10-01",2221,2224,-3,2254,2308,-14,OH,N561NN,5103,CLT,PNS,69,93,488,0,0
PNS,Pensacola Regional Airport,30.473400115967,-87.186599731445,121,-6.0,A,Pensacola,United States,"2018-10-01",2232,2238,-6,2238,2247,-9,DL,N948DL,1213,ATL,PNS,46,66,271,0,0
TLH,Tallahassee Regional Airport,30.396499633789062,-84.35030364990234,81,-5.0,A,Tallahassee,United States,"2018-10-01",2230,2232,-2,2351,2359,-8,OH,N716PS,5284,CLT,TLH,63,81,386,0,0
TLH,Tallahassee Regional Airport,30.396499633789062,-84.35030364990234,81,-5.0,A,Tallahassee,United States,"2018-10-01",2239,2241,-2,2333,2345,-12,DL,N955DL,485,ATL,TLH,38,54,223,0,0
ECP,Northwest Florida Beaches International Airport,30.357106,-85.795414,69,-6.0,A,Panama City,United States,"2018-10-01",2242,2245,-3,2239,2250,-11,DL,N841DN,2303,ATL,ECP,39,57,240,0,0
VPS,Destin-Ft Walton Beach Airport,30.4832,-86.525398,87,-6.0,A,Valparaiso,United States,"2018-10-01",2237,2241,-4,2305,2320,-15,OH,N576NN,5696,CLT,VPS,68,88,460,0,0
VPS,Destin-Ft Walton Beach Airport,30.4832,-86.525398,87,-6.0,A,Valparaiso,United States,"2018-10-01",2241,2242,-1,2245,2248,-3,DL,N918DE,1590,ATL,VPS,39,64,250,0,0
PNS,Pensacola Regional Airport,30.473400115967,-87.186599731445,121,-6.0,A,Pensacola,United States,"2018-10-02",719,722,-3,1105,1121,-16,F9,N229FR,638,DEN,PNS,144,166,1179,0,0
PNS,Pensacola Regional Airport,30.473400115967,-87.186599731445,121,-6.0,A,Pensacola,United States,"2018-10-02",735,725,10,908,904,4,EV,N12201,4182,IAH,PNS,72,93,489,0,0
ECP,Northwest Florida Beaches International Airport,30.357106,-85.795414,69,-6.0,A,Panama City,United States,"2018-10-02",736,740,-4,843,900,-17,WN,N7748A,1764,BNA,ECP,56,67,401,0,0
PNS,Pensacola Regional Airport,30.473400115967,-87.186599731445,121,-6.0,A,Pensacola,United States,"2018-10-02",733,740,-7,809,822,-13,OH,N709PS,5237,CLT,PNS,71,96,488,0,0
PNS,Pensacola Regional Airport,30.473400115967,-87.186599731445,121,-6.0,A,Pensacola,United States,"2018-10-02",742,745,-3,851,905,-14,WN,N287WN,1156,BNA,PNS,55,69,391,0,0
TLH,Tallahassee Regional Airport,30.396499633789062,-84.35030364990234,81,-5.0,A,Tallahassee,United States,"2018-10-02",832,836,-4,922,941,-19,"9E",N929XJ,3281,ATL,TLH,37,50,223,0,0
PNS,Pensacola Regional Airport,30.473400115967,-87.186599731445,121,-6.0,A,Pensacola,United States,"2018-10-02",816,820,-4,821,831,-10,DL,N937DL,2212,ATL,PNS,46,65,271,0,0
VPS,Destin-Ft Walton Beach Airport,30.4832,-86.525398,87,-6.0,A,Valparaiso,United States,"2018-10-02",841,850,-9,1013,1023,-10,YX,N113HQ,4609,DCA,VPS,111,152,789,0,0
VPS,Destin-Ft Walton Beach Airport,30.4832,-86.525398,87,-6.0,A,Valparaiso,United States,"2018-10-02",850,855,-5,919,931,-12,OH,N563NN,5564,CLT,VPS,68,89,460,0,0
TLH,Tallahassee Regional Airport,30.396499633789062,-84.35030364990234,81,-5.0,A,Tallahassee,United States,"2018-10-02",903,900,3,1028,1025,3,OH,N589NN,5272,CLT,TLH,65,85,386,0,0
ECP,Northwest Florida Beaches International Airport,30.357106,-85.795414,69,-6.0,A,Panama City,United States,"2018-10-02",854,900,-6,854,903,-9,DL,N992DL,2029,ATL,ECP,43,60,240,0,0
PNS,Pensacola Regional Airport,30.473400115967,-87.186599731445,121,-6.0,A,Pensacola,United States,"2018-10-02",906,915,-9,1007,1003,4,MQ,N675AE,3733,MIA,PNS,84,121,530,0,0
PNS,Pensacola Regional Airport,30.473400115967,-87.186599731445,121,-6.0,A,Pensacola,United States,"2018-10-02",934,935,-1,1115,1117,-2,YV,N89342,6357,IAH,PNS,71,101,489,0,0
VPS,Destin-Ft Walton Beach Airport,30.4832,-86.525398,87,-6.0,A,Valparaiso,United States,"2018-10-02",944,944,0,942,950,-8,DL,N915DE,2716,ATL,VPS,42,58,250,0,0
ECP,Northwest Florida Beaches International Airport,30.357106,-85.795414,69,-6.0,A,Panama City,United States,"2018-10-02",953,1000,-7,1145,1145,0,EV,N11536,4451,IAH,ECP,88,112,572,0,0
PNS,Pensacola Regional Airport,30.473400115967,-87.186599731445,121,-6.0,A,Pensacola,United States,"2018-10-02",1002,1002,0,1013,1017,-4,DL,N6709,2179,ATL,PNS,49,71,271,0,0
TLH,Tallahassee Regional Airport,30.396499633789062,-84.35030364990234,81,-5.0,A,Tallahassee,United States,"2018-10-02",1022,1025,-3,1148,1150,-2,MQ,N905JH,3663,MIA,TLH,67,86,402,0,0
PNS,Pensacola Regional Airport,30.473400115967,-87.186599731445,121,-6.0,A,Pensacola,United States,"2018-10-02",1026,1028,-2,1205,1216,-11,MQ,N261NN,3324,DFW,PNS,82,99,604,0,0
TLH,Tallahassee Regional Airport,30.396499633789062,-84.35030364990234,81,-5.0,A,Tallahassee,United States,"2018-10-02",1045,1050,-5,1137,1150,-13,DL,N973DL,489,ATL,TLH,37,52,223,0,0
VPS,Destin-Ft Walton Beach Airport,30.4832,-86.525398,87,-6.0,A,Valparaiso,United States,"2018-10-02",1051,1055,-4,1243,1255,-12,YV,N909FJ,5740,DFW,VPS,88,112,641,0,0
ECP,Northwest Florida Beaches International Airport,30.357106,-85.795414,69,-6.0,A,Panama City,United States,"2018-10-02",1108,1112,-4,1105,1116,-11,DL,N918DE,1733,ATL,ECP,39,57,240,0,0
PNS,Pensacola Regional Airport,30.473400115967,-87.186599731445,121,-6.0,A,Pensacola,United States,"2018-10-02",1126,1130,-4,1202,1214,-12,OH,N565NN,5298,CLT,PNS,74,96,488,0,0
PNS,Pensacola Regional Airport,30.473400115967,-87.186599731445,121,-6.0,A,Pensacola,United States,"2018-10-02",1316,1141,95,1532,1400,92,EV,N13908,4085,ORD,PNS,106,136,794,0,0
ECP,Northwest Florida Beaches International Airport,30.357106,-85.795414,69,-6.0,A,Panama City,United States,"2018-10-02",1128,1131,-3,1204,1210,-6,EV,N617QX,2916,CLT,ECP,67,96,437,0,0
PNS,Pensacola Regional Airport,30.473400115967,-87.186599731445,121,-6.0,A,Pensacola,United States,"2018-10-02",1130,1138,-8,1241,1300,-19,MQ,N227NN,3771,DCA,PNS,111,131,816,0,0
VPS,Destin-Ft Walton Beach Airport,30.4832,-86.525398,87,-6.0,A,Valparaiso,United States,"2018-10-02",1150,1155,-5,1328,1344,-16,EV,N13538,3995,IAH,VPS,77,98,528,0,0
PNS,Pensacola Regional Airport,30.473400115967,-87.186599731445,121,-6.0,A,Pensacola,United States,"2018-10-02",1148,1155,-7,1334,1334,0,EV,N13988,4393,IAH,PNS,73,106,489,0,0
VPS,Destin-Ft Walton Beach Airport,30.4832,-86.525398,87,-6.0,A,Valparaiso,United States,"2018-10-02",1156,1157,-1,1337,1339,-2,G4,"274NV",1903,BLV,VPS,80,101,587,0,0
ECP,Northwest Florida Beaches International Airport,30.357106,-85.795414,69,-6.0,A,Panama City,United States,"2018-10-02",1225,1225,0,1415,1424,-9,EV,N717EV,2895,DFW,ECP,90,110,685,0,0
PNS,Pensacola Regional Airport,30.473400115967,-87.186599731445,121,-6.0,A,Pensacola,United States,"2018-10-02",1233,1236,-3,1231,1247,-16,DL,N955DL,1353,ATL,PNS,46,58,271,0,0
TLH,Tallahassee Regional Airport,30.396499633789062,-84.35030364990234,81,-5.0,A,Tallahassee,United States,"2018-10-02",1308,1305,3,1607,1612,-5,MQ,N246NN,4069,DFW,TLH,100,119,767,0,0
PNS,Pensacola Regional Airport,30.473400115967,-87.186599731445,121,-6.0,A,Pensacola,United States,"2018-10-02",1257,1300,-3,1440,1445,-5,AA,N501AA,2389,DFW,PNS,83,103,604,0,0
VPS,Destin-Ft Walton Beach Airport,30.4832,-86.525398,87,-6.0,A,Valparaiso,United States,"2018-10-02",1314,1306,8,1400,1349,11,OH,N572NN,5500,CLT,VPS,66,106,460,0,0
TLH,Tallahassee Regional Airport,30.396499633789062,-84.35030364990234,81,-5.0,A,Tallahassee,United States,"2018-10-02",1317,1315,2,1452,1446,6,OH,N589NN,5662,CLT,TLH,61,95,386,0,0
ECP,Northwest Florida Beaches International Airport,30.357106,-85.795414,69,-6.0,A,Panama City,United States,"2018-10-02",1316,1315,1,1456,1500,-4,WN,N8646B,3079,DAL,ECP,89,100,674,0,0
VPS,Destin-Ft Walton Beach Airport,30.4832,-86.525398,87,-6.0,A,Valparaiso,United States,"2018-10-02",1332,1331,1,1409,1418,-9,G4,"305NV",1901,CVG,VPS,75,97,600,0,0
ECP,Northwest Florida Beaches International Airport,30.357106,-85.795414,69,-6.0,A,Panama City,United States,"2018-10-02",1351,1354,-3,1346,1352,-6,DL,N970DL,2506,ATL,ECP,39,55,240,0,0
VPS,Destin-Ft Walton Beach Airport,30.4832,-86.525398,87,-6.0,A,Valparaiso,United States,"2018-10-02",1337,1342,-5,1338,1348,-10,DL,N906DE,2873,ATL,VPS,40,61,250,0,0
PNS,Pensacola Regional Airport,30.473400115967,-87.186599731445,121,-6.0,A,Pensacola,United States,"2018-10-02",1405,1414,-9,1552,1555,-3,YX,N134HQ,4537,PHL,PNS,131,167,935,0,0
TLH,Tallahassee Regional Airport,30.396499633789062,-84.35030364990234,81,-5.0,A,Tallahassee,United States,"2018-10-02",1420,1421,-1,1509,1523,-14,DL,N991AT,1399,ATL,TLH,39,49,223,0,0
TLH,Tallahassee Regional Airport,30.396499633789062,-84.35030364990234,81,-5.0,A,Tallahassee,United States,"2018-10-02",1429,1439,-10,1543,1608,-25,MQ,N689EC,3861,MIA,TLH,63,74,402,0,0
PNS,Pensacola Regional Airport,30.473400115967,-87.186599731445,121,-6.0,A,Pensacola,United States,"2018-10-02",1443,1447,-4,1524,1531,-7,YX,N117HQ,4553,CLT,PNS,71,101,488,0,0
ECP,Northwest Florida Beaches International Airport,30.357106,-85.795414,69,-6.0,A,Panama City,United States,"2018-10-02",1459,1445,14,1659,1630,29,EV,N12900,4249,IAH,ECP,87,120,572,0,0
PNS,Pensacola Regional Airport,30.473400115967,-87.186599731445,121,-6.0,A,Pensacola,United States,"2018-10-02",1454,1459,-5,1458,1511,-13,DL,N906DL,1270,ATL,PNS,46,64,271,0,0
VPS,Destin-Ft Walton Beach Airport,30.4832,-86.525398,87,-6.0,A,Valparaiso,United States,"2018-10-02",1505,1510,-5,1503,1516,-13,DL,N996DL,2802,ATL,VPS,40,58,250,0,0
TLH,Tallahassee Regional Airport,30.396499633789062,-84.35030364990234,81,-5.0,A,Tallahassee,United States,"2018-10-02",1559,1610,-11,1711,1737,-26,OH,N567NN,5248,CLT,TLH,57,72,386,0,0
TLH,Tallahassee Regional Airport,30.396499633789062,-84.35030364990234,81,-5.0,A,Tallahassee,United States,"2018-10-02",1613,1617,-4,1704,1712,-8,DL,N990DL,1786,ATL,TLH,39,51,223,0,0
VPS,Destin-Ft Walton Beach Airport,30.4832,-86.525398,87,-6.0,A,Valparaiso,United States,"2018-10-02",1717,1620,57,1900,1809,51,EV,N18556,4412,IAH,VPS,79,103,528,0,0
PNS,Pensacola Regional Airport,30.473400115967,-87.186599731445,121,-6.0,A,Pensacola,United States,"2018-10-02",1620,1625,-5,1756,1802,-6,YV,N89308,6184,IAH,PNS,73,96,489,0,0
PNS,Pensacola Regional Airport,30.473400115967,-87.186599731445,121,-6.0,A,Pensacola,United States,"2018-10-02",1631,1638,-7,1713,1729,-16,MQ,N693AE,3427,MIA,PNS,89,102,530,0,0
PNS,Pensacola Regional Airport,30.473400115967,-87.186599731445,121,-6.0,A,Pensacola,United States,"2018-10-02",1639,1645,-6,1820,1835,-15,MQ,N249NN,3877,DFW,PNS,81,101,604,0,0
VPS,Destin-Ft Walton Beach Airport,30.4832,-86.525398,87,-6.0,A,Valparaiso,United States,"2018-10-02",1655,1650,5,1844,1846,-2,YV,N914FJ,5906,DFW,VPS,84,109,641,0,0
PNS,Pensacola Regional Airport,30.473400115967,-87.186599731445,121,-6.0,A,Pensacola,United States,"2018-10-02",1655,1655,0,1657,1704,-7,DL,N665DN,1814,ATL,PNS,44,62,271,0,0
ECP,Northwest Florida Beaches International Airport,30.357106,-85.795414,69,-6.0,A,Panama City,United States,"2018-10-02",1711,1713,-2,1703,1711,-8,DL,N938DL,1403,ATL,ECP,41,52,240,0,0
ECP,Northwest Florida Beaches International Airport,30.357106,-85.795414,69,-6.0,A,Panama City,United States,"2018-10-02",1714,1715,-1,1848,1900,-12,WN,N401WN,1484,HOU,ECP,78,94,571,0,0
VPS,Destin-Ft Walton Beach Airport,30.4832,-86.525398,87,-6.0,A,Valparaiso,United States,"2018-10-02",1713,1719,-6,1714,1722,-8,DL,N983DL,1167,ATL,VPS,39,61,250,0,0
PNS,Pensacola Regional Airport,30.473400115967,-87.186599731445,121,-6.0,A,Pensacola,United States,"2018-10-02",1719,1720,-1,1842,1845,-3,WN,N8623F,2300,HOU,PNS,67,83,488,0,0
TLH,Tallahassee Regional Airport,30.396499633789062,-84.35030364990234,81,-5.0,A,Tallahassee,United States,"2018-10-02",1728,1730,-2,1903,1859,4,MQ,N680AE,3844,MIA,TLH,64,95,402,0,0
PNS,Pensacola Regional Airport,30.473400115967,-87.186599731445,121,-6.0,A,Pensacola,United States,"2018-10-02",1737,1741,-4,1808,1820,-12,OH,N716PS,5463,CLT,PNS,72,91,488,0,0
VPS,Destin-Ft Walton Beach Airport,30.4832,-86.525398,87,-6.0,A,Valparaiso,United States,"2018-10-02",1740,1745,-5,1811,1824,-13,OH,N593NN,5709,CLT,VPS,68,91,460,0,0
TLH,Tallahassee Regional Airport,30.396499633789062,-84.35030364990234,81,-5.0,A,Tallahassee,United States,"2018-10-02",1748,1755,-7,1922,1927,-5,YX,N119HQ,4660,CLT,TLH,63,94,386,0,0
TLH,Tallahassee Regional Airport,30.396499633789062,-84.35030364990234,81,-5.0,A,Tallahassee,United States,"2018-10-02",1758,1804,-6,1857,1910,-13,DL,N946AT,678,ATL,TLH,37,59,223,0,0
VPS,Destin-Ft Walton Beach Airport,30.4832,-86.525398,87,-6.0,A,Valparaiso,United States,"2018-10-02",1902,1805,57,2039,1952,47,YV,N86350,6215,IAH,VPS,76,97,528,0,0
ECP,Northwest Florida Beaches International Airport,30.357106,-85.795414,69,-6.0,A,Panama City,United States,"2018-10-09",,1445,,,1630,,EV,N18556,4249,IAH,ECP,,,572,1,0
ECP,Northwest Florida Beaches International Airport,30.357106,-85.795414,69,-6.0,A,Panama City,United States,"2018-10-02",1822,1830,-8,1849,1914,-25,EV,N717EV,2890,CLT,ECP,60,87,437,0,0
VPS,Destin-Ft Walton Beach Airport,30.4832,-86.525398,87,-6.0,A,Valparaiso,United States,"2018-10-02",1820,1832,-12,1854,1910,-16,G4,"274NV",1919,SDF,VPS,68,94,532,0,0
PNS,Pensacola Regional Airport,30.473400115967,-87.186599731445,121,-6.0,A,Pensacola,United States,"2018-10-02",1830,1834,-4,1825,1845,-20,DL,N977DL,2182,ATL,PNS,41,55,271,0,0
VPS,Destin-Ft Walton Beach Airport,30.4832,-86.525398,87,-6.0,A,Valparaiso,United States,"2018-10-02",1841,1845,-4,2025,2044,-19,AA,N979TW,1445,DFW,VPS,86,104,641,0,0
ECP,Northwest Florida Beaches International Airport,30.357106,-85.795414,69,-6.0,A,Panama City,United States,"2018-10-02",1844,1850,-6,2035,2055,-20,EV,N611QX,2870,DFW,ECP,92,111,685,0,0
ECP,Northwest Florida Beaches International Airport,30.357106,-85.795414,69,-6.0,A,Panama City,United States,"2018-10-02",1931,1934,-3,1931,1940,-9,DL,N379DA,2431,ATL,ECP,37,60,240,0,0
VPS,Destin-Ft Walton Beach Airport,30.4832,-86.525398,87,-6.0,A,Valparaiso,United States,"2018-10-02",1934,1936,-2,1945,1945,0,DL,N954DL,1856,ATL,VPS,38,71,250,0,0
ECP,Northwest Florida Beaches International Airport,30.357106,-85.795414,69,-6.0,A,Panama City,United States,"2018-10-02",2108,1940,88,2224,2050,94,WN,N915WN,3723,BNA,ECP,54,76,401,0,0
PNS,Pensacola Regional Airport,30.473400115967,-87.186599731445,121,-6.0,A,Pensacola,United States,"2018-10-02",1943,1945,-2,2050,2055,-5,WN,N411WN,1362,BNA,PNS,52,67,391,0,0
ECP,Northwest Florida Beaches International Airport,30.357106,-85.795414,69,-6.0,A,Panama City,United States,"2018-10-02",2008,2000,8,2151,2145,6,EV,N14573,4190,IAH,ECP,80,103,572,0,0
PNS,Pensacola Regional Airport,30.473400115967,-87.186599731445,121,-6.0,A,Pensacola,United States,"2018-10-02",2055,2000,55,2209,2129,40,YX,N137HQ,4504,DCA,PNS,104,134,816,0,0
TLH,Tallahassee Regional Airport,30.396499633789062,-84.35030364990234,81,-5.0,A,Tallahassee,United States,"2018-10-02",2110,2000,70,2306,2213,53,OH,N540EA,5597,DCA,TLH,94,116,716,0,0
TLH,Tallahassee Regional Airport,30.396499633789062,-84.35030364990234,81,-5.0,A,Tallahassee,United States,"2018-10-02",2027,2030,-3,2328,2335,-7,MQ,N227NN,4131,DFW,TLH,103,121,767,0,0
PNS,Pensacola Regional Airport,30.473400115967,-87.186599731445,121,-6.0,A,Pensacola,United States,"2018-10-02",2039,2045,-6,2225,2230,-5,AA,N9621A,2641,DFW,PNS,79,106,604,0,0
PNS,Pensacola Regional Airport,30.473400115967,-87.186599731445,121,-6.0,A,Pensacola,United States,"2018-10-02",2042,2046,-4,2043,2057,-14,DL,N985DL,1236,ATL,PNS,44,61,271,0,0
TLH,Tallahassee Regional Airport,30.396499633789062,-84.35030364990234,81,-5.0,A,Tallahassee,United States,"2018-10-02",2046,2051,-5,2137,2155,-18,DL,N950DL,1669,ATL,TLH,36,51,223,0,0
PNS,Pensacola Regional Airport,30.473400115967,-87.186599731445,121,-6.0,A,Pensacola,United States,"2018-10-02",2131,2135,-4,2254,2304,-10,YV,N88327,6187,IAH,PNS,68,83,489,0,0
TLH,Tallahassee Regional Airport,30.396499633789062,-84.35030364990234,81,-5.0,A,Tallahassee,United States,"2018-10-02",2159,2145,14,2336,2318,18,MQ,N681AE,3325,MIA,TLH,64,97,402,0,0
PNS,Pensacola Regional Airport,30.473400115967,-87.186599731445,121,-6.0,A,Pensacola,United States,"2018-10-02",2144,2151,-7,2227,2245,-18,MQ,N693AE,4109,MIA,PNS,81,103,530,0,0
PNS,Pensacola Regional Airport,30.473400115967,-87.186599731445,121,-6.0,A,Pensacola,United States,"2018-10-02",2215,2224,-9,2250,2308,-18,OH,N573NN,5103,CLT,PNS,70,95,488,0,0
TLH,Tallahassee Regional Airport,30.396499633789062,-84.35030364990234,81,-5.0,A,Tallahassee,United States,"2018-10-02",2227,2232,-5,2353,2359,-6,OH,N545PB,5284,CLT,TLH,61,86,386,0,0
PNS,Pensacola Regional Airport,30.473400115967,-87.186599731445,121,-6.0,A,Pensacola,United States,"2018-10-02",2238,2238,0,2235,2247,-12,DL,N910DE,1213,ATL,PNS,40,57,271,0,0
TLH,Tallahassee Regional Airport,30.396499633789062,-84.35030364990234,81,-5.0,A,Tallahassee,United States,"2018-10-02",2228,2241,-13,2334,2345,-11,DL,N965DL,485,ATL,TLH,42,66,223,0,0
VPS,Destin-Ft Walton Beach Airport,30.4832,-86.525398,87,-6.0,A,Valparaiso,United States,"2018-10-02",2231,2241,-10,2305,2320,-15,OH,N557NN,5696,CLT,VPS,66,94,460,0,0
VPS,Destin-Ft Walton Beach Airport,30.4832,-86.525398,87,-6.0,A,Valparaiso,United States,"2018-10-02",2237,2242,-5,2242,2248,-6,DL,N943DL,1590,ATL,VPS,39,65,250,0,0
ECP,Northwest Florida Beaches International Airport,30.357106,-85.795414,69,-6.0,A,Panama City,United States,"2018-10-02",2234,2245,-11,2230,2250,-20,DL,N818DA,2303,ATL,ECP,38,56,240,0,0
VPS,Destin-Ft Walton Beach Airport,30.4832,-86.525398,87,-6.0,A,Valparaiso,United States,"2018-10-03",651,700,-9,753,810,-17,G4,"326NV",1424,PIT,VPS,98,122,775,0,0
PNS,Pensacola Regional Airport,30.473400115967,-87.186599731445,121,-6.0,A,Pensacola,United States,"2018-10-03",732,725,7,906,904,2,EV,N13553,4182,IAH,PNS,73,94,489,0,0
PNS,Pensacola Regional Airport,30.473400115967,-87.186599731445,121,-6.0,A,Pensacola,United States,"2018-10-03",737,740,-3,813,822,-9,OH,N712PS,5237,CLT,PNS,71,96,488,0,0
PNS,Pensacola Regional Airport,30.473400115967,-87.186599731445,121,-6.0,A,Pensacola,United States,"2018-10-03",737,745,-8,947,1004,-17,OO,N693BR,5803,ORD,PNS,112,130,794,0,0
ECP,Northwest Florida Beaches International Airport,30.357106,-85.795414,69,-6.0,A,Panama City,United States,"2018-10-03",742,745,-3,848,900,-12,WN,N224WN,1281,BNA,ECP,56,66,401,0,0
PNS,Pensacola Regional Airport,30.473400115967,-87.186599731445,121,-6.0,A,Pensacola,United States,"2018-10-03",747,750,-3,859,905,-6,WN,N7732A,2229,BNA,PNS,53,72,391,0,0
TLH,Tallahassee Regional Airport,30.396499633789062,-84.35030364990234,81,-5.0,A,Tallahassee,United States,"2018-10-03",831,836,-5,932,941,-9,"9E",N315PQ,3281,ATL,TLH,37,61,223,0,0
PNS,Pensacola Regional Airport,30.473400115967,-87.186599731445,121,-6.0,A,Pensacola,United States,"2018-10-03",817,820,-3,827,831,-4,DL,N966DL,2212,ATL,PNS,49,70,271,0,0
VPS,Destin-Ft Walton Beach Airport,30.4832,-86.525398,87,-6.0,A,Valparaiso,United States,"2018-10-03",844,850,-6,957,1023,-26,YX,N437YX,4609,DCA,VPS,105,133,789,0,0
VPS,Destin-Ft Walton Beach Airport,30.4832,-86.525398,87,-6.0,A,Valparaiso,United States,"2018-10-03",853,855,-2,923,931,-8,OH,N593NN,5564,CLT,VPS,70,90,460,0,0
TLH,Tallahassee Regional Airport,30.396499633789062,-84.35030364990234,81,-5.0,A,Tallahassee,United States,"2018-10-03",858,900,-2,1023,1025,-2,OH,N584NN,5272,CLT,TLH,68,85,386,0,0
ECP,Northwest Florida Beaches International Airport,30.357106,-85.795414,69,-6.0,A,Panama City,United States,"2018-10-03",855,900,-5,900,903,-3,DL,N943DL,2029,ATL,ECP,43,65,240,0,0
PNS,Pensacola Regional Airport,30.473400115967,-87.186599731445,121,-6.0,A,Pensacola,United States,"2018-10-03",916,915,1,1004,1003,1,MQ,N689EC,3733,MIA,PNS,87,108,530,0,0
VPS,Destin-Ft Walton Beach Airport,30.4832,-86.525398,87,-6.0,A,Valparaiso,United States,"2018-10-03",916,929,-13,1056,1113,-17,G4,"224NV",1903,BLV,VPS,77,100,587,0,0
PNS,Pensacola Regional Airport,30.473400115967,-87.186599731445,121,-6.0,A,Pensacola,United States,"2018-10-03",953,935,18,1127,1117,10,YV,N88341,6357,IAH,PNS,72,94,489,0,0
VPS,Destin-Ft Walton Beach Airport,30.4832,-86.525398,87,-6.0,A,Valparaiso,United States,"2018-10-03",939,944,-5,938,950,-12,DL,N953DL,2716,ATL,VPS,37,59,250,0,0
ECP,Northwest Florida Beaches International Airport,30.357106,-85.795414,69,-6.0,A,Panama City,United States,"2018-10-03",956,1000,-4,1150,1145,5,EV,N12900,4451,IAH,ECP,91,114,572,0,0
PNS,Pensacola Regional Airport,30.473400115967,-87.186599731445,121,-6.0,A,Pensacola,United States,"2018-10-03",959,1002,-3,1008,1017,-9,DL,N555NW,2179,ATL,PNS,44,69,271,0,0
TLH,Tallahassee Regional Airport,30.396499633789062,-84.35030364990234,81,-5.0,A,Tallahassee,United States,"2018-10-03",1021,1025,-4,1150,1150,0,MQ,N661JA,3663,MIA,TLH,63,89,402,0,0
PNS,Pensacola Regional Airport,30.473400115967,-87.186599731445,121,-6.0,A,Pensacola,United States,"2018-10-03",1023,1028,-5,1210,1216,-6,MQ,N245NN,3324,DFW,PNS,87,107,604,0,0
TLH,Tallahassee Regional Airport,30.396499633789062,-84.35030364990234,81,-5.0,A,Tallahassee,United States,"2018-10-03",1048,1050,-2,1142,1150,-8,DL,N977DL,489,ATL,TLH,40,54,223,0,0
VPS,Destin-Ft Walton Beach Airport,30.4832,-86.525398,87,-6.0,A,Valparaiso,United States,"2018-10-03",1051,1055,-4,1246,1255,-9,YV,N911FJ,5740,DFW,VPS,86,115,641,0,0
ECP,Northwest Florida Beaches International Airport,30.357106,-85.795414,69,-6.0,A,Panama City,United States,"2018-10-03",1111,1112,-1,1107,1116,-9,DL,N976DL,1733,ATL,ECP,41,56,240,0,0
PNS,Pensacola Regional Airport,30.473400115967,-87.186599731445,121,-6.0,A,Pensacola,United States,"2018-10-03",1126,1130,-4,1200,1214,-14,OH,N551NN,5298,CLT,PNS,75,94,488,0,0
ECP,Northwest Florida Beaches International Airport,30.357106,-85.795414,69,-6.0,A,Panama City,United States,"2018-10-03",1124,1131,-7,1152,1210,-18,EV,N720EV,2916,CLT,ECP,61,88,437,0,0
PNS,Pensacola Regional Airport,30.473400115967,-87.186599731445,121,-6.0,A,Pensacola,United States,"2018-10-03",1130,1138,-8,1240,1300,-20,MQ,N237NN,3771,DCA,PNS,112,130,816,0,0
PNS,Pensacola Regional Airport,30.473400115967,-87.186599731445,121,-6.0,A,Pensacola,United States,"2018-10-03",1135,1139,-4,1352,1352,0,F9,N910FR,1286,ORD,PNS,104,137,794,0,0
PNS,Pensacola Regional Airport,30.473400115967,-87.186599731445,121,-6.0,A,Pensacola,United States,"2018-10-03",1137,1141,-4,1343,1400,-17,EV,N36915,4085,ORD,PNS,109,126,794,0,0
VPS,Destin-Ft Walton Beach Airport,30.4832,-86.525398,87,-6.0,A,Valparaiso,United States,"2018-10-03",1150,1155,-5,1334,1344,-10,EV,N14991,3995,IAH,VPS,78,104,528,0,0
PNS,Pensacola Regional Airport,30.473400115967,-87.186599731445,121,-6.0,A,Pensacola,United States,"2018-10-03",1153,1155,-2,1319,1334,-15,EV,N27152,4393,IAH,PNS,72,86,489,0,0
VPS,Destin-Ft Walton Beach Airport,30.4832,-86.525398,87,-6.0,A,Valparaiso,United States,"2018-10-03",1152,1200,-8,1315,1345,-30,G4,"274NV",1991,EWR,VPS,130,143,988,0,0
PNS,Pensacola Regional Airport,30.473400115967,-87.186599731445,121,-6.0,A,Pensacola,United States,"2018-10-03",1231,1236,-5,1236,1247,-11,DL,N936DL,1353,ATL,PNS,46,65,271,0,0
ECP,Northwest Florida Beaches International Airport,30.357106,-85.795414,69,-6.0,A,Panama City,United States,"2018-10-03",,1225,,,1424,,EV,N615QX,2895,DFW,ECP,,,685,1,0
TLH,Tallahassee Regional Airport,30.396499633789062,-84.35030364990234,81,-5.0,A,Tallahassee,United States,"2018-10-03",1304,1305,-1,1607,1612,-5,MQ,N241NN,4069,DFW,TLH,101,123,767,0,0
PNS,Pensacola Regional Airport,30.473400115967,-87.186599731445,121,-6.0,A,Pensacola,United States,"2018-10-03",1430,1300,90,1614,1445,89,AA,N9618A,2389,DFW,PNS,82,104,604,0,0
VPS,Destin-Ft Walton Beach Airport,30.4832,-86.525398,87,-6.0,A,Valparaiso,United States,"2018-10-03",1301,1306,-5,1345,1349,-4,OH,N584NN,5500,CLT,VPS,69,104,460,0,0
TLH,Tallahassee Regional Airport,30.396499633789062,-84.35030364990234,81,-5.0,A,Tallahassee,United States,"2018-10-03",1308,1315,-7,1444,1446,-2,OH,N564NN,5662,CLT,TLH,58,96,386,0,0
ECP,Northwest Florida Beaches International Airport,30.357106,-85.795414,69,-6.0,A,Panama City,United States,"2018-10-03",1349,1354,-5,1349,1352,-3,DL,N903DE,2506,ATL,ECP,42,60,240,0,0
VPS,Destin-Ft Walton Beach Airport,30.4832,-86.525398,87,-6.0,A,Valparaiso,United States,"2018-10-03",1339,1342,-3,1340,1348,-8,DL,N912DL,2873,ATL,VPS,40,61,250,0,0
PNS,Pensacola Regional Airport,30.473400115967,-87.186599731445,121,-6.0,A,Pensacola,United States,"2018-10-03",1407,1414,-7,1530,1555,-25,YX,N106HQ,4537,PHL,PNS,123,143,935,0,0
TLH,Tallahassee Regional Airport,30.396499633789062,-84.35030364990234,81,-5.0,A,Tallahassee,United States,"2018-10-03",1417,1421,-4,1512,1523,-11,DL,N895AT,1399,ATL,TLH,39,55,223,0,0
TLH,Tallahassee Regional Airport,30.396499633789062,-84.35030364990234,81,-5.0,A,Tallahassee,United States,"2018-10-03",1503,1439,24,1626,1608,18,MQ,N902BC,3861,MIA,TLH,61,83,402,0,0
ECP,Northwest Florida Beaches International Airport,30.357106,-85.795414,69,-6.0,A,Panama City,United States,"2018-10-03",1439,1445,-6,1625,1630,-5,EV,N18557,4249,IAH,ECP,86,106,572,0,0
PNS,Pensacola Regional Airport,30.473400115967,-87.186599731445,121,-6.0,A,Pensacola,United States,"2018-10-03",1439,1447,-8,1515,1531,-16,YX,N138HQ,4553,CLT,PNS,71,96,488,0,0
PNS,Pensacola Regional Airport,30.473400115967,-87.186599731445,121,-6.0,A,Pensacola,United States,"2018-10-03",1455,1459,-4,1455,1511,-16,DL,N907DE,1270,ATL,PNS,46,60,271,0,0
VPS,Destin-Ft Walton Beach Airport,30.4832,-86.525398,87,-6.0,A,Valparaiso,United States,"2018-10-03",1509,1510,-1,1517,1516,1,DL,N998DL,2802,ATL,VPS,40,68,250,0,0
VPS,Destin-Ft Walton Beach Airport,30.4832,-86.525398,87,-6.0,A,Valparaiso,United States,"2018-10-03",1545,1551,-6,1621,1638,-17,G4,"224NV",1901,CVG,VPS,78,96,600,0,0
VPS,Destin-Ft Walton Beach Airport,30.4832,-86.525398,87,-6.0,A,Valparaiso,United States,"2018-10-03",1617,1620,-3,1759,1809,-10,EV,N13988,4412,IAH,VPS,78,102,528,0,0
TLH,Tallahassee Regional Airport,30.396499633789062,-84.35030364990234,81,-5.0,A,Tallahassee,United States,"2018-10-03",1606,1610,-4,1726,1737,-11,OH,N552NN,5248,CLT,TLH,60,80,386,0,0
TLH,Tallahassee Regional Airport,30.396499633789062,-84.35030364990234,81,-5.0,A,Tallahassee,United States,"2018-10-03",1612,1617,-5,1707,1712,-5,DL,N951DL,1786,ATL,TLH,37,55,223,0,0
PNS,Pensacola Regional Airport,30.473400115967,-87.186599731445,121,-6.0,A,Pensacola,United States,"2018-10-03",1629,1638,-9,1707,1729,-22,MQ,N697AB,3427,MIA,PNS,86,98,530,0,0
PNS,Pensacola Regional Airport,30.473400115967,-87.186599731445,121,-6.0,A,Pensacola,United States,"2018-10-03",1617,1625,-8,1757,1802,-5,YV,N87345,6184,IAH,PNS,73,100,489,0,0
PNS,Pensacola Regional Airport,30.473400115967,-87.186599731445,121,-6.0,A,Pensacola,United States,"2018-10-03",1640,1645,-5,1828,1835,-7,MQ,N240NN,3877,DFW,PNS,79,108,604,0,0
VPS,Destin-Ft Walton Beach Airport,30.4832,-86.525398,87,-6.0,A,Valparaiso,United States,"2018-10-03",1646,1650,-4,1843,1846,-3,YV,N244LR,5906,DFW,VPS,87,117,641,0,0
PNS,Pensacola Regional Airport,30.473400115967,-87.186599731445,121,-6.0,A,Pensacola,United States,"2018-10-03",1651,1655,-4,1658,1704,-6,DL,N6707A,1814,ATL,PNS,45,67,271,0,0
PNS,Pensacola Regional Airport,30.473400115967,-87.186599731445,121,-6.0,A,Pensacola,United States,"2018-10-03",1715,1705,10,1838,1830,8,WN,N7750A,976,HOU,PNS,70,83,488,0,0
ECP,Northwest Florida Beaches International Airport,30.357106,-85.795414,69,-6.0,A,Panama City,United States,"2018-10-03",1707,1713,-6,1704,1711,-7,DL,N918DE,1403,ATL,ECP,39,57,240,0,0
ECP,Northwest Florida Beaches International Airport,30.357106,-85.795414,69,-6.0,A,Panama City,United States,"2018-10-03",1712,1710,2,1845,1845,0,WN,N431WN,2008,HOU,ECP,81,93,571,0,0
TLH,Tallahassee Regional Airport,30.396499633789062,-84.35030364990234,81,-5.0,A,Tallahassee,United States,"2018-10-03",1723,1730,-7,1844,1859,-15,MQ,N662EH,3844,MIA,TLH,61,81,402,0,0
VPS,Destin-Ft Walton Beach Airport,30.4832,-86.525398,87,-6.0,A,Valparaiso,United States,"2018-10-03",1716,1719,-3,1715,1722,-7,DL,N987DL,1167,ATL,VPS,40,59,250,0,0
PNS,Pensacola Regional Airport,30.473400115967,-87.186599731445,121,-6.0,A,Pensacola,United States,"2018-10-03",1805,1741,24,1836,1820,16,OH,N708PS,5463,CLT,PNS,67,91,488,0,0
TLH,Tallahassee Regional Airport,30.396499633789062,-84.35030364990234,81,-5.0,A,Tallahassee,United States,"2018-10-03",1753,1755,-2,1912,1927,-15,YX,N127HQ,4660,CLT,TLH,61,79,386,0,0
VPS,Destin-Ft Walton Beach Airport,30.4832,-86.525398,87,-6.0,A,Valparaiso,United States,"2018-10-03",1755,1745,10,1829,1824,5,OH,N576NN,5709,CLT,VPS,68,94,460,0,0
TLH,Tallahassee Regional Airport,30.396499633789062,-84.35030364990234,81,-5.0,A,Tallahassee,United States,"2018-10-03",1811,1804,7,1912,1910,2,DL,N942AT,678,ATL,TLH,39,61,223,0,0
VPS,Destin-Ft Walton Beach Airport,30.4832,-86.525398,87,-6.0,A,Valparaiso,United States,"2018-10-03",1803,1805,-2,1939,1952,-13,YV,N87360,6215,IAH,VPS,80,96,528,0,0
ECP,Northwest Florida Beaches International Airport,30.357106,-85.795414,69,-6.0,A,Panama City,United States,"2018-10-03",,1830,,,1914,,EV,N615QX,2890,CLT,ECP,,,437,1,0
VPS,Destin-Ft Walton Beach Airport,30.4832,-86.525398,87,-6.0,A,Valparaiso,United States,"2018-10-03",1828,1831,-3,1929,1951,-22,G4,"274NV",1947,BWI,VPS,104,121,819,0,0
PNS,Pensacola Regional Airport,30.473400115967,-87.186599731445,121,-6.0,A,Pensacola,United States,"2018-10-03",1832,1834,-2,1833,1845,-12,DL,N970DL,2182,ATL,PNS,42,61,271,0,0
VPS,Destin-Ft Walton Beach Airport,30.4832,-86.525398,87,-6.0,A,Valparaiso,United States,"2018-10-03",1854,1845,9,2047,2044,3,AA,N9628W,1445,DFW,VPS,85,113,641,0,0
ECP,Northwest Florida Beaches International Airport,30.357106,-85.795414,69,-6.0,A,Panama City,United States,"2018-10-03",1846,1850,-4,2042,2055,-13,EV,N720EV,2870,DFW,ECP,92,116,685,0,0
VPS,Destin-Ft Walton Beach Airport,30.4832,-86.525398,87,-6.0,A,Valparaiso,United States,"2018-10-03",1941,1936,5,1952,1945,7,DL,N974DL,1856,ATL,VPS,39,71,250,0,0
ECP,Northwest Florida Beaches International Airport,30.357106,-85.795414,69,-6.0,A,Panama City,United States,"2018-10-03",1932,1934,-2,1943,1940,3,DL,N3772H,2431,ATL,ECP,38,71,240,0,0
ECP,Northwest Florida Beaches International Airport,30.357106,-85.795414,69,-6.0,A,Panama City,United States,"2018-10-03",1931,1935,-4,2046,2050,-4,WN,N7877H,1378,BNA,ECP,63,75,401,0,0
PNS,Pensacola Regional Airport,30.473400115967,-87.186599731445,121,-6.0,A,Pensacola,United States,"2018-10-03",1929,1935,-6,2040,2050,-10,WN,N467WN,1020,BNA,PNS,54,71,391,0,0
ECP,Northwest Florida Beaches International Airport,30.357106,-85.795414,69,-6.0,A,Panama City,United States,"2018-10-03",1950,2000,-10,2129,2145,-16,EV,N14570,4190,IAH,ECP,83,99,572,0,0
TLH,Tallahassee Regional Airport,30.396499633789062,-84.35030364990234,81,-5.0,A,Tallahassee,United States,"2018-10-03",1955,2000,-5,2151,2213,-22,OH,N501AE,5597,DCA,TLH,95,116,716,0,0
PNS,Pensacola Regional Airport,30.473400115967,-87.186599731445,121,-6.0,A,Pensacola,United States,"2018-10-03",1951,2000,-9,2123,2129,-6,YX,N430YX,4504,DCA,PNS,114,152,816,0,0
TLH,Tallahassee Regional Airport,30.396499633789062,-84.35030364990234,81,-5.0,A,Tallahassee,United States,"2018-10-03",2025,2030,-5,2332,2335,-3,MQ,N248NN,4131,DFW,TLH,100,127,767,0,0
PNS,Pensacola Regional Airport,30.473400115967,-87.186599731445,121,-6.0,A,Pensacola,United States,"2018-10-03",2215,2224,-9,2258,2308,-10,OH,N581NN,5103,CLT,PNS,70,103,488,0,0
PNS,Pensacola Regional Airport,30.473400115967,-87.186599731445,121,-6.0,A,Pensacola,United States,"2018-10-03",2039,2045,-6,2223,2230,-7,AA,N963TW,2641,DFW,PNS,82,104,604,0,0
PNS,Pensacola Regional Airport,30.473400115967,-87.186599731445,121,-6.0,A,Pensacola,United States,"2018-10-03",2041,2046,-5,2043,2057,-14,DL,N966DL,1236,ATL,PNS,44,62,271,0,0
TLH,Tallahassee Regional Airport,30.396499633789062,-84.35030364990234,81,-5.0,A,Tallahassee,United States,"2018-10-03",2050,2051,-1,2145,2155,-10,DL,N924DL,1669,ATL,TLH,37,55,223,0,0
PNS,Pensacola Regional Airport,30.473400115967,-87.186599731445,121,-6.0,A,Pensacola,United States,"2018-10-03",2126,2135,-9,2255,2304,-9,YV,N89308,6187,IAH,PNS,70,89,489,0,0
TLH,Tallahassee Regional Airport,30.396499633789062,-84.35030364990234,81,-5.0,A,Tallahassee,United States,"2018-10-03",2135,2145,-10,2303,2318,-15,MQ,N667GB,3325,MIA,TLH,61,88,402,0,0
PNS,Pensacola Regional Airport,30.473400115967,-87.186599731445,121,-6.0,A,Pensacola,United States,"2018-10-03",2144,2151,-7,2234,2245,-11,MQ,N900AE,4109,MIA,PNS,77,110,530,0,0
PNS,Pensacola Regional Airport,30.473400115967,-87.186599731445,121,-6.0,A,Pensacola,United States,"2018-10-03",2235,2238,-3,2244,2247,-3,DL,N952DL,1213,ATL,PNS,45,69,271,0,0
TLH,Tallahassee Regional Airport,30.396499633789062,-84.35030364990234,81,-5.0,A,Tallahassee,United States,"2018-10-03",2228,2232,-4,2346,2359,-13,OH,N709PS,5284,CLT,TLH,60,78,386,0,0
TLH,Tallahassee Regional Airport,30.396499633789062,-84.35030364990234,81,-5.0,A,Tallahassee,United States,"2018-10-03",2239,2241,-2,2339,2345,-6,DL,N903DE,485,ATL,TLH,37,60,223,0,0
VPS,Destin-Ft Walton Beach Airport,30.4832,-86.525398,87,-6.0,A,Valparaiso,United States,"2018-10-03",2234,2241,-7,2301,2320,-19,OH,N566NN,5696,CLT,VPS,65,87,460,0,0
VPS,Destin-Ft Walton Beach Airport,30.4832,-86.525398,87,-6.0,A,Valparaiso,United States,"2018-10-03",2239,2242,-3,2247,2248,-1,DL,N949DL,1590,ATL,VPS,39,68,250,0,0
ECP,Northwest Florida Beaches International Airport,30.357106,-85.795414,69,-6.0,A,Panama City,United States,"2018-10-03",2243,2245,-2,2246,2250,-4,DL,N896DN,2303,ATL,ECP,37,63,240,0,0
VPS,Destin-Ft Walton Beach Airport,30.4832,-86.525398,87,-6.0,A,Valparaiso,United States,"2018-10-04",710,705,5,905,901,4,YV,N909FJ,5725,DFW,VPS,89,115,641,0,0
PNS,Pensacola Regional Airport,30.473400115967,-87.186599731445,121,-6.0,A,Pensacola,United States,"2018-10-04",725,722,3,1130,1121,9,F9,N309FR,638,DEN,PNS,161,185,1179,0,0
PNS,Pensacola Regional Airport,30.473400115967,-87.186599731445,121,-6.0,A,Pensacola,United States,"2018-10-04",749,739,10,826,824,2,OH,N599NN,5237,CLT,PNS,68,97,488,0,0
ECP,Northwest Florida Beaches International Airport,30.357106,-85.795414,69,-6.0,A,Panama City,United States,"2018-10-04",745,745,0,859,900,-1,WN,N740SW,1281,BNA,ECP,58,74,401,0,0
VPS,Destin-Ft Walton Beach Airport,30.4832,-86.525398,87,-6.0,A,Valparaiso,United States,"2018-10-04",838,835,3,900,911,-11,OH,N586NN,5564,CLT,VPS,64,82,460,0,0
TLH,Tallahassee Regional Airport,30.396499633789062,-84.35030364990234,81,-5.0,A,Tallahassee,United States,"2018-10-04",832,836,-4,930,941,-11,"9E",N538CA,3281,ATL,TLH,39,58,223,0,0
VPS,Destin-Ft Walton Beach Airport,30.4832,-86.525398,87,-6.0,A,Valparaiso,United States,"2018-10-04",850,850,0,1015,1023,-8,YX,N416YX,4609,DCA,VPS,101,145,789,0,0
TLH,Tallahassee Regional Airport,30.396499633789062,-84.35030364990234,81,-5.0,A,Tallahassee,United States,"2018-10-04",1059,900,119,1218,1025,113,OH,N558NN,5272,CLT,TLH,62,79,386,0,0
PNS,Pensacola Regional Airport,30.473400115967,-87.186599731445,121,-6.0,A,Pensacola,United States,"2018-10-04",912,915,-3,1002,1000,2,MQ,N661JA,3733,MIA,PNS,88,110,530,0,0
PNS,Pensacola Regional Airport,30.473400115967,-87.186599731445,121,-6.0,A,Pensacola,United States,"2018-10-04",928,935,-7,1056,1115,-19,YX,N655RW,3668,IAH,PNS,72,88,489,0,0
VPS,Destin-Ft Walton Beach Airport,30.4832,-86.525398,87,-6.0,A,Valparaiso,United States,"2018-10-04",940,944,-4,934,950,-16,DL,N955DL,2716,ATL,VPS,38,54,250,0,0
PNS,Pensacola Regional Airport,30.473400115967,-87.186599731445,121,-6.0,A,Pensacola,United States,"2018-10-04",958,1002,-4,1014,1017,-3,DL,N900PC,2179,ATL,PNS,49,76,271,0,0
PNS,Pensacola Regional Airport,30.473400115967,-87.186599731445,121,-6.0,A,Pensacola,United States,"2018-10-04",1017,1020,-3,1203,1208,-5,MQ,N236NN,3324,DFW,PNS,85,106,604,0,0
VPS,Destin-Ft Walton Beach Airport,30.4832,-86.525398,87,-6.0,A,Valparaiso,United States,"2018-10-04",1016,1022,-6,1214,1216,-2,G4,"224NV",1909,OKC,VPS,100,118,726,0,0
TLH,Tallahassee Regional Airport,30.396499633789062,-84.35030364990234,81,-5.0,A,Tallahassee,United States,"2018-10-04",1041,1050,-9,1136,1150,-14,DL,N922DL,489,ATL,TLH,38,55,223,0,0
VPS,Destin-Ft Walton Beach Airport,30.4832,-86.525398,87,-6.0,A,Valparaiso,United States,"2018-10-04",1053,1055,-2,1246,1257,-11,YV,N953LR,5740,DFW,VPS,91,113,641,0,0
PNS,Pensacola Regional Airport,30.473400115967,-87.186599731445,121,-6.0,A,Pensacola,United States,"2018-10-04",1211,1130,41,1244,1214,30,OH,N580NN,5298,CLT,PNS,72,93,488,0,0
PNS,Pensacola Regional Airport,30.473400115967,-87.186599731445,121,-6.0,A,Pensacola,United States,"2018-10-04",1132,1138,-6,1234,1300,-26,MQ,N232NN,3771,DCA,PNS,104,122,816,0,0
VPS,Destin-Ft Walton Beach Airport,30.4832,-86.525398,87,-6.0,A,Valparaiso,United States,"2018-10-04",1155,1200,-5,1338,1349,-11,EV,N14568,3995,IAH,VPS,78,103,528,0,0
ECP,Northwest Florida Beaches International Airport,30.357106,-85.795414,69,-6.0,A,Panama City,United States,"2018-10-04",1220,1225,-5,1417,1423,-6,EV,N738EV,2895,DFW,ECP,97,117,685,0,0
PNS,Pensacola Regional Airport,30.473400115967,-87.186599731445,121,-6.0,A,Pensacola,United States,"2018-10-04",1253,1300,-7,1430,1443,-13,AA,N964TW,2389,DFW,PNS,80,97,604,0,0
VPS,Destin-Ft Walton Beach Airport,30.4832,-86.525398,87,-6.0,A,Valparaiso,United States,"2018-10-04",1303,1306,-3,1341,1349,-8,OH,N586NN,5500,CLT,VPS,67,98,460,0,0
TLH,Tallahassee Regional Airport,30.396499633789062,-84.35030364990234,81,-5.0,A,Tallahassee,United States,"2018-10-04",1558,1421,97,1650,1523,87,DL,N940AT,1399,ATL,TLH,39,52,223,0,0
TLH,Tallahassee Regional Airport,30.396499633789062,-84.35030364990234,81,-5.0,A,Tallahassee,United States,"2018-10-04",1430,1439,-9,1546,1603,-17,MQ,N675AE,3861,MIA,TLH,64,76,402,0,0
ECP,Northwest Florida Beaches International Airport,30.357106,-85.795414,69,-6.0,A,Panama City,United States,"2018-10-04",1436,1445,-9,1615,1630,-15,EV,N13975,4249,IAH,ECP,83,99,572,0,0
TLH,Tallahassee Regional Airport,30.396499633789062,-84.35030364990234,81,-5.0,A,Tallahassee,United States,"2018-10-04",1609,1610,-1,1729,1737,-8,OH,N584NN,5248,CLT,TLH,60,80,386,0,0
PNS,Pensacola Regional Airport,30.473400115967,-87.186599731445,121,-6.0,A,Pensacola,United States,"2018-10-04",1607,1615,-8,1645,1701,-16,MQ,N902BC,3427,MIA,PNS,83,98,530,0,0
TLH,Tallahassee Regional Airport,30.396499633789062,-84.35030364990234,81,-5.0,A,Tallahassee,United States,"2018-10-04",1615,1617,-2,1706,1712,-6,DL,N958DL,1786,ATL,TLH,38,51,223,0,0
PNS,Pensacola Regional Airport,30.473400115967,-87.186599731445,121,-6.0,A,Pensacola,United States,"2018-10-04",1653,1655,-2,1845,1845,0,MQ,N235NN,3877,DFW,PNS,81,112,604,0,0
PNS,Pensacola Regional Airport,30.473400115967,-87.186599731445,121,-6.0,A,Pensacola,United States,"2018-10-04",1652,1655,-3,1651,1704,-13,DL,N902DE,1814,ATL,PNS,44,59,271,0,0
VPS,Destin-Ft Walton Beach Airport,30.4832,-86.525398,87,-6.0,A,Valparaiso,United States,"2018-10-04",1710,1719,-9,1712,1722,-10,DL,N909DE,1167,ATL,VPS,41,62,250,0,0
TLH,Tallahassee Regional Airport,30.396499633789062,-84.35030364990234,81,-5.0,A,Tallahassee,United States,"2018-10-04",1722,1730,-8,1848,1854,-6,MQ,N697AB,3844,MIA,TLH,60,86,402,0,0
PNS,Pensacola Regional Airport,30.473400115967,-87.186599731445,121,-6.0,A,Pensacola,United States,"2018-10-04",1739,1741,-2,1804,1821,-17,OH,N539EA,5463,CLT,PNS,67,85,488,0,0
VPS,Destin-Ft Walton Beach Airport,30.4832,-86.525398,87,-6.0,A,Valparaiso,United States,"2018-10-04",1802,1805,-3,1938,1954,-16,EV,N15572,4447,IAH,VPS,77,96,528,0,0
ECP,Northwest Florida Beaches International Airport,30.357106,-85.795414,69,-6.0,A,Panama City,United States,"2018-10-04",1822,1830,-8,1858,1915,-17,EV,N738EV,2890,CLT,ECP,62,96,437,0,0
ECP,Northwest Florida Beaches International Airport,30.357106,-85.795414,69,-6.0,A,Panama City,United States,"2018-10-04",1931,1934,-3,1928,1940,-12,DL,N375DA,2431,ATL,ECP,37,57,240,0,0
ECP,Northwest Florida Beaches International Airport,30.357106,-85.795414,69,-6.0,A,Panama City,United States,"2018-10-04",1956,1935,21,2103,2050,13,WN,N724SW,1378,BNA,ECP,55,67,401,0,0
PNS,Pensacola Regional Airport,30.473400115967,-87.186599731445,121,-6.0,A,Pensacola,United States,"2018-10-04",2018,1935,43,2122,2050,32,WN,N723SW,1020,BNA,PNS,53,64,391,0,0
PNS,Pensacola Regional Airport,30.473400115967,-87.186599731445,121,-6.0,A,Pensacola,United States,"2018-10-04",1941,1941,0,2105,2118,-13,YV,N89313,6187,IAH,PNS,70,84,489,0,0
PNS,Pensacola Regional Airport,30.473400115967,-87.186599731445,121,-6.0,A,Pensacola,United States,"2018-10-04",1951,1955,-4,2015,2040,-25,OH,N597NN,5103,CLT,PNS,65,84,488,0,0
ECP,Northwest Florida Beaches International Airport,30.357106,-85.795414,69,-6.0,A,Panama City,United States,"2018-10-04",1949,1955,-6,2126,2140,-14,EV,N16981,4190,IAH,ECP,82,97,572,0,0
TLH,Tallahassee Regional Airport,30.396499633789062,-84.35030364990234,81,-5.0,A,Tallahassee,United States,"2018-10-04",2000,2000,0,2200,2216,-16,YX,N419YX,4504,DCA,TLH,96,120,716,0,0
VPS,Destin-Ft Walton Beach Airport,30.4832,-86.525398,87,-6.0,A,Valparaiso,United States,"2018-10-04",2020,2023,-3,2136,2142,-6,G4,"224NV",1911,BNA,VPS,51,76,389,0,0
VPS,Destin-Ft Walton Beach Airport,30.4832,-86.525398,87,-6.0,A,Valparaiso,United States,"2018-10-04",2028,2029,-1,2206,2217,-11,G4,"274NV",1913,SGF,VPS,81,98,610,0,0
TLH,Tallahassee Regional Airport,30.396499633789062,-84.35030364990234,81,-5.0,A,Tallahassee,United States,"2018-10-04",2025,2030,-5,2326,2333,-7,MQ,N230NN,4131,DFW,TLH,101,121,767,0,0
PNS,Pensacola Regional Airport,30.473400115967,-87.186599731445,121,-6.0,A,Pensacola,United States,"2018-10-04",717,725,-8,849,904,-15,EV,N14568,4182,IAH,PNS,73,92,489,0,0
PNS,Pensacola Regional Airport,30.473400115967,-87.186599731445,121,-6.0,A,Pensacola,United States,"2018-10-04",746,750,-4,856,905,-9,WN,N796SW,2229,BNA,PNS,57,70,391,0,0
PNS,Pensacola Regional Airport,30.473400115967,-87.186599731445,121,-6.0,A,Pensacola,United States,"2018-10-04",815,820,-5,818,831,-13,DL,N935DL,2212,ATL,PNS,45,63,271,0,0
ECP,Northwest Florida Beaches International Airport,30.357106,-85.795414,69,-6.0,A,Panama City,United States,"2018-10-04",856,900,-4,858,903,-5,DL,N960DL,2029,ATL,ECP,43,62,240,0,0
VPS,Destin-Ft Walton Beach Airport,30.4832,-86.525398,87,-6.0,A,Valparaiso,United States,"2018-10-04",941,946,-5,1133,1138,-5,G4,"274NV",1993,AUS,VPS,93,112,666,0,0
ECP,Northwest Florida Beaches International Airport,30.357106,-85.795414,69,-6.0,A,Panama City,United States,"2018-10-04",1004,1010,-6,1145,1155,-10,EV,N12567,4451,IAH,ECP,85,101,572,0,0
TLH,Tallahassee Regional Airport,30.396499633789062,-84.35030364990234,81,-5.0,A,Tallahassee,United States,"2018-10-04",1018,1025,-7,1139,1147,-8,MQ,N675AE,3663,MIA,TLH,64,81,402,0,0
ECP,Northwest Florida Beaches International Airport,30.357106,-85.795414,69,-6.0,A,Panama City,United States,"2018-10-04",1111,1112,-1,1105,1116,-11,DL,N951DL,1733,ATL,ECP,41,54,240,0,0
ECP,Northwest Florida Beaches International Airport,30.357106,-85.795414,69,-6.0,A,Panama City,United States,"2018-10-04",1124,1131,-7,1148,1209,-21,EV,N611QX,2893,CLT,ECP,62,84,437,0,0
PNS,Pensacola Regional Airport,30.473400115967,-87.186599731445,121,-6.0,A,Pensacola,United States,"2018-10-04",1132,1141,-9,1345,1400,-15,EV,N27200,4085,ORD,PNS,105,133,794,0,0
PNS,Pensacola Regional Airport,30.473400115967,-87.186599731445,121,-6.0,A,Pensacola,United States,"2018-10-04",1151,1155,-4,1331,1334,-3,EV,N11536,4393,IAH,PNS,72,100,489,0,0
PNS,Pensacola Regional Airport,30.473400115967,-87.186599731445,121,-6.0,A,Pensacola,United States,"2018-10-04",1233,1236,-3,1239,1247,-8,DL,N915DE,1353,ATL,PNS,46,66,271,0,0
TLH,Tallahassee Regional Airport,30.396499633789062,-84.35030364990234,81,-5.0,A,Tallahassee,United States,"2018-10-04",1306,1305,1,1610,1610,0,MQ,N233NN,4069,DFW,TLH,106,124,767,0,0
TLH,Tallahassee Regional Airport,30.396499633789062,-84.35030364990234,81,-5.0,A,Tallahassee,United States,"2018-10-04",1318,1320,-2,1453,1451,2,OH,N575NN,5662,CLT,TLH,62,95,386,0,0
VPS,Destin-Ft Walton Beach Airport,30.4832,-86.525398,87,-6.0,A,Valparaiso,United States,"2018-10-04",1403,1336,27,1406,1342,24,DL,N903DE,2873,ATL,VPS,39,63,250,0,0
ECP,Northwest Florida Beaches International Airport,30.357106,-85.795414,69,-6.0,A,Panama City,United States,"2018-10-04",1351,1354,-3,1349,1352,-3,DL,N911DE,2506,ATL,ECP,37,58,240,0,0
PNS,Pensacola Regional Airport,30.473400115967,-87.186599731445,121,-6.0,A,Pensacola,United States,"2018-10-04",1500,1414,46,1626,1554,32,YX,N135HQ,4537,PHL,PNS,119,146,935,0,0
PNS,Pensacola Regional Airport,30.473400115967,-87.186599731445,121,-6.0,A,Pensacola,United States,"2018-10-04",1455,1455,0,1535,1542,-7,YX,N110HQ,4553,CLT,PNS,72,100,488,0,0
PNS,Pensacola Regional Airport,30.473400115967,-87.186599731445,121,-6.0,A,Pensacola,United States,"2018-10-04",1506,1459,7,1506,1511,-5,DL,N965DL,1270,ATL,PNS,41,60,271,0,0
VPS,Destin-Ft Walton Beach Airport,30.4832,-86.525398,87,-6.0,A,Valparaiso,United States,"2018-10-04",1509,1510,-1,1510,1516,-6,DL,N974DL,2802,ATL,VPS,40,61,250,0,0
VPS,Destin-Ft Walton Beach Airport,30.4832,-86.525398,87,-6.0,A,Valparaiso,United States,"2018-10-04",1507,1517,-10,1640,1701,-21,G4,"274NV",1903,BLV,VPS,79,93,587,0,0
VPS,Destin-Ft Walton Beach Airport,30.4832,-86.525398,87,-6.0,A,Valparaiso,United States,"2018-10-04",1614,1620,-6,1756,1809,-13,EV,N13538,4412,IAH,VPS,79,102,528,0,0
PNS,Pensacola Regional Airport,30.473400115967,-87.186599731445,121,-6.0,A,Pensacola,United States,"2018-10-04",1715,1635,40,1847,1812,35,YV,N88328,6184,IAH,PNS,70,92,489,0,0
VPS,Destin-Ft Walton Beach Airport,30.4832,-86.525398,87,-6.0,A,Valparaiso,United States,"2018-10-04",1632,1645,-13,1709,1726,-17,G4,"224NV",1919,SDF,VPS,75,97,532,0,0
VPS,Destin-Ft Walton Beach Airport,30.4832,-86.525398,87,-6.0,A,Valparaiso,United States,"2018-10-04",1658,1650,8,1900,1846,14,YV,N904FJ,5906,DFW,VPS,86,122,641,0,0
PNS,Pensacola Regional Airport,30.473400115967,-87.186599731445,121,-6.0,A,Pensacola,United States,"2018-10-04",1720,1705,15,1851,1830,21,WN,N7847A,976,HOU,PNS,70,91,488,0,0
ECP,Northwest Florida Beaches International Airport,30.357106,-85.795414,69,-6.0,A,Panama City,United States,"2018-10-04",1712,1710,2,1844,1845,-1,WN,N7712G,2008,HOU,ECP,77,92,571,0,0
ECP,Northwest Florida Beaches International Airport,30.357106,-85.795414,69,-6.0,A,Panama City,United States,"2018-10-04",1725,1725,0,1722,1727,-5,DL,N944DL,1403,ATL,ECP,39,57,240,0,0
VPS,Destin-Ft Walton Beach Airport,30.4832,-86.525398,87,-6.0,A,Valparaiso,United States,"2018-10-04",1748,1745,3,1822,1825,-3,OH,N561NN,5709,CLT,VPS,68,94,460,0,0
TLH,Tallahassee Regional Airport,30.396499633789062,-84.35030364990234,81,-5.0,A,Tallahassee,United States,"2018-10-04",1813,1801,12,1940,1940,0,YX,N123HQ,4660,CLT,TLH,62,87,386,0,0
TLH,Tallahassee Regional Airport,30.396499633789062,-84.35030364990234,81,-5.0,A,Tallahassee,United States,"2018-10-04",1856,1804,52,1949,1910,39,DL,N965AT,678,ATL,TLH,38,53,223,0,0
PNS,Pensacola Regional Airport,30.473400115967,-87.186599731445,121,-6.0,A,Pensacola,United States,"2018-10-04",1914,1834,40,1916,1845,31,DL,N920DE,2182,ATL,PNS,43,62,271,0,0
ECP,Northwest Florida Beaches International Airport,30.357106,-85.795414,69,-6.0,A,Panama City,United States,"2018-10-04",1846,1850,-4,2038,2054,-16,EV,N717EV,2870,DFW,ECP,91,112,685,0,0
VPS,Destin-Ft Walton Beach Airport,30.4832,-86.525398,87,-6.0,A,Valparaiso,United States,"2018-10-04",1848,1855,-7,2040,2053,-13,AA,N961TW,1445,DFW,VPS,88,112,641,0,0
PNS,Pensacola Regional Airport,30.473400115967,-87.186599731445,121,-6.0,A,Pensacola,United States,"2018-10-04",1928,1935,-7,2027,2101,-34,OH,N534EA,5597,DCA,PNS,106,119,816,0,0
VPS,Destin-Ft Walton Beach Airport,30.4832,-86.525398,87,-6.0,A,Valparaiso,United States,"2018-10-04",1935,1936,-1,1945,1945,0,DL,N978DL,1856,ATL,VPS,39,70,250,0,0
TLH,Tallahassee Regional Airport,30.396499633789062,-84.35030364990234,81,-5.0,A,Tallahassee,United States,"2018-10-04",2055,2051,4,2148,2155,-7,DL,N975DL,1669,ATL,TLH,36,53,223,0,0
PNS,Pensacola Regional Airport,30.473400115967,-87.186599731445,121,-6.0,A,Pensacola,United States,"2018-10-04",2034,2035,-1,2225,2220,5,AA,N9619V,2641,DFW,PNS,87,111,604,0,0
PNS,Pensacola Regional Airport,30.473400115967,-87.186599731445,121,-6.0,A,Pensacola,United States,"2018-10-04",2043,2046,-3,2048,2057,-9,DL,N976DL,1236,ATL,PNS,44,65,271,0,0
PNS,Pensacola Regional Airport,30.473400115967,-87.186599731445,121,-6.0,A,Pensacola,United States,"2018-10-04",2144,2151,-7,2219,2242,-23,MQ,N925AE,4109,MIA,PNS,77,95,530,0,0
TLH,Tallahassee Regional Airport,30.396499633789062,-84.35030364990234,81,-5.0,A,Tallahassee,United States,"2018-10-04",2229,2232,-3,2343,2359,-16,OH,N547NN,5284,CLT,TLH,56,74,386,0,0
PNS,Pensacola Regional Airport,30.473400115967,-87.186599731445,121,-6.0,A,Pensacola,United States,"2018-10-04",2236,2238,-2,2233,2247,-14,DL,N998DL,1213,ATL,PNS,43,57,271,0,0
TLH,Tallahassee Regional Airport,30.396499633789062,-84.35030364990234,81,-5.0,A,Tallahassee,United States,"2018-10-04",2239,2241,-2,2334,2345,-11,DL,N989DL,485,ATL,TLH,40,55,223,0,0
VPS,Destin-Ft Walton Beach Airport,30.4832,-86.525398,87,-6.0,A,Valparaiso,United States,"2018-10-04",2242,2241,1,2317,2320,-3,OH,N569NN,5696,CLT,VPS,66,95,460,0,0
VPS,Destin-Ft Walton Beach Airport,30.4832,-86.525398,87,-6.0,A,Valparaiso,United States,"2018-10-04",2240,2242,-2,2241,2248,-7,DL,N992DL,1590,ATL,VPS,39,61,250,0,0
ECP,Northwest Florida Beaches International Airport,30.357106,-85.795414,69,-6.0,A,Panama City,United States,"2018-10-04",2241,2245,-4,2240,2250,-10,DL,N896DN,2303,ATL,ECP,39,59,240,0,0
VPS,Destin-Ft Walton Beach Airport,30.4832,-86.525398,87,-6.0,A,Valparaiso,United States,"2018-10-05",,705,,,901,,YV,N244LR,5725,DFW,VPS,,,641,1,0
PNS,Pensacola Regional Airport,30.473400115967,-87.186599731445,121,-6.0,A,Pensacola,United States,"2018-10-05",734,725,9,925,904,21,EV,N16571,4182,IAH,PNS,79,111,489,0,0
PNS,Pensacola Regional Airport,30.473400115967,-87.186599731445,121,-6.0,A,Pensacola,United States,"2018-10-05",800,739,21,841,824,17,OH,N600NN,5237,CLT,PNS,73,101,488,0,0
ECP,Northwest Florida Beaches International Airport,30.357106,-85.795414,69,-6.0,A,Panama City,United States,"2018-10-05",741,745,-4,852,900,-8,WN,N748SW,1281,BNA,ECP,59,71,401,0,0
PNS,Pensacola Regional Airport,30.473400115967,-87.186599731445,121,-6.0,A,Pensacola,United States,"2018-10-05",748,750,-2,905,905,0,WN,N416WN,2229,BNA,PNS,57,77,391,0,0
PNS,Pensacola Regional Airport,30.473400115967,-87.186599731445,121,-6.0,A,Pensacola,United States,"2018-10-05",818,820,-2,820,831,-11,DL,N957DL,2212,ATL,PNS,46,62,271,0,0
VPS,Destin-Ft Walton Beach Airport,30.4832,-86.525398,87,-6.0,A,Valparaiso,United States,"2018-10-05",852,835,17,918,911,7,OH,N589NN,5564,CLT,VPS,68,86,460,0,0
TLH,Tallahassee Regional Airport,30.396499633789062,-84.35030364990234,81,-5.0,A,Tallahassee,United States,"2018-10-05",830,836,-6,935,941,-6,"9E",N181PQ,3281,ATL,TLH,41,65,223,0,0
VPS,Destin-Ft Walton Beach Airport,30.4832,-86.525398,87,-6.0,A,Valparaiso,United States,"2018-10-05",844,850,-6,1022,1023,-1,YX,N407YX,4609,DCA,VPS,107,158,789,0,0
TLH,Tallahassee Regional Airport,30.396499633789062,-84.35030364990234,81,-5.0,A,Tallahassee,United States,"2018-10-05",902,900,2,1018,1025,-7,OH,N584NN,5272,CLT,TLH,62,76,386,0,0
ECP,Northwest Florida Beaches International Airport,30.357106,-85.795414,69,-6.0,A,Panama City,United States,"2018-10-05",857,900,-3,857,903,-6,DL,N975DL,2029,ATL,ECP,43,60,240,0,0
PNS,Pensacola Regional Airport,30.473400115967,-87.186599731445,121,-6.0,A,Pensacola,United States,"2018-10-05",915,915,0,955,1000,-5,MQ,N900AE,3733,MIA,PNS,78,100,530,0,0
PNS,Pensacola Regional Airport,30.473400115967,-87.186599731445,121,-6.0,A,Pensacola,United States,"2018-10-05",1000,1002,-2,1014,1017,-3,DL,N951DL,2179,ATL,PNS,47,74,271,0,0
PNS,Pensacola Regional Airport,30.473400115967,-87.186599731445,121,-6.0,A,Pensacola,United States,"2018-10-05",928,935,-7,1108,1115,-7,YX,N856RW,3668,IAH,PNS,75,100,489,0,0
VPS,Destin-Ft Walton Beach Airport,30.4832,-86.525398,87,-6.0,A,Valparaiso,United States,"2018-10-05",942,944,-2,944,950,-6,DL,N943DL,2716,ATL,VPS,41,62,250,0,0
ECP,Northwest Florida Beaches International Airport,30.357106,-85.795414,69,-6.0,A,Panama City,United States,"2018-10-05",1002,1010,-8,1154,1155,-1,EV,N18557,4451,IAH,ECP,92,112,572,0,0
TLH,Tallahassee Regional Airport,30.396499633789062,-84.35030364990234,81,-5.0,A,Tallahassee,United States,"2018-10-05",1019,1025,-6,1131,1147,-16,MQ,N681AE,3663,MIA,TLH,59,72,402,0,0
PNS,Pensacola Regional Airport,30.473400115967,-87.186599731445,121,-6.0,A,Pensacola,United States,"2018-10-05",1017,1020,-3,1211,1208,3,MQ,N250NN,3324,DFW,PNS,84,114,604,0,0
VPS,Destin-Ft Walton Beach Airport,30.4832,-86.525398,87,-6.0,A,Valparaiso,United States,"2018-10-05",1032,1037,-5,1122,1135,-13,G4,"274NV",1917,LCK,VPS,90,110,675,0,0
TLH,Tallahassee Regional Airport,30.396499633789062,-84.35030364990234,81,-5.0,A,Tallahassee,United States,"2018-10-05",1051,1050,1,1149,1150,-1,DL,N983AT,489,ATL,TLH,38,58,223,0,0
VPS,Destin-Ft Walton Beach Airport,30.4832,-86.525398,87,-6.0,A,Valparaiso,United States,"2018-10-05",1051,1055,-4,1248,1257,-9,YV,N957LR,5740,DFW,VPS,87,117,641,0,0
ECP,Northwest Florida Beaches International Airport,30.357106,-85.795414,69,-6.0,A,Panama City,United States,"2018-10-05",1105,1112,-7,1115,1116,-1,DL,N944DL,1733,ATL,ECP,41,70,240,0,0
ECP,Northwest Florida Beaches International Airport,30.357106,-85.795414,69,-6.0,A,Panama City,United States,"2018-10-05",1128,1131,-3,1156,1209,-13,EV,N605QX,2893,CLT,ECP,64,88,437,0,0
PNS,Pensacola Regional Airport,30.473400115967,-87.186599731445,121,-6.0,A,Pensacola,United States,"2018-10-05",1126,1130,-4,1156,1214,-18,OH,N551NN,5298,CLT,PNS,67,90,488,0,0
PNS,Pensacola Regional Airport,30.473400115967,-87.186599731445,121,-6.0,A,Pensacola,United States,"2018-10-05",1154,1155,-1,1341,1334,7,EV,N12567,4393,IAH,PNS,74,107,489,0,0
PNS,Pensacola Regional Airport,30.473400115967,-87.186599731445,121,-6.0,A,Pensacola,United States,"2018-10-05",1131,1138,-7,1246,1300,-14,MQ,N228NN,3771,DCA,PNS,107,135,816,0,0
ECP,Northwest Florida Beaches International Airport,30.357106,-85.795414,69,-6.0,A,Panama City,United States,"2018-10-05",1225,1225,0,1414,1423,-9,EV,N720EV,2895,DFW,ECP,92,109,685,0,0
VPS,Destin-Ft Walton Beach Airport,30.4832,-86.525398,87,-6.0,A,Valparaiso,United States,"2018-10-05",1203,1200,3,1349,1349,0,EV,N16571,3995,IAH,VPS,80,106,528,0,0
PNS,Pensacola Regional Airport,30.473400115967,-87.186599731445,121,-6.0,A,Pensacola,United States,"2018-10-05",1234,1236,-2,1243,1247,-4,DL,N973DL,1353,ATL,PNS,46,69,271,0,0
PNS,Pensacola Regional Airport,30.473400115967,-87.186599731445,121,-6.0,A,Pensacola,United States,"2018-10-05",1253,1300,-7,1435,1443,-8,AA,N971TW,2389,DFW,PNS,83,102,604,0,0
TLH,Tallahassee Regional Airport,30.396499633789062,-84.35030364990234,81,-5.0,A,Tallahassee,United States,"2018-10-05",1303,1305,-2,1619,1610,9,MQ,N243NN,4069,DFW,TLH,102,136,767,0,0
VPS,Destin-Ft Walton Beach Airport,30.4832,-86.525398,87,-6.0,A,Valparaiso,United States,"2018-10-05",1303,1306,-3,1338,1349,-11,OH,N594NN,5500,CLT,VPS,69,95,460,0,0
TLH,Tallahassee Regional Airport,30.396499633789062,-84.35030364990234,81,-5.0,A,Tallahassee,United States,"2018-10-05",1403,1320,43,1523,1451,32,OH,N590NN,5662,CLT,TLH,62,80,386,0,0
ECP,Northwest Florida Beaches International Airport,30.357106,-85.795414,69,-6.0,A,Panama City,United States,"2018-10-05",1354,1354,0,1349,1352,-3,DL,N906DE,2506,ATL,ECP,38,55,240,0,0
VPS,Destin-Ft Walton Beach Airport,30.4832,-86.525398,87,-6.0,A,Valparaiso,United States,"2018-10-05",1358,1342,16,1402,1348,14,DL,N935DL,2873,ATL,VPS,41,64,250,0,0
PNS,Pensacola Regional Airport,30.473400115967,-87.186599731445,121,-6.0,A,Pensacola,United States,"2018-10-05",1408,1414,-6,1536,1554,-18,YX,N128HQ,4537,PHL,PNS,130,148,935,0,0
TLH,Tallahassee Regional Airport,30.396499633789062,-84.35030364990234,81,-5.0,A,Tallahassee,United States,"2018-10-05",1419,1421,-2,1513,1523,-10,DL,N980AT,1399,ATL,TLH,39,54,223,0,0
TLH,Tallahassee Regional Airport,30.396499633789062,-84.35030364990234,81,-5.0,A,Tallahassee,United States,"2018-10-05",1429,1439,-10,1603,1603,0,MQ,N667GB,3861,MIA,TLH,65,94,402,0,0
ECP,Northwest Florida Beaches International Airport,30.357106,-85.795414,69,-6.0,A,Panama City,United States,"2018-10-05",1437,1445,-8,1617,1630,-13,EV,N14568,4249,IAH,ECP,85,100,572,0,0
PNS,Pensacola Regional Airport,30.473400115967,-87.186599731445,121,-6.0,A,Pensacola,United States,"2018-10-05",1452,1455,-3,1542,1542,0,YX,N131HQ,4553,CLT,PNS,74,110,488,0,0
VPS,Destin-Ft Walton Beach Airport,30.4832,-86.525398,87,-6.0,A,Valparaiso,United States,"2018-10-05",1507,1510,-3,1513,1516,-3,DL,N988DL,2802,ATL,VPS,45,66,250,0,0
TLH,Tallahassee Regional Airport,30.396499633789062,-84.35030364990234,81,-5.0,A,Tallahassee,United States,"2018-10-05",1616,1610,6,1731,1737,-6,OH,N571NN,5248,CLT,TLH,61,75,386,0,0
PNS,Pensacola Regional Airport,30.473400115967,-87.186599731445,121,-6.0,A,Pensacola,United States,"2018-10-05",1610,1615,-5,1655,1701,-6,MQ,N662EH,3427,MIA,PNS,76,105,530,0,0
TLH,Tallahassee Regional Airport,30.396499633789062,-84.35030364990234,81,-5.0,A,Tallahassee,United States,"2018-10-05",1617,1617,0,1716,1712,4,DL,N913DL,1786,ATL,TLH,40,59,223,0,0
VPS,Destin-Ft Walton Beach Airport,30.4832,-86.525398,87,-6.0,A,Valparaiso,United States,"2018-10-05",1645,1650,-5,1849,1846,3,YV,N912FJ,5906,DFW,VPS,88,124,641,0,0
PNS,Pensacola Regional Airport,30.473400115967,-87.186599731445,121,-6.0,A,Pensacola,United States,"2018-10-05",1651,1655,-4,1845,1845,0,MQ,N236NN,3877,DFW,PNS,82,114,604,0,0
PNS,Pensacola Regional Airport,30.473400115967,-87.186599731445,121,-6.0,A,Pensacola,United States,"2018-10-05",1826,1655,91,1830,1704,86,DL,N554NW,1814,ATL,PNS,42,64,271,0,0
PNS,Pensacola Regional Airport,30.473400115967,-87.186599731445,121,-6.0,A,Pensacola,United States,"2018-10-05",1718,1705,13,1837,1830,7,WN,N705SW,976,HOU,PNS,69,79,488,0,0
ECP,Northwest Florida Beaches International Airport,30.357106,-85.795414,69,-6.0,A,Panama City,United States,"2018-10-05",1743,1710,33,1913,1845,28,WN,N756SA,2008,HOU,ECP,79,90,571,0,0
ECP,Northwest Florida Beaches International Airport,30.357106,-85.795414,69,-6.0,A,Panama City,United States,"2018-10-05",1705,1713,-8,1702,1711,-9,DL,N999DN,1403,ATL,ECP,38,57,240,0,0
VPS,Destin-Ft Walton Beach Airport,30.4832,-86.525398,87,-6.0,A,Valparaiso,United States,"2018-10-05",1942,1719,143,1947,1722,145,DL,N962DL,1167,ATL,VPS,39,65,250,0,0
TLH,Tallahassee Regional Airport,30.396499633789062,-84.35030364990234,81,-5.0,A,Tallahassee,United States,"2018-10-05",1724,1730,-6,1842,1854,-12,MQ,N680AE,3844,MIA,TLH,61,78,402,0,0
PNS,Pensacola Regional Airport,30.473400115967,-87.186599731445,121,-6.0,A,Pensacola,United States,"2018-10-05",1806,1741,25,1839,1821,18,OH,N725PS,5463,CLT,PNS,69,93,488,0,0
VPS,Destin-Ft Walton Beach Airport,30.4832,-86.525398,87,-6.0,A,Valparaiso,United States,"2018-10-05",1810,1745,25,1847,1825,22,OH,N582NN,5709,CLT,VPS,64,97,460,0,0
TLH,Tallahassee Regional Airport,30.396499633789062,-84.35030364990234,81,-5.0,A,Tallahassee,United States,"2018-10-05",1757,1801,-4,1941,1940,1,YX,N126HQ,4660,CLT,TLH,63,104,386,0,0
TLH,Tallahassee Regional Airport,30.396499633789062,-84.35030364990234,81,-5.0,A,Tallahassee,United States,"2018-10-05",1804,1804,0,1902,1910,-8,DL,N988DN,678,ATL,TLH,39,58,223,0,0
PNS,Pensacola Regional Airport,30.473400115967,-87.186599731445,121,-6.0,A,Pensacola,United States,"2018-10-05",1834,1837,-3,1835,1848,-13,DL,N992DL,2182,ATL,PNS,43,61,271,0,0
ECP,Northwest Florida Beaches International Airport,30.357106,-85.795414,69,-6.0,A,Panama City,United States,"2018-10-05",1845,1850,-5,2120,2054,26,EV,N617QX,2870,DFW,ECP,92,155,685,0,0
VPS,Destin-Ft Walton Beach Airport,30.4832,-86.525398,87,-6.0,A,Valparaiso,United States,"2018-10-05",1851,1855,-4,2041,2053,-12,AA,N970TW,1445,DFW,VPS,88,110,641,0,0
ECP,Northwest Florida Beaches International Airport,30.357106,-85.795414,69,-6.0,A,Panama City,United States,"2018-10-05",1930,1935,-5,2038,2050,-12,WN,N7876A,1378,BNA,ECP,57,68,401,0,0
PNS,Pensacola Regional Airport,30.473400115967,-87.186599731445,121,-6.0,A,Pensacola,United States,"2018-10-05",1931,1935,-4,2041,2050,-9,WN,N490WN,1020,BNA,PNS,56,70,391,0,0
PNS,Pensacola Regional Airport,30.473400115967,-87.186599731445,121,-6.0,A,Pensacola,United States,"2018-10-05",1939,1935,4,2056,2101,-5,OH,N545PB,5597,DCA,PNS,109,137,816,0,0
VPS,Destin-Ft Walton Beach Airport,30.4832,-86.525398,87,-6.0,A,Valparaiso,United States,"2018-10-05",1934,1936,-2,1944,1945,-1,DL,N961DL,1856,ATL,VPS,41,70,250,0,0
TLH,Tallahassee Regional Airport,30.396499633789062,-84.35030364990234,81,-5.0,A,Tallahassee,United States,"2018-10-05",2202,2030,92,103,2333,90,MQ,N232NN,4131,DFW,TLH,109,121,767,0,0
PNS,Pensacola Regional Airport,30.473400115967,-87.186599731445,121,-6.0,A,Pensacola,United States,"2018-10-05",2031,2035,-4,2216,2220,-4,AA,N9624T,2641,DFW,PNS,82,105,604,0,0
PNS,Pensacola Regional Airport,30.473400115967,-87.186599731445,121,-6.0,A,Pensacola,United States,"2018-10-05",2146,2151,-5,2237,2242,-5,MQ,N675AE,4109,MIA,PNS,77,111,530,0,0
TLH,Tallahassee Regional Airport,30.396499633789062,-84.35030364990234,81,-5.0,A,Tallahassee,United States,"2018-10-05",2230,2232,-2,2343,2359,-16,OH,N709PS,5284,CLT,TLH,54,73,386,0,0
ECP,Northwest Florida Beaches International Airport,30.357106,-85.795414,69,-6.0,A,Panama City,United States,"2018-10-05",2244,2245,-1,2244,2250,-6,DL,N987DL,2303,ATL,ECP,38,60,240,0,0
VPS,Destin-Ft Walton Beach Airport,30.4832,-86.525398,87,-6.0,A,Valparaiso,United States,"2018-10-06",708,705,3,908,901,7,YV,N920FJ,5725,DFW,VPS,91,120,641,0,0
PNS,Pensacola Regional Airport,30.473400115967,-87.186599731445,121,-6.0,A,Pensacola,United States,"2018-10-06",815,821,-6,823,830,-7,DL,N999DN,2212,ATL,PNS,45,68,271,0,0
VPS,Destin-Ft Walton Beach Airport,30.4832,-86.525398,87,-6.0,A,Valparaiso,United States,"2018-10-06",835,835,0,903,911,-8,OH,N576NN,5564,CLT,VPS,72,88,460,0,0
VPS,Destin-Ft Walton Beach Airport,30.4832,-86.525398,87,-6.0,A,Valparaiso,United States,"2018-10-06",847,850,-3,1002,1023,-21,YX,N404YX,4609,DCA,VPS,112,135,789,0,0
TLH,Tallahassee Regional Airport,30.396499633789062,-84.35030364990234,81,-5.0,A,Tallahassee,United States,"2018-10-06",857,900,-3,1016,1025,-9,OH,N571NN,5272,CLT,TLH,65,79,386,0,0
PNS,Pensacola Regional Airport,30.473400115967,-87.186599731445,121,-6.0,A,Pensacola,United States,"2018-10-06",908,915,-7,949,1000,-11,MQ,N649PP,3733,MIA,PNS,78,101,530,0,0
PNS,Pensacola Regional Airport,30.473400115967,-87.186599731445,121,-6.0,A,Pensacola,United States,"2018-10-06",932,935,-3,1112,1115,-3,YV,N86309,6136,IAH,PNS,72,100,489,0,0
VPS,Destin-Ft Walton Beach Airport,30.4832,-86.525398,87,-6.0,A,Valparaiso,United States,"2018-10-06",936,944,-8,952,948,4,DL,N948DL,2716,ATL,VPS,44,76,250,0,0
PNS,Pensacola Regional Airport,30.473400115967,-87.186599731445,121,-6.0,A,Pensacola,United States,"2018-10-06",1002,1002,0,1009,1015,-6,DL,N909DE,2179,ATL,PNS,42,67,271,0,0
PNS,Pensacola Regional Airport,30.473400115967,-87.186599731445,121,-6.0,A,Pensacola,United States,"2018-10-06",1014,1020,-6,1200,1208,-8,MQ,N239NN,3324,DFW,PNS,85,106,604,0,0
ECP,Northwest Florida Beaches International Airport,30.357106,-85.795414,69,-6.0,A,Panama City,United States,"2018-10-06",1037,1030,7,1220,1215,5,WN,N266WN,2635,DAL,ECP,91,103,674,0,0
TLH,Tallahassee Regional Airport,30.396499633789062,-84.35030364990234,81,-5.0,A,Tallahassee,United States,"2018-10-06",1030,1033,-3,1120,1133,-13,DL,N980DL,387,ATL,TLH,35,50,223,0,0
ECP,Northwest Florida Beaches International Airport,30.357106,-85.795414,69,-6.0,A,Panama City,United States,"2018-10-06",1118,1040,38,1301,1223,38,YV,N88327,6093,IAH,ECP,82,103,572,0,0
ECP,Northwest Florida Beaches International Airport,30.357106,-85.795414,69,-6.0,A,Panama City,United States,"2018-10-06",1110,1112,-2,1108,1113,-5,DL,N913DE,1733,ATL,ECP,41,58,240,0,0
PNS,Pensacola Regional Airport,30.473400115967,-87.186599731445,121,-6.0,A,Pensacola,United States,"2018-10-06",1125,1130,-5,1153,1214,-21,OH,N554NN,5298,CLT,PNS,69,88,488,0,0
PNS,Pensacola Regional Airport,30.473400115967,-87.186599731445,121,-6.0,A,Pensacola,United States,"2018-10-06",1131,1138,-7,1239,1300,-21,MQ,N262NN,3771,DCA,PNS,111,128,816,0,0
PNS,Pensacola Regional Airport,30.473400115967,-87.186599731445,121,-6.0,A,Pensacola,United States,"2018-10-06",1150,1139,11,1410,1352,18,F9,N948FR,1286,ORD,PNS,107,140,794,0,0
PNS,Pensacola Regional Airport,30.473400115967,-87.186599731445,121,-6.0,A,Pensacola,United States,"2018-10-06",1154,1155,-1,1335,1334,1,EV,N22909,4393,IAH,PNS,73,101,489,0,0
VPS,Destin-Ft Walton Beach Airport,30.4832,-86.525398,87,-6.0,A,Valparaiso,United States,"2018-10-06",1150,1200,-10,1330,1349,-19,EV,N12900,3995,IAH,VPS,77,100,528,0,0
VPS,Destin-Ft Walton Beach Airport,30.4832,-86.525398,87,-6.0,A,Valparaiso,United States,"2018-10-06",1358,1200,118,1536,1345,111,G4,"224NV",1991,EWR,VPS,131,158,988,0,0
PNS,Pensacola Regional Airport,30.473400115967,-87.186599731445,121,-6.0,A,Pensacola,United States,"2018-10-06",1301,1205,56,1528,1415,73,WN,N418WN,3278,MDW,PNS,119,147,781,0,0
PNS,Pensacola Regional Airport,30.473400115967,-87.186599731445,121,-6.0,A,Pensacola,United States,"2018-10-06",1228,1236,-8,1230,1246,-16,DL,N999DN,1353,ATL,PNS,45,62,271,0,0
TLH,Tallahassee Regional Airport,30.396499633789062,-84.35030364990234,81,-5.0,A,Tallahassee,United States,"2018-10-06",1304,1305,-1,1608,1610,-2,MQ,N237NN,4069,DFW,TLH,106,124,767,0,0
VPS,Destin-Ft Walton Beach Airport,30.4832,-86.525398,87,-6.0,A,Valparaiso,United States,"2018-10-06",1303,1307,-4,1343,1350,-7,OH,N575NN,5500,CLT,VPS,69,100,460,0,0
ECP,Northwest Florida Beaches International Airport,30.357106,-85.795414,69,-6.0,A,Panama City,United States,"2018-10-06",1351,1355,-4,1347,1359,-12,DL,N945DL,2506,ATL,ECP,40,56,240,0,0
PNS,Pensacola Regional Airport,30.473400115967,-87.186599731445,121,-6.0,A,Pensacola,United States,"2018-10-06",1404,1414,-10,1535,1554,-19,YX,N136HQ,4537,PHL,PNS,131,151,935,0,0
TLH,Tallahassee Regional Airport,30.396499633789062,-84.35030364990234,81,-5.0,A,Tallahassee,United States,"2018-10-06",1416,1421,-5,1506,1522,-16,DL,N924AT,1399,ATL,TLH,39,50,223,0,0
ECP,Northwest Florida Beaches International Airport,30.357106,-85.795414,69,-6.0,A,Panama City,United States,"2018-10-06",1446,1435,11,1626,1620,6,WN,N737JW,4933,STL,ECP,90,100,634,0,0
ECP,Northwest Florida Beaches International Airport,30.357106,-85.795414,69,-6.0,A,Panama City,United States,"2018-10-06",1439,1445,-6,1621,1628,-7,YV,N85351,6212,IAH,ECP,86,102,572,0,0
PNS,Pensacola Regional Airport,30.473400115967,-87.186599731445,121,-6.0,A,Pensacola,United States,"2018-10-06",1459,1500,-1,1616,1625,-9,WN,N249WN,3902,HOU,PNS,68,77,488,0,0
VPS,Destin-Ft Walton Beach Airport,30.4832,-86.525398,87,-6.0,A,Valparaiso,United States,"2018-10-06",1550,1536,14,1641,1623,18,G4,"274NV",1901,CVG,VPS,86,111,600,0,0
VPS,Destin-Ft Walton Beach Airport,30.4832,-86.525398,87,-6.0,A,Valparaiso,United States,"2018-10-06",1732,1615,77,1832,1725,67,G4,"327NV",1424,PIT,VPS,103,120,775,0,0
PNS,Pensacola Regional Airport,30.473400115967,-87.186599731445,121,-6.0,A,Pensacola,United States,"2018-10-06",1640,1615,25,1715,1701,14,MQ,N675AE,3427,MIA,PNS,79,95,530,0,0
PNS,Pensacola Regional Airport,30.473400115967,-87.186599731445,121,-6.0,A,Pensacola,United States,"2018-10-06",1634,1635,-1,1802,1812,-10,YV,N80343,6184,IAH,PNS,72,88,489,0,0
VPS,Destin-Ft Walton Beach Airport,30.4832,-86.525398,87,-6.0,A,Valparaiso,United States,"2018-10-06",1723,1650,33,1911,1839,32,AA,N980TW,1445,DFW,VPS,89,108,641,0,0
PNS,Pensacola Regional Airport,30.473400115967,-87.186599731445,121,-6.0,A,Pensacola,United States,"2018-10-06",1650,1655,-5,1645,1703,-18,DL,N900DE,1814,ATL,PNS,42,55,271,0,0
ECP,Northwest Florida Beaches International Airport,30.357106,-85.795414,69,-6.0,A,Panama City,United States,"2018-10-06",1706,1700,6,1820,1815,5,WN,N8501V,5270,BNA,ECP,57,74,401,0,0
PNS,Pensacola Regional Airport,30.473400115967,-87.186599731445,121,-6.0,A,Pensacola,United States,"2018-10-06",1708,1705,3,1813,1820,-7,WN,N443WN,581,BNA,PNS,55,65,391,0,0
VPS,Destin-Ft Walton Beach Airport,30.4832,-86.525398,87,-6.0,A,Valparaiso,United States,"2018-10-06",1715,1719,-4,1709,1721,-12,DL,N960DL,1167,ATL,VPS,38,54,250,0,0
TLH,Tallahassee Regional Airport,30.396499633789062,-84.35030364990234,81,-5.0,A,Tallahassee,United States,"2018-10-06",1727,1730,-3,1846,1854,-8,MQ,N667GB,3844,MIA,TLH,58,79,402,0,0
VPS,Destin-Ft Walton Beach Airport,30.4832,-86.525398,87,-6.0,A,Valparaiso,United States,"2018-10-06",1812,1745,27,1853,1825,28,OH,N540EA,5709,CLT,VPS,65,101,460,0,0
TLH,Tallahassee Regional Airport,30.396499633789062,-84.35030364990234,81,-5.0,A,Tallahassee,United States,"2018-10-06",1748,1755,-7,1917,1922,-5,OH,N720PS,5188,CLT,TLH,56,89,386,0,0
VPS,Destin-Ft Walton Beach Airport,30.4832,-86.525398,87,-6.0,A,Valparaiso,United States,"2018-10-06",2052,1831,141,2201,1951,130,G4,"224NV",1947,BWI,VPS,107,129,819,0,0
ECP,Northwest Florida Beaches International Airport,30.357106,-85.795414,69,-6.0,A,Panama City,United States,"2018-10-06",2018,1850,88,2253,2054,119,EV,N605QX,2870,DFW,ECP,87,155,685,0,0
TLH,Tallahassee Regional Airport,30.396499633789062,-84.35030364990234,81,-5.0,A,Tallahassee,United States,"2018-10-06",1902,1903,-1,2007,2007,0,DL,N906DL,351,ATL,TLH,42,65,223,0,0
PNS,Pensacola Regional Airport,30.473400115967,-87.186599731445,121,-6.0,A,Pensacola,United States,"2018-10-06",1901,1904,-3,1857,1914,-17,DL,N990DL,2182,ATL,PNS,42,56,271,0,0
ECP,Northwest Florida Beaches International Airport,30.357106,-85.795414,69,-6.0,A,Panama City,United States,"2018-10-06",1930,1905,25,2056,2040,16,WN,N906WN,4149,HOU,ECP,78,86,571,0,0
PNS,Pensacola Regional Airport,30.473400115967,-87.186599731445,121,-6.0,A,Pensacola,United States,"2018-10-05",1517,1459,18,1521,1511,10,DL,N916DE,1270,ATL,PNS,44,64,271,0,0
VPS,Destin-Ft Walton Beach Airport,30.4832,-86.525398,87,-6.0,A,Valparaiso,United States,"2018-10-05",1552,1558,-6,1631,1645,-14,G4,"274NV",1901,CVG,VPS,84,99,600,0,0
VPS,Destin-Ft Walton Beach Airport,30.4832,-86.525398,87,-6.0,A,Valparaiso,United States,"2018-10-05",1628,1620,8,1814,1809,5,EV,N11565,4412,IAH,VPS,81,106,528,0,0
PNS,Pensacola Regional Airport,30.473400115967,-87.186599731445,121,-6.0,A,Pensacola,United States,"2018-10-05",1632,1635,-3,1816,1812,4,YV,N88335,6184,IAH,PNS,72,104,489,0,0
VPS,Destin-Ft Walton Beach Airport,30.4832,-86.525398,87,-6.0,A,Valparaiso,United States,"2018-10-05",1801,1805,-4,1950,1954,-4,EV,N13989,4447,IAH,VPS,86,109,528,0,0
ECP,Northwest Florida Beaches International Airport,30.357106,-85.795414,69,-6.0,A,Panama City,United States,"2018-10-05",1828,1830,-2,1906,1915,-9,EV,N720EV,2890,CLT,ECP,62,98,437,0,0
VPS,Destin-Ft Walton Beach Airport,30.4832,-86.525398,87,-6.0,A,Valparaiso,United States,"2018-10-05",1920,1931,-11,2122,2115,7,G4,"224NV",1903,BLV,VPS,90,122,587,0,0
ECP,Northwest Florida Beaches International Airport,30.357106,-85.795414,69,-6.0,A,Panama City,United States,"2018-10-05",1932,1934,-2,1933,1940,-7,DL,N3768,2431,ATL,ECP,38,61,240,0,0
PNS,Pensacola Regional Airport,30.473400115967,-87.186599731445,121,-6.0,A,Pensacola,United States,"2018-10-05",2006,1941,25,2137,2118,19,YV,N88328,6187,IAH,PNS,68,91,489,0,0
PNS,Pensacola Regional Airport,30.473400115967,-87.186599731445,121,-6.0,A,Pensacola,United States,"2018-10-05",2033,1955,38,2107,2040,27,OH,N592NN,5103,CLT,PNS,67,94,488,0,0
ECP,Northwest Florida Beaches International Airport,30.357106,-85.795414,69,-6.0,A,Panama City,United States,"2018-10-05",1957,1955,2,2135,2140,-5,EV,N14905,4190,IAH,ECP,83,98,572,0,0
TLH,Tallahassee Regional Airport,30.396499633789062,-84.35030364990234,81,-5.0,A,Tallahassee,United States,"2018-10-05",2000,2000,0,2222,2216,6,YX,N407YX,4504,DCA,TLH,96,142,716,0,0
VPS,Destin-Ft Walton Beach Airport,30.4832,-86.525398,87,-6.0,A,Valparaiso,United States,"2018-10-05",2014,2032,-18,2211,2238,-27,G4,"274NV",1915,MCI,VPS,102,117,764,0,0
PNS,Pensacola Regional Airport,30.473400115967,-87.186599731445,121,-6.0,A,Pensacola,United States,"2018-10-05",2048,2046,2,2055,2057,-2,DL,N915DL,1236,ATL,PNS,43,67,271,0,0
TLH,Tallahassee Regional Airport,30.396499633789062,-84.35030364990234,81,-5.0,A,Tallahassee,United States,"2018-10-05",2110,2051,19,2204,2155,9,DL,N963DL,1669,ATL,TLH,35,54,223,0,0
PNS,Pensacola Regional Airport,30.473400115967,-87.186599731445,121,-6.0,A,Pensacola,United States,"2018-10-05",2314,2238,36,2309,2247,22,DL,N936DL,1213,ATL,PNS,42,55,271,0,0
TLH,Tallahassee Regional Airport,30.396499633789062,-84.35030364990234,81,-5.0,A,Tallahassee,United States,"2018-10-05",2236,2241,-5,2351,2345,6,DL,N917DL,485,ATL,TLH,38,75,223,0,0
VPS,Destin-Ft Walton Beach Airport,30.4832,-86.525398,87,-6.0,A,Valparaiso,United States,"2018-10-05",2239,2241,-2,2312,2320,-8,OH,N594NN,5696,CLT,VPS,70,93,460,0,0
VPS,Destin-Ft Walton Beach Airport,30.4832,-86.525398,87,-6.0,A,Valparaiso,United States,"2018-10-05",2239,2242,-3,2244,2248,-4,DL,N912DE,1590,ATL,VPS,38,65,250,0,0
ECP,Northwest Florida Beaches International Airport,30.357106,-85.795414,69,-6.0,A,Panama City,United States,"2018-10-06",900,900,0,901,901,0,DL,N912DE,2029,ATL,ECP,42,61,240,0,0
ECP,Northwest Florida Beaches International Airport,30.357106,-85.795414,69,-6.0,A,Panama City,United States,"2018-10-06",919,920,-1,1028,1035,-7,WN,N7854B,4137,BNA,ECP,60,69,401,0,0
PNS,Pensacola Regional Airport,30.473400115967,-87.186599731445,121,-6.0,A,Pensacola,United States,"2018-10-06",915,920,-5,1023,1040,-17,WN,N432WN,3024,BNA,PNS,57,68,391,0,0
VPS,Destin-Ft Walton Beach Airport,30.4832,-86.525398,87,-6.0,A,Valparaiso,United States,"2018-10-06",925,929,-4,1106,1113,-7,G4,"274NV",1903,BLV,VPS,80,101,587,0,0
VPS,Destin-Ft Walton Beach Airport,30.4832,-86.525398,87,-6.0,A,Valparaiso,United States,"2018-10-06",1052,1055,-3,1246,1257,-11,YV,N245LR,5740,DFW,VPS,86,114,641,0,0
PNS,Pensacola Regional Airport,30.473400115967,-87.186599731445,121,-6.0,A,Pensacola,United States,"2018-10-06",1349,1125,144,1729,1340,229,OO,N464SW,5803,ORD,PNS,139,220,794,0,0
ECP,Northwest Florida Beaches International Airport,30.357106,-85.795414,69,-6.0,A,Panama City,United States,"2018-10-06",1129,1131,-2,1151,1209,-18,EV,N738EV,2893,CLT,ECP,65,82,437,0,0
ECP,Northwest Florida Beaches International Airport,30.357106,-85.795414,69,-6.0,A,Panama City,United States,"2018-10-06",1218,1225,-7,1409,1423,-14,EV,N604QX,2895,DFW,ECP,95,111,685,0,0
PNS,Pensacola Regional Airport,30.473400115967,-87.186599731445,121,-6.0,A,Pensacola,United States,"2018-10-06",1255,1300,-5,1441,1443,-2,AA,N964TW,2389,DFW,PNS,91,106,604,0,0
TLH,Tallahassee Regional Airport,30.396499633789062,-84.35030364990234,81,-5.0,A,Tallahassee,United States,"2018-10-06",1316,1320,-4,1441,1451,-10,OH,N576NN,5662,CLT,TLH,62,85,386,0,0
VPS,Destin-Ft Walton Beach Airport,30.4832,-86.525398,87,-6.0,A,Valparaiso,United States,"2018-10-06",1340,1342,-2,1338,1346,-8,DL,N990DL,2873,ATL,VPS,38,58,250,0,0
ECP,Northwest Florida Beaches International Airport,30.357106,-85.795414,69,-6.0,A,Panama City,United States,"2018-10-06",1418,1405,13,1526,1520,6,WN,N934WN,3347,BNA,ECP,56,68,401,0,0
VPS,Destin-Ft Walton Beach Airport,30.4832,-86.525398,87,-6.0,A,Valparaiso,United States,"2018-10-06",1424,1430,-6,1600,1619,-19,EV,N12167,4412,IAH,VPS,78,96,528,0,0
TLH,Tallahassee Regional Airport,30.396499633789062,-84.35030364990234,81,-5.0,A,Tallahassee,United States,"2018-10-06",1432,1439,-7,1548,1603,-15,MQ,N662EH,3861,MIA,TLH,61,76,402,0,0
PNS,Pensacola Regional Airport,30.473400115967,-87.186599731445,121,-6.0,A,Pensacola,United States,"2018-10-06",1450,1455,-5,1530,1542,-12,YX,N131HQ,4553,CLT,PNS,72,100,488,0,0
PNS,Pensacola Regional Airport,30.473400115967,-87.186599731445,121,-6.0,A,Pensacola,United States,"2018-10-06",1454,1459,-5,1449,1509,-20,DL,N947DL,1270,ATL,PNS,43,55,271,0,0
VPS,Destin-Ft Walton Beach Airport,30.4832,-86.525398,87,-6.0,A,Valparaiso,United States,"2018-10-06",1515,1510,5,1513,1519,-6,DL,N992AT,2802,ATL,VPS,41,58,250,0,0
TLH,Tallahassee Regional Airport,30.396499633789062,-84.35030364990234,81,-5.0,A,Tallahassee,United States,"2018-10-06",1616,1620,-4,1709,1724,-15,DL,N952AT,1786,ATL,TLH,40,53,223,0,0
PNS,Pensacola Regional Airport,30.473400115967,-87.186599731445,121,-6.0,A,Pensacola,United States,"2018-10-06",1659,1659,0,1806,1823,-17,OH,N703PS,5520,DCA,PNS,109,127,816,0,0
PNS,Pensacola Regional Airport,30.473400115967,-87.186599731445,121,-6.0,A,Pensacola,United States,"2018-10-06",1658,1703,-5,1845,1845,0,AA,N7541A,2641,DFW,PNS,85,107,604,0,0
TLH,Tallahassee Regional Airport,30.396499633789062,-84.35030364990234,81,-5.0,A,Tallahassee,United States,"2018-10-06",1703,1710,-7,1902,1924,-22,YX,N403YX,4504,DCA,TLH,92,119,716,0,0
ECP,Northwest Florida Beaches International Airport,30.357106,-85.795414,69,-6.0,A,Panama City,United States,"2018-10-06",1708,1713,-5,1659,1710,-11,DL,N996DL,1403,ATL,ECP,38,51,240,0,0
PNS,Pensacola Regional Airport,30.473400115967,-87.186599731445,121,-6.0,A,Pensacola,United States,"2018-10-06",1758,1741,17,1835,1821,14,OH,N706PS,5463,CLT,PNS,72,97,488,0,0
VPS,Destin-Ft Walton Beach Airport,30.4832,-86.525398,87,-6.0,A,Valparaiso,United States,"2018-10-06",1758,1805,-7,1941,1954,-13,EV,N13975,4447,IAH,VPS,78,103,528,0,0
ECP,Northwest Florida Beaches International Airport,30.357106,-85.795414,69,-6.0,A,Panama City,United States,"2018-10-06",1937,1934,3,1932,1938,-6,DL,N399DA,2431,ATL,ECP,38,55,240,0,0
VPS,Destin-Ft Walton Beach Airport,30.4832,-86.525398,87,-6.0,A,Valparaiso,United States,"2018-10-06",1930,1936,-6,1930,1943,-13,DL,N953DL,1856,ATL,VPS,38,60,250,0,0
TLH,Tallahassee Regional Airport,30.396499633789062,-84.35030364990234,81,-5.0,A,Tallahassee,United States,"2018-10-06",2029,2030,-1,47,2333,74,MQ,N228NN,4131,DFW,TLH,107,198,767,0,0
PNS,Pensacola Regional Airport,30.473400115967,-87.186599731445,121,-6.0,A,Pensacola,United States,"2018-10-06",1945,1941,4,2109,2118,-9,YV,N89357,6187,IAH,PNS,71,84,489,0,0
ECP,Northwest Florida Beaches International Airport,30.357106,-85.795414,69,-6.0,A,Panama City,United States,"2018-10-06",1954,1955,-1,2131,2138,-7,YV,N87303,6100,IAH,ECP,81,97,572,0,0
PNS,Pensacola Regional Airport,30.473400115967,-87.186599731445,121,-6.0,A,Pensacola,United States,"2018-10-06",2032,1955,37,2106,2040,26,OH,N569NN,5103,CLT,PNS,69,94,488,0,0
PNS,Pensacola Regional Airport,30.473400115967,-87.186599731445,121,-6.0,A,Pensacola,United States,"2018-10-06",2140,2151,-11,2231,2242,-11,MQ,N698CB,4109,MIA,PNS,77,111,530,0,0
VPS,Destin-Ft Walton Beach Airport,30.4832,-86.525398,87,-6.0,A,Valparaiso,United States,"2018-10-06",2105,2040,25,2141,2121,20,G4,"274NV",1919,SDF,VPS,73,96,532,0,0
PNS,Pensacola Regional Airport,30.473400115967,-87.186599731445,121,-6.0,A,Pensacola,United States,"2018-10-06",2255,2238,17,2257,2244,13,DL,N918DE,1213,ATL,PNS,41,62,271,0,0
TLH,Tallahassee Regional Airport,30.396499633789062,-84.35030364990234,81,-5.0,A,Tallahassee,United States,"2018-10-06",2238,2241,-3,2332,2344,-12,DL,N994DL,485,ATL,TLH,35,54,223,0,0
VPS,Destin-Ft Walton Beach Airport,30.4832,-86.525398,87,-6.0,A,Valparaiso,United States,"2018-10-06",2232,2241,-9,2300,2320,-20,OH,N551NN,5696,CLT,VPS,68,88,460,0,0
VPS,Destin-Ft Walton Beach Airport,30.4832,-86.525398,87,-6.0,A,Valparaiso,United States,"2018-10-06",2247,2242,5,2255,2246,9,DL,N948DL,1590,ATL,VPS,39,68,250,0,0
ECP,Northwest Florida Beaches International Airport,30.357106,-85.795414,69,-6.0,A,Panama City,United States,"2018-10-06",2241,2245,-4,2242,2249,-7,DL,N808DN,2303,ATL,ECP,38,61,240,0,0
PNS,Pensacola Regional Airport,30.473400115967,-87.186599731445,121,-6.0,A,Pensacola,United States,"2018-10-07",720,722,-2,1133,1121,12,F9,N303FR,638,DEN,PNS,172,193,1179,0,0
PNS,Pensacola Regional Airport,30.473400115967,-87.186599731445,121,-6.0,A,Pensacola,United States,"2018-10-07",719,725,-6,848,902,-14,YV,N85356,6228,IAH,PNS,74,89,489,0,0
PNS,Pensacola Regional Airport,30.473400115967,-87.186599731445,121,-6.0,A,Pensacola,United States,"2018-10-07",735,739,-4,821,824,-3,OH,N552NN,5237,CLT,PNS,68,106,488,0,0
PNS,Pensacola Regional Airport,30.473400115967,-87.186599731445,121,-6.0,A,Pensacola,United States,"2018-10-07",815,820,-5,815,831,-16,DL,N954DL,2212,ATL,PNS,43,60,271,0,0
VPS,Destin-Ft Walton Beach Airport,30.4832,-86.525398,87,-6.0,A,Valparaiso,United States,"2018-10-07",835,835,0,909,911,-2,OH,N579NN,5564,CLT,VPS,69,94,460,0,0
VPS,Destin-Ft Walton Beach Airport,30.4832,-86.525398,87,-6.0,A,Valparaiso,United States,"2018-10-07",845,850,-5,1004,1023,-19,YX,N433YX,4609,DCA,VPS,110,139,789,0,0
TLH,Tallahassee Regional Airport,30.396499633789062,-84.35030364990234,81,-5.0,A,Tallahassee,United States,"2018-10-07",902,900,2,1037,1025,12,OH,N593NN,5272,CLT,TLH,60,95,386,0,0
ECP,Northwest Florida Beaches International Airport,30.357106,-85.795414,69,-6.0,A,Panama City,United States,"2018-10-07",858,900,-2,859,903,-4,DL,N902DE,2029,ATL,ECP,43,61,240,0,0
PNS,Pensacola Regional Airport,30.473400115967,-87.186599731445,121,-6.0,A,Pensacola,United States,"2018-10-07",915,915,0,952,1000,-8,MQ,N681AE,3733,MIA,PNS,78,97,530,0,0
ECP,Northwest Florida Beaches International Airport,30.357106,-85.795414,69,-6.0,A,Panama City,United States,"2018-10-07",925,920,5,1035,1035,0,WN,N7828A,5084,BNA,ECP,60,70,401,0,0
PNS,Pensacola Regional Airport,30.473400115967,-87.186599731445,121,-6.0,A,Pensacola,United States,"2018-10-07",926,930,-4,1036,1050,-14,WN,N751SW,2565,BNA,PNS,56,70,391,0,0
PNS,Pensacola Regional Airport,30.473400115967,-87.186599731445,121,-6.0,A,Pensacola,United States,"2018-10-07",932,935,-3,1052,1115,-23,YX,N653RW,3668,IAH,PNS,68,80,489,0,0
VPS,Destin-Ft Walton Beach Airport,30.4832,-86.525398,87,-6.0,A,Valparaiso,United States,"2018-10-07",942,944,-2,941,950,-9,DL,N916DL,2716,ATL,VPS,40,59,250,0,0
VPS,Destin-Ft Walton Beach Airport,30.4832,-86.525398,87,-6.0,A,Valparaiso,United States,"2018-10-07",942,946,-4,1131,1138,-7,G4,"274NV",1993,AUS,VPS,90,109,666,0,0
PNS,Pensacola Regional Airport,30.473400115967,-87.186599731445,121,-6.0,A,Pensacola,United States,"2018-10-07",958,1002,-4,956,1017,-21,DL,N6700,2179,ATL,PNS,44,58,271,0,0
ECP,Northwest Florida Beaches International Airport,30.357106,-85.795414,69,-6.0,A,Panama City,United States,"2018-10-07",1004,1010,-6,1151,1155,-4,EV,N19554,4451,IAH,ECP,85,107,572,0,0
PNS,Pensacola Regional Airport,30.473400115967,-87.186599731445,121,-6.0,A,Pensacola,United States,"2018-10-07",1016,1020,-4,1149,1208,-19,MQ,N234JW,3324,DFW,PNS,79,93,604,0,0
VPS,Destin-Ft Walton Beach Airport,30.4832,-86.525398,87,-6.0,A,Valparaiso,United States,"2018-10-07",1009,1022,-13,1204,1216,-12,G4,"224NV",1909,OKC,VPS,95,115,726,0,0
TLH,Tallahassee Regional Airport,30.396499633789062,-84.35030364990234,81,-5.0,A,Tallahassee,United States,"2018-10-07",1020,1025,-5,1115,1125,-10,DL,N977AT,489,ATL,TLH,39,55,223,0,0
TLH,Tallahassee Regional Airport,30.396499633789062,-84.35030364990234,81,-5.0,A,Tallahassee,United States,"2018-10-07",1018,1025,-7,1143,1147,-4,MQ,N657AE,3663,MIA,TLH,61,85,402,0,0
VPS,Destin-Ft Walton Beach Airport,30.4832,-86.525398,87,-6.0,A,Valparaiso,United States,"2018-10-07",1046,1055,-9,1246,1257,-11,YV,N247LR,5740,DFW,VPS,86,120,641,0,0
ECP,Northwest Florida Beaches International Airport,30.357106,-85.795414,69,-6.0,A,Panama City,United States,"2018-10-07",1107,1112,-5,1107,1116,-9,DL,N959DL,1733,ATL,ECP,39,60,240,0,0
ECP,Northwest Florida Beaches International Airport,30.357106,-85.795414,69,-6.0,A,Panama City,United States,"2018-10-07",1123,1131,-8,1215,1209,6,EV,N615QX,2893,CLT,ECP,61,112,437,0,0
PNS,Pensacola Regional Airport,30.473400115967,-87.186599731445,121,-6.0,A,Pensacola,United States,"2018-10-07",1133,1130,3,1209,1214,-5,OH,N548NN,5298,CLT,PNS,74,96,488,0,0
PNS,Pensacola Regional Airport,30.473400115967,-87.186599731445,121,-6.0,A,Pensacola,United States,"2018-10-07",1151,1155,-4,1336,1334,2,EV,N12567,4393,IAH,PNS,80,105,489,0,0
PNS,Pensacola Regional Airport,30.473400115967,-87.186599731445,121,-6.0,A,Pensacola,United States,"2018-10-07",1136,1138,-2,1253,1300,-7,MQ,N255NN,3771,DCA,PNS,110,137,816,0,0
VPS,Destin-Ft Walton Beach Airport,30.4832,-86.525398,87,-6.0,A,Valparaiso,United States,"2018-10-07",1154,1200,-6,1342,1349,-7,EV,N12540,3995,IAH,VPS,81,108,528,0,0
ECP,Northwest Florida Beaches International Airport,30.357106,-85.795414,69,-6.0,A,Panama City,United States,"2018-10-07",1234,1225,9,1437,1423,14,EV,N717EV,2895,DFW,ECP,90,123,685,0,0
ECP,Northwest Florida Beaches International Airport,30.357106,-85.795414,69,-6.0,A,Panama City,United States,"2018-10-07",1206,1205,1,1348,1350,-2,WN,N210WN,2055,DAL,ECP,87,102,674,0,0
PNS,Pensacola Regional Airport,30.473400115967,-87.186599731445,121,-6.0,A,Pensacola,United States,"2018-10-07",1229,1236,-7,1233,1247,-14,DL,N991DL,1353,ATL,PNS,48,64,271,0,0
TLH,Tallahassee Regional Airport,30.396499633789062,-84.35030364990234,81,-5.0,A,Tallahassee,United States,"2018-10-07",1303,1305,-2,1629,1610,19,MQ,N232NN,4069,DFW,TLH,105,146,767,0,0
PNS,Pensacola Regional Airport,30.473400115967,-87.186599731445,121,-6.0,A,Pensacola,United States,"2018-10-07",1255,1300,-5,1454,1443,11,AA,N7541A,2389,DFW,PNS,82,119,604,0,0
VPS,Destin-Ft Walton Beach Airport,30.4832,-86.525398,87,-6.0,A,Valparaiso,United States,"2018-10-07",1306,1307,-1,1348,1350,-2,OH,N592NN,5500,CLT,VPS,73,102,460,0,0
TLH,Tallahassee Regional Airport,30.396499633789062,-84.35030364990234,81,-5.0,A,Tallahassee,United States,"2018-10-07",1314,1320,-6,1446,1451,-5,OH,N547NN,5662,CLT,TLH,65,92,386,0,0
VPS,Destin-Ft Walton Beach Airport,30.4832,-86.525398,87,-6.0,A,Valparaiso,United States,"2018-10-07",1342,1342,0,1339,1348,-9,DL,N950DL,2873,ATL,VPS,38,57,250,0,0
ECP,Northwest Florida Beaches International Airport,30.357106,-85.795414,69,-6.0,A,Panama City,United States,"2018-10-07",1352,1354,-2,1344,1352,-8,DL,N960DL,2506,ATL,ECP,38,52,240,0,0
PNS,Pensacola Regional Airport,30.473400115967,-87.186599731445,121,-6.0,A,Pensacola,United States,"2018-10-07",1405,1414,-9,1541,1554,-13,YX,N133HQ,4537,PHL,PNS,127,156,935,0,0
ECP,Northwest Florida Beaches International Airport,30.357106,-85.795414,69,-6.0,A,Panama City,United States,"2018-10-07",1420,1415,5,1533,1530,3,WN,N7829B,6593,BNA,ECP,61,73,401,0,0
TLH,Tallahassee Regional Airport,30.396499633789062,-84.35030364990234,81,-5.0,A,Tallahassee,United States,"2018-10-07",1418,1421,-3,1512,1523,-11,DL,N996AT,1399,ATL,TLH,38,54,223,0,0
PNS,Pensacola Regional Airport,30.473400115967,-87.186599731445,121,-6.0,A,Pensacola,United States,"2018-10-07",1501,1455,6,1529,1542,-13,YX,N109HQ,4553,CLT,PNS,70,88,488,0,0
TLH,Tallahassee Regional Airport,30.396499633789062,-84.35030364990234,81,-5.0,A,Tallahassee,United States,"2018-10-07",1549,1439,70,1714,1603,71,MQ,N925AE,3861,MIA,TLH,63,85,402,0,0
ECP,Northwest Florida Beaches International Airport,30.357106,-85.795414,69,-6.0,A,Panama City,United States,"2018-10-07",1437,1445,-8,1622,1630,-8,EV,N17560,4249,IAH,ECP,87,105,572,0,0
PNS,Pensacola Regional Airport,30.473400115967,-87.186599731445,121,-6.0,A,Pensacola,United States,"2018-10-07",1457,1459,-2,1458,1511,-13,DL,N904DL,1270,ATL,PNS,46,61,271,0,0
VPS,Destin-Ft Walton Beach Airport,30.4832,-86.525398,87,-6.0,A,Valparaiso,United States,"2018-10-07",1509,1510,-1,1507,1516,-9,DL,N984DL,2802,ATL,VPS,39,58,250,0,0
ECP,Northwest Florida Beaches International Airport,30.357106,-85.795414,69,-6.0,A,Panama City,United States,"2018-10-08",1742,1225,317,1946,1423,323,EV,N719EV,2895,DFW,ECP,93,124,685,0,0
VPS,Destin-Ft Walton Beach Airport,30.4832,-86.525398,87,-6.0,A,Valparaiso,United States,"2018-10-07",1504,1517,-13,1646,1701,-15,G4,"274NV",1903,BLV,VPS,86,102,587,0,0
VPS,Destin-Ft Walton Beach Airport,30.4832,-86.525398,87,-6.0,A,Valparaiso,United States,"2018-10-07",1622,1620,2,1808,1809,-1,EV,N14905,4412,IAH,VPS,78,106,528,0,0
PNS,Pensacola Regional Airport,30.473400115967,-87.186599731445,121,-6.0,A,Pensacola,United States,"2018-10-07",1632,1635,-3,1810,1812,-2,YV,N82333,6184,IAH,PNS,70,98,489,0,0
VPS,Destin-Ft Walton Beach Airport,30.4832,-86.525398,87,-6.0,A,Valparaiso,United States,"2018-10-07",1629,1645,-16,1702,1726,-24,G4,"224NV",1919,SDF,VPS,73,93,532,0,0
ECP,Northwest Florida Beaches International Airport,30.357106,-85.795414,69,-6.0,A,Panama City,United States,"2018-10-07",1709,1713,-4,1701,1711,-10,DL,N944DL,1403,ATL,ECP,39,52,240,0,0
VPS,Destin-Ft Walton Beach Airport,30.4832,-86.525398,87,-6.0,A,Valparaiso,United States,"2018-10-07",1742,1745,-3,1815,1825,-10,OH,N547NN,5709,CLT,VPS,69,93,460,0,0
TLH,Tallahassee Regional Airport,30.396499633789062,-84.35030364990234,81,-5.0,A,Tallahassee,United States,"2018-10-07",1841,1801,40,2015,1940,35,YX,N123HQ,4660,CLT,TLH,71,94,386,0,0
TLH,Tallahassee Regional Airport,30.396499633789062,-84.35030364990234,81,-5.0,A,Tallahassee,United States,"2018-10-07",1759,1804,-5,1857,1910,-13,DL,N910AT,678,ATL,TLH,39,58,223,0,0
VPS,Destin-Ft Walton Beach Airport,30.4832,-86.525398,87,-6.0,A,Valparaiso,United States,"2018-10-07",1800,1805,-5,1934,1954,-20,EV,N18557,4447,IAH,VPS,75,94,528,0,0
ECP,Northwest Florida Beaches International Airport,30.357106,-85.795414,69,-6.0,A,Panama City,United States,"2018-10-07",2036,1830,126,2106,1915,111,EV,N717EV,2890,CLT,ECP,63,90,437,0,0
VPS,Destin-Ft Walton Beach Airport,30.4832,-86.525398,87,-6.0,A,Valparaiso,United States,"2018-10-07",1923,1855,28,2121,2053,28,AA,N964TW,1445,DFW,VPS,86,118,641,0,0
PNS,Pensacola Regional Airport,30.473400115967,-87.186599731445,121,-6.0,A,Pensacola,United States,"2018-10-07",2138,1955,103,2205,2040,85,OH,N561NN,5103,CLT,PNS,68,87,488,0,0
ECP,Northwest Florida Beaches International Airport,30.357106,-85.795414,69,-6.0,A,Panama City,United States,"2018-10-07",1953,1955,-2,2135,2140,-5,EV,N17560,4190,IAH,ECP,84,102,572,0,0
VPS,Destin-Ft Walton Beach Airport,30.4832,-86.525398,87,-6.0,A,Valparaiso,United States,"2018-10-07",2021,2023,-2,2137,2142,-5,G4,"224NV",1911,BNA,VPS,55,76,389,0,0
TLH,Tallahassee Regional Airport,30.396499633789062,-84.35030364990234,81,-5.0,A,Tallahassee,United States,"2018-10-07",2126,2030,56,25,2333,52,MQ,N241NN,4131,DFW,TLH,101,119,767,0,0
PNS,Pensacola Regional Airport,30.473400115967,-87.186599731445,121,-6.0,A,Pensacola,United States,"2018-10-07",2044,2046,-2,2046,2057,-11,DL,N976DL,1236,ATL,PNS,43,62,271,0,0
VPS,Destin-Ft Walton Beach Airport,30.4832,-86.525398,87,-6.0,A,Valparaiso,United States,"2018-10-08",704,705,-1,902,901,1,YV,N953LR,5725,DFW,VPS,86,118,641,0,0
PNS,Pensacola Regional Airport,30.473400115967,-87.186599731445,121,-6.0,A,Pensacola,United States,"2018-10-08",721,725,-4,854,904,-10,EV,N13975,4182,IAH,PNS,74,93,489,0,0
PNS,Pensacola Regional Airport,30.473400115967,-87.186599731445,121,-6.0,A,Pensacola,United States,"2018-10-08",735,739,-4,806,824,-18,OH,N555NN,5237,CLT,PNS,72,91,488,0,0
ECP,Northwest Florida Beaches International Airport,30.357106,-85.795414,69,-6.0,A,Panama City,United States,"2018-10-08",744,745,-1,853,900,-7,WN,N7874B,1281,BNA,ECP,58,69,401,0,0
PNS,Pensacola Regional Airport,30.473400115967,-87.186599731445,121,-6.0,A,Pensacola,United States,"2018-10-08",815,820,-5,824,831,-7,DL,N952DL,2212,ATL,PNS,46,69,271,0,0
TLH,Tallahassee Regional Airport,30.396499633789062,-84.35030364990234,81,-5.0,A,Tallahassee,United States,"2018-10-08",919,900,19,1043,1025,18,OH,N598NN,5272,CLT,TLH,64,84,386,0,0
PNS,Pensacola Regional Airport,30.473400115967,-87.186599731445,121,-6.0,A,Pensacola,United States,"2018-10-08",954,915,39,1037,1000,37,MQ,N925AE,3733,MIA,PNS,87,103,530,0,0
PNS,Pensacola Regional Airport,30.473400115967,-87.186599731445,121,-6.0,A,Pensacola,United States,"2018-10-08",959,1002,-3,1006,1017,-11,DL,N686DA,2179,ATL,PNS,48,67,271,0,0
ECP,Northwest Florida Beaches International Airport,30.357106,-85.795414,69,-6.0,A,Panama City,United States,"2018-10-08",1004,1010,-6,1150,1155,-5,EV,N15986,4451,IAH,ECP,87,106,572,0,0
PNS,Pensacola Regional Airport,30.473400115967,-87.186599731445,121,-6.0,A,Pensacola,United States,"2018-10-08",1017,1020,-3,1152,1208,-16,MQ,N247NN,3324,DFW,PNS,80,95,604,0,0
TLH,Tallahassee Regional Airport,30.396499633789062,-84.35030364990234,81,-5.0,A,Tallahassee,United States,"2018-10-08",1046,1025,21,1218,1147,31,MQ,N900AE,3663,MIA,TLH,61,92,402,0,0
ECP,Northwest Florida Beaches International Airport,30.357106,-85.795414,69,-6.0,A,Panama City,United States,"2018-10-08",1111,1112,-1,1113,1116,-3,DL,N995DL,1733,ATL,ECP,40,62,240,0,0
ECP,Northwest Florida Beaches International Airport,30.357106,-85.795414,69,-6.0,A,Panama City,United States,"2018-10-08",1117,1131,-14,1152,1209,-17,EV,N604QX,2893,CLT,ECP,68,95,437,0,0
PNS,Pensacola Regional Airport,30.473400115967,-87.186599731445,121,-6.0,A,Pensacola,United States,"2018-10-08",1151,1155,-4,1331,1334,-3,EV,N19554,4393,IAH,PNS,82,100,489,0,0
ECP,Northwest Florida Beaches International Airport,30.357106,-85.795414,69,-6.0,A,Panama City,United States,"2018-10-06",1825,1830,-5,1854,1915,-21,EV,N604QX,2890,CLT,ECP,62,89,437,0,0
PNS,Pensacola Regional Airport,30.473400115967,-87.186599731445,121,-6.0,A,Pensacola,United States,"2018-10-07",1613,1615,-2,1717,1701,16,MQ,N663AR,3427,MIA,PNS,82,124,530,0,0
TLH,Tallahassee Regional Airport,30.396499633789062,-84.35030364990234,81,-5.0,A,Tallahassee,United States,"2018-10-07",1614,1617,-3,1708,1712,-4,DL,N935DL,1786,ATL,TLH,41,54,223,0,0
VPS,Destin-Ft Walton Beach Airport,30.4832,-86.525398,87,-6.0,A,Valparaiso,United States,"2018-10-07",1949,1650,179,2142,1846,176,YV,N919FJ,5906,DFW,VPS,87,113,641,0,0
PNS,Pensacola Regional Airport,30.473400115967,-87.186599731445,121,-6.0,A,Pensacola,United States,"2018-10-07",1700,1655,5,1850,1845,5,MQ,N228NN,3877,DFW,PNS,82,110,604,0,0
PNS,Pensacola Regional Airport,30.473400115967,-87.186599731445,121,-6.0,A,Pensacola,United States,"2018-10-07",1650,1655,-5,1657,1704,-7,DL,N6714Q,1814,ATL,PNS,42,67,271,0,0
PNS,Pensacola Regional Airport,30.473400115967,-87.186599731445,121,-6.0,A,Pensacola,United States,"2018-10-07",1742,1655,47,1905,1820,45,WN,N7834A,5317,HOU,PNS,65,83,488,0,0
ECP,Northwest Florida Beaches International Airport,30.357106,-85.795414,69,-6.0,A,Panama City,United States,"2018-10-07",1709,1705,4,1843,1840,3,WN,N7819A,3780,HOU,ECP,81,94,571,0,0
VPS,Destin-Ft Walton Beach Airport,30.4832,-86.525398,87,-6.0,A,Valparaiso,United States,"2018-10-07",1712,1719,-7,1715,1722,-7,DL,N943DL,1167,ATL,VPS,38,63,250,0,0
TLH,Tallahassee Regional Airport,30.396499633789062,-84.35030364990234,81,-5.0,A,Tallahassee,United States,"2018-10-07",1726,1730,-4,1851,1854,-3,MQ,N681AE,3844,MIA,TLH,67,85,402,0,0
PNS,Pensacola Regional Airport,30.473400115967,-87.186599731445,121,-6.0,A,Pensacola,United States,"2018-10-07",1738,1741,-3,1759,1821,-22,OH,N507AE,5463,CLT,PNS,68,81,488,0,0
PNS,Pensacola Regional Airport,30.473400115967,-87.186599731445,121,-6.0,A,Pensacola,United States,"2018-10-07",1908,1849,19,1907,1900,7,DL,N992DL,2182,ATL,PNS,48,59,271,0,0
ECP,Northwest Florida Beaches International Airport,30.357106,-85.795414,69,-6.0,A,Panama City,United States,"2018-10-07",1912,1850,22,2127,2054,33,EV,N611QX,2870,DFW,ECP,90,135,685,0,0
PNS,Pensacola Regional Airport,30.473400115967,-87.186599731445,121,-6.0,A,Pensacola,United States,"2018-10-07",1907,1910,-3,2019,2025,-6,WN,N701GS,5039,BNA,PNS,54,72,391,0,0
ECP,Northwest Florida Beaches International Airport,30.357106,-85.795414,69,-6.0,A,Panama City,United States,"2018-10-07",1921,1920,1,2034,2035,-1,WN,N761RR,4390,BNA,ECP,60,73,401,0,0
ECP,Northwest Florida Beaches International Airport,30.357106,-85.795414,69,-6.0,A,Panama City,United States,"2018-10-07",1933,1934,-1,1932,1940,-8,DL,N384DA,2431,ATL,ECP,42,59,240,0,0
PNS,Pensacola Regional Airport,30.473400115967,-87.186599731445,121,-6.0,A,Pensacola,United States,"2018-10-07",1928,1935,-7,2033,2101,-28,OH,N505AE,5597,DCA,PNS,108,125,816,0,0
VPS,Destin-Ft Walton Beach Airport,30.4832,-86.525398,87,-6.0,A,Valparaiso,United States,"2018-10-07",1928,1936,-8,1938,1945,-7,DL,N904DE,1856,ATL,VPS,38,70,250,0,0
PNS,Pensacola Regional Airport,30.473400115967,-87.186599731445,121,-6.0,A,Pensacola,United States,"2018-10-07",1937,1941,-4,2102,2118,-16,YV,N87318,6187,IAH,PNS,69,85,489,0,0
TLH,Tallahassee Regional Airport,30.396499633789062,-84.35030364990234,81,-5.0,A,Tallahassee,United States,"2018-10-07",1951,2000,-9,2208,2216,-8,YX,N437YX,4504,DCA,TLH,98,137,716,0,0
VPS,Destin-Ft Walton Beach Airport,30.4832,-86.525398,87,-6.0,A,Valparaiso,United States,"2018-10-07",2019,2029,-10,2155,2217,-22,G4,"274NV",1913,SGF,VPS,78,96,610,0,0
PNS,Pensacola Regional Airport,30.473400115967,-87.186599731445,121,-6.0,A,Pensacola,United States,"2018-10-07",2049,2035,14,2227,2220,7,AA,N9619V,2641,DFW,PNS,80,98,604,0,0
TLH,Tallahassee Regional Airport,30.396499633789062,-84.35030364990234,81,-5.0,A,Tallahassee,United States,"2018-10-07",2104,2051,13,2157,2155,2,DL,N994DL,1669,ATL,TLH,42,53,223,0,0
PNS,Pensacola Regional Airport,30.473400115967,-87.186599731445,121,-6.0,A,Pensacola,United States,"2018-10-07",2213,2151,22,2300,2242,18,MQ,N668HH,4109,MIA,PNS,80,107,530,0,0
TLH,Tallahassee Regional Airport,30.396499633789062,-84.35030364990234,81,-5.0,A,Tallahassee,United States,"2018-10-07",2223,2232,-9,2342,2359,-17,OH,N712PS,5284,CLT,TLH,62,79,386,0,0
PNS,Pensacola Regional Airport,30.473400115967,-87.186599731445,121,-6.0,A,Pensacola,United States,"2018-10-07",2249,2238,11,2252,2247,5,DL,N910DE,1213,ATL,PNS,42,63,271,0,0
TLH,Tallahassee Regional Airport,30.396499633789062,-84.35030364990234,81,-5.0,A,Tallahassee,United States,"2018-10-07",2238,2241,-3,2328,2345,-17,DL,N966DL,485,ATL,TLH,38,50,223,0,0
VPS,Destin-Ft Walton Beach Airport,30.4832,-86.525398,87,-6.0,A,Valparaiso,United States,"2018-10-07",2233,2241,-8,2307,2320,-13,OH,N548NN,5696,CLT,VPS,67,94,460,0,0
VPS,Destin-Ft Walton Beach Airport,30.4832,-86.525398,87,-6.0,A,Valparaiso,United States,"2018-10-07",2307,2242,25,2306,2248,18,DL,N956DL,1590,ATL,VPS,39,59,250,0,0
ECP,Northwest Florida Beaches International Airport,30.357106,-85.795414,69,-6.0,A,Panama City,United States,"2018-10-07",2327,2245,42,2319,2250,29,DL,N837DN,2303,ATL,ECP,38,52,240,0,0
PNS,Pensacola Regional Airport,30.473400115967,-87.186599731445,121,-6.0,A,Pensacola,United States,"2018-10-08",746,750,-4,901,905,-4,WN,N297WN,2229,BNA,PNS,57,75,391,0,0
VPS,Destin-Ft Walton Beach Airport,30.4832,-86.525398,87,-6.0,A,Valparaiso,United States,"2018-10-08",835,835,0,907,911,-4,OH,N562NN,5564,CLT,VPS,69,92,460,0,0
TLH,Tallahassee Regional Airport,30.396499633789062,-84.35030364990234,81,-5.0,A,Tallahassee,United States,"2018-10-08",832,836,-4,932,941,-9,"9E",N326PQ,3281,ATL,TLH,38,60,223,0,0
VPS,Destin-Ft Walton Beach Airport,30.4832,-86.525398,87,-6.0,A,Valparaiso,United States,"2018-10-08",841,850,-9,1013,1023,-10,YX,N424YX,4609,DCA,VPS,107,152,789,0,0
ECP,Northwest Florida Beaches International Airport,30.357106,-85.795414,69,-6.0,A,Panama City,United States,"2018-10-08",857,900,-3,850,903,-13,DL,N994DL,2029,ATL,ECP,40,53,240,0,0
ECP,Northwest Florida Beaches International Airport,30.357106,-85.795414,69,-6.0,A,Panama City,United States,"2018-10-08",908,900,8,1019,1015,4,WN,N8321D,3984,BNA,ECP,60,71,401,0,0
PNS,Pensacola Regional Airport,30.473400115967,-87.186599731445,121,-6.0,A,Pensacola,United States,"2018-10-08",927,935,-8,1058,1115,-17,YX,N731YX,3668,IAH,PNS,70,91,489,0,0
VPS,Destin-Ft Walton Beach Airport,30.4832,-86.525398,87,-6.0,A,Valparaiso,United States,"2018-10-08",940,944,-4,930,950,-20,DL,N924DL,2716,ATL,VPS,37,50,250,0,0
VPS,Destin-Ft Walton Beach Airport,30.4832,-86.525398,87,-6.0,A,Valparaiso,United States,"2018-10-08",1033,1037,-4,1123,1135,-12,G4,"224NV",1917,LCK,VPS,92,110,675,0,0
TLH,Tallahassee Regional Airport,30.396499633789062,-84.35030364990234,81,-5.0,A,Tallahassee,United States,"2018-10-08",1049,1050,-1,1151,1150,1,DL,N906DL,489,ATL,TLH,36,62,223,0,0
VPS,Destin-Ft Walton Beach Airport,30.4832,-86.525398,87,-6.0,A,Valparaiso,United States,"2018-10-08",1052,1055,-3,1247,1257,-10,YV,N947LR,5740,DFW,VPS,88,115,641,0,0
PNS,Pensacola Regional Airport,30.473400115967,-87.186599731445,121,-6.0,A,Pensacola,United States,"2018-10-08",1128,1130,-2,1212,1214,-2,OH,N571NN,5298,CLT,PNS,76,104,488,0,0
PNS,Pensacola Regional Airport,30.473400115967,-87.186599731445,121,-6.0,A,Pensacola,United States,"2018-10-08",1130,1138,-8,1246,1300,-14,MQ,N258NN,3771,DCA,PNS,113,136,816,0,0
VPS,Destin-Ft Walton Beach Airport,30.4832,-86.525398,87,-6.0,A,Valparaiso,United States,"2018-10-08",1158,1200,-2,1348,1349,-1,EV,N22909,3995,IAH,VPS,88,110,528,0,0
PNS,Pensacola Regional Airport,30.473400115967,-87.186599731445,121,-6.0,A,Pensacola,United States,"2018-10-08",1232,1236,-4,1232,1247,-15,DL,N913DL,1353,ATL,PNS,44,60,271,0,0
TLH,Tallahassee Regional Airport,30.396499633789062,-84.35030364990234,81,-5.0,A,Tallahassee,United States,"2018-10-08",1302,1305,-3,1617,1610,7,MQ,N225NN,4069,DFW,TLH,97,135,767,0,0
PNS,Pensacola Regional Airport,30.473400115967,-87.186599731445,121,-6.0,A,Pensacola,United States,"2018-10-08",1252,1300,-8,1434,1443,-9,AA,N9624T,2389,DFW,PNS,79,102,604,0,0
VPS,Destin-Ft Walton Beach Airport,30.4832,-86.525398,87,-6.0,A,Valparaiso,United States,"2018-10-08",1305,1307,-2,1340,1350,-10,OH,N583NN,5500,CLT,VPS,72,95,460,0,0
TLH,Tallahassee Regional Airport,30.396499633789062,-84.35030364990234,81,-5.0,A,Tallahassee,United States,"2018-10-08",1319,1320,-1,1448,1451,-3,OH,N512AE,5662,CLT,TLH,66,89,386,0,0
VPS,Destin-Ft Walton Beach Airport,30.4832,-86.525398,87,-6.0,A,Valparaiso,United States,"2018-10-08",1341,1342,-1,1345,1348,-3,DL,N912DL,2873,ATL,VPS,48,64,250,0,0
ECP,Northwest Florida Beaches International Airport,30.357106,-85.795414,69,-6.0,A,Panama City,United States,"2018-10-08",1346,1354,-8,1345,1352,-7,DL,N999DN,2506,ATL,ECP,42,59,240,0,0
TLH,Tallahassee Regional Airport,30.396499633789062,-84.35030364990234,81,-5.0,A,Tallahassee,United States,"2018-10-08",1416,1421,-5,1510,1523,-13,DL,N974AT,1399,ATL,TLH,40,54,223,0,0
PNS,Pensacola Regional Airport,30.473400115967,-87.186599731445,121,-6.0,A,Pensacola,United States,"2018-10-08",1404,1414,-10,1546,1554,-8,YX,N133HQ,4537,PHL,PNS,133,162,935,0,0
TLH,Tallahassee Regional Airport,30.396499633789062,-84.35030364990234,81,-5.0,A,Tallahassee,United States,"2018-10-08",1438,1439,-1,1558,1603,-5,MQ,N697AB,3861,MIA,TLH,65,80,402,0,0
ECP,Northwest Florida Beaches International Airport,30.357106,-85.795414,69,-6.0,A,Panama City,United States,"2018-10-08",1444,1445,-1,1712,1630,42,EV,N14562,4249,IAH,ECP,86,148,572,0,0
PNS,Pensacola Regional Airport,30.473400115967,-87.186599731445,121,-6.0,A,Pensacola,United States,"2018-10-08",1449,1455,-6,1522,1542,-20,YX,N115HQ,4553,CLT,PNS,72,93,488,0,0
PNS,Pensacola Regional Airport,30.473400115967,-87.186599731445,121,-6.0,A,Pensacola,United States,"2018-10-08",1456,1459,-3,1458,1511,-13,DL,N943DL,1270,ATL,PNS,48,62,271,0,0
VPS,Destin-Ft Walton Beach Airport,30.4832,-86.525398,87,-6.0,A,Valparaiso,United States,"2018-10-08",1509,1510,-1,1507,1516,-9,DL,N995DL,2802,ATL,VPS,40,58,250,0,0
VPS,Destin-Ft Walton Beach Airport,30.4832,-86.525398,87,-6.0,A,Valparaiso,United States,"2018-10-08",1558,1558,0,1643,1645,-2,G4,"224NV",1901,CVG,VPS,83,105,600,0,0
TLH,Tallahassee Regional Airport,30.396499633789062,-84.35030364990234,81,-5.0,A,Tallahassee,United States,"2018-10-08",1608,1610,-2,1742,1737,5,OH,N571NN,5248,CLT,TLH,67,94,386,0,0
TLH,Tallahassee Regional Airport,30.396499633789062,-84.35030364990234,81,-5.0,A,Tallahassee,United States,"2018-10-08",1614,1617,-3,1703,1712,-9,DL,N974DL,1786,ATL,TLH,37,49,223,0,0
PNS,Pensacola Regional Airport,30.473400115967,-87.186599731445,121,-6.0,A,Pensacola,United States,"2018-10-08",1612,1615,-3,1650,1701,-11,MQ,N942LL,3427,MIA,PNS,78,98,530,0,0
VPS,Destin-Ft Walton Beach Airport,30.4832,-86.525398,87,-6.0,A,Valparaiso,United States,"2018-10-08",1632,1620,12,1837,1809,28,EV,N13538,4412,IAH,VPS,80,125,528,0,0
PNS,Pensacola Regional Airport,30.473400115967,-87.186599731445,121,-6.0,A,Pensacola,United States,"2018-10-08",1631,1635,-4,1811,1812,-1,YV,N89321,6184,IAH,PNS,70,100,489,0,0
VPS,Destin-Ft Walton Beach Airport,30.4832,-86.525398,87,-6.0,A,Valparaiso,United States,"2018-10-08",1815,1650,85,2011,1846,85,YV,N914FJ,5906,DFW,VPS,85,116,641,0,0
PNS,Pensacola Regional Airport,30.473400115967,-87.186599731445,121,-6.0,A,Pensacola,United States,"2018-10-08",1756,1741,15,1825,1821,4,OH,N706PS,5463,CLT,PNS,73,89,488,0,0
PNS,Pensacola Regional Airport,30.473400115967,-87.186599731445,121,-6.0,A,Pensacola,United States,"2018-10-08",1650,1653,-3,1653,1702,-9,DL,N669DN,1814,ATL,PNS,44,63,271,0,0
PNS,Pensacola Regional Airport,30.473400115967,-87.186599731445,121,-6.0,A,Pensacola,United States,"2018-10-08",1810,1655,75,1958,1845,73,MQ,N234JW,3877,DFW,PNS,85,108,604,0,0
PNS,Pensacola Regional Airport,30.473400115967,-87.186599731445,121,-6.0,A,Pensacola,United States,"2018-10-08",1722,1705,17,1846,1830,16,WN,N728SW,976,HOU,PNS,64,84,488,0,0
ECP,Northwest Florida Beaches International Airport,30.357106,-85.795414,69,-6.0,A,Panama City,United States,"2018-10-08",1835,1710,85,2012,1845,87,WN,N8560Z,2008,HOU,ECP,83,97,571,0,0
ECP,Northwest Florida Beaches International Airport,30.357106,-85.795414,69,-6.0,A,Panama City,United States,"2018-10-08",1708,1713,-5,1705,1711,-6,DL,N944DL,1403,ATL,ECP,42,57,240,0,0
VPS,Destin-Ft Walton Beach Airport,30.4832,-86.525398,87,-6.0,A,Valparaiso,United States,"2018-10-08",1737,1719,18,1738,1722,16,DL,N910DE,1167,ATL,VPS,40,61,250,0,0
TLH,Tallahassee Regional Airport,30.396499633789062,-84.35030364990234,81,-5.0,A,Tallahassee,United States,"2018-10-08",1725,1730,-5,1851,1854,-3,MQ,N681AE,3844,MIA,TLH,64,86,402,0,0
VPS,Destin-Ft Walton Beach Airport,30.4832,-86.525398,87,-6.0,A,Valparaiso,United States,"2018-10-08",1742,1745,-3,1803,1825,-22,OH,N582NN,5709,CLT,VPS,66,81,460,0,0
VPS,Destin-Ft Walton Beach Airport,30.4832,-86.525398,87,-6.0,A,Valparaiso,United States,"2018-10-08",1803,1805,-2,1938,1954,-16,EV,N12569,4447,IAH,VPS,76,95,528,0,0
TLH,Tallahassee Regional Airport,30.396499633789062,-84.35030364990234,81,-5.0,A,Tallahassee,United States,"2018-10-08",1800,1801,-1,1943,1940,3,YX,N110HQ,4660,CLT,TLH,69,103,386,0,0
TLH,Tallahassee Regional Airport,30.396499633789062,-84.35030364990234,81,-5.0,A,Tallahassee,United States,"2018-10-08",1801,1804,-3,1900,1910,-10,DL,N936AT,678,ATL,TLH,39,59,223,0,0
ECP,Northwest Florida Beaches International Airport,30.357106,-85.795414,69,-6.0,A,Panama City,United States,"2018-10-08",,1830,,,1915,,EV,N719EV,2890,CLT,ECP,,,437,1,0
PNS,Pensacola Regional Airport,30.473400115967,-87.186599731445,121,-6.0,A,Pensacola,United States,"2018-10-08",1841,1834,7,1850,1845,5,DL,N988DL,2182,ATL,PNS,42,69,271,0,0
ECP,Northwest Florida Beaches International Airport,30.357106,-85.795414,69,-6.0,A,Panama City,United States,"2018-10-08",,1850,,,2054,,EV,N717EV,2870,DFW,ECP,,,685,1,0
VPS,Destin-Ft Walton Beach Airport,30.4832,-86.525398,87,-6.0,A,Valparaiso,United States,"2018-10-08",1859,1855,4,2113,2053,20,AA,N979TW,1445,DFW,VPS,88,134,641,0,0
VPS,Destin-Ft Walton Beach Airport,30.4832,-86.525398,87,-6.0,A,Valparaiso,United States,"2018-10-08",1930,1931,-1,2103,2115,-12,G4,"274NV",1903,BLV,VPS,73,93,587,0,0
ECP,Northwest Florida Beaches International Airport,30.357106,-85.795414,69,-6.0,A,Panama City,United States,"2018-10-08",1942,1934,8,1943,1940,3,DL,N3772H,2431,ATL,ECP,41,61,240,0,0
ECP,Northwest Florida Beaches International Airport,30.357106,-85.795414,69,-6.0,A,Panama City,United States,"2018-10-08",,1935,,,2050,,WN,N207WN,1378,BNA,ECP,,,401,1,0
PNS,Pensacola Regional Airport,30.473400115967,-87.186599731445,121,-6.0,A,Pensacola,United States,"2018-10-08",1950,1935,15,2058,2050,8,WN,N937WN,1020,BNA,PNS,54,68,391,0,0
PNS,Pensacola Regional Airport,30.473400115967,-87.186599731445,121,-6.0,A,Pensacola,United States,"2018-10-08",1942,1935,7,2049,2101,-12,OH,N505AE,5597,DCA,PNS,110,127,816,0,0
VPS,Destin-Ft Walton Beach Airport,30.4832,-86.525398,87,-6.0,A,Valparaiso,United States,"2018-10-08",1934,1936,-2,1937,1945,-8,DL,N902DE,1856,ATL,VPS,40,63,250,0,0
PNS,Pensacola Regional Airport,30.473400115967,-87.186599731445,121,-6.0,A,Pensacola,United States,"2018-10-08",1950,1941,9,2122,2118,4,YV,N86322,6187,IAH,PNS,70,92,489,0,0
PNS,Pensacola Regional Airport,30.473400115967,-87.186599731445,121,-6.0,A,Pensacola,United States,"2018-10-08",1956,1955,1,2026,2040,-14,OH,N554NN,5103,CLT,PNS,67,90,488,0,0
VPS,Destin-Ft Walton Beach Airport,30.4832,-86.525398,87,-6.0,A,Valparaiso,United States,"2018-10-08",2027,2032,-5,2232,2238,-6,G4,"224NV",1915,MCI,VPS,107,125,764,0,0
ECP,Northwest Florida Beaches International Airport,30.357106,-85.795414,69,-6.0,A,Panama City,United States,"2018-10-08",2036,1955,41,2216,2140,36,EV,N15574,4190,IAH,ECP,80,100,572,0,0
TLH,Tallahassee Regional Airport,30.396499633789062,-84.35030364990234,81,-5.0,A,Tallahassee,United States,"2018-10-08",1958,2000,-2,2213,2216,-3,YX,N446YX,4504,DCA,TLH,96,135,716,0,0
TLH,Tallahassee Regional Airport,30.396499633789062,-84.35030364990234,81,-5.0,A,Tallahassee,United States,"2018-10-08",2119,2030,49,31,2333,58,MQ,N253NN,4131,DFW,TLH,98,132,767,0,0
TLH,Tallahassee Regional Airport,30.396499633789062,-84.35030364990234,81,-5.0,A,Tallahassee,United States,"2018-10-08",2049,2051,-2,2140,2155,-15,DL,N978DL,1669,ATL,TLH,37,51,223,0,0
PNS,Pensacola Regional Airport,30.473400115967,-87.186599731445,121,-6.0,A,Pensacola,United States,"2018-10-08",2126,2035,51,2312,2220,52,AA,N9626F,2641,DFW,PNS,80,106,604,0,0
PNS,Pensacola Regional Airport,30.473400115967,-87.186599731445,121,-6.0,A,Pensacola,United States,"2018-10-08",2119,2046,33,2127,2057,30,DL,N964DL,1236,ATL,PNS,43,68,271,0,0
PNS,Pensacola Regional Airport,30.473400115967,-87.186599731445,121,-6.0,A,Pensacola,United States,"2018-10-09",1702,1300,242,1902,1443,259,AA,N968TW,2389,DFW,PNS,88,120,604,0,0
TLH,Tallahassee Regional Airport,30.396499633789062,-84.35030364990234,81,-5.0,A,Tallahassee,United States,"2018-10-08",2229,2232,-3,2354,2359,-5,OH,N510AE,5284,CLT,TLH,60,85,386,0,0
PNS,Pensacola Regional Airport,30.473400115967,-87.186599731445,121,-6.0,A,Pensacola,United States,"2018-10-08",2234,2238,-4,2235,2247,-12,DL,N999DN,1213,ATL,PNS,43,61,271,0,0
PNS,Pensacola Regional Airport,30.473400115967,-87.186599731445,121,-6.0,A,Pensacola,United States,"2018-10-09",720,725,-5,855,904,-9,EV,N13553,4182,IAH,PNS,73,95,489,0,0
PNS,Pensacola Regional Airport,30.473400115967,-87.186599731445,121,-6.0,A,Pensacola,United States,"2018-10-09",841,820,21,840,831,9,DL,N903DE,2212,ATL,PNS,46,59,271,0,0
TLH,Tallahassee Regional Airport,30.396499633789062,-84.35030364990234,81,-5.0,A,Tallahassee,United States,"2018-10-09",850,836,14,947,941,6,"9E",N133EV,3281,ATL,TLH,40,57,223,0,0
ECP,Northwest Florida Beaches International Airport,30.357106,-85.795414,69,-6.0,A,Panama City,United States,"2018-10-09",854,900,-6,912,903,9,DL,N938DN,2029,ATL,ECP,56,78,240,0,0
TLH,Tallahassee Regional Airport,30.396499633789062,-84.35030364990234,81,-5.0,A,Tallahassee,United States,"2018-10-09",857,900,-3,1020,1025,-5,OH,N564NN,5272,CLT,TLH,68,83,386,0,0
PNS,Pensacola Regional Airport,30.473400115967,-87.186599731445,121,-6.0,A,Pensacola,United States,"2018-10-09",955,915,40,1042,1000,42,MQ,N650AE,3733,MIA,PNS,83,107,530,0,0
PNS,Pensacola Regional Airport,30.473400115967,-87.186599731445,121,-6.0,A,Pensacola,United States,"2018-10-09",1315,1020,175,1506,1208,178,MQ,N232NN,3324,DFW,PNS,82,111,604,0,0
TLH,Tallahassee Regional Airport,30.396499633789062,-84.35030364990234,81,-5.0,A,Tallahassee,United States,"2018-10-09",1049,1050,-1,1144,1150,-6,DL,N962DN,489,ATL,TLH,39,55,223,0,0
ECP,Northwest Florida Beaches International Airport,30.357106,-85.795414,69,-6.0,A,Panama City,United States,"2018-10-09",1107,1112,-5,1109,1116,-7,DL,N949DN,1733,ATL,ECP,41,62,240,0,0
ECP,Northwest Florida Beaches International Airport,30.357106,-85.795414,69,-6.0,A,Panama City,United States,"2018-10-09",,1131,,,1209,,EV,N611QX,2893,CLT,ECP,,,437,1,0
ECP,Northwest Florida Beaches International Airport,30.357106,-85.795414,69,-6.0,A,Panama City,United States,"2018-10-09",,1225,,,1423,,EV,N617QX,2895,DFW,ECP,,,685,1,0
VPS,Destin-Ft Walton Beach Airport,30.4832,-86.525398,87,-6.0,A,Valparaiso,United States,"2018-10-09",1255,1233,22,1335,1320,15,G4,"274NV",1901,CVG,VPS,84,100,600,0,0
PNS,Pensacola Regional Airport,30.473400115967,-87.186599731445,121,-6.0,A,Pensacola,United States,"2018-10-08",2150,2151,-1,2227,2242,-15,MQ,N649PP,4109,MIA,PNS,78,97,530,0,0
TLH,Tallahassee Regional Airport,30.396499633789062,-84.35030364990234,81,-5.0,A,Tallahassee,United States,"2018-10-08",2236,2241,-5,2339,2345,-6,DL,N962DL,485,ATL,TLH,43,63,223,0,0
VPS,Destin-Ft Walton Beach Airport,30.4832,-86.525398,87,-6.0,A,Valparaiso,United States,"2018-10-08",2242,2241,1,2311,2320,-9,OH,N582NN,5696,CLT,VPS,66,89,460,0,0
VPS,Destin-Ft Walton Beach Airport,30.4832,-86.525398,87,-6.0,A,Valparaiso,United States,"2018-10-08",2244,2242,2,2253,2248,5,DL,N924DL,1590,ATL,VPS,40,69,250,0,0
ECP,Northwest Florida Beaches International Airport,30.357106,-85.795414,69,-6.0,A,Panama City,United States,"2018-10-08",2244,2245,-1,2252,2250,2,DL,N863DN,2303,ATL,ECP,41,68,240,0,0
PNS,Pensacola Regional Airport,30.473400115967,-87.186599731445,121,-6.0,A,Pensacola,United States,"2018-10-09",722,722,0,1129,1121,8,F9,N312FR,638,DEN,PNS,151,187,1179,0,0
PNS,Pensacola Regional Airport,30.473400115967,-87.186599731445,121,-6.0,A,Pensacola,United States,"2018-10-09",734,739,-5,819,824,-5,OH,N709PS,5237,CLT,PNS,79,105,488,0,0
ECP,Northwest Florida Beaches International Airport,30.357106,-85.795414,69,-6.0,A,Panama City,United States,"2018-10-09",,745,,,900,,WN,N739GB,1281,BNA,ECP,,,401,1,0
PNS,Pensacola Regional Airport,30.473400115967,-87.186599731445,121,-6.0,A,Pensacola,United States,"2018-10-09",750,750,0,908,905,3,WN,N451WN,2229,BNA,PNS,59,78,391,0,0
VPS,Destin-Ft Walton Beach Airport,30.4832,-86.525398,87,-6.0,A,Valparaiso,United States,"2018-10-09",839,835,4,909,911,-2,OH,N589NN,5564,CLT,VPS,72,90,460,0,0
VPS,Destin-Ft Walton Beach Airport,30.4832,-86.525398,87,-6.0,A,Valparaiso,United States,"2018-10-09",840,850,-10,1012,1023,-11,YX,N414YX,4609,DCA,VPS,115,152,789,0,0
PNS,Pensacola Regional Airport,30.473400115967,-87.186599731445,121,-6.0,A,Pensacola,United States,"2018-10-09",933,935,-2,1104,1115,-11,YX,N727YX,3668,IAH,PNS,71,91,489,0,0
VPS,Destin-Ft Walton Beach Airport,30.4832,-86.525398,87,-6.0,A,Valparaiso,United States,"2018-10-09",940,944,-4,943,950,-7,DL,N909DE,2716,ATL,VPS,40,63,250,0,0
PNS,Pensacola Regional Airport,30.473400115967,-87.186599731445,121,-6.0,A,Pensacola,United States,"2018-10-09",959,1002,-3,959,1017,-18,DL,N669DN,2179,ATL,PNS,45,60,271,0,0
ECP,Northwest Florida Beaches International Airport,30.357106,-85.795414,69,-6.0,A,Panama City,United States,"2018-10-09",1000,1010,-10,1202,1155,7,EV,N18557,4451,IAH,ECP,85,122,572,0,0
TLH,Tallahassee Regional Airport,30.396499633789062,-84.35030364990234,81,-5.0,A,Tallahassee,United States,"2018-10-09",1020,1025,-5,1139,1147,-8,MQ,N689EC,3663,MIA,TLH,63,79,402,0,0
VPS,Destin-Ft Walton Beach Airport,30.4832,-86.525398,87,-6.0,A,Valparaiso,United States,"2018-10-09",,1055,,,1257,,YV,N248LR,5740,DFW,VPS,,,641,1,0
PNS,Pensacola Regional Airport,30.473400115967,-87.186599731445,121,-6.0,A,Pensacola,United States,"2018-10-09",1128,1130,-2,1204,1214,-10,OH,N599NN,5298,CLT,PNS,73,96,488,0,0
PNS,Pensacola Regional Airport,30.473400115967,-87.186599731445,121,-6.0,A,Pensacola,United States,"2018-10-09",1131,1138,-7,1243,1300,-17,MQ,N261NN,3771,DCA,PNS,112,132,816,0,0
PNS,Pensacola Regional Airport,30.473400115967,-87.186599731445,121,-6.0,A,Pensacola,United States,"2018-10-09",1152,1155,-3,1328,1334,-6,EV,N14568,4393,IAH,PNS,72,96,489,0,0
VPS,Destin-Ft Walton Beach Airport,30.4832,-86.525398,87,-6.0,A,Valparaiso,United States,"2018-10-09",1157,1200,-3,1337,1349,-12,EV,N15980,3995,IAH,VPS,76,100,528,0,0
PNS,Pensacola Regional Airport,30.473400115967,-87.186599731445,121,-6.0,A,Pensacola,United States,"2018-10-09",1232,1236,-4,1237,1247,-10,DL,N972DL,1353,ATL,PNS,49,65,271,0,0
TLH,Tallahassee Regional Airport,30.396499633789062,-84.35030364990234,81,-5.0,A,Tallahassee,United States,"2018-10-09",1510,1305,125,1824,1610,134,MQ,N249NN,4069,DFW,TLH,99,134,767,0,0
TLH,Tallahassee Regional Airport,30.396499633789062,-84.35030364990234,81,-5.0,A,Tallahassee,United States,"2018-10-09",1317,1320,-3,1441,1451,-10,OH,N562NN,5662,CLT,TLH,64,84,386,0,0
VPS,Destin-Ft Walton Beach Airport,30.4832,-86.525398,87,-6.0,A,Valparaiso,United States,"2018-10-09",1309,1307,2,1351,1350,1,OH,N593NN,5500,CLT,VPS,82,102,460,0,0
ECP,Northwest Florida Beaches International Airport,30.357106,-85.795414,69,-6.0,A,Panama City,United States,"2018-10-09",1353,1354,-1,1350,1352,-2,DL,N924DL,2506,ATL,ECP,40,57,240,0,0
VPS,Destin-Ft Walton Beach Airport,30.4832,-86.525398,87,-6.0,A,Valparaiso,United States,"2018-10-09",1339,1342,-3,1345,1348,-3,DL,N938DN,2873,ATL,VPS,46,66,250,0,0
TLH,Tallahassee Regional Airport,30.396499633789062,-84.35030364990234,81,-5.0,A,Tallahassee,United States,"2018-10-09",1420,1421,-1,1515,1523,-8,DL,N952AT,1399,ATL,TLH,40,55,223,0,0
PNS,Pensacola Regional Airport,30.473400115967,-87.186599731445,121,-6.0,A,Pensacola,United States,"2018-10-09",1421,1414,7,1548,1554,-6,YX,N104HQ,4537,PHL,PNS,134,147,935,0,0
TLH,Tallahassee Regional Airport,30.396499633789062,-84.35030364990234,81,-5.0,A,Tallahassee,United States,"2018-10-09",1527,1439,48,1651,1603,48,MQ,N900AE,3861,MIA,TLH,60,84,402,0,0
PNS,Pensacola Regional Airport,30.473400115967,-87.186599731445,121,-6.0,A,Pensacola,United States,"2018-10-09",1520,1455,25,1557,1542,15,YX,N105HQ,4553,CLT,PNS,76,97,488,0,0
PNS,Pensacola Regional Airport,30.473400115967,-87.186599731445,121,-6.0,A,Pensacola,United States,"2018-10-09",1533,1459,34,1552,1511,41,DL,N943DN,1270,ATL,PNS,48,79,271,0,0
VPS,Destin-Ft Walton Beach Airport,30.4832,-86.525398,87,-6.0,A,Valparaiso,United States,"2018-10-09",1506,1510,-4,1507,1516,-9,DL,N949DN,2802,ATL,VPS,42,61,250,0,0
TLH,Tallahassee Regional Airport,30.396499633789062,-84.35030364990234,81,-5.0,A,Tallahassee,United States,"2018-10-09",,1610,,,1737,,OH,N572NN,5248,CLT,TLH,,,386,1,0
TLH,Tallahassee Regional Airport,30.396499633789062,-84.35030364990234,81,-5.0,A,Tallahassee,United States,"2018-10-09",1614,1617,-3,1704,1712,-8,DL,N904DL,1786,ATL,TLH,38,50,223,0,0
VPS,Destin-Ft Walton Beach Airport,30.4832,-86.525398,87,-6.0,A,Valparaiso,United States,"2018-10-09",1619,1620,-1,1834,1809,25,EV,N11539,4412,IAH,VPS,75,135,528,0,0
PNS,Pensacola Regional Airport,30.473400115967,-87.186599731445,121,-6.0,A,Pensacola,United States,"2018-10-09",1609,1615,-6,1643,1701,-18,MQ,N662EH,3427,MIA,PNS,77,94,530,0,0
PNS,Pensacola Regional Airport,30.473400115967,-87.186599731445,121,-6.0,A,Pensacola,United States,"2018-10-09",1638,1635,3,1838,1812,26,YV,N88359,6184,IAH,PNS,67,120,489,0,0
PNS,Pensacola Regional Airport,30.473400115967,-87.186599731445,121,-6.0,A,Pensacola,United States,"2018-10-09",1651,1653,-2,1654,1702,-8,DL,N682DA,1814,ATL,PNS,48,63,271,0,0
VPS,Destin-Ft Walton Beach Airport,30.4832,-86.525398,87,-6.0,A,Valparaiso,United States,"2018-10-09",,1650,,,1846,,YV,N246LR,5906,DFW,VPS,,,641,1,0
PNS,Pensacola Regional Airport,30.473400115967,-87.186599731445,121,-6.0,A,Pensacola,United States,"2018-10-09",1658,1655,3,1852,1845,7,MQ,N228NN,3877,DFW,PNS,85,114,604,0,0
PNS,Pensacola Regional Airport,30.473400115967,-87.186599731445,121,-6.0,A,Pensacola,United States,"2018-10-09",1910,1705,125,2033,1830,123,WN,N965WN,976,HOU,PNS,67,83,488,0,0
ECP,Northwest Florida Beaches International Airport,30.357106,-85.795414,69,-6.0,A,Panama City,United States,"2018-10-09",1722,1713,9,1723,1711,12,DL,N978DL,1403,ATL,ECP,44,61,240,0,0
ECP,Northwest Florida Beaches International Airport,30.357106,-85.795414,69,-6.0,A,Panama City,United States,"2018-10-09",,1710,,,1845,,WN,N964WN,2008,HOU,ECP,,,571,1,0
VPS,Destin-Ft Walton Beach Airport,30.4832,-86.525398,87,-6.0,A,Valparaiso,United States,"2018-10-09",1743,1737,6,1822,1818,4,G4,"274NV",1919,SDF,VPS,79,99,532,0,0
VPS,Destin-Ft Walton Beach Airport,30.4832,-86.525398,87,-6.0,A,Valparaiso,United States,"2018-10-09",1729,1719,10,1728,1722,6,DL,N938DN,1167,ATL,VPS,39,59,250,0,0
TLH,Tallahassee Regional Airport,30.396499633789062,-84.35030364990234,81,-5.0,A,Tallahassee,United States,"2018-10-09",,1730,,,1854,,MQ,N942LL,3844,MIA,TLH,,,402,1,0
VPS,Destin-Ft Walton Beach Airport,30.4832,-86.525398,87,-6.0,A,Valparaiso,United States,"2018-10-09",1748,1745,3,1819,1825,-6,OH,N556NN,5709,CLT,VPS,70,91,460,0,0
PNS,Pensacola Regional Airport,30.473400115967,-87.186599731445,121,-6.0,A,Pensacola,United States,"2018-10-09",1740,1741,-1,1807,1821,-14,OH,N510AE,5463,CLT,PNS,73,87,488,0,0
TLH,Tallahassee Regional Airport,30.396499633789062,-84.35030364990234,81,-5.0,A,Tallahassee,United States,"2018-10-09",,1801,,,1940,,YX,N128HQ,4660,CLT,TLH,,,386,1,0
TLH,Tallahassee Regional Airport,30.396499633789062,-84.35030364990234,81,-5.0,A,Tallahassee,United States,"2018-10-09",1801,1804,-3,1853,1910,-17,DL,N952AT,678,ATL,TLH,38,52,223,0,0
VPS,Destin-Ft Walton Beach Airport,30.4832,-86.525398,87,-6.0,A,Valparaiso,United States,"2018-10-09",,1805,,,1954,,EV,N13975,4447,IAH,VPS,,,528,1,0
ECP,Northwest Florida Beaches International Airport,30.357106,-85.795414,69,-6.0,A,Panama City,United States,"2018-10-09",,1830,,,1915,,EV,N617QX,2890,CLT,ECP,,,437,1,0
PNS,Pensacola Regional Airport,30.473400115967,-87.186599731445,121,-6.0,A,Pensacola,United States,"2018-10-09",1828,1834,-6,1835,1845,-10,DL,N995DL,2182,ATL,PNS,50,67,271,0,0
ECP,Northwest Florida Beaches International Airport,30.357106,-85.795414,69,-6.0,A,Panama City,United States,"2018-10-09",,1850,,,2054,,EV,N611QX,2870,DFW,ECP,,,685,1,0
VPS,Destin-Ft Walton Beach Airport,30.4832,-86.525398,87,-6.0,A,Valparaiso,United States,"2018-10-09",,1855,,,2053,,AA,N9629H,1445,DFW,VPS,,,641,1,0
ECP,Northwest Florida Beaches International Airport,30.357106,-85.795414,69,-6.0,A,Panama City,United States,"2018-10-09",1953,1934,19,1950,1940,10,DL,N395DN,2431,ATL,ECP,41,57,240,0,0
ECP,Northwest Florida Beaches International Airport,30.357106,-85.795414,69,-6.0,A,Panama City,United States,"2018-10-09",,1935,,,2050,,WN,N926WN,1378,BNA,ECP,,,401,1,0
PNS,Pensacola Regional Airport,30.473400115967,-87.186599731445,121,-6.0,A,Pensacola,United States,"2018-10-09",1936,1935,1,2131,2050,41,WN,N278WN,1020,BNA,PNS,56,115,391,0,0
PNS,Pensacola Regional Airport,30.473400115967,-87.186599731445,121,-6.0,A,Pensacola,United States,"2018-10-09",1932,1935,-3,2042,2101,-19,OH,N712PS,5597,DCA,PNS,111,130,816,0,0
VPS,Destin-Ft Walton Beach Airport,30.4832,-86.525398,87,-6.0,A,Valparaiso,United States,"2018-10-09",1935,1936,-1,1938,1945,-7,DL,N992DL,1856,ATL,VPS,40,63,250,0,0
PNS,Pensacola Regional Airport,30.473400115967,-87.186599731445,121,-6.0,A,Pensacola,United States,"2018-10-09",,1941,,,2118,,YV,N86312,6187,IAH,PNS,,,489,1,0
PNS,Pensacola Regional Airport,30.473400115967,-87.186599731445,121,-6.0,A,Pensacola,United States,"2018-10-09",2003,1955,8,2038,2040,-2,OH,N558NN,5103,CLT,PNS,75,95,488,0,0
ECP,Northwest Florida Beaches International Airport,30.357106,-85.795414,69,-6.0,A,Panama City,United States,"2018-10-09",,1955,,,2140,,EV,N15980,4190,IAH,ECP,,,572,1,0
TLH,Tallahassee Regional Airport,30.396499633789062,-84.35030364990234,81,-5.0,A,Tallahassee,United States,"2018-10-09",,2000,,,2216,,YX,N445YX,4504,DCA,TLH,,,716,1,0
TLH,Tallahassee Regional Airport,30.396499633789062,-84.35030364990234,81,-5.0,A,Tallahassee,United States,"2018-10-09",,2030,,,2333,,MQ,N244NN,4131,DFW,TLH,,,767,1,0
PNS,Pensacola Regional Airport,30.473400115967,-87.186599731445,121,-6.0,A,Pensacola,United States,"2018-10-09",,2035,,,2220,,AA,N983TW,2641,DFW,PNS,,,604,1,0
PNS,Pensacola Regional Airport,30.473400115967,-87.186599731445,121,-6.0,A,Pensacola,United States,"2018-10-09",2047,2046,1,2100,2057,3,DL,N989DL,1236,ATL,PNS,48,73,271,0,0
VPS,Destin-Ft Walton Beach Airport,30.4832,-86.525398,87,-6.0,A,Valparaiso,United States,"2018-10-09",2215,2242,-27,2211,2248,-37,DL,N958DL,1590,ATL,VPS,42,56,250,0,0
TLH,Tallahassee Regional Airport,30.396499633789062,-84.35030364990234,81,-5.0,A,Tallahassee,United States,"2018-10-09",2048,2051,-3,2140,2155,-15,DL,N904DL,1669,ATL,TLH,40,52,223,0,0
PNS,Pensacola Regional Airport,30.473400115967,-87.186599731445,121,-6.0,A,Pensacola,United States,"2018-10-09",,2151,,,2242,,MQ,N657AE,4109,MIA,PNS,,,530,1,0
TLH,Tallahassee Regional Airport,30.396499633789062,-84.35030364990234,81,-5.0,A,Tallahassee,United States,"2018-10-09",,2232,,,2359,,OH,N503AE,5284,CLT,TLH,,,386,1,0
PNS,Pensacola Regional Airport,30.473400115967,-87.186599731445,121,-6.0,A,Pensacola,United States,"2018-10-09",2233,2238,-5,2237,2247,-10,DL,N994DL,1213,ATL,PNS,48,64,271,0,0
ECP,Northwest Florida Beaches International Airport,30.357106,-85.795414,69,-6.0,A,Panama City,United States,"2018-10-09",,2245,,,2250,,DL,N851DN,2303,ATL,ECP,,,240,1,0
ECP,Northwest Florida Beaches International Airport,30.357106,-85.795414,69,-6.0,A,Panama City,United States,"2018-10-10",,1354,,,1352,,DL,N979DL,2506,ATL,ECP,,,240,1,0
TLH,Tallahassee Regional Airport,30.396499633789062,-84.35030364990234,81,-5.0,A,Tallahassee,United States,"2018-10-09",2218,2241,-23,2316,2345,-29,DL,N969DL,485,ATL,TLH,40,58,223,0,0
VPS,Destin-Ft Walton Beach Airport,30.4832,-86.525398,87,-6.0,A,Valparaiso,United States,"2018-10-09",,2241,,,2320,,OH,"",5696,CLT,VPS,,,460,1,0
ECP,Northwest Florida Beaches International Airport,30.357106,-85.795414,69,-6.0,A,Panama City,United States,"2018-10-10",,1850,,,2054,,EV,N720EV,2870,DFW,ECP,,,685,1,0
VPS,Destin-Ft Walton Beach Airport,30.4832,-86.525398,87,-6.0,A,Valparaiso,United States,"2018-10-10",,700,,,810,,G4,"326NV",1424,PIT,VPS,,,775,1,0
PNS,Pensacola Regional Airport,30.473400115967,-87.186599731445,121,-6.0,A,Pensacola,United States,"2018-10-10",,739,,,824,,OH,"",5237,CLT,PNS,,,488,1,0
ECP,Northwest Florida Beaches International Airport,30.357106,-85.795414,69,-6.0,A,Panama City,United States,"2018-10-10",,745,,,900,,WN,"",1281,BNA,ECP,,,401,1,0
PNS,Pensacola Regional Airport,30.473400115967,-87.186599731445,121,-6.0,A,Pensacola,United States,"2018-10-10",750,750,0,,905,,WN,N8716B,2229,BNA,PNS,,,391,0,1
PNS,Pensacola Regional Airport,30.473400115967,-87.186599731445,121,-6.0,A,Pensacola,United States,"2018-10-10",,820,,,831,,DL,N938DL,2212,ATL,PNS,,,271,1,0
TLH,Tallahassee Regional Airport,30.396499633789062,-84.35030364990234,81,-5.0,A,Tallahassee,United States,"2018-10-10",,836,,,941,,"9E",N295PQ,3281,ATL,TLH,,,223,1,0
ECP,Northwest Florida Beaches International Airport,30.357106,-85.795414,69,-6.0,A,Panama City,United States,"2018-10-10",,900,,,903,,DL,N985DL,2029,ATL,ECP,,,240,1,0
TLH,Tallahassee Regional Airport,30.396499633789062,-84.35030364990234,81,-5.0,A,Tallahassee,United States,"2018-10-10",,900,,,1025,,OH,"",5272,CLT,TLH,,,386,1,0
PNS,Pensacola Regional Airport,30.473400115967,-87.186599731445,121,-6.0,A,Pensacola,United States,"2018-10-10",,915,,,1000,,MQ,N918AE,3733,MIA,PNS,,,530,1,0
TLH,Tallahassee Regional Airport,30.396499633789062,-84.35030364990234,81,-5.0,A,Tallahassee,United States,"2018-10-10",,1025,,,1147,,MQ,N671AE,3663,MIA,TLH,,,402,1,0
VPS,Destin-Ft Walton Beach Airport,30.4832,-86.525398,87,-6.0,A,Valparaiso,United States,"2018-10-10",,1055,,,1257,,YV,"",5740,DFW,VPS,,,641,1,0
ECP,Northwest Florida Beaches International Airport,30.357106,-85.795414,69,-6.0,A,Panama City,United States,"2018-10-10",,1112,,,1116,,DL,N907DE,1733,ATL,ECP,,,240,1,0
ECP,Northwest Florida Beaches International Airport,30.357106,-85.795414,69,-6.0,A,Panama City,United States,"2018-10-10",,1131,,,1209,,EV,N717EV,2893,CLT,ECP,,,437,1,0
VPS,Destin-Ft Walton Beach Airport,30.4832,-86.525398,87,-6.0,A,Valparaiso,United States,"2018-10-10",,1200,,,1349,,EV,N18557,3995,IAH,VPS,,,528,1,0
ECP,Northwest Florida Beaches International Airport,30.357106,-85.795414,69,-6.0,A,Panama City,United States,"2018-10-10",,1225,,,1423,,EV,N616QX,2895,DFW,ECP,,,685,1,0
PNS,Pensacola Regional Airport,30.473400115967,-87.186599731445,121,-6.0,A,Pensacola,United States,"2018-10-10",,1300,,,1443,,AA,N9617R,2389,DFW,PNS,,,604,1,0
VPS,Destin-Ft Walton Beach Airport,30.4832,-86.525398,87,-6.0,A,Valparaiso,United States,"2018-10-10",,1307,,,1350,,OH,"",5500,CLT,VPS,,,460,1,0
VPS,Destin-Ft Walton Beach Airport,30.4832,-86.525398,87,-6.0,A,Valparaiso,United States,"2018-10-10",,1342,,,1348,,DL,N954DL,2873,ATL,VPS,,,250,1,0
PNS,Pensacola Regional Airport,30.473400115967,-87.186599731445,121,-6.0,A,Pensacola,United States,"2018-10-10",,725,,,904,,EV,N16911,4182,IAH,PNS,,,489,1,0
VPS,Destin-Ft Walton Beach Airport,30.4832,-86.525398,87,-6.0,A,Valparaiso,United States,"2018-10-10",,835,,,911,,OH,"",5564,CLT,VPS,,,460,1,0
VPS,Destin-Ft Walton Beach Airport,30.4832,-86.525398,87,-6.0,A,Valparaiso,United States,"2018-10-10",,850,,,1023,,YX,"",4609,DCA,VPS,,,789,1,0
VPS,Destin-Ft Walton Beach Airport,30.4832,-86.525398,87,-6.0,A,Valparaiso,United States,"2018-10-10",,929,,,1113,,G4,"",1903,BLV,VPS,,,587,1,0
PNS,Pensacola Regional Airport,30.473400115967,-87.186599731445,121,-6.0,A,Pensacola,United States,"2018-10-10",,935,,,1115,,YX,N634RW,3668,IAH,PNS,,,489,1,0
VPS,Destin-Ft Walton Beach Airport,30.4832,-86.525398,87,-6.0,A,Valparaiso,United States,"2018-10-10",,944,,,950,,DL,N907DL,2716,ATL,VPS,,,250,1,0
PNS,Pensacola Regional Airport,30.473400115967,-87.186599731445,121,-6.0,A,Pensacola,United States,"2018-10-10",,1002,,,1017,,DL,N6703D,2179,ATL,PNS,,,271,1,0
ECP,Northwest Florida Beaches International Airport,30.357106,-85.795414,69,-6.0,A,Panama City,United States,"2018-10-10",,1010,,,1155,,EV,N11544,4451,IAH,ECP,,,572,1,0
PNS,Pensacola Regional Airport,30.473400115967,-87.186599731445,121,-6.0,A,Pensacola,United States,"2018-10-10",,1020,,,1208,,MQ,N241NN,3324,DFW,PNS,,,604,1,0
TLH,Tallahassee Regional Airport,30.396499633789062,-84.35030364990234,81,-5.0,A,Tallahassee,United States,"2018-10-10",,1050,,,1150,,DL,N973DL,489,ATL,TLH,,,223,1,0
PNS,Pensacola Regional Airport,30.473400115967,-87.186599731445,121,-6.0,A,Pensacola,United States,"2018-10-10",,1130,,,1214,,OH,"",5298,CLT,PNS,,,488,1,0
PNS,Pensacola Regional Airport,30.473400115967,-87.186599731445,121,-6.0,A,Pensacola,United States,"2018-10-10",,1138,,,1300,,MQ,N236NN,3771,DCA,PNS,,,816,1,0
PNS,Pensacola Regional Airport,30.473400115967,-87.186599731445,121,-6.0,A,Pensacola,United States,"2018-10-10",,1139,,,1352,,F9,"",1286,ORD,PNS,,,794,1,0
PNS,Pensacola Regional Airport,30.473400115967,-87.186599731445,121,-6.0,A,Pensacola,United States,"2018-10-10",,1155,,,1334,,EV,N13566,4393,IAH,PNS,,,489,1,0
VPS,Destin-Ft Walton Beach Airport,30.4832,-86.525398,87,-6.0,A,Valparaiso,United States,"2018-10-10",,1200,,,1345,,G4,"",1991,EWR,VPS,,,988,1,0
PNS,Pensacola Regional Airport,30.473400115967,-87.186599731445,121,-6.0,A,Pensacola,United States,"2018-10-10",,1236,,,1247,,DL,N990DL,1353,ATL,PNS,,,271,1,0
TLH,Tallahassee Regional Airport,30.396499633789062,-84.35030364990234,81,-5.0,A,Tallahassee,United States,"2018-10-10",,1305,,,1610,,MQ,N253NN,4069,DFW,TLH,,,767,1,0
TLH,Tallahassee Regional Airport,30.396499633789062,-84.35030364990234,81,-5.0,A,Tallahassee,United States,"2018-10-10",,1320,,,1451,,OH,"",5662,CLT,TLH,,,386,1,0
TLH,Tallahassee Regional Airport,30.396499633789062,-84.35030364990234,81,-5.0,A,Tallahassee,United States,"2018-10-10",,1421,,,1523,,DL,N608AT,1399,ATL,TLH,,,223,1,0
PNS,Pensacola Regional Airport,30.473400115967,-87.186599731445,121,-6.0,A,Pensacola,United States,"2018-10-10",,1414,,,1554,,YX,"",4537,PHL,PNS,,,935,1,0
TLH,Tallahassee Regional Airport,30.396499633789062,-84.35030364990234,81,-5.0,A,Tallahassee,United States,"2018-10-10",,1439,,,1603,,MQ,N657AE,3861,MIA,TLH,,,402,1,0
ECP,Northwest Florida Beaches International Airport,30.357106,-85.795414,69,-6.0,A,Panama City,United States,"2018-10-10",,1445,,,1630,,EV,N15986,4249,IAH,ECP,,,572,1,0
PNS,Pensacola Regional Airport,30.473400115967,-87.186599731445,121,-6.0,A,Pensacola,United States,"2018-10-10",,1455,,,1542,,YX,"",4553,CLT,PNS,,,488,1,0
PNS,Pensacola Regional Airport,30.473400115967,-87.186599731445,121,-6.0,A,Pensacola,United States,"2018-10-10",,1459,,,1511,,DL,N916DE,1270,ATL,PNS,,,271,1,0
VPS,Destin-Ft Walton Beach Airport,30.4832,-86.525398,87,-6.0,A,Valparaiso,United States,"2018-10-10",,1510,,,1516,,DL,N973DL,2802,ATL,VPS,,,250,1,0
VPS,Destin-Ft Walton Beach Airport,30.4832,-86.525398,87,-6.0,A,Valparaiso,United States,"2018-10-10",,1551,,,1638,,G4,"",1901,CVG,VPS,,,600,1,0
TLH,Tallahassee Regional Airport,30.396499633789062,-84.35030364990234,81,-5.0,A,Tallahassee,United States,"2018-10-10",,1610,,,1737,,OH,"",5248,CLT,TLH,,,386,1,0
PNS,Pensacola Regional Airport,30.473400115967,-87.186599731445,121,-6.0,A,Pensacola,United States,"2018-10-10",,1615,,,1701,,MQ,N650AE,3427,MIA,PNS,,,530,1,0
TLH,Tallahassee Regional Airport,30.396499633789062,-84.35030364990234,81,-5.0,A,Tallahassee,United States,"2018-10-10",,1617,,,1712,,DL,N916DL,1786,ATL,TLH,,,223,1,0
VPS,Destin-Ft Walton Beach Airport,30.4832,-86.525398,87,-6.0,A,Valparaiso,United States,"2018-10-10",,1620,,,1809,,EV,N11539,4412,IAH,VPS,,,528,1,0
PNS,Pensacola Regional Airport,30.473400115967,-87.186599731445,121,-6.0,A,Pensacola,United States,"2018-10-10",,1635,,,1812,,YV,N87353,6184,IAH,PNS,,,489,1,0
PNS,Pensacola Regional Airport,30.473400115967,-87.186599731445,121,-6.0,A,Pensacola,United States,"2018-10-10",1647,1653,-6,1703,1702,1,DL,N676DL,1814,ATL,PNS,53,76,271,0,0
VPS,Destin-Ft Walton Beach Airport,30.4832,-86.525398,87,-6.0,A,Valparaiso,United States,"2018-10-10",,1650,,,1846,,YV,"",5906,DFW,VPS,,,641,1,0
PNS,Pensacola Regional Airport,30.473400115967,-87.186599731445,121,-6.0,A,Pensacola,United States,"2018-10-10",,1655,,,1845,,MQ,N254NN,3877,DFW,PNS,,,604,1,0
PNS,Pensacola Regional Airport,30.473400115967,-87.186599731445,121,-6.0,A,Pensacola,United States,"2018-10-10",,1705,,,1830,,WN,"",976,HOU,PNS,,,488,1,0
ECP,Northwest Florida Beaches International Airport,30.357106,-85.795414,69,-6.0,A,Panama City,United States,"2018-10-10",,1713,,,1711,,DL,N976DL,1403,ATL,ECP,,,240,1,0
PNS,Pensacola Regional Airport,30.473400115967,-87.186599731445,121,-6.0,A,Pensacola,United States,"2018-10-10",,1741,,,1821,,OH,"",5463,CLT,PNS,,,488,1,0
ECP,Northwest Florida Beaches International Airport,30.357106,-85.795414,69,-6.0,A,Panama City,United States,"2018-10-10",,1710,,,1845,,WN,"",2008,HOU,ECP,,,571,1,0
VPS,Destin-Ft Walton Beach Airport,30.4832,-86.525398,87,-6.0,A,Valparaiso,United States,"2018-10-10",,1719,,,1722,,DL,N969DL,1167,ATL,VPS,,,250,1,0
TLH,Tallahassee Regional Airport,30.396499633789062,-84.35030364990234,81,-5.0,A,Tallahassee,United States,"2018-10-10",,1730,,,1854,,MQ,N900AE,3844,MIA,TLH,,,402,1,0
VPS,Destin-Ft Walton Beach Airport,30.4832,-86.525398,87,-6.0,A,Valparaiso,United States,"2018-10-10",,1745,,,1825,,OH,"",5709,CLT,VPS,,,460,1,0
TLH,Tallahassee Regional Airport,30.396499633789062,-84.35030364990234,81,-5.0,A,Tallahassee,United States,"2018-10-10",,1801,,,1940,,YX,"",4660,CLT,TLH,,,386,1,0
VPS,Destin-Ft Walton Beach Airport,30.4832,-86.525398,87,-6.0,A,Valparaiso,United States,"2018-10-10",,1805,,,1954,,EV,N15980,4447,IAH,VPS,,,528,1,0
TLH,Tallahassee Regional Airport,30.396499633789062,-84.35030364990234,81,-5.0,A,Tallahassee,United States,"2018-10-10",,1804,,,1910,,DL,N946AT,678,ATL,TLH,,,223,1,0
VPS,Destin-Ft Walton Beach Airport,30.4832,-86.525398,87,-6.0,A,Valparaiso,United States,"2018-10-10",,1831,,,1951,,G4,"",1947,BWI,VPS,,,819,1,0
ECP,Northwest Florida Beaches International Airport,30.357106,-85.795414,69,-6.0,A,Panama City,United States,"2018-10-10",,1830,,,1915,,EV,N616QX,2890,CLT,ECP,,,437,1,0
PNS,Pensacola Regional Airport,30.473400115967,-87.186599731445,121,-6.0,A,Pensacola,United States,"2018-10-10",1832,1834,-2,1836,1845,-9,DL,N989DL,2182,ATL,PNS,52,64,271,0,0
VPS,Destin-Ft Walton Beach Airport,30.4832,-86.525398,87,-6.0,A,Valparaiso,United States,"2018-10-10",,1855,,,2053,,AA,N9629H,1445,DFW,VPS,,,641,1,0
ECP,Northwest Florida Beaches International Airport,30.357106,-85.795414,69,-6.0,A,Panama City,United States,"2018-10-10",,1934,,,1940,,DL,N375DA,2431,ATL,ECP,,,240,1,0
ECP,Northwest Florida Beaches International Airport,30.357106,-85.795414,69,-6.0,A,Panama City,United States,"2018-10-10",,1935,,,2050,,WN,"",1378,BNA,ECP,,,401,1,0
PNS,Pensacola Regional Airport,30.473400115967,-87.186599731445,121,-6.0,A,Pensacola,United States,"2018-10-10",,1935,,,2050,,WN,N760SW,1020,BNA,PNS,,,391,1,0
PNS,Pensacola Regional Airport,30.473400115967,-87.186599731445,121,-6.0,A,Pensacola,United States,"2018-10-10",,1935,,,2101,,OH,"",5597,DCA,PNS,,,816,1,0
VPS,Destin-Ft Walton Beach Airport,30.4832,-86.525398,87,-6.0,A,Valparaiso,United States,"2018-10-10",,1936,,,1945,,DL,N963DL,1856,ATL,VPS,,,250,1,0
PNS,Pensacola Regional Airport,30.473400115967,-87.186599731445,121,-6.0,A,Pensacola,United States,"2018-10-10",,1941,,,2118,,YV,N85355,6187,IAH,PNS,,,489,1,0
PNS,Pensacola Regional Airport,30.473400115967,-87.186599731445,121,-6.0,A,Pensacola,United States,"2018-10-10",,1955,,,2040,,OH,"",5103,CLT,PNS,,,488,1,0
ECP,Northwest Florida Beaches International Airport,30.357106,-85.795414,69,-6.0,A,Panama City,United States,"2018-10-10",,1955,,,2140,,EV,N17115,4190,IAH,ECP,,,572,1,0
TLH,Tallahassee Regional Airport,30.396499633789062,-84.35030364990234,81,-5.0,A,Tallahassee,United States,"2018-10-10",,2000,,,2216,,YX,"",4504,DCA,TLH,,,716,1,0
TLH,Tallahassee Regional Airport,30.396499633789062,-84.35030364990234,81,-5.0,A,Tallahassee,United States,"2018-10-10",,2030,,,2333,,MQ,N240NN,4131,DFW,TLH,,,767,1,0
PNS,Pensacola Regional Airport,30.473400115967,-87.186599731445,121,-6.0,A,Pensacola,United States,"2018-10-10",2051,2046,5,2057,2057,0,DL,N960DL,1236,ATL,PNS,49,66,271,0,0
PNS,Pensacola Regional Airport,30.473400115967,-87.186599731445,121,-6.0,A,Pensacola,United States,"2018-10-10",,2035,,,2220,,AA,N7541A,2641,DFW,PNS,,,604,1,0
PNS,Pensacola Regional Airport,30.473400115967,-87.186599731445,121,-6.0,A,Pensacola,United States,"2018-10-10",,2151,,,2242,,MQ,N622AE,4109,MIA,PNS,,,530,1,0
TLH,Tallahassee Regional Airport,30.396499633789062,-84.35030364990234,81,-5.0,A,Tallahassee,United States,"2018-10-10",,2051,,,2155,,DL,N998DL,1669,ATL,TLH,,,223,1,0
TLH,Tallahassee Regional Airport,30.396499633789062,-84.35030364990234,81,-5.0,A,Tallahassee,United States,"2018-10-10",,2232,,,2359,,OH,"",5284,CLT,TLH,,,386,1,0
PNS,Pensacola Regional Airport,30.473400115967,-87.186599731445,121,-6.0,A,Pensacola,United States,"2018-10-10",2229,2238,-9,2237,2247,-10,DL,N969DL,1213,ATL,PNS,52,68,271,0,0
TLH,Tallahassee Regional Airport,30.396499633789062,-84.35030364990234,81,-5.0,A,Tallahassee,United States,"2018-10-10",,2241,,,2345,,DL,N913DE,485,ATL,TLH,,,223,1,0
VPS,Destin-Ft Walton Beach Airport,30.4832,-86.525398,87,-6.0,A,Valparaiso,United States,"2018-10-10",,2241,,,2320,,OH,"",5696,CLT,VPS,,,460,1,0
VPS,Destin-Ft Walton Beach Airport,30.4832,-86.525398,87,-6.0,A,Valparaiso,United States,"2018-10-10",,2242,,,2248,,DL,N912DE,1590,ATL,VPS,,,250,1,0
ECP,Northwest Florida Beaches International Airport,30.357106,-85.795414,69,-6.0,A,Panama City,United States,"2018-10-10",,2245,,,2250,,DL,N894DN,2303,ATL,ECP,,,240,1,0
VPS,Destin-Ft Walton Beach Airport,30.4832,-86.525398,87,-6.0,A,Valparaiso,United States,"2018-10-11",701,705,-4,849,901,-12,YV,N925FJ,5725,DFW,VPS,82,108,641,0,0
PNS,Pensacola Regional Airport,30.473400115967,-87.186599731445,121,-6.0,A,Pensacola,United States,"2018-10-11",758,750,8,917,905,12,WN,N7747C,2229,BNA,PNS,60,79,391,0,0
PNS,Pensacola Regional Airport,30.473400115967,-87.186599731445,121,-6.0,A,Pensacola,United States,"2018-10-11",816,820,-4,818,831,-13,DL,N965DL,2212,ATL,PNS,48,62,271,0,0
TLH,Tallahassee Regional Airport,30.396499633789062,-84.35030364990234,81,-5.0,A,Tallahassee,United States,"2018-10-11",,900,,,1025,,OH,"",5272,CLT,TLH,,,386,1,0
PNS,Pensacola Regional Airport,30.473400115967,-87.186599731445,121,-6.0,A,Pensacola,United States,"2018-10-11",,935,,,1115,,YX,N644RW,3668,IAH,PNS,,,489,1,0
VPS,Destin-Ft Walton Beach Airport,30.4832,-86.525398,87,-6.0,A,Valparaiso,United States,"2018-10-11",,946,,,1138,,G4,"",1993,AUS,VPS,,,666,1,0
PNS,Pensacola Regional Airport,30.473400115967,-87.186599731445,121,-6.0,A,Pensacola,United States,"2018-10-11",1018,1020,-2,1155,1208,-13,MQ,N232NN,3324,DFW,PNS,81,97,604,0,0
VPS,Destin-Ft Walton Beach Airport,30.4832,-86.525398,87,-6.0,A,Valparaiso,United States,"2018-10-11",1050,1055,-5,1241,1257,-16,YV,N955LR,5740,DFW,VPS,84,111,641,0,0
PNS,Pensacola Regional Airport,30.473400115967,-87.186599731445,121,-6.0,A,Pensacola,United States,"2018-10-11",,1130,,,1214,,OH,N552NN,5298,CLT,PNS,,,488,1,0
PNS,Pensacola Regional Airport,30.473400115967,-87.186599731445,121,-6.0,A,Pensacola,United States,"2018-10-11",1130,1138,-8,1248,1300,-12,MQ,N254NN,3771,DCA,PNS,120,138,816,0,0
PNS,Pensacola Regional Airport,30.473400115967,-87.186599731445,121,-6.0,A,Pensacola,United States,"2018-10-11",1234,1155,39,1354,1334,20,EV,N12167,4393,IAH,PNS,66,80,489,0,0
PNS,Pensacola Regional Airport,30.473400115967,-87.186599731445,121,-6.0,A,Pensacola,United States,"2018-10-11",1255,1300,-5,1437,1443,-6,AA,N968TW,2389,DFW,PNS,78,102,604,0,0
VPS,Destin-Ft Walton Beach Airport,30.4832,-86.525398,87,-6.0,A,Valparaiso,United States,"2018-10-11",1340,1342,-2,1336,1348,-12,DL,N936DL,2873,ATL,VPS,39,56,250,0,0
PNS,Pensacola Regional Airport,30.473400115967,-87.186599731445,121,-6.0,A,Pensacola,United States,"2018-10-11",726,722,4,1133,1121,12,F9,N230FR,638,DEN,PNS,155,187,1179,0,0
PNS,Pensacola Regional Airport,30.473400115967,-87.186599731445,121,-6.0,A,Pensacola,United States,"2018-10-11",719,725,-6,843,904,-21,EV,N14904,4182,IAH,PNS,66,84,489,0,0
PNS,Pensacola Regional Airport,30.473400115967,-87.186599731445,121,-6.0,A,Pensacola,United States,"2018-10-11",738,739,-1,815,824,-9,OH,N581NN,5237,CLT,PNS,73,97,488,0,0
ECP,Northwest Florida Beaches International Airport,30.357106,-85.795414,69,-6.0,A,Panama City,United States,"2018-10-11",738,745,-7,,900,,WN,N901WN,1281,BNA,ECP,,,401,0,1
VPS,Destin-Ft Walton Beach Airport,30.4832,-86.525398,87,-6.0,A,Valparaiso,United States,"2018-10-11",,835,,,911,,OH,N551NN,5564,CLT,VPS,,,460,1,0
TLH,Tallahassee Regional Airport,30.396499633789062,-84.35030364990234,81,-5.0,A,Tallahassee,United States,"2018-10-11",918,836,42,1023,941,42,"9E",N295PQ,3281,ATL,TLH,43,65,223,0,0
VPS,Destin-Ft Walton Beach Airport,30.4832,-86.525398,87,-6.0,A,Valparaiso,United States,"2018-10-11",907,850,17,1032,1023,9,YX,N405YX,4609,DCA,VPS,117,145,789,0,0
ECP,Northwest Florida Beaches International Airport,30.357106,-85.795414,69,-6.0,A,Panama City,United States,"2018-10-11",,900,,,903,,DL,N912DE,2029,ATL,ECP,,,240,1,0
PNS,Pensacola Regional Airport,30.473400115967,-87.186599731445,121,-6.0,A,Pensacola,United States,"2018-10-11",911,915,-4,1006,1000,6,MQ,N697AB,3733,MIA,PNS,84,115,530,0,0
VPS,Destin-Ft Walton Beach Airport,30.4832,-86.525398,87,-6.0,A,Valparaiso,United States,"2018-10-11",944,944,0,946,950,-4,DL,N906DL,2716,ATL,VPS,42,62,250,0,0
PNS,Pensacola Regional Airport,30.473400115967,-87.186599731445,121,-6.0,A,Pensacola,United States,"2018-10-11",1001,1002,-1,1013,1017,-4,DL,N682DA,2179,ATL,PNS,47,72,271,0,0
ECP,Northwest Florida Beaches International Airport,30.357106,-85.795414,69,-6.0,A,Panama City,United States,"2018-10-11",,1010,,,1155,,EV,N14905,4451,IAH,ECP,,,572,1,0
VPS,Destin-Ft Walton Beach Airport,30.4832,-86.525398,87,-6.0,A,Valparaiso,United States,"2018-10-11",,1022,,,1216,,G4,"",1909,OKC,VPS,,,726,1,0
TLH,Tallahassee Regional Airport,30.396499633789062,-84.35030364990234,81,-5.0,A,Tallahassee,United States,"2018-10-11",1159,1025,94,1324,1147,97,MQ,N681AE,3663,MIA,TLH,61,85,402,0,0
TLH,Tallahassee Regional Airport,30.396499633789062,-84.35030364990234,81,-5.0,A,Tallahassee,United States,"2018-10-11",1118,1106,12,1213,1210,3,"9E",N135EV,5363,ATL,TLH,38,55,223,0,0
ECP,Northwest Florida Beaches International Airport,30.357106,-85.795414,69,-6.0,A,Panama City,United States,"2018-10-11",,1112,,,1116,,DL,N974DL,1733,ATL,ECP,,,240,1,0
ECP,Northwest Florida Beaches International Airport,30.357106,-85.795414,69,-6.0,A,Panama City,United States,"2018-10-11",,1131,,,1209,,EV,N716EV,2893,CLT,ECP,,,437,1,0
VPS,Destin-Ft Walton Beach Airport,30.4832,-86.525398,87,-6.0,A,Valparaiso,United States,"2018-10-11",1152,1200,-8,1325,1349,-24,EV,N14904,3995,IAH,VPS,75,93,528,0,0
ECP,Northwest Florida Beaches International Airport,30.357106,-85.795414,69,-6.0,A,Panama City,United States,"2018-10-11",,1225,,,1423,,EV,N738EV,2895,DFW,ECP,,,685,1,0
PNS,Pensacola Regional Airport,30.473400115967,-87.186599731445,121,-6.0,A,Pensacola,United States,"2018-10-11",1235,1236,-1,1238,1247,-9,DL,N997DL,1353,ATL,PNS,47,63,271,0,0
TLH,Tallahassee Regional Airport,30.396499633789062,-84.35030364990234,81,-5.0,A,Tallahassee,United States,"2018-10-11",1302,1305,-3,1600,1610,-10,MQ,N257NN,4069,DFW,TLH,96,118,767,0,0
VPS,Destin-Ft Walton Beach Airport,30.4832,-86.525398,87,-6.0,A,Valparaiso,United States,"2018-10-11",1415,1307,68,1500,1350,70,OH,N596NN,5500,CLT,VPS,75,105,460,0,0
TLH,Tallahassee Regional Airport,30.396499633789062,-84.35030364990234,81,-5.0,A,Tallahassee,United States,"2018-10-11",1410,1320,50,1529,1451,38,OH,N588NN,5662,CLT,TLH,62,79,386,0,0
ECP,Northwest Florida Beaches International Airport,30.357106,-85.795414,69,-6.0,A,Panama City,United States,"2018-10-11",,1354,,,1352,,DL,N920DE,2506,ATL,ECP,,,240,1,0
PNS,Pensacola Regional Airport,30.473400115967,-87.186599731445,121,-6.0,A,Pensacola,United States,"2018-10-11",1511,1414,57,1652,1554,58,YX,N122HQ,4537,PHL,PNS,142,161,935,0,0
TLH,Tallahassee Regional Airport,30.396499633789062,-84.35030364990234,81,-5.0,A,Tallahassee,United States,"2018-10-11",1420,1421,-1,1517,1523,-6,"9E",N307PQ,5145,ATL,TLH,39,57,223,0,0
TLH,Tallahassee Regional Airport,30.396499633789062,-84.35030364990234,81,-5.0,A,Tallahassee,United States,"2018-10-11",1433,1439,-6,1638,1603,35,MQ,N942LL,3861,MIA,TLH,61,125,402,0,0
PNS,Pensacola Regional Airport,30.473400115967,-87.186599731445,121,-6.0,A,Pensacola,United States,"2018-10-11",1457,1459,-2,1457,1511,-14,DL,N910DE,1270,ATL,PNS,45,60,271,0,0
ECP,Northwest Florida Beaches International Airport,30.357106,-85.795414,69,-6.0,A,Panama City,United States,"2018-10-11",,1445,,,1630,,EV,N13538,4249,IAH,ECP,,,572,1,0
PNS,Pensacola Regional Airport,30.473400115967,-87.186599731445,121,-6.0,A,Pensacola,United States,"2018-10-11",,1455,,,1542,,YX,N124HQ,4553,CLT,PNS,,,488,1,0
VPS,Destin-Ft Walton Beach Airport,30.4832,-86.525398,87,-6.0,A,Valparaiso,United States,"2018-10-11",1513,1510,3,1516,1516,0,DL,N960DL,2802,ATL,VPS,42,63,250,0,0
VPS,Destin-Ft Walton Beach Airport,30.4832,-86.525398,87,-6.0,A,Valparaiso,United States,"2018-10-11",1512,1517,-5,1650,1701,-11,G4,"217NV",1903,BLV,VPS,85,98,587,0,0
TLH,Tallahassee Regional Airport,30.396499633789062,-84.35030364990234,81,-5.0,A,Tallahassee,United States,"2018-10-11",1703,1610,53,1817,1737,40,OH,N590NN,5248,CLT,TLH,57,74,386,0,0
PNS,Pensacola Regional Airport,30.473400115967,-87.186599731445,121,-6.0,A,Pensacola,United States,"2018-10-11",1608,1615,-7,1707,1701,6,MQ,N932AE,3427,MIA,PNS,82,119,530,0,0
TLH,Tallahassee Regional Airport,30.396499633789062,-84.35030364990234,81,-5.0,A,Tallahassee,United States,"2018-10-11",1624,1617,7,1713,1712,1,DL,N981DL,1786,ATL,TLH,36,49,223,0,0
VPS,Destin-Ft Walton Beach Airport,30.4832,-86.525398,87,-6.0,A,Valparaiso,United States,"2018-10-11",1619,1620,-1,1753,1809,-16,EV,N11539,4412,IAH,VPS,77,94,528,0,0
PNS,Pensacola Regional Airport,30.473400115967,-87.186599731445,121,-6.0,A,Pensacola,United States,"2018-10-11",1910,1635,155,2034,1812,142,YV,N86324,6184,IAH,PNS,67,84,489,0,0
PNS,Pensacola Regional Airport,30.473400115967,-87.186599731445,121,-6.0,A,Pensacola,United States,"2018-10-11",1703,1653,10,1705,1702,3,DL,N697DL,1814,ATL,PNS,45,62,271,0,0
VPS,Destin-Ft Walton Beach Airport,30.4832,-86.525398,87,-6.0,A,Valparaiso,United States,"2018-10-11",1632,1645,-13,1721,1726,-5,G4,"229NV",1919,SDF,VPS,81,109,532,0,0
VPS,Destin-Ft Walton Beach Airport,30.4832,-86.525398,87,-6.0,A,Valparaiso,United States,"2018-10-11",1651,1650,1,1838,1846,-8,YV,N922FJ,5906,DFW,VPS,81,107,641,0,0
PNS,Pensacola Regional Airport,30.473400115967,-87.186599731445,121,-6.0,A,Pensacola,United States,"2018-10-11",1651,1655,-4,1833,1845,-12,MQ,N235NN,3877,DFW,PNS,80,102,604,0,0
ECP,Northwest Florida Beaches International Airport,30.357106,-85.795414,69,-6.0,A,Panama City,United States,"2018-10-11",,1713,,,1711,,DL,N994DL,1403,ATL,ECP,,,240,1,0
PNS,Pensacola Regional Airport,30.473400115967,-87.186599731445,121,-6.0,A,Pensacola,United States,"2018-10-11",1700,1705,-5,1816,1830,-14,WN,N206WN,976,HOU,PNS,63,76,488,0,0
ECP,Northwest Florida Beaches International Airport,30.357106,-85.795414,69,-6.0,A,Panama City,United States,"2018-10-11",,1710,,,1845,,WN,N7831B,2008,HOU,ECP,,,571,1,0
TLH,Tallahassee Regional Airport,30.396499633789062,-84.35030364990234,81,-5.0,A,Tallahassee,United States,"2018-10-11",1732,1730,2,1915,1854,21,MQ,N681AE,3844,MIA,TLH,60,103,402,0,0
VPS,Destin-Ft Walton Beach Airport,30.4832,-86.525398,87,-6.0,A,Valparaiso,United States,"2018-10-11",1714,1719,-5,1710,1722,-12,DL,N916DE,1167,ATL,VPS,41,56,250,0,0
VPS,Destin-Ft Walton Beach Airport,30.4832,-86.525398,87,-6.0,A,Valparaiso,United States,"2018-10-11",1837,1745,52,1915,1825,50,OH,N594NN,5709,CLT,VPS,74,98,460,0,0
PNS,Pensacola Regional Airport,30.473400115967,-87.186599731445,121,-6.0,A,Pensacola,United States,"2018-10-11",1902,1741,81,1950,1821,89,OH,N508AE,5463,CLT,PNS,78,108,488,0,0
TLH,Tallahassee Regional Airport,30.396499633789062,-84.35030364990234,81,-5.0,A,Tallahassee,United States,"2018-10-11",,1801,,,1940,,YX,"",4660,CLT,TLH,,,386,1,0
TLH,Tallahassee Regional Airport,30.396499633789062,-84.35030364990234,81,-5.0,A,Tallahassee,United States,"2018-10-11",1757,1802,-5,1903,1910,-7,"9E",N307PQ,5203,ATL,TLH,39,66,223,0,0
PNS,Pensacola Regional Airport,30.473400115967,-87.186599731445,121,-6.0,A,Pensacola,United States,"2018-10-11",1829,1834,-5,1837,1845,-8,DL,N920DE,2182,ATL,PNS,47,68,271,0,0
VPS,Destin-Ft Walton Beach Airport,30.4832,-86.525398,87,-6.0,A,Valparaiso,United States,"2018-10-11",1757,1805,-8,1931,1954,-23,EV,N16911,4447,IAH,VPS,78,94,528,0,0
ECP,Northwest Florida Beaches International Airport,30.357106,-85.795414,69,-6.0,A,Panama City,United States,"2018-10-11",,1830,,,1915,,EV,N738EV,2890,CLT,ECP,,,437,1,0
ECP,Northwest Florida Beaches International Airport,30.357106,-85.795414,69,-6.0,A,Panama City,United States,"2018-10-11",,1850,,,2054,,EV,N719EV,2870,DFW,ECP,,,685,1,0
VPS,Destin-Ft Walton Beach Airport,30.4832,-86.525398,87,-6.0,A,Valparaiso,United States,"2018-10-11",1852,1855,-3,2028,2053,-25,AA,N9621A,1445,DFW,VPS,78,96,641,0,0
ECP,Northwest Florida Beaches International Airport,30.357106,-85.795414,69,-6.0,A,Panama City,United States,"2018-10-11",,1934,,,1940,,DL,N3739P,2431,ATL,ECP,,,240,1,0
PNS,Pensacola Regional Airport,30.473400115967,-87.186599731445,121,-6.0,A,Pensacola,United States,"2018-10-11",,1935,,,2101,,OH,N516AE,5597,DCA,PNS,,,816,1,0
ECP,Northwest Florida Beaches International Airport,30.357106,-85.795414,69,-6.0,A,Panama City,United States,"2018-10-11",,1935,,,2050,,WN,N475WN,1378,BNA,ECP,,,401,1,0
PNS,Pensacola Regional Airport,30.473400115967,-87.186599731445,121,-6.0,A,Pensacola,United States,"2018-10-11",1937,1935,2,2053,2050,3,WN,N7857B,1020,BNA,PNS,62,76,391,0,0
VPS,Destin-Ft Walton Beach Airport,30.4832,-86.525398,87,-6.0,A,Valparaiso,United States,"2018-10-11",1950,1936,14,1951,1945,6,DL,N948DL,1856,ATL,VPS,44,61,250,0,0
PNS,Pensacola Regional Airport,30.473400115967,-87.186599731445,121,-6.0,A,Pensacola,United States,"2018-10-11",1118,1941,937,1245,2118,927,YV,N87302,6187,IAH,PNS,68,87,489,0,0
VPS,Destin-Ft Walton Beach Airport,30.4832,-86.525398,87,-6.0,A,Valparaiso,United States,"2018-10-11",2017,2023,-6,2132,2142,-10,G4,"229NV",1911,BNA,VPS,55,75,389,0,0
PNS,Pensacola Regional Airport,30.473400115967,-87.186599731445,121,-6.0,A,Pensacola,United States,"2018-10-11",2131,1955,96,2213,2040,93,OH,N567NN,5103,CLT,PNS,85,102,488,0,0
ECP,Northwest Florida Beaches International Airport,30.357106,-85.795414,69,-6.0,A,Panama City,United States,"2018-10-11",,1955,,,2140,,EV,N19554,4190,IAH,ECP,,,572,1,0
TLH,Tallahassee Regional Airport,30.396499633789062,-84.35030364990234,81,-5.0,A,Tallahassee,United States,"2018-10-11",,2000,,,2216,,YX,N405YX,4504,DCA,TLH,,,716,1,0
TLH,Tallahassee Regional Airport,30.396499633789062,-84.35030364990234,81,-5.0,A,Tallahassee,United States,"2018-10-11",2029,2030,-1,2342,2333,9,MQ,N260NN,4131,DFW,TLH,95,133,767,0,0
VPS,Destin-Ft Walton Beach Airport,30.4832,-86.525398,87,-6.0,A,Valparaiso,United States,"2018-10-11",2008,2029,-21,2140,2217,-37,G4,"217NV",1913,SGF,VPS,76,92,610,0,0
PNS,Pensacola Regional Airport,30.473400115967,-87.186599731445,121,-6.0,A,Pensacola,United States,"2018-10-11",2046,2046,0,2046,2057,-11,DL,N983DL,1236,ATL,PNS,46,60,271,0,0
PNS,Pensacola Regional Airport,30.473400115967,-87.186599731445,121,-6.0,A,Pensacola,United States,"2018-10-11",2033,2035,-2,2204,2220,-16,AA,N980TW,2641,DFW,PNS,75,91,604,0,0
TLH,Tallahassee Regional Airport,30.396499633789062,-84.35030364990234,81,-5.0,A,Tallahassee,United States,"2018-10-11",2047,2051,-4,2140,2155,-15,DL,N902DE,1669,ATL,TLH,36,53,223,0,0
PNS,Pensacola Regional Airport,30.473400115967,-87.186599731445,121,-6.0,A,Pensacola,United States,"2018-10-11",2237,2238,-1,2245,2247,-2,DL,N986DL,1213,ATL,PNS,50,68,271,0,0
PNS,Pensacola Regional Airport,30.473400115967,-87.186599731445,121,-6.0,A,Pensacola,United States,"2018-10-11",2148,2151,-3,2230,2242,-12,MQ,N649PP,4109,MIA,PNS,81,102,530,0,0
TLH,Tallahassee Regional Airport,30.396499633789062,-84.35030364990234,81,-5.0,A,Tallahassee,United States,"2018-10-11",,2232,,,2359,,OH,N720PS,5284,CLT,TLH,,,386,1,0
TLH,Tallahassee Regional Airport,30.396499633789062,-84.35030364990234,81,-5.0,A,Tallahassee,United States,"2018-10-11",2245,2241,4,2340,2345,-5,DL,N906DL,485,ATL,TLH,35,55,223,0,0
ECP,Northwest Florida Beaches International Airport,30.357106,-85.795414,69,-6.0,A,Panama City,United States,"2018-10-11",,2245,,,2250,,DL,N865DN,2303,ATL,ECP,,,240,1,0
VPS,Destin-Ft Walton Beach Airport,30.4832,-86.525398,87,-6.0,A,Valparaiso,United States,"2018-10-11",2307,2241,26,2345,2320,25,OH,N573NN,5696,CLT,VPS,76,98,460,0,0
VPS,Destin-Ft Walton Beach Airport,30.4832,-86.525398,87,-6.0,A,Valparaiso,United States,"2018-10-11",2239,2242,-3,2250,2248,2,DL,N937DL,1590,ATL,VPS,44,71,250,0,0
PNS,Pensacola Regional Airport,30.473400115967,-87.186599731445,121,-6.0,A,Pensacola,United States,"2018-10-12",1500,1455,5,1600,1542,18,YX,N110HQ,4553,CLT,PNS,88,120,488,0,0
VPS,Destin-Ft Walton Beach Airport,30.4832,-86.525398,87,-6.0,A,Valparaiso,United States,"2018-10-12",659,705,-6,840,901,-21,YV,N947LR,5725,DFW,VPS,81,101,641,0,0
ECP,Northwest Florida Beaches International Airport,30.357106,-85.795414,69,-6.0,A,Panama City,United States,"2018-10-12",,745,,,900,,WN,N945WN,1281,BNA,ECP,,,401,1,0
VPS,Destin-Ft Walton Beach Airport,30.4832,-86.525398,87,-6.0,A,Valparaiso,United States,"2018-10-12",829,835,-6,903,911,-8,OH,N558NN,5564,CLT,VPS,78,94,460,0,0
TLH,Tallahassee Regional Airport,30.396499633789062,-84.35030364990234,81,-5.0,A,Tallahassee,United States,"2018-10-12",834,836,-2,938,941,-3,"9E",N921XJ,3281,ATL,TLH,39,64,223,0,0
VPS,Destin-Ft Walton Beach Airport,30.4832,-86.525398,87,-6.0,A,Valparaiso,United States,"2018-10-12",846,850,-4,1026,1023,3,YX,N437YX,4609,DCA,VPS,124,160,789,0,0
ECP,Northwest Florida Beaches International Airport,30.357106,-85.795414,69,-6.0,A,Panama City,United States,"2018-10-12",,857,,,900,,DL,N982DL,2029,ATL,ECP,,,240,1,0
PNS,Pensacola Regional Airport,30.473400115967,-87.186599731445,121,-6.0,A,Pensacola,United States,"2018-10-12",933,935,-2,1102,1115,-13,YX,N723YX,3668,IAH,PNS,69,89,489,0,0
VPS,Destin-Ft Walton Beach Airport,30.4832,-86.525398,87,-6.0,A,Valparaiso,United States,"2018-10-12",939,944,-5,947,950,-3,DL,N998DL,2716,ATL,VPS,50,68,250,0,0
PNS,Pensacola Regional Airport,30.473400115967,-87.186599731445,121,-6.0,A,Pensacola,United States,"2018-10-12",1024,1020,4,1203,1208,-5,MQ,N249NN,3324,DFW,PNS,80,99,604,0,0
VPS,Destin-Ft Walton Beach Airport,30.4832,-86.525398,87,-6.0,A,Valparaiso,United States,"2018-10-12",1026,1037,-11,1127,1135,-8,G4,"229NV",1917,LCK,VPS,103,121,675,0,0
TLH,Tallahassee Regional Airport,30.396499633789062,-84.35030364990234,81,-5.0,A,Tallahassee,United States,"2018-10-12",1048,1050,-2,1138,1150,-12,DL,N956DL,489,ATL,TLH,37,50,223,0,0
PNS,Pensacola Regional Airport,30.473400115967,-87.186599731445,121,-6.0,A,Pensacola,United States,"2018-10-12",1129,1130,-1,1205,1214,-9,OH,N598NN,5298,CLT,PNS,77,96,488,0,0
PNS,Pensacola Regional Airport,30.473400115967,-87.186599731445,121,-6.0,A,Pensacola,United States,"2018-10-12",1130,1138,-8,1302,1300,2,MQ,N239NN,3771,DCA,PNS,122,152,816,0,0
PNS,Pensacola Regional Airport,30.473400115967,-87.186599731445,121,-6.0,A,Pensacola,United States,"2018-10-12",1153,1155,-2,1330,1334,-4,EV,N15980,4393,IAH,PNS,74,97,489,0,0
TLH,Tallahassee Regional Airport,30.396499633789062,-84.35030364990234,81,-5.0,A,Tallahassee,United States,"2018-10-12",1307,1305,2,1618,1610,8,MQ,N235NN,4069,DFW,TLH,96,131,767,0,0
VPS,Destin-Ft Walton Beach Airport,30.4832,-86.525398,87,-6.0,A,Valparaiso,United States,"2018-10-12",1308,1307,1,1407,1350,17,OH,N597NN,5500,CLT,VPS,78,119,460,0,0
TLH,Tallahassee Regional Airport,30.396499633789062,-84.35030364990234,81,-5.0,A,Tallahassee,United States,"2018-10-12",1518,1320,118,1701,1451,130,OH,N551NN,5662,CLT,TLH,61,103,386,0,0
ECP,Northwest Florida Beaches International Airport,30.357106,-85.795414,69,-6.0,A,Panama City,United States,"2018-10-12",1351,1354,-3,1402,1352,10,DL,N904DL,2506,ATL,ECP,53,71,240,0,0
PNS,Pensacola Regional Airport,30.473400115967,-87.186599731445,121,-6.0,A,Pensacola,United States,"2018-10-12",1422,1414,8,1606,1554,12,YX,N118HQ,4537,PHL,PNS,134,164,935,0,0
TLH,Tallahassee Regional Airport,30.396499633789062,-84.35030364990234,81,-5.0,A,Tallahassee,United States,"2018-10-12",1416,1421,-5,1509,1523,-14,DL,N953AT,1399,ATL,TLH,38,53,223,0,0
PNS,Pensacola Regional Airport,30.473400115967,-87.186599731445,121,-6.0,A,Pensacola,United States,"2018-10-12",1504,1459,5,1511,1511,0,DL,N908DL,1270,ATL,PNS,49,67,271,0,0
PNS,Pensacola Regional Airport,30.473400115967,-87.186599731445,121,-6.0,A,Pensacola,United States,"2018-10-12",901,725,96,1027,904,83,EV,N14916,4182,IAH,PNS,71,86,489,0,0
PNS,Pensacola Regional Airport,30.473400115967,-87.186599731445,121,-6.0,A,Pensacola,United States,"2018-10-12",739,739,0,818,824,-6,OH,N572NN,5237,CLT,PNS,77,99,488,0,0
PNS,Pensacola Regional Airport,30.473400115967,-87.186599731445,121,-6.0,A,Pensacola,United States,"2018-10-12",750,750,0,906,905,1,WN,N797MX,2229,BNA,PNS,61,76,391,0,0
PNS,Pensacola Regional Airport,30.473400115967,-87.186599731445,121,-6.0,A,Pensacola,United States,"2018-10-12",919,820,59,922,831,51,DL,N905DE,2212,ATL,PNS,48,63,271,0,0
ECP,Northwest Florida Beaches International Airport,30.357106,-85.795414,69,-6.0,A,Panama City,United States,"2018-10-12",,900,,,1015,,WN,N8714Q,3984,BNA,ECP,,,401,1,0
TLH,Tallahassee Regional Airport,30.396499633789062,-84.35030364990234,81,-5.0,A,Tallahassee,United States,"2018-10-12",913,900,13,1028,1025,3,OH,N569NN,5272,CLT,TLH,61,75,386,0,0
PNS,Pensacola Regional Airport,30.473400115967,-87.186599731445,121,-6.0,A,Pensacola,United States,"2018-10-12",916,915,1,955,1000,-5,MQ,N662EH,3733,MIA,PNS,80,99,530,0,0
PNS,Pensacola Regional Airport,30.473400115967,-87.186599731445,121,-6.0,A,Pensacola,United States,"2018-10-12",956,1002,-6,1013,1017,-4,DL,N935DL,2179,ATL,PNS,54,77,271,0,0
ECP,Northwest Florida Beaches International Airport,30.357106,-85.795414,69,-6.0,A,Panama City,United States,"2018-10-12",,1010,,,1155,,EV,N16976,4451,IAH,ECP,,,572,1,0
TLH,Tallahassee Regional Airport,30.396499633789062,-84.35030364990234,81,-5.0,A,Tallahassee,United States,"2018-10-12",1024,1025,-1,1147,1147,0,MQ,N925AE,3663,MIA,TLH,63,83,402,0,0
VPS,Destin-Ft Walton Beach Airport,30.4832,-86.525398,87,-6.0,A,Valparaiso,United States,"2018-10-12",1050,1055,-5,1247,1257,-10,YV,N905J,5740,DFW,VPS,86,117,641,0,0
ECP,Northwest Florida Beaches International Airport,30.357106,-85.795414,69,-6.0,A,Panama City,United States,"2018-10-12",1203,1112,51,1206,1116,50,DL,N947DL,1733,ATL,ECP,44,63,240,0,0
ECP,Northwest Florida Beaches International Airport,30.357106,-85.795414,69,-6.0,A,Panama City,United States,"2018-10-12",1230,1131,59,1257,1209,48,EV,N719EV,2893,CLT,ECP,68,87,437,0,0
VPS,Destin-Ft Walton Beach Airport,30.4832,-86.525398,87,-6.0,A,Valparaiso,United States,"2018-10-12",1156,1200,-4,1337,1349,-12,EV,N26545,3995,IAH,VPS,79,101,528,0,0
ECP,Northwest Florida Beaches International Airport,30.357106,-85.795414,69,-6.0,A,Panama City,United States,"2018-10-12",1224,1225,-1,1415,1423,-8,EV,N611QX,2895,DFW,ECP,90,111,685,0,0
PNS,Pensacola Regional Airport,30.473400115967,-87.186599731445,121,-6.0,A,Pensacola,United States,"2018-10-12",1246,1236,10,1248,1247,1,DL,N907DE,1353,ATL,PNS,48,62,271,0,0
PNS,Pensacola Regional Airport,30.473400115967,-87.186599731445,121,-6.0,A,Pensacola,United States,"2018-10-12",1330,1300,30,1502,1443,19,AA,N501AA,2389,DFW,PNS,79,92,604,0,0
VPS,Destin-Ft Walton Beach Airport,30.4832,-86.525398,87,-6.0,A,Valparaiso,United States,"2018-10-12",1345,1342,3,1349,1348,1,DL,N990DL,2873,ATL,VPS,47,64,250,0,0
TLH,Tallahassee Regional Airport,30.396499633789062,-84.35030364990234,81,-5.0,A,Tallahassee,United States,"2018-10-12",1445,1439,6,1609,1603,6,MQ,N681AE,3861,MIA,TLH,61,84,402,0,0
ECP,Northwest Florida Beaches International Airport,30.357106,-85.795414,69,-6.0,A,Panama City,United States,"2018-10-12",,1445,,,1630,,EV,N12569,4249,IAH,ECP,,,572,1,0
VPS,Destin-Ft Walton Beach Airport,30.4832,-86.525398,87,-6.0,A,Valparaiso,United States,"2018-10-12",1506,1510,-4,1515,1516,-1,DL,N936DL,2802,ATL,VPS,45,69,250,0,0
VPS,Destin-Ft Walton Beach Airport,30.4832,-86.525398,87,-6.0,A,Valparaiso,United States,"2018-10-12",1550,1558,-8,1641,1645,-4,G4,"229NV",1901,CVG,VPS,92,111,600,0,0
TLH,Tallahassee Regional Airport,30.396499633789062,-84.35030364990234,81,-5.0,A,Tallahassee,United States,"2018-10-12",1608,1610,-2,1735,1737,-2,OH,N589NN,5248,CLT,TLH,64,87,386,0,0
PNS,Pensacola Regional Airport,30.473400115967,-87.186599731445,121,-6.0,A,Pensacola,United States,"2018-10-12",1613,1615,-2,1700,1701,-1,MQ,N650AE,3427,MIA,PNS,89,107,530,0,0
VPS,Destin-Ft Walton Beach Airport,30.4832,-86.525398,87,-6.0,A,Valparaiso,United States,"2018-10-12",1619,1620,-1,1803,1809,-6,EV,N13989,4412,IAH,VPS,78,104,528,0,0
TLH,Tallahassee Regional Airport,30.396499633789062,-84.35030364990234,81,-5.0,A,Tallahassee,United States,"2018-10-12",1613,1617,-4,1706,1712,-6,DL,N978DL,1786,ATL,TLH,39,53,223,0,0
PNS,Pensacola Regional Airport,30.473400115967,-87.186599731445,121,-6.0,A,Pensacola,United States,"2018-10-12",1716,1635,41,1858,1812,46,YV,N89342,6184,IAH,PNS,70,102,489,0,0
VPS,Destin-Ft Walton Beach Airport,30.4832,-86.525398,87,-6.0,A,Valparaiso,United States,"2018-10-12",1914,1650,144,2101,1846,135,YV,N245LR,5906,DFW,VPS,78,107,641,0,0
PNS,Pensacola Regional Airport,30.473400115967,-87.186599731445,121,-6.0,A,Pensacola,United States,"2018-10-12",1651,1653,-2,1658,1702,-4,DL,N660DL,1814,ATL,PNS,46,67,271,0,0
PNS,Pensacola Regional Airport,30.473400115967,-87.186599731445,121,-6.0,A,Pensacola,United States,"2018-10-12",1915,1655,140,2108,1845,143,MQ,N255NN,3877,DFW,PNS,76,113,604,0,0
PNS,Pensacola Regional Airport,30.473400115967,-87.186599731445,121,-6.0,A,Pensacola,United States,"2018-10-12",1823,1705,78,1940,1830,70,WN,N7845A,976,HOU,PNS,67,77,488,0,0
ECP,Northwest Florida Beaches International Airport,30.357106,-85.795414,69,-6.0,A,Panama City,United States,"2018-10-12",,1710,,,1845,,WN,N459WN,2008,HOU,ECP,,,571,1,0
ECP,Northwest Florida Beaches International Airport,30.357106,-85.795414,69,-6.0,A,Panama City,United States,"2018-10-12",1726,1713,13,1722,1711,11,DL,N912DL,1403,ATL,ECP,42,56,240,0,0
VPS,Destin-Ft Walton Beach Airport,30.4832,-86.525398,87,-6.0,A,Valparaiso,United States,"2018-10-12",1716,1719,-3,1721,1722,-1,DL,N917DL,1167,ATL,VPS,45,65,250,0,0
TLH,Tallahassee Regional Airport,30.396499633789062,-84.35030364990234,81,-5.0,A,Tallahassee,United States,"2018-10-12",1724,1730,-6,1842,1854,-12,MQ,N942LL,3844,MIA,TLH,59,78,402,0,0
PNS,Pensacola Regional Airport,30.473400115967,-87.186599731445,121,-6.0,A,Pensacola,United States,"2018-10-12",1745,1741,4,1822,1821,1,OH,N544AE,5463,CLT,PNS,79,97,488,0,0
VPS,Destin-Ft Walton Beach Airport,30.4832,-86.525398,87,-6.0,A,Valparaiso,United States,"2018-10-12",1749,1745,4,1821,1825,-4,OH,N584NN,5709,CLT,VPS,75,92,460,0,0
TLH,Tallahassee Regional Airport,30.396499633789062,-84.35030364990234,81,-5.0,A,Tallahassee,United States,"2018-10-12",1757,1801,-4,1920,1940,-20,YX,N129HQ,4660,CLT,TLH,62,83,386,0,0
TLH,Tallahassee Regional Airport,30.396499633789062,-84.35030364990234,81,-5.0,A,Tallahassee,United States,"2018-10-12",1813,1804,9,1910,1910,0,DL,N943AT,678,ATL,TLH,38,57,223,0,0
VPS,Destin-Ft Walton Beach Airport,30.4832,-86.525398,87,-6.0,A,Valparaiso,United States,"2018-10-12",1820,1805,15,2000,1954,6,EV,N14907,4447,IAH,VPS,76,100,528,0,0
ECP,Northwest Florida Beaches International Airport,30.357106,-85.795414,69,-6.0,A,Panama City,United States,"2018-10-12",,1830,,,1915,,EV,N611QX,2890,CLT,ECP,,,437,1,0
PNS,Pensacola Regional Airport,30.473400115967,-87.186599731445,121,-6.0,A,Pensacola,United States,"2018-10-12",1833,1834,-1,1856,1845,11,DL,N908DE,2182,ATL,PNS,48,83,271,0,0
ECP,Northwest Florida Beaches International Airport,30.357106,-85.795414,69,-6.0,A,Panama City,United States,"2018-10-12",,1850,,,2054,,EV,N605QX,2870,DFW,ECP,,,685,1,0
VPS,Destin-Ft Walton Beach Airport,30.4832,-86.525398,87,-6.0,A,Valparaiso,United States,"2018-10-12",1848,1855,-7,2032,2053,-21,AA,N9677W,1445,DFW,VPS,81,104,641,0,0
ECP,Northwest Florida Beaches International Airport,30.357106,-85.795414,69,-6.0,A,Panama City,United States,"2018-10-12",949,1934,855,952,1940,852,DL,N987DL,2431,ATL,ECP,42,63,240,0,0
ECP,Northwest Florida Beaches International Airport,30.357106,-85.795414,69,-6.0,A,Panama City,United States,"2018-10-12",,1935,,,2050,,WN,N901WN,1378,BNA,ECP,,,401,1,0
PNS,Pensacola Regional Airport,30.473400115967,-87.186599731445,121,-6.0,A,Pensacola,United States,"2018-10-12",1933,1935,-2,2045,2050,-5,WN,N249WN,1020,BNA,PNS,59,72,391,0,0
VPS,Destin-Ft Walton Beach Airport,30.4832,-86.525398,87,-6.0,A,Valparaiso,United States,"2018-10-12",1928,1931,-3,2108,2115,-7,G4,"217NV",1903,BLV,VPS,81,100,587,0,0
PNS,Pensacola Regional Airport,30.473400115967,-87.186599731445,121,-6.0,A,Pensacola,United States,"2018-10-12",2041,1935,66,2202,2101,61,OH,N514AE,5597,DCA,PNS,122,141,816,0,0
VPS,Destin-Ft Walton Beach Airport,30.4832,-86.525398,87,-6.0,A,Valparaiso,United States,"2018-10-12",1932,1936,-4,1931,1945,-14,DL,N999DN,1856,ATL,VPS,42,59,250,0,0
PNS,Pensacola Regional Airport,30.473400115967,-87.186599731445,121,-6.0,A,Pensacola,United States,"2018-10-12",2036,1941,55,2206,2118,48,YV,N82333,6187,IAH,PNS,72,90,489,0,0
PNS,Pensacola Regional Airport,30.473400115967,-87.186599731445,121,-6.0,A,Pensacola,United States,"2018-10-12",1952,1955,-3,2026,2040,-14,OH,N565NN,5103,CLT,PNS,76,94,488,0,0
ECP,Northwest Florida Beaches International Airport,30.357106,-85.795414,69,-6.0,A,Panama City,United States,"2018-10-12",,1955,,,2140,,EV,N13988,4190,IAH,ECP,,,572,1,0
TLH,Tallahassee Regional Airport,30.396499633789062,-84.35030364990234,81,-5.0,A,Tallahassee,United States,"2018-10-12",1953,2000,-7,2203,2216,-13,YX,N431YX,4504,DCA,TLH,109,130,716,0,0
VPS,Destin-Ft Walton Beach Airport,30.4832,-86.525398,87,-6.0,A,Valparaiso,United States,"2018-10-12",2014,2032,-18,2203,2238,-35,G4,"229NV",1915,MCI,VPS,89,109,764,0,0
TLH,Tallahassee Regional Airport,30.396499633789062,-84.35030364990234,81,-5.0,A,Tallahassee,United States,"2018-10-12",2101,2030,31,8,2333,35,MQ,N240NN,4131,DFW,TLH,93,127,767,0,0
PNS,Pensacola Regional Airport,30.473400115967,-87.186599731445,121,-6.0,A,Pensacola,United States,"2018-10-12",2050,2035,15,2234,2220,14,AA,N963TW,2641,DFW,PNS,80,104,604,0,0
TLH,Tallahassee Regional Airport,30.396499633789062,-84.35030364990234,81,-5.0,A,Tallahassee,United States,"2018-10-12",2048,2051,-3,2151,2155,-4,DL,N954DL,1669,ATL,TLH,40,63,223,0,0
PNS,Pensacola Regional Airport,30.473400115967,-87.186599731445,121,-6.0,A,Pensacola,United States,"2018-10-12",2144,2151,-7,2232,2242,-10,MQ,N694AE,4109,MIA,PNS,82,108,530,0,0
PNS,Pensacola Regional Airport,30.473400115967,-87.186599731445,121,-6.0,A,Pensacola,United States,"2018-10-12",2055,2046,9,2100,2057,3,DL,N989DL,1236,ATL,PNS,49,65,271,0,0
TLH,Tallahassee Regional Airport,30.396499633789062,-84.35030364990234,81,-5.0,A,Tallahassee,United States,"2018-10-12",2239,2241,-2,2340,2345,-5,DL,N906DE,485,ATL,TLH,39,61,223,0,0
TLH,Tallahassee Regional Airport,30.396499633789062,-84.35030364990234,81,-5.0,A,Tallahassee,United States,"2018-10-12",2225,2232,-7,2344,2359,-15,OH,N501AE,5284,CLT,TLH,62,79,386,0,0
VPS,Destin-Ft Walton Beach Airport,30.4832,-86.525398,87,-6.0,A,Valparaiso,United States,"2018-10-12",2238,2241,-3,2313,2320,-7,OH,N597NN,5696,CLT,VPS,76,95,460,0,0
VPS,Destin-Ft Walton Beach Airport,30.4832,-86.525398,87,-6.0,A,Valparaiso,United States,"2018-10-12",2238,2242,-4,2246,2248,-2,DL,N996DL,1590,ATL,VPS,40,68,250,0,0
ECP,Northwest Florida Beaches International Airport,30.357106,-85.795414,69,-6.0,A,Panama City,United States,"2018-10-12",1230,2245,825,1225,2250,815,DL,N915DL,2303,ATL,ECP,44,55,240,0,0
PNS,Pensacola Regional Airport,30.473400115967,-87.186599731445,121,-6.0,A,Pensacola,United States,"2018-10-12",2235,2238,-3,2244,2247,-3,DL,N991DL,1213,ATL,PNS,48,69,271,0,0
VPS,Destin-Ft Walton Beach Airport,30.4832,-86.525398,87,-6.0,A,Valparaiso,United States,"2018-10-13",702,705,-3,921,901,20,YV,N947LR,5725,DFW,VPS,86,139,641,0,0
PNS,Pensacola Regional Airport,30.473400115967,-87.186599731445,121,-6.0,A,Pensacola,United States,"2018-10-13",816,821,-5,820,830,-10,DL,N981DL,2212,ATL,PNS,50,64,271,0,0
VPS,Destin-Ft Walton Beach Airport,30.4832,-86.525398,87,-6.0,A,Valparaiso,United States,"2018-10-13",832,835,-3,910,911,-1,OH,N555NN,5564,CLT,VPS,77,98,460,0,0
VPS,Destin-Ft Walton Beach Airport,30.4832,-86.525398,87,-6.0,A,Valparaiso,United States,"2018-10-13",841,850,-9,1011,1023,-12,YX,N412YX,4609,DCA,VPS,121,150,789,0,0
ECP,Northwest Florida Beaches International Airport,30.357106,-85.795414,69,-6.0,A,Panama City,United States,"2018-10-13",858,900,-2,858,901,-3,DL,N994DL,2029,ATL,ECP,42,60,240,0,0
TLH,Tallahassee Regional Airport,30.396499633789062,-84.35030364990234,81,-5.0,A,Tallahassee,United States,"2018-10-13",854,900,-6,1013,1025,-12,OH,N571NN,5272,CLT,TLH,62,79,386,0,0
VPS,Destin-Ft Walton Beach Airport,30.4832,-86.525398,87,-6.0,A,Valparaiso,United States,"2018-10-13",1016,929,47,1151,1113,38,G4,"217NV",1903,BLV,VPS,78,95,587,0,0
PNS,Pensacola Regional Airport,30.473400115967,-87.186599731445,121,-6.0,A,Pensacola,United States,"2018-10-13",935,935,0,1058,1115,-17,YV,N89349,6136,IAH,PNS,65,83,489,0,0
VPS,Destin-Ft Walton Beach Airport,30.4832,-86.525398,87,-6.0,A,Valparaiso,United States,"2018-10-13",953,944,9,957,948,9,DL,N937DL,2716,ATL,VPS,45,64,250,0,0
PNS,Pensacola Regional Airport,30.473400115967,-87.186599731445,121,-6.0,A,Pensacola,United States,"2018-10-13",1545,1020,325,1737,1208,329,MQ,N246NN,3324,DFW,PNS,86,112,604,0,0
TLH,Tallahassee Regional Airport,30.396499633789062,-84.35030364990234,81,-5.0,A,Tallahassee,United States,"2018-10-13",1029,1033,-4,1126,1133,-7,DL,N952AT,387,ATL,TLH,38,57,223,0,0
PNS,Pensacola Regional Airport,30.473400115967,-87.186599731445,121,-6.0,A,Pensacola,United States,"2018-10-13",1136,1125,11,1357,1340,17,OO,N952SW,5803,ORD,PNS,110,141,794,0,0
PNS,Pensacola Regional Airport,30.473400115967,-87.186599731445,121,-6.0,A,Pensacola,United States,"2018-10-13",1127,1130,-3,1219,1214,5,OH,N563NN,5298,CLT,PNS,83,112,488,0,0
PNS,Pensacola Regional Airport,30.473400115967,-87.186599731445,121,-6.0,A,Pensacola,United States,"2018-10-13",1127,1138,-11,1255,1300,-5,MQ,N252NN,3771,DCA,PNS,125,148,816,0,0
PNS,Pensacola Regional Airport,30.473400115967,-87.186599731445,121,-6.0,A,Pensacola,United States,"2018-10-13",1158,1139,19,1410,1352,18,F9,N927FR,1286,ORD,PNS,103,132,794,0,0
PNS,Pensacola Regional Airport,30.473400115967,-87.186599731445,121,-6.0,A,Pensacola,United States,"2018-10-13",1149,1155,-6,1319,1334,-15,EV,N22909,4393,IAH,PNS,71,90,489,0,0
ECP,Northwest Florida Beaches International Airport,30.357106,-85.795414,69,-6.0,A,Panama City,United States,"2018-10-13",1516,1225,171,1712,1423,169,EV,N600QX,2895,DFW,ECP,94,116,685,0,0
VPS,Destin-Ft Walton Beach Airport,30.4832,-86.525398,87,-6.0,A,Valparaiso,United States,"2018-10-13",1305,1307,-2,1344,1350,-6,OH,N559NN,5500,CLT,VPS,73,99,460,0,0
ECP,Northwest Florida Beaches International Airport,30.357106,-85.795414,69,-6.0,A,Panama City,United States,"2018-10-13",1359,1355,4,1353,1359,-6,DL,N917DL,2506,ATL,ECP,41,54,240,0,0
PNS,Pensacola Regional Airport,30.473400115967,-87.186599731445,121,-6.0,A,Pensacola,United States,"2018-10-13",1408,1414,-6,1542,1554,-12,YX,N113HQ,4537,PHL,PNS,135,154,935,0,0
ECP,Northwest Florida Beaches International Airport,30.357106,-85.795414,69,-6.0,A,Panama City,United States,"2018-10-13",,1435,,,1620,,WN,N285WN,4933,STL,ECP,,,634,1,0
ECP,Northwest Florida Beaches International Airport,30.357106,-85.795414,69,-6.0,A,Panama City,United States,"2018-10-13",1445,1445,0,1632,1628,4,YV,N85352,6212,IAH,ECP,80,107,572,0,0
PNS,Pensacola Regional Airport,30.473400115967,-87.186599731445,121,-6.0,A,Pensacola,United States,"2018-10-13",1533,1500,33,1649,1625,24,WN,N487WN,3902,HOU,PNS,66,76,488,0,0
VPS,Destin-Ft Walton Beach Airport,30.4832,-86.525398,87,-6.0,A,Valparaiso,United States,"2018-10-13",1604,1615,-11,1711,1725,-14,G4,"327NV",1424,PIT,VPS,106,127,775,0,0
PNS,Pensacola Regional Airport,30.473400115967,-87.186599731445,121,-6.0,A,Pensacola,United States,"2018-10-13",1608,1615,-7,1652,1701,-9,MQ,N649PP,3427,MIA,PNS,89,104,530,0,0
PNS,Pensacola Regional Airport,30.473400115967,-87.186599731445,121,-6.0,A,Pensacola,United States,"2018-10-13",1628,1635,-7,1752,1812,-20,YV,N89315,6184,IAH,PNS,65,84,489,0,0
VPS,Destin-Ft Walton Beach Airport,30.4832,-86.525398,87,-6.0,A,Valparaiso,United States,"2018-10-13",1730,1650,40,1927,1839,48,AA,N980TW,1445,DFW,VPS,96,117,641,0,0
PNS,Pensacola Regional Airport,30.473400115967,-87.186599731445,121,-6.0,A,Pensacola,United States,"2018-10-13",1651,1655,-4,1658,1703,-5,DL,N962DL,1814,ATL,PNS,52,67,271,0,0
ECP,Northwest Florida Beaches International Airport,30.357106,-85.795414,69,-6.0,A,Panama City,United States,"2018-10-13",,1700,,,1815,,WN,"",5270,BNA,ECP,,,401,1,0
PNS,Pensacola Regional Airport,30.473400115967,-87.186599731445,121,-6.0,A,Pensacola,United States,"2018-10-13",1702,1705,-3,1815,1820,-5,WN,N568WN,581,BNA,PNS,60,73,391,0,0
VPS,Destin-Ft Walton Beach Airport,30.4832,-86.525398,87,-6.0,A,Valparaiso,United States,"2018-10-13",1715,1719,-4,1717,1721,-4,DL,N986AT,1167,ATL,VPS,41,62,250,0,0
TLH,Tallahassee Regional Airport,30.396499633789062,-84.35030364990234,81,-5.0,A,Tallahassee,United States,"2018-10-13",1724,1730,-6,1840,1854,-14,MQ,N694AE,3844,MIA,TLH,61,76,402,0,0
PNS,Pensacola Regional Airport,30.473400115967,-87.186599731445,121,-6.0,A,Pensacola,United States,"2018-10-13",906,915,-9,944,1000,-16,MQ,N688AE,3733,MIA,PNS,81,98,530,0,0
ECP,Northwest Florida Beaches International Airport,30.357106,-85.795414,69,-6.0,A,Panama City,United States,"2018-10-13",,920,,,1035,,WN,"",4137,BNA,ECP,,,401,1,0
PNS,Pensacola Regional Airport,30.473400115967,-87.186599731445,121,-6.0,A,Pensacola,United States,"2018-10-13",1033,920,73,1142,1040,62,WN,N279WN,3024,BNA,PNS,55,69,391,0,0
PNS,Pensacola Regional Airport,30.473400115967,-87.186599731445,121,-6.0,A,Pensacola,United States,"2018-10-13",956,1002,-6,1015,1015,0,DL,N905DL,2179,ATL,PNS,49,79,271,0,0
ECP,Northwest Florida Beaches International Airport,30.357106,-85.795414,69,-6.0,A,Panama City,United States,"2018-10-13",,1030,,,1215,,WN,N7843A,2635,DAL,ECP,,,674,1,0
ECP,Northwest Florida Beaches International Airport,30.357106,-85.795414,69,-6.0,A,Panama City,United States,"2018-10-13",1052,1040,12,1233,1223,10,YV,N93305,6093,IAH,ECP,76,101,572,0,0
VPS,Destin-Ft Walton Beach Airport,30.4832,-86.525398,87,-6.0,A,Valparaiso,United States,"2018-10-13",1050,1055,-5,,1257,,YV,N241LR,5740,DFW,VPS,,,641,1,0
ECP,Northwest Florida Beaches International Airport,30.357106,-85.795414,69,-6.0,A,Panama City,United States,"2018-10-13",1109,1112,-3,1112,1113,-1,DL,N977DL,1733,ATL,ECP,46,63,240,0,0
ECP,Northwest Florida Beaches International Airport,30.357106,-85.795414,69,-6.0,A,Panama City,United States,"2018-10-13",1126,1131,-5,1159,1209,-10,EV,N608QX,2893,CLT,ECP,69,93,437,0,0
VPS,Destin-Ft Walton Beach Airport,30.4832,-86.525398,87,-6.0,A,Valparaiso,United States,"2018-10-13",1158,1200,-2,1330,1349,-19,EV,N15980,3995,IAH,VPS,72,92,528,0,0
VPS,Destin-Ft Walton Beach Airport,30.4832,-86.525398,87,-6.0,A,Valparaiso,United States,"2018-10-13",1155,1200,-5,1339,1345,-6,G4,"229NV",1991,EWR,VPS,143,164,988,0,0
PNS,Pensacola Regional Airport,30.473400115967,-87.186599731445,121,-6.0,A,Pensacola,United States,"2018-10-13",1234,1205,29,1425,1415,10,WN,N218WN,3278,MDW,PNS,101,111,781,0,0
PNS,Pensacola Regional Airport,30.473400115967,-87.186599731445,121,-6.0,A,Pensacola,United States,"2018-10-13",1238,1236,2,1247,1246,1,DL,N945DL,1353,ATL,PNS,50,69,271,0,0
PNS,Pensacola Regional Airport,30.473400115967,-87.186599731445,121,-6.0,A,Pensacola,United States,"2018-10-13",1550,1300,170,1753,1443,190,AA,N961TW,2389,DFW,PNS,86,123,604,0,0
TLH,Tallahassee Regional Airport,30.396499633789062,-84.35030364990234,81,-5.0,A,Tallahassee,United States,"2018-10-13",1658,1305,233,1958,1610,228,MQ,N225NN,4069,DFW,TLH,96,120,767,0,0
TLH,Tallahassee Regional Airport,30.396499633789062,-84.35030364990234,81,-5.0,A,Tallahassee,United States,"2018-10-13",1319,1320,-1,1441,1451,-10,OH,N553NN,5662,CLT,TLH,64,82,386,0,0
VPS,Destin-Ft Walton Beach Airport,30.4832,-86.525398,87,-6.0,A,Valparaiso,United States,"2018-10-13",1339,1342,-3,1335,1346,-11,DL,N997DL,2873,ATL,VPS,40,56,250,0,0
ECP,Northwest Florida Beaches International Airport,30.357106,-85.795414,69,-6.0,A,Panama City,United States,"2018-10-13",,1405,,,1520,,WN,"",3347,BNA,ECP,,,401,1,0
TLH,Tallahassee Regional Airport,30.396499633789062,-84.35030364990234,81,-5.0,A,Tallahassee,United States,"2018-10-13",1410,1410,0,1503,1514,-11,DL,N905DL,1399,ATL,TLH,37,53,223,0,0
VPS,Destin-Ft Walton Beach Airport,30.4832,-86.525398,87,-6.0,A,Valparaiso,United States,"2018-10-13",1428,1430,-2,1600,1619,-19,EV,N19554,4412,IAH,VPS,73,92,528,0,0
TLH,Tallahassee Regional Airport,30.396499633789062,-84.35030364990234,81,-5.0,A,Tallahassee,United States,"2018-10-13",1433,1439,-6,1550,1603,-13,MQ,N657AE,3861,MIA,TLH,65,77,402,0,0
PNS,Pensacola Regional Airport,30.473400115967,-87.186599731445,121,-6.0,A,Pensacola,United States,"2018-10-13",1450,1455,-5,1532,1542,-10,YX,N126HQ,4553,CLT,PNS,77,102,488,0,0
PNS,Pensacola Regional Airport,30.473400115967,-87.186599731445,121,-6.0,A,Pensacola,United States,"2018-10-13",1458,1459,-1,1502,1509,-7,DL,N983DL,1270,ATL,PNS,48,64,271,0,0
VPS,Destin-Ft Walton Beach Airport,30.4832,-86.525398,87,-6.0,A,Valparaiso,United States,"2018-10-13",1508,1510,-2,1511,1519,-8,DL,N955AT,2802,ATL,VPS,40,63,250,0,0
VPS,Destin-Ft Walton Beach Airport,30.4832,-86.525398,87,-6.0,A,Valparaiso,United States,"2018-10-13",1610,1536,34,1654,1623,31,G4,"217NV",1901,CVG,VPS,76,104,600,0,0
TLH,Tallahassee Regional Airport,30.396499633789062,-84.35030364990234,81,-5.0,A,Tallahassee,United States,"2018-10-13",1616,1620,-4,1709,1724,-15,DL,N603AT,1786,ATL,TLH,39,53,223,0,0
PNS,Pensacola Regional Airport,30.473400115967,-87.186599731445,121,-6.0,A,Pensacola,United States,"2018-10-13",1655,1659,-4,1812,1823,-11,OH,N514AE,5520,DCA,PNS,118,137,816,0,0
PNS,Pensacola Regional Airport,30.473400115967,-87.186599731445,121,-6.0,A,Pensacola,United States,"2018-10-13",1829,1703,86,2008,1845,83,AA,N963TW,2641,DFW,PNS,78,99,604,0,0
TLH,Tallahassee Regional Airport,30.396499633789062,-84.35030364990234,81,-5.0,A,Tallahassee,United States,"2018-10-13",1704,1710,-6,1914,1924,-10,YX,N418YX,4504,DCA,TLH,100,130,716,0,0
ECP,Northwest Florida Beaches International Airport,30.357106,-85.795414,69,-6.0,A,Panama City,United States,"2018-10-13",1709,1713,-4,1704,1710,-6,DL,N982DL,1403,ATL,ECP,43,55,240,0,0
VPS,Destin-Ft Walton Beach Airport,30.4832,-86.525398,87,-6.0,A,Valparaiso,United States,"2018-10-13",1744,1745,-1,1811,1825,-14,OH,N507AE,5709,CLT,VPS,69,87,460,0,0
PNS,Pensacola Regional Airport,30.473400115967,-87.186599731445,121,-6.0,A,Pensacola,United States,"2018-10-13",1736,1741,-5,1804,1821,-17,OH,N546FF,5463,CLT,PNS,72,88,488,0,0
TLH,Tallahassee Regional Airport,30.396499633789062,-84.35030364990234,81,-5.0,A,Tallahassee,United States,"2018-10-13",1755,1755,0,1928,1922,6,OH,N501AE,5188,CLT,TLH,64,93,386,0,0
VPS,Destin-Ft Walton Beach Airport,30.4832,-86.525398,87,-6.0,A,Valparaiso,United States,"2018-10-13",1757,1805,-8,1929,1954,-25,EV,N17560,4447,IAH,VPS,71,92,528,0,0
ECP,Northwest Florida Beaches International Airport,30.357106,-85.795414,69,-6.0,A,Panama City,United States,"2018-10-13",,1830,,,1915,,EV,N600QX,2890,CLT,ECP,,,437,1,0
ECP,Northwest Florida Beaches International Airport,30.357106,-85.795414,69,-6.0,A,Panama City,United States,"2018-10-13",,1850,,,2054,,EV,N716EV,2870,DFW,ECP,,,685,1,0
PNS,Pensacola Regional Airport,30.473400115967,-87.186599731445,121,-6.0,A,Pensacola,United States,"2018-10-13",1901,1904,-3,1905,1914,-9,DL,N979DL,2182,ATL,PNS,47,64,271,0,0
ECP,Northwest Florida Beaches International Airport,30.357106,-85.795414,69,-6.0,A,Panama City,United States,"2018-10-13",,1905,,,2040,,WN,N225WN,4149,HOU,ECP,,,571,1,0
TLH,Tallahassee Regional Airport,30.396499633789062,-84.35030364990234,81,-5.0,A,Tallahassee,United States,"2018-10-13",1900,1903,-3,1951,2007,-16,DL,N916DL,351,ATL,TLH,38,51,223,0,0
ECP,Northwest Florida Beaches International Airport,30.357106,-85.795414,69,-6.0,A,Panama City,United States,"2018-10-13",959,1934,865,954,1938,856,DL,N938DL,2431,ATL,ECP,40,55,240,0,0
VPS,Destin-Ft Walton Beach Airport,30.4832,-86.525398,87,-6.0,A,Valparaiso,United States,"2018-10-13",1919,1930,-11,2031,2050,-19,G4,"229NV",1947,BWI,VPS,111,132,819,0,0
VPS,Destin-Ft Walton Beach Airport,30.4832,-86.525398,87,-6.0,A,Valparaiso,United States,"2018-10-13",1932,1936,-4,1936,1943,-7,DL,N973DL,1856,ATL,VPS,40,64,250,0,0
VPS,Destin-Ft Walton Beach Airport,30.4832,-86.525398,87,-6.0,A,Valparaiso,United States,"2018-10-13",2054,2040,14,2125,2121,4,G4,"217NV",1919,SDF,VPS,73,91,532,0,0
PNS,Pensacola Regional Airport,30.473400115967,-87.186599731445,121,-6.0,A,Pensacola,United States,"2018-10-13",2003,1941,22,2128,2118,10,YV,N85320,6187,IAH,PNS,64,85,489,0,0
ECP,Northwest Florida Beaches International Airport,30.357106,-85.795414,69,-6.0,A,Panama City,United States,"2018-10-13",,1955,,,2138,,YV,N89321,6100,IAH,ECP,,,572,1,0
PNS,Pensacola Regional Airport,30.473400115967,-87.186599731445,121,-6.0,A,Pensacola,United States,"2018-10-13",1952,1955,-3,2028,2040,-12,OH,N594NN,5103,CLT,PNS,75,96,488,0,0
TLH,Tallahassee Regional Airport,30.396499633789062,-84.35030364990234,81,-5.0,A,Tallahassee,United States,"2018-10-13",,2030,,,2333,,MQ,N253NN,4131,DFW,TLH,,,767,1,0
PNS,Pensacola Regional Airport,30.473400115967,-87.186599731445,121,-6.0,A,Pensacola,United States,"2018-10-13",2235,2238,-3,2240,2244,-4,DL,N992DL,1213,ATL,PNS,43,65,271,0,0
PNS,Pensacola Regional Airport,30.473400115967,-87.186599731445,121,-6.0,A,Pensacola,United States,"2018-10-13",2149,2151,-2,2242,2242,0,MQ,N681AE,4109,MIA,PNS,84,113,530,0,0
TLH,Tallahassee Regional Airport,30.396499633789062,-84.35030364990234,81,-5.0,A,Tallahassee,United States,"2018-10-13",2240,2241,-1,2350,2344,6,DL,N986DL,485,ATL,TLH,39,70,223,0,0
VPS,Destin-Ft Walton Beach Airport,30.4832,-86.525398,87,-6.0,A,Valparaiso,United States,"2018-10-13",2237,2241,-4,2310,2320,-10,OH,N586NN,5696,CLT,VPS,72,93,460,0,0
VPS,Destin-Ft Walton Beach Airport,30.4832,-86.525398,87,-6.0,A,Valparaiso,United States,"2018-10-13",2237,2242,-5,2246,2246,0,DL,N904DE,1590,ATL,VPS,43,69,250,0,0
ECP,Northwest Florida Beaches International Airport,30.357106,-85.795414,69,-6.0,A,Panama City,United States,"2018-10-13",1235,2245,830,1228,2249,819,DL,N953DL,2303,ATL,ECP,39,53,240,0,0
PNS,Pensacola Regional Airport,30.473400115967,-87.186599731445,121,-6.0,A,Pensacola,United States,"2018-10-14",725,725,0,852,902,-10,YV,N88330,6228,IAH,PNS,65,87,489,0,0
PNS,Pensacola Regional Airport,30.473400115967,-87.186599731445,121,-6.0,A,Pensacola,United States,"2018-10-14",829,722,67,1227,1121,66,F9,N230FR,638,DEN,PNS,134,178,1179,0,0
PNS,Pensacola Regional Airport,30.473400115967,-87.186599731445,121,-6.0,A,Pensacola,United States,"2018-10-14",737,739,-2,826,824,2,OH,N569NN,5237,CLT,PNS,79,109,488,0,0
PNS,Pensacola Regional Airport,30.473400115967,-87.186599731445,121,-6.0,A,Pensacola,United States,"2018-10-14",908,820,48,906,831,35,DL,N922DL,2212,ATL,PNS,46,58,271,0,0
VPS,Destin-Ft Walton Beach Airport,30.4832,-86.525398,87,-6.0,A,Valparaiso,United States,"2018-10-14",830,835,-5,855,911,-16,OH,N550NN,5564,CLT,VPS,69,85,460,0,0
VPS,Destin-Ft Walton Beach Airport,30.4832,-86.525398,87,-6.0,A,Valparaiso,United States,"2018-10-14",843,850,-7,1019,1023,-4,YX,N431YX,4609,DCA,VPS,124,156,789,0,0
ECP,Northwest Florida Beaches International Airport,30.357106,-85.795414,69,-6.0,A,Panama City,United States,"2018-10-14",856,900,-4,908,903,5,DL,N944DL,2029,ATL,ECP,55,72,240,0,0
TLH,Tallahassee Regional Airport,30.396499633789062,-84.35030364990234,81,-5.0,A,Tallahassee,United States,"2018-10-14",902,900,2,1024,1025,-1,OH,N570NN,5272,CLT,TLH,61,82,386,0,0
PNS,Pensacola Regional Airport,30.473400115967,-87.186599731445,121,-6.0,A,Pensacola,United States,"2018-10-14",954,915,39,1037,1000,37,MQ,N673AE,3733,MIA,PNS,87,103,530,0,0
ECP,Northwest Florida Beaches International Airport,30.357106,-85.795414,69,-6.0,A,Panama City,United States,"2018-10-14",926,920,6,1035,1035,0,WN,N7812G,5084,BNA,ECP,55,69,401,0,0
PNS,Pensacola Regional Airport,30.473400115967,-87.186599731445,121,-6.0,A,Pensacola,United States,"2018-10-14",936,930,6,1048,1050,-2,WN,N551WN,2565,BNA,PNS,56,72,391,0,0
PNS,Pensacola Regional Airport,30.473400115967,-87.186599731445,121,-6.0,A,Pensacola,United States,"2018-10-14",935,935,0,1055,1115,-20,YX,N656RW,3668,IAH,PNS,64,80,489,0,0
VPS,Destin-Ft Walton Beach Airport,30.4832,-86.525398,87,-6.0,A,Valparaiso,United States,"2018-10-14",945,946,-1,1128,1138,-10,G4,"229NV",1993,AUS,VPS,84,103,666,0,0
VPS,Destin-Ft Walton Beach Airport,30.4832,-86.525398,87,-6.0,A,Valparaiso,United States,"2018-10-14",942,944,-2,948,950,-2,DL,N972DL,2716,ATL,VPS,41,66,250,0,0
PNS,Pensacola Regional Airport,30.473400115967,-87.186599731445,121,-6.0,A,Pensacola,United States,"2018-10-14",1018,1020,-2,1202,1208,-6,MQ,N238NN,3324,DFW,PNS,89,104,604,0,0
PNS,Pensacola Regional Airport,30.473400115967,-87.186599731445,121,-6.0,A,Pensacola,United States,"2018-10-14",1005,1002,3,1009,1017,-8,DL,N697DL,2179,ATL,PNS,45,64,271,0,0
ECP,Northwest Florida Beaches International Airport,30.357106,-85.795414,69,-6.0,A,Panama City,United States,"2018-10-14",1001,1010,-9,1150,1155,-5,EV,N14568,4451,IAH,ECP,91,109,572,0,0
VPS,Destin-Ft Walton Beach Airport,30.4832,-86.525398,87,-6.0,A,Valparaiso,United States,"2018-10-14",1020,1022,-2,1207,1216,-9,G4,"258NV",1909,OKC,VPS,89,107,726,0,0
TLH,Tallahassee Regional Airport,30.396499633789062,-84.35030364990234,81,-5.0,A,Tallahassee,United States,"2018-10-14",1020,1025,-5,1118,1132,-14,"9E",N601LR,5363,ATL,TLH,39,58,223,0,0
TLH,Tallahassee Regional Airport,30.396499633789062,-84.35030364990234,81,-5.0,A,Tallahassee,United States,"2018-10-14",1026,1025,1,1144,1147,-3,MQ,N681AE,3663,MIA,TLH,62,78,402,0,0
VPS,Destin-Ft Walton Beach Airport,30.4832,-86.525398,87,-6.0,A,Valparaiso,United States,"2018-10-14",1051,1055,-4,1238,1257,-19,YV,N909FJ,5740,DFW,VPS,81,107,641,0,0
ECP,Northwest Florida Beaches International Airport,30.357106,-85.795414,69,-6.0,A,Panama City,United States,"2018-10-14",1109,1112,-3,1103,1116,-13,DL,N981DL,1733,ATL,ECP,43,54,240,0,0
VPS,Destin-Ft Walton Beach Airport,30.4832,-86.525398,87,-6.0,A,Valparaiso,United States,"2018-10-14",2019,2023,-4,2128,2142,-14,G4,"258NV",1911,BNA,VPS,53,69,389,0,0
PNS,Pensacola Regional Airport,30.473400115967,-87.186599731445,121,-6.0,A,Pensacola,United States,"2018-10-14",1129,1130,-1,1211,1214,-3,OH,N592NN,5298,CLT,PNS,76,102,488,0,0
PNS,Pensacola Regional Airport,30.473400115967,-87.186599731445,121,-6.0,A,Pensacola,United States,"2018-10-14",1132,1138,-6,1255,1300,-5,MQ,N247NN,3771,DCA,PNS,117,143,816,0,0
PNS,Pensacola Regional Airport,30.473400115967,-87.186599731445,121,-6.0,A,Pensacola,United States,"2018-10-14",1151,1155,-4,1317,1334,-17,EV,N15555,4393,IAH,PNS,70,86,489,0,0
ECP,Northwest Florida Beaches International Airport,30.357106,-85.795414,69,-6.0,A,Panama City,United States,"2018-10-14",1235,1205,30,1406,1350,16,WN,N555LV,2055,DAL,ECP,81,91,674,0,0
PNS,Pensacola Regional Airport,30.473400115967,-87.186599731445,121,-6.0,A,Pensacola,United States,"2018-10-14",1255,1300,-5,1427,1443,-16,AA,N980TW,2389,DFW,PNS,76,92,604,0,0
VPS,Destin-Ft Walton Beach Airport,30.4832,-86.525398,87,-6.0,A,Valparaiso,United States,"2018-10-14",1339,1342,-3,1337,1348,-11,DL,N972DL,2873,ATL,VPS,40,58,250,0,0
ECP,Northwest Florida Beaches International Airport,30.357106,-85.795414,69,-6.0,A,Panama City,United States,"2018-10-14",1341,1344,-3,1330,1342,-12,DL,N984DL,2506,ATL,ECP,40,49,240,0,0
TLH,Tallahassee Regional Airport,30.396499633789062,-84.35030364990234,81,-5.0,A,Tallahassee,United States,"2018-10-14",1436,1439,-3,1601,1603,-2,MQ,N649PP,3861,MIA,TLH,67,85,402,0,0
ECP,Northwest Florida Beaches International Airport,30.357106,-85.795414,69,-6.0,A,Panama City,United States,"2018-10-14",1443,1445,-2,1624,1630,-6,EV,N11547,4249,IAH,ECP,84,101,572,0,0
PNS,Pensacola Regional Airport,30.473400115967,-87.186599731445,121,-6.0,A,Pensacola,United States,"2018-10-14",1451,1455,-4,1531,1542,-11,YX,N137HQ,4553,CLT,PNS,74,100,488,0,0
VPS,Destin-Ft Walton Beach Airport,30.4832,-86.525398,87,-6.0,A,Valparaiso,United States,"2018-10-14",1508,1510,-2,1512,1516,-4,DL,N959DL,2802,ATL,VPS,39,64,250,0,0
VPS,Destin-Ft Walton Beach Airport,30.4832,-86.525398,87,-6.0,A,Valparaiso,United States,"2018-10-14",1511,1517,-6,1645,1701,-16,G4,"229NV",1903,BLV,VPS,77,94,587,0,0
PNS,Pensacola Regional Airport,30.473400115967,-87.186599731445,121,-6.0,A,Pensacola,United States,"2018-10-14",1611,1615,-4,1657,1701,-4,MQ,N657AE,3427,MIA,PNS,84,106,530,0,0
TLH,Tallahassee Regional Airport,30.396499633789062,-84.35030364990234,81,-5.0,A,Tallahassee,United States,"2018-10-14",1617,1617,0,1707,1712,-5,DL,N912DL,1786,ATL,TLH,35,50,223,0,0
VPS,Destin-Ft Walton Beach Airport,30.4832,-86.525398,87,-6.0,A,Valparaiso,United States,"2018-10-14",1640,1645,-5,1712,1726,-14,G4,"258NV",1919,SDF,VPS,72,92,532,0,0
PNS,Pensacola Regional Airport,30.473400115967,-87.186599731445,121,-6.0,A,Pensacola,United States,"2018-10-14",1654,1655,-1,1836,1845,-9,MQ,N240NN,3877,DFW,PNS,75,102,604,0,0
ECP,Northwest Florida Beaches International Airport,30.357106,-85.795414,69,-6.0,A,Panama City,United States,"2018-10-14",,1705,,,1840,,WN,N555LV,3780,HOU,ECP,,,571,1,0
ECP,Northwest Florida Beaches International Airport,30.357106,-85.795414,69,-6.0,A,Panama City,United States,"2018-10-14",1718,1713,5,1714,1711,3,DL,N979DL,1403,ATL,ECP,40,56,240,0,0
VPS,Destin-Ft Walton Beach Airport,30.4832,-86.525398,87,-6.0,A,Valparaiso,United States,"2018-10-14",1717,1719,-2,1714,1722,-8,DL,N916DE,1167,ATL,VPS,40,57,250,0,0
TLH,Tallahassee Regional Airport,30.396499633789062,-84.35030364990234,81,-5.0,A,Tallahassee,United States,"2018-10-14",1731,1730,1,1855,1854,1,MQ,N673AE,3844,MIA,TLH,64,84,402,0,0
VPS,Destin-Ft Walton Beach Airport,30.4832,-86.525398,87,-6.0,A,Valparaiso,United States,"2018-10-14",1745,1745,0,1830,1825,5,OH,N587NN,5709,CLT,VPS,70,105,460,0,0
TLH,Tallahassee Regional Airport,30.396499633789062,-84.35030364990234,81,-5.0,A,Tallahassee,United States,"2018-10-14",1800,1804,-4,1853,1910,-17,DL,N924AT,678,ATL,TLH,36,53,223,0,0
VPS,Destin-Ft Walton Beach Airport,30.4832,-86.525398,87,-6.0,A,Valparaiso,United States,"2018-10-14",1801,1805,-4,1938,1954,-16,EV,N48901,4447,IAH,VPS,79,97,528,0,0
ECP,Northwest Florida Beaches International Airport,30.357106,-85.795414,69,-6.0,A,Panama City,United States,"2018-10-14",,1830,,,1915,,EV,N608QX,2890,CLT,ECP,,,437,1,0
ECP,Northwest Florida Beaches International Airport,30.357106,-85.795414,69,-6.0,A,Panama City,United States,"2018-10-14",952,1934,858,1001,1940,861,DL,N924DL,2431,ATL,ECP,46,69,240,0,0
PNS,Pensacola Regional Airport,30.473400115967,-87.186599731445,121,-6.0,A,Pensacola,United States,"2018-10-14",2001,1955,6,2040,2040,0,OH,N557NN,5103,CLT,PNS,76,99,488,0,0
VPS,Destin-Ft Walton Beach Airport,30.4832,-86.525398,87,-6.0,A,Valparaiso,United States,"2018-10-14",2017,2029,-12,2154,2217,-23,G4,"229NV",1913,SGF,VPS,77,97,610,0,0
TLH,Tallahassee Regional Airport,30.396499633789062,-84.35030364990234,81,-5.0,A,Tallahassee,United States,"2018-10-14",2030,2030,0,12,2333,39,MQ,N231AN,4131,DFW,TLH,97,162,767,0,0
ECP,Northwest Florida Beaches International Airport,30.357106,-85.795414,69,-6.0,A,Panama City,United States,"2018-10-14",1126,1131,-5,1201,1209,-8,EV,N617QX,2893,CLT,ECP,63,95,437,0,0
VPS,Destin-Ft Walton Beach Airport,30.4832,-86.525398,87,-6.0,A,Valparaiso,United States,"2018-10-14",1158,1200,-2,1348,1349,-1,EV,N13989,3995,IAH,VPS,79,110,528,0,0
ECP,Northwest Florida Beaches International Airport,30.357106,-85.795414,69,-6.0,A,Panama City,United States,"2018-10-14",1251,1225,26,1443,1423,20,EV,N720EV,2895,DFW,ECP,90,112,685,0,0
PNS,Pensacola Regional Airport,30.473400115967,-87.186599731445,121,-6.0,A,Pensacola,United States,"2018-10-14",1232,1236,-4,1229,1247,-18,DL,N943DL,1353,ATL,PNS,46,57,271,0,0
TLH,Tallahassee Regional Airport,30.396499633789062,-84.35030364990234,81,-5.0,A,Tallahassee,United States,"2018-10-14",1313,1305,8,1609,1610,-1,MQ,N250NN,4069,DFW,TLH,95,116,767,0,0
VPS,Destin-Ft Walton Beach Airport,30.4832,-86.525398,87,-6.0,A,Valparaiso,United States,"2018-10-14",1307,1307,0,1357,1350,7,OH,N578NN,5500,CLT,VPS,76,110,460,0,0
TLH,Tallahassee Regional Airport,30.396499633789062,-84.35030364990234,81,-5.0,A,Tallahassee,United States,"2018-10-14",1316,1320,-4,1448,1451,-3,OH,N587NN,5662,CLT,TLH,60,92,386,0,0
PNS,Pensacola Regional Airport,30.473400115967,-87.186599731445,121,-6.0,A,Pensacola,United States,"2018-10-14",1413,1414,-1,1556,1554,2,YX,N130HQ,4537,PHL,PNS,137,163,935,0,0
ECP,Northwest Florida Beaches International Airport,30.357106,-85.795414,69,-6.0,A,Panama City,United States,"2018-10-14",1416,1415,1,1523,1530,-7,WN,N7727A,6593,BNA,ECP,56,67,401,0,0
TLH,Tallahassee Regional Airport,30.396499633789062,-84.35030364990234,81,-5.0,A,Tallahassee,United States,"2018-10-14",1417,1421,-4,1508,1523,-15,DL,N943AT,1399,ATL,TLH,37,51,223,0,0
PNS,Pensacola Regional Airport,30.473400115967,-87.186599731445,121,-6.0,A,Pensacola,United States,"2018-10-14",1456,1459,-3,1459,1511,-12,DL,N981DL,1270,ATL,PNS,49,63,271,0,0
VPS,Destin-Ft Walton Beach Airport,30.4832,-86.525398,87,-6.0,A,Valparaiso,United States,"2018-10-14",1631,1620,11,1848,1809,39,EV,N17560,4412,IAH,VPS,74,137,528,0,0
PNS,Pensacola Regional Airport,30.473400115967,-87.186599731445,121,-6.0,A,Pensacola,United States,"2018-10-14",1628,1635,-7,1750,1812,-22,YV,N89349,6184,IAH,PNS,66,82,489,0,0
VPS,Destin-Ft Walton Beach Airport,30.4832,-86.525398,87,-6.0,A,Valparaiso,United States,"2018-10-14",1642,1650,-8,1835,1846,-11,YV,N946LR,5906,DFW,VPS,81,113,641,0,0
PNS,Pensacola Regional Airport,30.473400115967,-87.186599731445,121,-6.0,A,Pensacola,United States,"2018-10-14",1705,1655,10,1705,1704,1,DL,N671DN,1814,ATL,PNS,44,60,271,0,0
PNS,Pensacola Regional Airport,30.473400115967,-87.186599731445,121,-6.0,A,Pensacola,United States,"2018-10-14",1703,1655,8,1816,1820,-4,WN,N292WN,5317,HOU,PNS,64,73,488,0,0
PNS,Pensacola Regional Airport,30.473400115967,-87.186599731445,121,-6.0,A,Pensacola,United States,"2018-10-14",1738,1741,-3,1812,1821,-9,OH,N706PS,5463,CLT,PNS,74,94,488,0,0
TLH,Tallahassee Regional Airport,30.396499633789062,-84.35030364990234,81,-5.0,A,Tallahassee,United States,"2018-10-14",1755,1801,-6,1924,1940,-16,YX,N101HQ,4660,CLT,TLH,60,89,386,0,0
ECP,Northwest Florida Beaches International Airport,30.357106,-85.795414,69,-6.0,A,Panama City,United States,"2018-10-14",,1850,,,2054,,EV,N611QX,2870,DFW,ECP,,,685,1,0
PNS,Pensacola Regional Airport,30.473400115967,-87.186599731445,121,-6.0,A,Pensacola,United States,"2018-10-14",1848,1854,-6,1853,1906,-13,DL,N909DE,2182,ATL,PNS,45,65,271,0,0
VPS,Destin-Ft Walton Beach Airport,30.4832,-86.525398,87,-6.0,A,Valparaiso,United States,"2018-10-14",1851,1855,-4,2058,2053,5,AA,N9626F,1445,DFW,VPS,83,127,641,0,0
PNS,Pensacola Regional Airport,30.473400115967,-87.186599731445,121,-6.0,A,Pensacola,United States,"2018-10-14",1917,1910,7,2028,2025,3,WN,N7879A,5039,BNA,PNS,56,71,391,0,0
ECP,Northwest Florida Beaches International Airport,30.357106,-85.795414,69,-6.0,A,Panama City,United States,"2018-10-14",,1920,,,2035,,WN,N7733B,4390,BNA,ECP,,,401,1,0
PNS,Pensacola Regional Airport,30.473400115967,-87.186599731445,121,-6.0,A,Pensacola,United States,"2018-10-14",1942,1935,7,2049,2101,-12,OH,N505AE,5597,DCA,PNS,113,127,816,0,0
VPS,Destin-Ft Walton Beach Airport,30.4832,-86.525398,87,-6.0,A,Valparaiso,United States,"2018-10-14",1933,1936,-3,1939,1945,-6,DL,N902DE,1856,ATL,VPS,40,66,250,0,0
PNS,Pensacola Regional Airport,30.473400115967,-87.186599731445,121,-6.0,A,Pensacola,United States,"2018-10-14",2023,1941,42,2145,2118,27,YV,N88310,6187,IAH,PNS,63,82,489,0,0
ECP,Northwest Florida Beaches International Airport,30.357106,-85.795414,69,-6.0,A,Panama City,United States,"2018-10-14",,1955,,,2140,,EV,N16571,4190,IAH,ECP,,,572,1,0
TLH,Tallahassee Regional Airport,30.396499633789062,-84.35030364990234,81,-5.0,A,Tallahassee,United States,"2018-10-14",1958,2000,-2,2157,2216,-19,YX,N102HQ,4504,DCA,TLH,99,119,716,0,0
TLH,Tallahassee Regional Airport,30.396499633789062,-84.35030364990234,81,-5.0,A,Tallahassee,United States,"2018-10-14",2047,2051,-4,2137,2155,-18,DL,N969DL,1669,ATL,TLH,36,50,223,0,0
PNS,Pensacola Regional Airport,30.473400115967,-87.186599731445,121,-6.0,A,Pensacola,United States,"2018-10-14",2033,2035,-2,2252,2220,32,AA,N964TW,2641,DFW,PNS,82,139,604,0,0
PNS,Pensacola Regional Airport,30.473400115967,-87.186599731445,121,-6.0,A,Pensacola,United States,"2018-10-14",2043,2046,-3,2045,2057,-12,DL,N997DL,1236,ATL,PNS,48,62,271,0,0
PNS,Pensacola Regional Airport,30.473400115967,-87.186599731445,121,-6.0,A,Pensacola,United States,"2018-10-14",2151,2151,0,2239,2242,-3,MQ,N685AE,4109,MIA,PNS,84,108,530,0,0
VPS,Destin-Ft Walton Beach Airport,30.4832,-86.525398,87,-6.0,A,Valparaiso,United States,"2018-10-14",2240,2241,-1,2333,2320,13,OH,N590NN,5696,CLT,VPS,73,113,460,0,0
TLH,Tallahassee Regional Airport,30.396499633789062,-84.35030364990234,81,-5.0,A,Tallahassee,United States,"2018-10-14",2225,2232,-7,2348,2359,-11,OH,N540EA,5284,CLT,TLH,68,83,386,0,0
PNS,Pensacola Regional Airport,30.473400115967,-87.186599731445,121,-6.0,A,Pensacola,United States,"2018-10-14",2230,2238,-8,2235,2247,-12,DL,N976DL,1213,ATL,PNS,44,65,271,0,0
VPS,Destin-Ft Walton Beach Airport,30.4832,-86.525398,87,-6.0,A,Valparaiso,United States,"2018-10-14",2235,2242,-7,2245,2248,-3,DL,N938DL,1590,ATL,VPS,41,70,250,0,0
ECP,Northwest Florida Beaches International Airport,30.357106,-85.795414,69,-6.0,A,Panama City,United States,"2018-10-14",1221,2245,816,1248,2250,838,DL,N995DL,2303,ATL,ECP,61,87,240,0,0
TLH,Tallahassee Regional Airport,30.396499633789062,-84.35030364990234,81,-5.0,A,Tallahassee,United States,"2018-10-14",2240,2241,-1,2345,2345,0,DL,N956DL,485,ATL,TLH,38,65,223,0,0
VPS,Destin-Ft Walton Beach Airport,30.4832,-86.525398,87,-6.0,A,Valparaiso,United States,"2018-10-15",724,705,19,917,901,16,YV,N908FJ,5725,DFW,VPS,86,113,641,0,0
PNS,Pensacola Regional Airport,30.473400115967,-87.186599731445,121,-6.0,A,Pensacola,United States,"2018-10-15",721,725,-4,917,904,13,EV,N16561,4182,IAH,PNS,78,116,489,0,0
PNS,Pensacola Regional Airport,30.473400115967,-87.186599731445,121,-6.0,A,Pensacola,United States,"2018-10-15",736,739,-3,824,824,0,OH,N584NN,5237,CLT,PNS,80,108,488,0,0
ECP,Northwest Florida Beaches International Airport,30.357106,-85.795414,69,-6.0,A,Panama City,United States,"2018-10-15",759,745,14,949,900,49,WN,N7733B,1281,BNA,ECP,62,110,401,0,0
PNS,Pensacola Regional Airport,30.473400115967,-87.186599731445,121,-6.0,A,Pensacola,United States,"2018-10-15",753,750,3,910,905,5,WN,N733SA,2229,BNA,PNS,59,77,391,0,0
PNS,Pensacola Regional Airport,30.473400115967,-87.186599731445,121,-6.0,A,Pensacola,United States,"2018-10-15",819,820,-1,827,831,-4,DL,N960DL,2212,ATL,PNS,52,68,271,0,0
ECP,Northwest Florida Beaches International Airport,30.357106,-85.795414,69,-6.0,A,Panama City,United States,"2018-10-15",857,900,-3,908,903,5,DL,N963DL,2029,ATL,ECP,45,71,240,0,0
VPS,Destin-Ft Walton Beach Airport,30.4832,-86.525398,87,-6.0,A,Valparaiso,United States,"2018-10-15",832,835,-3,905,911,-6,OH,N585NN,5564,CLT,VPS,74,93,460,0,0
TLH,Tallahassee Regional Airport,30.396499633789062,-84.35030364990234,81,-5.0,A,Tallahassee,United States,"2018-10-15",833,836,-3,935,941,-6,"9E",N197PQ,3281,ATL,TLH,39,62,223,0,0
VPS,Destin-Ft Walton Beach Airport,30.4832,-86.525398,87,-6.0,A,Valparaiso,United States,"2018-10-15",923,850,33,1105,1023,42,YX,N407YX,4609,DCA,VPS,128,162,789,0,0
TLH,Tallahassee Regional Airport,30.396499633789062,-84.35030364990234,81,-5.0,A,Tallahassee,United States,"2018-10-15",858,900,-2,1023,1025,-2,OH,N588NN,5272,CLT,TLH,64,85,386,0,0
ECP,Northwest Florida Beaches International Airport,30.357106,-85.795414,69,-6.0,A,Panama City,United States,"2018-10-15",854,900,-6,1030,1015,15,WN,N8303R,3984,BNA,ECP,59,96,401,0,0
PNS,Pensacola Regional Airport,30.473400115967,-87.186599731445,121,-6.0,A,Pensacola,United States,"2018-10-15",919,915,4,1008,1000,8,MQ,N931AE,3733,MIA,PNS,87,109,530,0,0
PNS,Pensacola Regional Airport,30.473400115967,-87.186599731445,121,-6.0,A,Pensacola,United States,"2018-10-15",934,935,-1,1137,1115,22,YX,N857RW,3668,IAH,PNS,68,123,489,0,0
VPS,Destin-Ft Walton Beach Airport,30.4832,-86.525398,87,-6.0,A,Valparaiso,United States,"2018-10-15",944,944,0,945,950,-5,DL,N944DL,2716,ATL,VPS,42,61,250,0,0
ECP,Northwest Florida Beaches International Airport,30.357106,-85.795414,69,-6.0,A,Panama City,United States,"2018-10-15",1010,1010,0,1635,1155,,EV,N15980,4451,IAH,ECP,,,572,0,1
PNS,Pensacola Regional Airport,30.473400115967,-87.186599731445,121,-6.0,A,Pensacola,United States,"2018-10-15",1016,1002,14,1033,1017,16,DL,N949DL,2179,ATL,PNS,45,77,271,0,0
TLH,Tallahassee Regional Airport,30.396499633789062,-84.35030364990234,81,-5.0,A,Tallahassee,United States,"2018-10-15",1020,1025,-5,1143,1147,-4,MQ,N688AE,3663,MIA,TLH,68,83,402,0,0
PNS,Pensacola Regional Airport,30.473400115967,-87.186599731445,121,-6.0,A,Pensacola,United States,"2018-10-15",1049,1020,29,1235,1208,27,MQ,N250NN,3324,DFW,PNS,78,106,604,0,0
TLH,Tallahassee Regional Airport,30.396499633789062,-84.35030364990234,81,-5.0,A,Tallahassee,United States,"2018-10-15",1120,1050,30,1218,1150,28,DL,N997DL,489,ATL,TLH,41,58,223,0,0
VPS,Destin-Ft Walton Beach Airport,30.4832,-86.525398,87,-6.0,A,Valparaiso,United States,"2018-10-15",1037,1037,0,1135,1135,0,G4,"217NV",1917,LCK,VPS,93,118,675,0,0
VPS,Destin-Ft Walton Beach Airport,30.4832,-86.525398,87,-6.0,A,Valparaiso,United States,"2018-10-15",1517,1055,262,1707,1257,250,YV,N930LR,5740,DFW,VPS,85,110,641,0,0
ECP,Northwest Florida Beaches International Airport,30.357106,-85.795414,69,-6.0,A,Panama City,United States,"2018-10-15",1106,1112,-6,1118,1116,2,DL,N982DL,1733,ATL,ECP,47,72,240,0,0
ECP,Northwest Florida Beaches International Airport,30.357106,-85.795414,69,-6.0,A,Panama City,United States,"2018-10-15",1125,1131,-6,1225,1209,16,EV,N720EV,2893,CLT,ECP,69,120,437,0,0
PNS,Pensacola Regional Airport,30.473400115967,-87.186599731445,121,-6.0,A,Pensacola,United States,"2018-10-15",1125,1130,-5,1209,1214,-5,OH,N556NN,5298,CLT,PNS,73,104,488,0,0
TLH,Tallahassee Regional Airport,30.396499633789062,-84.35030364990234,81,-5.0,A,Tallahassee,United States,"2018-10-15",2232,2232,0,2347,2359,-12,OH,N587NN,5284,CLT,TLH,60,75,386,0,0
PNS,Pensacola Regional Airport,30.473400115967,-87.186599731445,121,-6.0,A,Pensacola,United States,"2018-10-15",1138,1138,0,1252,1300,-8,MQ,N254NN,3771,DCA,PNS,117,134,816,0,0
VPS,Destin-Ft Walton Beach Airport,30.4832,-86.525398,87,-6.0,A,Valparaiso,United States,"2018-10-15",1240,1200,40,1522,1349,93,EV,N16561,3995,IAH,VPS,84,162,528,0,0
ECP,Northwest Florida Beaches International Airport,30.357106,-85.795414,69,-6.0,A,Panama City,United States,"2018-10-15",1452,1225,147,1636,1423,133,EV,N600QX,2895,DFW,ECP,90,104,685,0,0
TLH,Tallahassee Regional Airport,30.396499633789062,-84.35030364990234,81,-5.0,A,Tallahassee,United States,"2018-10-15",1259,1305,-6,1616,1610,6,MQ,N253NN,4069,DFW,TLH,98,137,767,0,0
VPS,Destin-Ft Walton Beach Airport,30.4832,-86.525398,87,-6.0,A,Valparaiso,United States,"2018-10-15",1303,1307,-4,1342,1350,-8,OH,N548NN,5500,CLT,VPS,72,99,460,0,0
TLH,Tallahassee Regional Airport,30.396499633789062,-84.35030364990234,81,-5.0,A,Tallahassee,United States,"2018-10-15",1317,1320,-3,1453,1451,2,OH,N566NN,5662,CLT,TLH,60,96,386,0,0
ECP,Northwest Florida Beaches International Airport,30.357106,-85.795414,69,-6.0,A,Panama City,United States,"2018-10-15",1348,1354,-6,1401,1352,9,DL,N951DL,2506,ATL,ECP,46,73,240,0,0
PNS,Pensacola Regional Airport,30.473400115967,-87.186599731445,121,-6.0,A,Pensacola,United States,"2018-10-15",1407,1414,-7,1559,1554,5,YX,N136HQ,4537,PHL,PNS,141,172,935,0,0
TLH,Tallahassee Regional Airport,30.396499633789062,-84.35030364990234,81,-5.0,A,Tallahassee,United States,"2018-10-15",1420,1421,-1,1516,1523,-7,DL,N952AT,1399,ATL,TLH,37,56,223,0,0
VPS,Destin-Ft Walton Beach Airport,30.4832,-86.525398,87,-6.0,A,Valparaiso,United States,"2018-10-15",1509,1510,-1,1514,1516,-2,DL,N904DL,2802,ATL,VPS,42,65,250,0,0
TLH,Tallahassee Regional Airport,30.396499633789062,-84.35030364990234,81,-5.0,A,Tallahassee,United States,"2018-10-15",1607,1610,-3,1730,1737,-7,OH,N582NN,5248,CLT,TLH,61,83,386,0,0
PNS,Pensacola Regional Airport,30.473400115967,-87.186599731445,121,-6.0,A,Pensacola,United States,"2018-10-15",1606,1615,-9,1646,1701,-15,MQ,N662EH,3427,MIA,PNS,83,100,530,0,0
TLH,Tallahassee Regional Airport,30.396499633789062,-84.35030364990234,81,-5.0,A,Tallahassee,United States,"2018-10-15",1622,1617,5,1715,1712,3,DL,N915DL,1786,ATL,TLH,37,53,223,0,0
PNS,Pensacola Regional Airport,30.473400115967,-87.186599731445,121,-6.0,A,Pensacola,United States,"2018-10-15",1653,1655,-2,1833,1845,-12,MQ,N258NN,3877,DFW,PNS,79,100,604,0,0
PNS,Pensacola Regional Airport,30.473400115967,-87.186599731445,121,-6.0,A,Pensacola,United States,"2018-10-15",1818,1705,73,1959,1830,89,WN,N426WN,976,HOU,PNS,70,101,488,0,0
ECP,Northwest Florida Beaches International Airport,30.357106,-85.795414,69,-6.0,A,Panama City,United States,"2018-10-15",1722,1713,9,1721,1711,10,DL,N976DL,1403,ATL,ECP,39,59,240,0,0
VPS,Destin-Ft Walton Beach Airport,30.4832,-86.525398,87,-6.0,A,Valparaiso,United States,"2018-10-15",1727,1719,8,1731,1722,9,DL,N908DL,1167,ATL,VPS,42,64,250,0,0
TLH,Tallahassee Regional Airport,30.396499633789062,-84.35030364990234,81,-5.0,A,Tallahassee,United States,"2018-10-15",1727,1730,-3,1858,1854,4,MQ,N657AE,3844,MIA,TLH,74,91,402,0,0
PNS,Pensacola Regional Airport,30.473400115967,-87.186599731445,121,-6.0,A,Pensacola,United States,"2018-10-15",2053,1741,192,2130,1821,189,OH,N705PS,5463,CLT,PNS,72,97,488,0,0
PNS,Pensacola Regional Airport,30.473400115967,-87.186599731445,121,-6.0,A,Pensacola,United States,"2018-10-19",1741,1741,0,1806,1821,-15,OH,N709PS,5463,CLT,PNS,71,85,488,0,0
VPS,Destin-Ft Walton Beach Airport,30.4832,-86.525398,87,-6.0,A,Valparaiso,United States,"2018-10-15",1806,1805,1,2016,1954,22,EV,N16571,4447,IAH,VPS,79,130,528,0,0
ECP,Northwest Florida Beaches International Airport,30.357106,-85.795414,69,-6.0,A,Panama City,United States,"2018-10-15",,1830,,,1915,,EV,N600QX,2890,CLT,ECP,,,437,1,0
VPS,Destin-Ft Walton Beach Airport,30.4832,-86.525398,87,-6.0,A,Valparaiso,United States,"2018-10-15",1930,1931,-1,2111,2115,-4,G4,"229NV",1903,BLV,VPS,84,101,587,0,0
ECP,Northwest Florida Beaches International Airport,30.357106,-85.795414,69,-6.0,A,Panama City,United States,"2018-10-15",1058,1934,924,1146,1940,966,DL,N986DL,2431,ATL,ECP,69,108,240,0,0
ECP,Northwest Florida Beaches International Airport,30.357106,-85.795414,69,-6.0,A,Panama City,United States,"2018-10-15",,1935,,,2050,,WN,"",1378,BNA,ECP,,,401,1,0
PNS,Pensacola Regional Airport,30.473400115967,-87.186599731445,121,-6.0,A,Pensacola,United States,"2018-10-15",1935,1935,0,2046,2050,-4,WN,N233LV,1020,BNA,PNS,57,71,391,0,0
PNS,Pensacola Regional Airport,30.473400115967,-87.186599731445,121,-6.0,A,Pensacola,United States,"2018-10-15",2035,1941,54,2237,2118,79,YV,N89342,6187,IAH,PNS,69,122,489,0,0
ECP,Northwest Florida Beaches International Airport,30.357106,-85.795414,69,-6.0,A,Panama City,United States,"2018-10-15",743,1955,708,1000,2140,740,EV,N22909,4190,IAH,ECP,91,137,572,0,0
TLH,Tallahassee Regional Airport,30.396499633789062,-84.35030364990234,81,-5.0,A,Tallahassee,United States,"2018-10-15",2039,2030,9,2356,2333,23,MQ,N263NN,4131,DFW,TLH,103,137,767,0,0
PNS,Pensacola Regional Airport,30.473400115967,-87.186599731445,121,-6.0,A,Pensacola,United States,"2018-10-15",2040,2046,-6,2046,2057,-11,DL,N945DL,1236,ATL,PNS,45,66,271,0,0
TLH,Tallahassee Regional Airport,30.396499633789062,-84.35030364990234,81,-5.0,A,Tallahassee,United States,"2018-10-15",2047,2051,-4,2146,2155,-9,DL,N910DE,1669,ATL,TLH,38,59,223,0,0
PNS,Pensacola Regional Airport,30.473400115967,-87.186599731445,121,-6.0,A,Pensacola,United States,"2018-10-15",2139,2151,-12,2224,2242,-18,MQ,N931AE,4109,MIA,PNS,81,105,530,0,0
PNS,Pensacola Regional Airport,30.473400115967,-87.186599731445,121,-6.0,A,Pensacola,United States,"2018-10-15",1242,1155,47,1514,1334,100,EV,N11164,4393,IAH,PNS,74,152,489,0,0
PNS,Pensacola Regional Airport,30.473400115967,-87.186599731445,121,-6.0,A,Pensacola,United States,"2018-10-15",1232,1236,-4,1238,1247,-9,DL,N922DL,1353,ATL,PNS,47,66,271,0,0
PNS,Pensacola Regional Airport,30.473400115967,-87.186599731445,121,-6.0,A,Pensacola,United States,"2018-10-15",1322,1300,22,1505,1443,22,AA,N965TW,2389,DFW,PNS,81,103,604,0,0
VPS,Destin-Ft Walton Beach Airport,30.4832,-86.525398,87,-6.0,A,Valparaiso,United States,"2018-10-15",1533,1342,111,1547,1348,119,DL,N900DE,2873,ATL,VPS,43,74,250,0,0
TLH,Tallahassee Regional Airport,30.396499633789062,-84.35030364990234,81,-5.0,A,Tallahassee,United States,"2018-10-15",1428,1439,-11,1542,1603,-21,MQ,N650AE,3861,MIA,TLH,62,74,402,0,0
ECP,Northwest Florida Beaches International Airport,30.357106,-85.795414,69,-6.0,A,Panama City,United States,"2018-10-15",1507,1445,22,1711,1630,41,EV,N14905,4249,IAH,ECP,84,124,572,0,0
PNS,Pensacola Regional Airport,30.473400115967,-87.186599731445,121,-6.0,A,Pensacola,United States,"2018-10-15",1453,1455,-2,1534,1542,-8,YX,N107HQ,4553,CLT,PNS,75,101,488,0,0
PNS,Pensacola Regional Airport,30.473400115967,-87.186599731445,121,-6.0,A,Pensacola,United States,"2018-10-15",1456,1459,-3,1457,1511,-14,DL,N969DL,1270,ATL,PNS,46,61,271,0,0
VPS,Destin-Ft Walton Beach Airport,30.4832,-86.525398,87,-6.0,A,Valparaiso,United States,"2018-10-15",1550,1558,-8,1640,1645,-5,G4,"217NV",1901,CVG,VPS,91,110,600,0,0
VPS,Destin-Ft Walton Beach Airport,30.4832,-86.525398,87,-6.0,A,Valparaiso,United States,"2018-10-15",1649,1620,29,1949,1809,100,EV,N12540,4412,IAH,VPS,79,180,528,0,0
PNS,Pensacola Regional Airport,30.473400115967,-87.186599731445,121,-6.0,A,Pensacola,United States,"2018-10-15",1635,1635,0,1810,1812,-2,YV,N86350,6184,IAH,PNS,72,95,489,0,0
VPS,Destin-Ft Walton Beach Airport,30.4832,-86.525398,87,-6.0,A,Valparaiso,United States,"2018-10-15",1823,1650,93,2015,1846,89,YV,N914FJ,5906,DFW,VPS,82,112,641,0,0
PNS,Pensacola Regional Airport,30.473400115967,-87.186599731445,121,-6.0,A,Pensacola,United States,"2018-10-15",1714,1655,19,1722,1704,18,DL,N990DL,1814,ATL,PNS,45,68,271,0,0
ECP,Northwest Florida Beaches International Airport,30.357106,-85.795414,69,-6.0,A,Panama City,United States,"2018-10-15",,1710,,,1845,,WN,"",2008,HOU,ECP,,,571,1,0
VPS,Destin-Ft Walton Beach Airport,30.4832,-86.525398,87,-6.0,A,Valparaiso,United States,"2018-10-15",1742,1745,-3,1817,1825,-8,OH,N573NN,5709,CLT,VPS,72,95,460,0,0
TLH,Tallahassee Regional Airport,30.396499633789062,-84.35030364990234,81,-5.0,A,Tallahassee,United States,"2018-10-15",1754,1801,-7,1928,1940,-12,YX,N103HQ,4660,CLT,TLH,62,94,386,0,0
TLH,Tallahassee Regional Airport,30.396499633789062,-84.35030364990234,81,-5.0,A,Tallahassee,United States,"2018-10-15",1801,1804,-3,1859,1910,-11,DL,N960AT,678,ATL,TLH,38,58,223,0,0
PNS,Pensacola Regional Airport,30.473400115967,-87.186599731445,121,-6.0,A,Pensacola,United States,"2018-10-15",1828,1834,-6,1836,1845,-9,DL,N962DL,2182,ATL,PNS,46,68,271,0,0
ECP,Northwest Florida Beaches International Airport,30.357106,-85.795414,69,-6.0,A,Panama City,United States,"2018-10-15",,1850,,,2054,,EV,N717EV,2870,DFW,ECP,,,685,1,0
VPS,Destin-Ft Walton Beach Airport,30.4832,-86.525398,87,-6.0,A,Valparaiso,United States,"2018-10-15",1908,1855,13,2111,2053,18,AA,N9681B,1445,DFW,VPS,83,123,641,0,0
PNS,Pensacola Regional Airport,30.473400115967,-87.186599731445,121,-6.0,A,Pensacola,United States,"2018-10-15",2108,1935,93,2220,2101,79,OH,N514AE,5597,DCA,PNS,118,132,816,0,0
VPS,Destin-Ft Walton Beach Airport,30.4832,-86.525398,87,-6.0,A,Valparaiso,United States,"2018-10-15",1934,1936,-2,1940,1945,-5,DL,N980DL,1856,ATL,VPS,41,66,250,0,0
PNS,Pensacola Regional Airport,30.473400115967,-87.186599731445,121,-6.0,A,Pensacola,United States,"2018-10-15",1955,1955,0,2032,2040,-8,OH,N548NN,5103,CLT,PNS,74,97,488,0,0
TLH,Tallahassee Regional Airport,30.396499633789062,-84.35030364990234,81,-5.0,A,Tallahassee,United States,"2018-10-15",1956,2000,-4,2215,2216,-1,YX,N418YX,4504,DCA,TLH,99,139,716,0,0
VPS,Destin-Ft Walton Beach Airport,30.4832,-86.525398,87,-6.0,A,Valparaiso,United States,"2018-10-15",2100,2032,28,2258,2238,20,G4,"217NV",1915,MCI,VPS,97,118,764,0,0
TLH,Tallahassee Regional Airport,30.396499633789062,-84.35030364990234,81,-5.0,A,Tallahassee,United States,"2018-10-15",2246,2241,5,2343,2345,-2,DL,N920DE,485,ATL,TLH,40,57,223,0,0
VPS,Destin-Ft Walton Beach Airport,30.4832,-86.525398,87,-6.0,A,Valparaiso,United States,"2018-10-15",2240,2241,-1,2306,2320,-14,OH,N588NN,5696,CLT,VPS,67,86,460,0,0
VPS,Destin-Ft Walton Beach Airport,30.4832,-86.525398,87,-6.0,A,Valparaiso,United States,"2018-10-15",2237,2242,-5,2247,2248,-1,DL,N972DL,1590,ATL,VPS,41,70,250,0,0
ECP,Northwest Florida Beaches International Airport,30.357106,-85.795414,69,-6.0,A,Panama City,United States,"2018-10-15",1210,2245,805,1247,2250,837,DL,N912DE,2303,ATL,ECP,41,97,240,0,0
PNS,Pensacola Regional Airport,30.473400115967,-87.186599731445,121,-6.0,A,Pensacola,United States,"2018-10-15",2238,2238,0,2240,2247,-7,DL,N957DL,1213,ATL,PNS,44,62,271,0,0
PNS,Pensacola Regional Airport,30.473400115967,-87.186599731445,121,-6.0,A,Pensacola,United States,"2018-10-16",722,725,-3,923,904,19,EV,N18556,4182,IAH,PNS,90,121,489,0,0
PNS,Pensacola Regional Airport,30.473400115967,-87.186599731445,121,-6.0,A,Pensacola,United States,"2018-10-16",752,722,30,1142,1121,21,F9,N338FR,638,DEN,PNS,147,170,1179,0,0
PNS,Pensacola Regional Airport,30.473400115967,-87.186599731445,121,-6.0,A,Pensacola,United States,"2018-10-16",738,739,-1,925,824,61,OH,N504AE,5237,CLT,PNS,138,167,488,0,0
ECP,Northwest Florida Beaches International Airport,30.357106,-85.795414,69,-6.0,A,Panama City,United States,"2018-10-16",1000,745,135,1129,900,149,WN,N7814B,1281,BNA,ECP,72,89,401,0,0
PNS,Pensacola Regional Airport,30.473400115967,-87.186599731445,121,-6.0,A,Pensacola,United States,"2018-10-16",1004,750,134,1118,905,133,WN,N905WN,2229,BNA,PNS,57,74,391,0,0
VPS,Destin-Ft Walton Beach Airport,30.4832,-86.525398,87,-6.0,A,Valparaiso,United States,"2018-10-16",832,835,-3,941,911,30,OH,N589NN,5564,CLT,VPS,112,129,460,0,0
PNS,Pensacola Regional Airport,30.473400115967,-87.186599731445,121,-6.0,A,Pensacola,United States,"2018-10-16",1010,820,110,1028,831,117,DL,N905DL,2212,ATL,PNS,48,78,271,0,0
TLH,Tallahassee Regional Airport,30.396499633789062,-84.35030364990234,81,-5.0,A,Tallahassee,United States,"2018-10-16",832,836,-4,934,941,-7,"9E",N294PQ,3281,ATL,TLH,42,62,223,0,0
VPS,Destin-Ft Walton Beach Airport,30.4832,-86.525398,87,-6.0,A,Valparaiso,United States,"2018-10-16",848,850,-2,1047,1023,24,YX,N408YX,4609,DCA,VPS,122,179,789,0,0
ECP,Northwest Florida Beaches International Airport,30.357106,-85.795414,69,-6.0,A,Panama City,United States,"2018-10-16",1033,900,93,1103,903,120,DL,N953DL,2029,ATL,ECP,68,90,240,0,0
TLH,Tallahassee Regional Airport,30.396499633789062,-84.35030364990234,81,-5.0,A,Tallahassee,United States,"2018-10-16",859,900,-1,1023,1025,-2,OH,N571NN,5272,CLT,TLH,65,84,386,0,0
PNS,Pensacola Regional Airport,30.473400115967,-87.186599731445,121,-6.0,A,Pensacola,United States,"2018-10-16",909,915,-6,958,1000,-2,MQ,N650AE,3733,MIA,PNS,88,109,530,0,0
PNS,Pensacola Regional Airport,30.473400115967,-87.186599731445,121,-6.0,A,Pensacola,United States,"2018-10-16",939,935,4,1113,1115,-2,YX,N642RW,3668,IAH,PNS,68,94,489,0,0
VPS,Destin-Ft Walton Beach Airport,30.4832,-86.525398,87,-6.0,A,Valparaiso,United States,"2018-10-16",938,944,-6,950,950,0,DL,N994DL,2716,ATL,VPS,48,72,250,0,0
PNS,Pensacola Regional Airport,30.473400115967,-87.186599731445,121,-6.0,A,Pensacola,United States,"2018-10-16",1006,1002,4,1021,1017,4,DL,N554NW,2179,ATL,PNS,46,75,271,0,0
ECP,Northwest Florida Beaches International Airport,30.357106,-85.795414,69,-6.0,A,Panama City,United States,"2018-10-16",1003,1010,-7,1224,1155,29,EV,N12166,4451,IAH,ECP,83,141,572,0,0
TLH,Tallahassee Regional Airport,30.396499633789062,-84.35030364990234,81,-5.0,A,Tallahassee,United States,"2018-10-16",1019,1025,-6,1132,1147,-15,MQ,N662EH,3663,MIA,TLH,60,73,402,0,0
PNS,Pensacola Regional Airport,30.473400115967,-87.186599731445,121,-6.0,A,Pensacola,United States,"2018-10-16",1027,1020,7,1212,1208,4,MQ,N263NN,3324,DFW,PNS,79,105,604,0,0
TLH,Tallahassee Regional Airport,30.396499633789062,-84.35030364990234,81,-5.0,A,Tallahassee,United States,"2018-10-16",1047,1050,-3,1146,1150,-4,DL,N909DE,489,ATL,TLH,42,59,223,0,0
VPS,Destin-Ft Walton Beach Airport,30.4832,-86.525398,87,-6.0,A,Valparaiso,United States,"2018-10-16",,1055,,,1257,,YV,N942LR,5740,DFW,VPS,,,641,1,0
ECP,Northwest Florida Beaches International Airport,30.357106,-85.795414,69,-6.0,A,Panama City,United States,"2018-10-16",1134,1112,22,1213,1116,57,DL,N907DL,1733,ATL,ECP,47,99,240,0,0
PNS,Pensacola Regional Airport,30.473400115967,-87.186599731445,121,-6.0,A,Pensacola,United States,"2018-10-16",1127,1130,-3,1204,1214,-10,OH,N582NN,5298,CLT,PNS,73,97,488,0,0
ECP,Northwest Florida Beaches International Airport,30.357106,-85.795414,69,-6.0,A,Panama City,United States,"2018-10-16",1125,1131,-6,1150,1209,-19,EV,N616QX,2893,CLT,ECP,64,85,437,0,0
VPS,Destin-Ft Walton Beach Airport,30.4832,-86.525398,87,-6.0,A,Valparaiso,United States,"2018-10-16",1237,1129,68,1414,1313,61,G4,"229NV",1903,BLV,VPS,80,97,587,0,0
PNS,Pensacola Regional Airport,30.473400115967,-87.186599731445,121,-6.0,A,Pensacola,United States,"2018-10-16",1151,1138,13,1311,1300,11,MQ,N235NN,3771,DCA,PNS,115,140,816,0,0
PNS,Pensacola Regional Airport,30.473400115967,-87.186599731445,121,-6.0,A,Pensacola,United States,"2018-10-16",1150,1155,-5,1327,1334,-7,EV,N19554,4393,IAH,PNS,71,97,489,0,0
VPS,Destin-Ft Walton Beach Airport,30.4832,-86.525398,87,-6.0,A,Valparaiso,United States,"2018-10-16",1158,1200,-2,1339,1349,-10,EV,N18556,3995,IAH,VPS,76,101,528,0,0
TLH,Tallahassee Regional Airport,30.396499633789062,-84.35030364990234,81,-5.0,A,Tallahassee,United States,"2018-10-16",2229,2241,-12,2331,2345,-14,DL,N912DE,485,ATL,TLH,38,62,223,0,0
ECP,Northwest Florida Beaches International Airport,30.357106,-85.795414,69,-6.0,A,Panama City,United States,"2018-10-16",1354,1225,89,1552,1423,89,EV,N617QX,2895,DFW,ECP,92,118,685,0,0
PNS,Pensacola Regional Airport,30.473400115967,-87.186599731445,121,-6.0,A,Pensacola,United States,"2018-10-16",1309,1300,9,1444,1443,1,AA,N9624T,2389,DFW,PNS,78,95,604,0,0
VPS,Destin-Ft Walton Beach Airport,30.4832,-86.525398,87,-6.0,A,Valparaiso,United States,"2018-10-16",1302,1307,-5,1344,1350,-6,OH,N572NN,5500,CLT,VPS,74,102,460,0,0
VPS,Destin-Ft Walton Beach Airport,30.4832,-86.525398,87,-6.0,A,Valparaiso,United States,"2018-10-16",1358,1342,16,1402,1348,14,DL,N989DL,2873,ATL,VPS,42,64,250,0,0
PNS,Pensacola Regional Airport,30.473400115967,-87.186599731445,121,-6.0,A,Pensacola,United States,"2018-10-16",1409,1414,-5,1609,1554,15,YX,N116HQ,4537,PHL,PNS,170,180,935,0,0
PNS,Pensacola Regional Airport,30.473400115967,-87.186599731445,121,-6.0,A,Pensacola,United States,"2018-10-16",1454,1459,-5,1501,1511,-10,DL,N947DL,1270,ATL,PNS,48,67,271,0,0
TLH,Tallahassee Regional Airport,30.396499633789062,-84.35030364990234,81,-5.0,A,Tallahassee,United States,"2018-10-16",1607,1610,-3,1726,1737,-11,OH,N570NN,5248,CLT,TLH,62,79,386,0,0
TLH,Tallahassee Regional Airport,30.396499633789062,-84.35030364990234,81,-5.0,A,Tallahassee,United States,"2018-10-16",1618,1617,1,1710,1712,-2,DL,N948DL,1786,ATL,TLH,40,52,223,0,0
VPS,Destin-Ft Walton Beach Airport,30.4832,-86.525398,87,-6.0,A,Valparaiso,United States,"2018-10-16",1617,1620,-3,1802,1809,-7,EV,N16571,4412,IAH,VPS,75,105,528,0,0
PNS,Pensacola Regional Airport,30.473400115967,-87.186599731445,121,-6.0,A,Pensacola,United States,"2018-10-16",1657,1635,22,1838,1812,26,YV,N86316,6184,IAH,PNS,69,101,489,0,0
VPS,Destin-Ft Walton Beach Airport,30.4832,-86.525398,87,-6.0,A,Valparaiso,United States,"2018-10-16",1649,1650,-1,1837,1846,-9,YV,N926LR,5906,DFW,VPS,82,108,641,0,0
ECP,Northwest Florida Beaches International Airport,30.357106,-85.795414,69,-6.0,A,Panama City,United States,"2018-10-16",,1710,,,1845,,WN,"",2008,HOU,ECP,,,571,1,0
VPS,Destin-Ft Walton Beach Airport,30.4832,-86.525398,87,-6.0,A,Valparaiso,United States,"2018-10-16",1709,1719,-10,1715,1722,-7,DL,N943DL,1167,ATL,VPS,42,66,250,0,0
VPS,Destin-Ft Walton Beach Airport,30.4832,-86.525398,87,-6.0,A,Valparaiso,United States,"2018-10-16",1722,1725,-3,1916,1919,-3,G4,"217NV",1909,OKC,VPS,94,114,726,0,0
VPS,Destin-Ft Walton Beach Airport,30.4832,-86.525398,87,-6.0,A,Valparaiso,United States,"2018-10-16",1743,1745,-2,1820,1825,-5,OH,N591NN,5709,CLT,VPS,74,97,460,0,0
VPS,Destin-Ft Walton Beach Airport,30.4832,-86.525398,87,-6.0,A,Valparaiso,United States,"2018-10-16",1813,1805,8,1957,1954,3,EV,N14907,4447,IAH,VPS,76,104,528,0,0
PNS,Pensacola Regional Airport,30.473400115967,-87.186599731445,121,-6.0,A,Pensacola,United States,"2018-10-16",1828,1834,-6,1831,1845,-14,DL,N967DL,2182,ATL,PNS,45,63,271,0,0
VPS,Destin-Ft Walton Beach Airport,30.4832,-86.525398,87,-6.0,A,Valparaiso,United States,"2018-10-16",1901,1855,6,2056,2053,3,AA,N983TW,1445,DFW,VPS,83,115,641,0,0
PNS,Pensacola Regional Airport,30.473400115967,-87.186599731445,121,-6.0,A,Pensacola,United States,"2018-10-16",1932,1935,-3,2054,2101,-7,OH,N723PS,5597,DCA,PNS,123,142,816,0,0
VPS,Destin-Ft Walton Beach Airport,30.4832,-86.525398,87,-6.0,A,Valparaiso,United States,"2018-10-16",1930,1936,-6,1942,1945,-3,DL,N916DE,1856,ATL,VPS,44,72,250,0,0
PNS,Pensacola Regional Airport,30.473400115967,-87.186599731445,121,-6.0,A,Pensacola,United States,"2018-10-16",1952,1955,-3,2025,2040,-15,OH,N581NN,5103,CLT,PNS,74,93,488,0,0
ECP,Northwest Florida Beaches International Airport,30.357106,-85.795414,69,-6.0,A,Panama City,United States,"2018-10-16",934,1955,819,1059,2140,799,EV,N14148,4190,IAH,ECP,65,85,572,0,0
TLH,Tallahassee Regional Airport,30.396499633789062,-84.35030364990234,81,-5.0,A,Tallahassee,United States,"2018-10-16",2025,2000,25,2226,2216,10,YX,N407YX,4504,DCA,TLH,101,121,716,0,0
TLH,Tallahassee Regional Airport,30.396499633789062,-84.35030364990234,81,-5.0,A,Tallahassee,United States,"2018-10-16",2048,2030,18,2347,2333,14,MQ,N229NN,4131,DFW,TLH,95,119,767,0,0
TLH,Tallahassee Regional Airport,30.396499633789062,-84.35030364990234,81,-5.0,A,Tallahassee,United States,"2018-10-16",2048,2051,-3,2146,2155,-9,DL,N976DL,1669,ATL,TLH,41,58,223,0,0
PNS,Pensacola Regional Airport,30.473400115967,-87.186599731445,121,-6.0,A,Pensacola,United States,"2018-10-16",2144,2151,-7,2230,2242,-12,MQ,N664MS,4109,MIA,PNS,84,106,530,0,0
TLH,Tallahassee Regional Airport,30.396499633789062,-84.35030364990234,81,-5.0,A,Tallahassee,United States,"2018-10-16",2233,2232,1,2,2359,3,OH,N545PB,5284,CLT,TLH,64,89,386,0,0
PNS,Pensacola Regional Airport,30.473400115967,-87.186599731445,121,-6.0,A,Pensacola,United States,"2018-10-16",2237,2238,-1,2242,2247,-5,DL,N957DL,1213,ATL,PNS,44,65,271,0,0
PNS,Pensacola Regional Airport,30.473400115967,-87.186599731445,121,-6.0,A,Pensacola,United States,"2018-10-15",2103,2035,28,2244,2220,24,AA,N970TW,2641,DFW,PNS,80,101,604,0,0
PNS,Pensacola Regional Airport,30.473400115967,-87.186599731445,121,-6.0,A,Pensacola,United States,"2018-10-16",1231,1236,-5,1235,1247,-12,DL,N913DL,1353,ATL,PNS,45,64,271,0,0
VPS,Destin-Ft Walton Beach Airport,30.4832,-86.525398,87,-6.0,A,Valparaiso,United States,"2018-10-16",1250,1302,-12,1325,1343,-18,G4,"217NV",1919,SDF,VPS,75,95,532,0,0
TLH,Tallahassee Regional Airport,30.396499633789062,-84.35030364990234,81,-5.0,A,Tallahassee,United States,"2018-10-16",1310,1305,5,1612,1610,2,MQ,N260NN,4069,DFW,TLH,95,122,767,0,0
TLH,Tallahassee Regional Airport,30.396499633789062,-84.35030364990234,81,-5.0,A,Tallahassee,United States,"2018-10-16",1311,1320,-9,1441,1451,-10,OH,N595NN,5662,CLT,TLH,64,90,386,0,0
ECP,Northwest Florida Beaches International Airport,30.357106,-85.795414,69,-6.0,A,Panama City,United States,"2018-10-16",1351,1354,-3,1347,1352,-5,DL,N924DL,2506,ATL,ECP,40,56,240,0,0
TLH,Tallahassee Regional Airport,30.396499633789062,-84.35030364990234,81,-5.0,A,Tallahassee,United States,"2018-10-16",1419,1421,-2,1511,1523,-12,DL,N955AT,1399,ATL,TLH,38,52,223,0,0
TLH,Tallahassee Regional Airport,30.396499633789062,-84.35030364990234,81,-5.0,A,Tallahassee,United States,"2018-10-16",1450,1439,11,1600,1603,-3,MQ,N688AE,3861,MIA,TLH,59,70,402,0,0
ECP,Northwest Florida Beaches International Airport,30.357106,-85.795414,69,-6.0,A,Panama City,United States,"2018-10-16",1443,1445,-2,1647,1630,17,EV,N17560,4249,IAH,ECP,80,124,572,0,0
PNS,Pensacola Regional Airport,30.473400115967,-87.186599731445,121,-6.0,A,Pensacola,United States,"2018-10-16",1458,1455,3,1539,1542,-3,YX,N137HQ,4553,CLT,PNS,76,101,488,0,0
ECP,Northwest Florida Beaches International Airport,30.357106,-85.795414,69,-6.0,A,Panama City,United States,"2018-10-16",,1850,,,2054,,EV,N719EV,2870,DFW,ECP,,,685,1,0
VPS,Destin-Ft Walton Beach Airport,30.4832,-86.525398,87,-6.0,A,Valparaiso,United States,"2018-10-16",1525,1510,15,1520,1516,4,DL,N945DL,2802,ATL,VPS,40,55,250,0,0
PNS,Pensacola Regional Airport,30.473400115967,-87.186599731445,121,-6.0,A,Pensacola,United States,"2018-10-16",1610,1615,-5,1650,1701,-11,MQ,N656AE,3427,MIA,PNS,88,100,530,0,0
PNS,Pensacola Regional Airport,30.473400115967,-87.186599731445,121,-6.0,A,Pensacola,United States,"2018-10-16",1655,1655,0,1701,1704,-3,DL,N678DL,1814,ATL,PNS,48,66,271,0,0
PNS,Pensacola Regional Airport,30.473400115967,-87.186599731445,121,-6.0,A,Pensacola,United States,"2018-10-16",1652,1655,-3,1835,1845,-10,MQ,N252NN,3877,DFW,PNS,79,103,604,0,0
PNS,Pensacola Regional Airport,30.473400115967,-87.186599731445,121,-6.0,A,Pensacola,United States,"2018-10-16",1801,1705,56,1922,1830,52,WN,N916WN,976,HOU,PNS,65,81,488,0,0
ECP,Northwest Florida Beaches International Airport,30.357106,-85.795414,69,-6.0,A,Panama City,United States,"2018-10-16",1709,1713,-4,1713,1711,2,DL,N913DL,1403,ATL,ECP,47,64,240,0,0
TLH,Tallahassee Regional Airport,30.396499633789062,-84.35030364990234,81,-5.0,A,Tallahassee,United States,"2018-10-16",1725,1730,-5,1857,1854,3,MQ,N650AE,3844,MIA,TLH,63,92,402,0,0
VPS,Destin-Ft Walton Beach Airport,30.4832,-86.525398,87,-6.0,A,Valparaiso,United States,"2018-10-16",1825,1736,49,1912,1823,49,G4,"229NV",1901,CVG,VPS,87,107,600,0,0
PNS,Pensacola Regional Airport,30.473400115967,-87.186599731445,121,-6.0,A,Pensacola,United States,"2018-10-16",1746,1741,5,1821,1821,0,OH,N545PB,5463,CLT,PNS,79,95,488,0,0
TLH,Tallahassee Regional Airport,30.396499633789062,-84.35030364990234,81,-5.0,A,Tallahassee,United States,"2018-10-16",1833,1801,32,2013,1940,33,YX,N131HQ,4660,CLT,TLH,64,100,386,0,0
TLH,Tallahassee Regional Airport,30.396499633789062,-84.35030364990234,81,-5.0,A,Tallahassee,United States,"2018-10-16",1802,1804,-2,1905,1910,-5,DL,N997AT,678,ATL,TLH,38,63,223,0,0
ECP,Northwest Florida Beaches International Airport,30.357106,-85.795414,69,-6.0,A,Panama City,United States,"2018-10-16",,1830,,,1915,,EV,N717EV,2890,CLT,ECP,,,437,1,0
ECP,Northwest Florida Beaches International Airport,30.357106,-85.795414,69,-6.0,A,Panama City,United States,"2018-10-16",1009,1934,875,1010,1940,870,DL,N997DL,2431,ATL,ECP,39,61,240,0,0
ECP,Northwest Florida Beaches International Airport,30.357106,-85.795414,69,-6.0,A,Panama City,United States,"2018-10-16",,1935,,,2050,,WN,"",1378,BNA,ECP,,,401,1,0
PNS,Pensacola Regional Airport,30.473400115967,-87.186599731445,121,-6.0,A,Pensacola,United States,"2018-10-16",1935,1935,0,2048,2050,-2,WN,N570WN,1020,BNA,PNS,56,73,391,0,0
PNS,Pensacola Regional Airport,30.473400115967,-87.186599731445,121,-6.0,A,Pensacola,United States,"2018-10-16",1945,1941,4,2127,2118,9,YV,N93305,6187,IAH,PNS,74,102,489,0,0
PNS,Pensacola Regional Airport,30.473400115967,-87.186599731445,121,-6.0,A,Pensacola,United States,"2018-10-16",2154,2035,79,2324,2220,64,AA,N9628W,2641,DFW,PNS,74,90,604,0,0
PNS,Pensacola Regional Airport,30.473400115967,-87.186599731445,121,-6.0,A,Pensacola,United States,"2018-10-16",2041,2046,-5,2051,2057,-6,DL,N983DL,1236,ATL,PNS,47,70,271,0,0
VPS,Destin-Ft Walton Beach Airport,30.4832,-86.525398,87,-6.0,A,Valparaiso,United States,"2018-10-16",2239,2241,-2,2327,2320,7,OH,N572NN,5696,CLT,VPS,79,108,460,0,0
VPS,Destin-Ft Walton Beach Airport,30.4832,-86.525398,87,-6.0,A,Valparaiso,United States,"2018-10-16",2238,2242,-4,2245,2248,-3,DL,N901DE,1590,ATL,VPS,41,67,250,0,0
ECP,Northwest Florida Beaches International Airport,30.357106,-85.795414,69,-6.0,A,Panama City,United States,"2018-10-16",1155,2245,790,1154,2250,784,DL,N900DE,2303,ATL,ECP,39,59,240,0,0
VPS,Destin-Ft Walton Beach Airport,30.4832,-86.525398,87,-6.0,A,Valparaiso,United States,"2018-10-17",651,700,-9,802,810,-8,G4,"326NV",1424,PIT,VPS,110,131,775,0,0
PNS,Pensacola Regional Airport,30.473400115967,-87.186599731445,121,-6.0,A,Pensacola,United States,"2018-10-17",724,725,-1,850,904,-14,EV,N15980,4182,IAH,PNS,70,86,489,0,0
PNS,Pensacola Regional Airport,30.473400115967,-87.186599731445,121,-6.0,A,Pensacola,United States,"2018-10-17",734,739,-5,821,824,-3,OH,N540EA,5237,CLT,PNS,80,107,488,0,0
ECP,Northwest Florida Beaches International Airport,30.357106,-85.795414,69,-6.0,A,Panama City,United States,"2018-10-17",849,745,64,1003,900,63,WN,N7703A,1281,BNA,ECP,61,74,401,0,0
PNS,Pensacola Regional Airport,30.473400115967,-87.186599731445,121,-6.0,A,Pensacola,United States,"2018-10-17",826,750,36,938,905,33,WN,N285WN,2229,BNA,PNS,60,72,391,0,0
VPS,Destin-Ft Walton Beach Airport,30.4832,-86.525398,87,-6.0,A,Valparaiso,United States,"2018-10-17",834,835,-1,903,911,-8,OH,N576NN,5564,CLT,VPS,72,89,460,0,0
PNS,Pensacola Regional Airport,30.473400115967,-87.186599731445,121,-6.0,A,Pensacola,United States,"2018-10-17",818,820,-2,824,831,-7,DL,N907DL,2212,ATL,PNS,45,66,271,0,0
TLH,Tallahassee Regional Airport,30.396499633789062,-84.35030364990234,81,-5.0,A,Tallahassee,United States,"2018-10-17",831,836,-5,935,941,-6,"9E",N931XJ,3281,ATL,TLH,44,64,223,0,0
VPS,Destin-Ft Walton Beach Airport,30.4832,-86.525398,87,-6.0,A,Valparaiso,United States,"2018-10-17",845,850,-5,1018,1023,-5,YX,N424YX,4609,DCA,VPS,117,153,789,0,0
ECP,Northwest Florida Beaches International Airport,30.357106,-85.795414,69,-6.0,A,Panama City,United States,"2018-10-17",920,900,20,912,903,9,DL,N987DL,2029,ATL,ECP,39,52,240,0,0
TLH,Tallahassee Regional Airport,30.396499633789062,-84.35030364990234,81,-5.0,A,Tallahassee,United States,"2018-10-17",855,900,-5,1026,1025,1,OH,N589NN,5272,CLT,TLH,72,91,386,0,0
PNS,Pensacola Regional Airport,30.473400115967,-87.186599731445,121,-6.0,A,Pensacola,United States,"2018-10-17",926,915,11,1004,1000,4,MQ,N619AE,3733,MIA,PNS,85,98,530,0,0
VPS,Destin-Ft Walton Beach Airport,30.4832,-86.525398,87,-6.0,A,Valparaiso,United States,"2018-10-17",920,929,-9,1055,1113,-18,G4,"217NV",1903,BLV,VPS,76,95,587,0,0
PNS,Pensacola Regional Airport,30.473400115967,-87.186599731445,121,-6.0,A,Pensacola,United States,"2018-10-17",944,935,9,1107,1115,-8,YX,N648RW,3668,IAH,PNS,69,83,489,0,0
VPS,Destin-Ft Walton Beach Airport,30.4832,-86.525398,87,-6.0,A,Valparaiso,United States,"2018-10-17",942,944,-2,944,950,-6,DL,N909DE,2716,ATL,VPS,40,62,250,0,0
PNS,Pensacola Regional Airport,30.473400115967,-87.186599731445,121,-6.0,A,Pensacola,United States,"2018-10-17",1000,1002,-2,1017,1017,0,DL,N6700,2179,ATL,PNS,54,77,271,0,0
ECP,Northwest Florida Beaches International Airport,30.357106,-85.795414,69,-6.0,A,Panama City,United States,"2018-10-17",1001,1010,-9,1150,1155,-5,EV,N15912,4451,IAH,ECP,86,109,572,0,0
PNS,Pensacola Regional Airport,30.473400115967,-87.186599731445,121,-6.0,A,Pensacola,United States,"2018-10-17",1015,1020,-5,1153,1208,-15,MQ,N229NN,3324,DFW,PNS,79,98,604,0,0
TLH,Tallahassee Regional Airport,30.396499633789062,-84.35030364990234,81,-5.0,A,Tallahassee,United States,"2018-10-17",1044,1050,-6,1146,1150,-4,DL,N953DL,489,ATL,TLH,43,62,223,0,0
TLH,Tallahassee Regional Airport,30.396499633789062,-84.35030364990234,81,-5.0,A,Tallahassee,United States,"2018-10-17",1021,1025,-4,1143,1147,-4,MQ,N681AE,3663,MIA,TLH,60,82,402,0,0
VPS,Destin-Ft Walton Beach Airport,30.4832,-86.525398,87,-6.0,A,Valparaiso,United States,"2018-10-17",1051,1055,-4,1309,1257,12,YV,N930LR,5740,DFW,VPS,86,138,641,0,0
ECP,Northwest Florida Beaches International Airport,30.357106,-85.795414,69,-6.0,A,Panama City,United States,"2018-10-17",1108,1112,-4,1103,1116,-13,DL,N958DL,1733,ATL,ECP,41,55,240,0,0
PNS,Pensacola Regional Airport,30.473400115967,-87.186599731445,121,-6.0,A,Pensacola,United States,"2018-10-17",1125,1130,-5,1225,1214,11,OH,N558NN,5298,CLT,PNS,80,120,488,0,0
ECP,Northwest Florida Beaches International Airport,30.357106,-85.795414,69,-6.0,A,Panama City,United States,"2018-10-17",1124,1131,-7,1155,1209,-14,EV,N611QX,2893,CLT,ECP,68,91,437,0,0
PNS,Pensacola Regional Airport,30.473400115967,-87.186599731445,121,-6.0,A,Pensacola,United States,"2018-10-17",1141,1138,3,1309,1300,9,MQ,N221NN,3771,DCA,PNS,125,148,816,0,0
PNS,Pensacola Regional Airport,30.473400115967,-87.186599731445,121,-6.0,A,Pensacola,United States,"2018-10-17",1133,1139,-6,1347,1352,-5,F9,N938FR,1286,ORD,PNS,109,134,794,0,0
PNS,Pensacola Regional Airport,30.473400115967,-87.186599731445,121,-6.0,A,Pensacola,United States,"2018-10-17",1152,1155,-3,1330,1334,-4,EV,N14905,4393,IAH,PNS,76,98,489,0,0
VPS,Destin-Ft Walton Beach Airport,30.4832,-86.525398,87,-6.0,A,Valparaiso,United States,"2018-10-17",1151,1200,-9,1336,1345,-9,G4,"220NV",1991,EWR,VPS,147,165,988,0,0
VPS,Destin-Ft Walton Beach Airport,30.4832,-86.525398,87,-6.0,A,Valparaiso,United States,"2018-10-17",1157,1200,-3,1341,1349,-8,EV,N15980,3995,IAH,VPS,77,104,528,0,0
PNS,Pensacola Regional Airport,30.473400115967,-87.186599731445,121,-6.0,A,Pensacola,United States,"2018-10-17",1233,1236,-3,1240,1247,-7,DL,N950DL,1353,ATL,PNS,51,67,271,0,0
ECP,Northwest Florida Beaches International Airport,30.357106,-85.795414,69,-6.0,A,Panama City,United States,"2018-10-17",1221,1225,-4,1417,1423,-6,EV,N600QX,2895,DFW,ECP,89,116,685,0,0
PNS,Pensacola Regional Airport,30.473400115967,-87.186599731445,121,-6.0,A,Pensacola,United States,"2018-10-17",1253,1300,-7,1441,1443,-2,AA,N7541A,2389,DFW,PNS,86,108,604,0,0
TLH,Tallahassee Regional Airport,30.396499633789062,-84.35030364990234,81,-5.0,A,Tallahassee,United States,"2018-10-17",1305,1305,0,1603,1610,-7,MQ,N225NN,4069,DFW,TLH,93,118,767,0,0
VPS,Destin-Ft Walton Beach Airport,30.4832,-86.525398,87,-6.0,A,Valparaiso,United States,"2018-10-17",1451,1307,104,1545,1350,115,OH,N569NN,5500,CLT,VPS,81,114,460,0,0
TLH,Tallahassee Regional Airport,30.396499633789062,-84.35030364990234,81,-5.0,A,Tallahassee,United States,"2018-10-17",1311,1320,-9,1432,1451,-19,OH,N559NN,5662,CLT,TLH,59,81,386,0,0
VPS,Destin-Ft Walton Beach Airport,30.4832,-86.525398,87,-6.0,A,Valparaiso,United States,"2018-10-17",1335,1342,-7,1333,1348,-15,DL,N908DL,2873,ATL,VPS,40,58,250,0,0
TLH,Tallahassee Regional Airport,30.396499633789062,-84.35030364990234,81,-5.0,A,Tallahassee,United States,"2018-10-17",1429,1439,-10,1543,1603,-20,MQ,N681AE,3861,MIA,TLH,60,74,402,0,0
ECP,Northwest Florida Beaches International Airport,30.357106,-85.795414,69,-6.0,A,Panama City,United States,"2018-10-17",1447,1445,2,1639,1630,9,EV,N14568,4249,IAH,ECP,81,112,572,0,0
PNS,Pensacola Regional Airport,30.473400115967,-87.186599731445,121,-6.0,A,Pensacola,United States,"2018-10-17",1452,1455,-3,1540,1542,-2,YX,N108HQ,4553,CLT,PNS,79,108,488,0,0
PNS,Pensacola Regional Airport,30.473400115967,-87.186599731445,121,-6.0,A,Pensacola,United States,"2018-10-17",1459,1459,0,1503,1511,-8,DL,N988DL,1270,ATL,PNS,48,64,271,0,0
VPS,Destin-Ft Walton Beach Airport,30.4832,-86.525398,87,-6.0,A,Valparaiso,United States,"2018-10-17",1503,1510,-7,1507,1516,-9,DL,N959DL,2802,ATL,VPS,46,64,250,0,0
TLH,Tallahassee Regional Airport,30.396499633789062,-84.35030364990234,81,-5.0,A,Tallahassee,United States,"2018-10-17",1649,1610,39,1812,1737,35,OH,N580NN,5248,CLT,TLH,60,83,386,0,0
VPS,Destin-Ft Walton Beach Airport,30.4832,-86.525398,87,-6.0,A,Valparaiso,United States,"2018-10-17",1722,1620,62,1911,1809,62,EV,N12540,4412,IAH,VPS,80,109,528,0,0
PNS,Pensacola Regional Airport,30.473400115967,-87.186599731445,121,-6.0,A,Pensacola,United States,"2018-10-17",1847,1635,132,2033,1812,141,YV,N89315,6184,IAH,PNS,72,106,489,0,0
VPS,Destin-Ft Walton Beach Airport,30.4832,-86.525398,87,-6.0,A,Valparaiso,United States,"2018-10-17",1804,1650,74,1956,1846,70,YV,N959LR,5906,DFW,VPS,92,112,641,0,0
PNS,Pensacola Regional Airport,30.473400115967,-87.186599731445,121,-6.0,A,Pensacola,United States,"2018-10-17",1734,1705,29,1852,1830,22,WN,N720WN,976,HOU,PNS,67,78,488,0,0
ECP,Northwest Florida Beaches International Airport,30.357106,-85.795414,69,-6.0,A,Panama City,United States,"2018-10-17",,1710,,,1845,,WN,"",2008,HOU,ECP,,,571,1,0
ECP,Northwest Florida Beaches International Airport,30.357106,-85.795414,69,-6.0,A,Panama City,United States,"2018-10-17",1705,1713,-8,1701,1711,-10,DL,N999DN,1403,ATL,ECP,39,56,240,0,0
VPS,Destin-Ft Walton Beach Airport,30.4832,-86.525398,87,-6.0,A,Valparaiso,United States,"2018-10-17",1711,1719,-8,1711,1722,-11,DL,N910DL,1167,ATL,VPS,44,60,250,0,0
PNS,Pensacola Regional Airport,30.473400115967,-87.186599731445,121,-6.0,A,Pensacola,United States,"2018-10-17",1739,1741,-2,1815,1821,-6,OH,N510AE,5463,CLT,PNS,73,96,488,0,0
VPS,Destin-Ft Walton Beach Airport,30.4832,-86.525398,87,-6.0,A,Valparaiso,United States,"2018-10-17",1742,1745,-3,1822,1825,-3,OH,N565NN,5709,CLT,VPS,77,100,460,0,0
VPS,Destin-Ft Walton Beach Airport,30.4832,-86.525398,87,-6.0,A,Valparaiso,United States,"2018-10-17",1804,1805,-1,1951,1954,-3,EV,N16561,4447,IAH,VPS,81,107,528,0,0
ECP,Northwest Florida Beaches International Airport,30.357106,-85.795414,69,-6.0,A,Panama City,United States,"2018-10-17",,1830,,,1915,,EV,N600QX,2890,CLT,ECP,,,437,1,0
ECP,Northwest Florida Beaches International Airport,30.357106,-85.795414,69,-6.0,A,Panama City,United States,"2018-10-17",1008,1934,874,1011,1940,871,DL,N981DL,2431,ATL,ECP,41,63,240,0,0
PNS,Pensacola Regional Airport,30.473400115967,-87.186599731445,121,-6.0,A,Pensacola,United States,"2018-10-17",1946,1941,5,2118,2118,0,YV,N85354,6187,IAH,PNS,69,92,489,0,0
TLH,Tallahassee Regional Airport,30.396499633789062,-84.35030364990234,81,-5.0,A,Tallahassee,United States,"2018-10-17",2037,2030,7,2334,2333,1,MQ,N260NN,4131,DFW,TLH,93,117,767,0,0
PNS,Pensacola Regional Airport,30.473400115967,-87.186599731445,121,-6.0,A,Pensacola,United States,"2018-10-17",2055,2046,9,2055,2057,-2,DL,N904DL,1236,ATL,PNS,47,60,271,0,0
TLH,Tallahassee Regional Airport,30.396499633789062,-84.35030364990234,81,-5.0,A,Tallahassee,United States,"2018-10-17",2044,2051,-7,2142,2155,-13,DL,N912DL,1669,ATL,TLH,39,58,223,0,0
ECP,Northwest Florida Beaches International Airport,30.357106,-85.795414,69,-6.0,A,Panama City,United States,"2018-10-17",1355,1354,1,1354,1352,2,DL,N951DL,2506,ATL,ECP,38,59,240,0,0
PNS,Pensacola Regional Airport,30.473400115967,-87.186599731445,121,-6.0,A,Pensacola,United States,"2018-10-17",1409,1414,-5,1559,1554,5,YX,N107HQ,4537,PHL,PNS,138,170,935,0,0
TLH,Tallahassee Regional Airport,30.396499633789062,-84.35030364990234,81,-5.0,A,Tallahassee,United States,"2018-10-17",1410,1421,-11,1504,1523,-19,DL,N990AT,1399,ATL,TLH,39,54,223,0,0
VPS,Destin-Ft Walton Beach Airport,30.4832,-86.525398,87,-6.0,A,Valparaiso,United States,"2018-10-17",1540,1551,-11,1628,1638,-10,G4,"217NV",1901,CVG,VPS,90,108,600,0,0
PNS,Pensacola Regional Airport,30.473400115967,-87.186599731445,121,-6.0,A,Pensacola,United States,"2018-10-17",1738,1615,83,1815,1701,74,MQ,N650AE,3427,MIA,PNS,82,97,530,0,0
TLH,Tallahassee Regional Airport,30.396499633789062,-84.35030364990234,81,-5.0,A,Tallahassee,United States,"2018-10-17",1615,1617,-2,1706,1712,-6,DL,N916DE,1786,ATL,TLH,37,51,223,0,0
PNS,Pensacola Regional Airport,30.473400115967,-87.186599731445,121,-6.0,A,Pensacola,United States,"2018-10-17",1654,1655,-1,1658,1704,-6,DL,N675DL,1814,ATL,PNS,45,64,271,0,0
PNS,Pensacola Regional Airport,30.473400115967,-87.186599731445,121,-6.0,A,Pensacola,United States,"2018-10-17",1817,1655,82,2005,1845,80,MQ,N242NN,3877,DFW,PNS,89,108,604,0,0
TLH,Tallahassee Regional Airport,30.396499633789062,-84.35030364990234,81,-5.0,A,Tallahassee,United States,"2018-10-17",1729,1730,-1,1849,1854,-5,MQ,N619AE,3844,MIA,TLH,58,80,402,0,0
TLH,Tallahassee Regional Airport,30.396499633789062,-84.35030364990234,81,-5.0,A,Tallahassee,United States,"2018-10-17",1801,1801,0,1924,1940,-16,YX,N137HQ,4660,CLT,TLH,61,83,386,0,0
TLH,Tallahassee Regional Airport,30.396499633789062,-84.35030364990234,81,-5.0,A,Tallahassee,United States,"2018-10-17",1802,1804,-2,1857,1910,-13,DL,N924AT,678,ATL,TLH,38,55,223,0,0
VPS,Destin-Ft Walton Beach Airport,30.4832,-86.525398,87,-6.0,A,Valparaiso,United States,"2018-10-17",1824,1831,-7,1946,1951,-5,G4,"220NV",1947,BWI,VPS,116,142,819,0,0
PNS,Pensacola Regional Airport,30.473400115967,-87.186599731445,121,-6.0,A,Pensacola,United States,"2018-10-17",1829,1834,-5,1836,1845,-9,DL,N976DL,2182,ATL,PNS,48,67,271,0,0
ECP,Northwest Florida Beaches International Airport,30.357106,-85.795414,69,-6.0,A,Panama City,United States,"2018-10-17",,1850,,,2054,,EV,N615QX,2870,DFW,ECP,,,685,1,0
VPS,Destin-Ft Walton Beach Airport,30.4832,-86.525398,87,-6.0,A,Valparaiso,United States,"2018-10-17",1849,1855,-6,2104,2053,11,AA,N9681B,1445,DFW,VPS,86,135,641,0,0
ECP,Northwest Florida Beaches International Airport,30.357106,-85.795414,69,-6.0,A,Panama City,United States,"2018-10-17",,1935,,,2050,,WN,N781WN,1378,BNA,ECP,,,401,1,0
PNS,Pensacola Regional Airport,30.473400115967,-87.186599731445,121,-6.0,A,Pensacola,United States,"2018-10-17",1956,1935,21,2105,2050,15,WN,N7841A,1020,BNA,PNS,58,69,391,0,0
PNS,Pensacola Regional Airport,30.473400115967,-87.186599731445,121,-6.0,A,Pensacola,United States,"2018-10-17",1933,1935,-2,2059,2101,-2,OH,N708PS,5597,DCA,PNS,122,146,816,0,0
VPS,Destin-Ft Walton Beach Airport,30.4832,-86.525398,87,-6.0,A,Valparaiso,United States,"2018-10-17",1929,1936,-7,1944,1945,-1,DL,N922DL,1856,ATL,VPS,50,75,250,0,0
PNS,Pensacola Regional Airport,30.473400115967,-87.186599731445,121,-6.0,A,Pensacola,United States,"2018-10-17",1954,1955,-1,2030,2040,-10,OH,N562NN,5103,CLT,PNS,76,96,488,0,0
ECP,Northwest Florida Beaches International Airport,30.357106,-85.795414,69,-6.0,A,Panama City,United States,"2018-10-17",929,1955,814,1125,2140,825,EV,N11539,4190,IAH,ECP,85,116,572,0,0
TLH,Tallahassee Regional Airport,30.396499633789062,-84.35030364990234,81,-5.0,A,Tallahassee,United States,"2018-10-17",1954,2000,-6,2206,2216,-10,YX,N424YX,4504,DCA,TLH,105,132,716,0,0
PNS,Pensacola Regional Airport,30.473400115967,-87.186599731445,121,-6.0,A,Pensacola,United States,"2018-10-17",2033,2035,-2,2216,2220,-4,AA,N965TW,2641,DFW,PNS,80,103,604,0,0
TLH,Tallahassee Regional Airport,30.396499633789062,-84.35030364990234,81,-5.0,A,Tallahassee,United States,"2018-10-17",2232,2232,0,2355,2359,-4,OH,N500AE,5284,CLT,TLH,63,83,386,0,0
PNS,Pensacola Regional Airport,30.473400115967,-87.186599731445,121,-6.0,A,Pensacola,United States,"2018-10-17",2140,2151,-11,2223,2242,-19,MQ,N673AE,4109,MIA,PNS,79,103,530,0,0
PNS,Pensacola Regional Airport,30.473400115967,-87.186599731445,121,-6.0,A,Pensacola,United States,"2018-10-17",2234,2238,-4,2228,2247,-19,DL,N971DL,1213,ATL,PNS,43,54,271,0,0
TLH,Tallahassee Regional Airport,30.396499633789062,-84.35030364990234,81,-5.0,A,Tallahassee,United States,"2018-10-17",2249,2241,8,2345,2345,0,DL,N989DL,485,ATL,TLH,38,56,223,0,0
VPS,Destin-Ft Walton Beach Airport,30.4832,-86.525398,87,-6.0,A,Valparaiso,United States,"2018-10-17",2237,2241,-4,2307,2320,-13,OH,N596NN,5696,CLT,VPS,70,90,460,0,0
VPS,Destin-Ft Walton Beach Airport,30.4832,-86.525398,87,-6.0,A,Valparaiso,United States,"2018-10-17",2245,2242,3,2252,2248,4,DL,N990DL,1590,ATL,VPS,41,67,250,0,0
ECP,Northwest Florida Beaches International Airport,30.357106,-85.795414,69,-6.0,A,Panama City,United States,"2018-10-17",1205,2245,800,1203,2250,793,DL,N972DL,2303,ATL,ECP,40,58,240,0,0
VPS,Destin-Ft Walton Beach Airport,30.4832,-86.525398,87,-6.0,A,Valparaiso,United States,"2018-10-18",658,705,-7,850,901,-11,YV,N904FJ,5725,DFW,VPS,87,112,641,0,0
PNS,Pensacola Regional Airport,30.473400115967,-87.186599731445,121,-6.0,A,Pensacola,United States,"2018-10-18",721,722,-1,1109,1121,-12,F9,N232FR,638,DEN,PNS,138,168,1179,0,0
PNS,Pensacola Regional Airport,30.473400115967,-87.186599731445,121,-6.0,A,Pensacola,United States,"2018-10-18",722,725,-3,848,904,-16,EV,N13538,4182,IAH,PNS,72,86,489,0,0
PNS,Pensacola Regional Airport,30.473400115967,-87.186599731445,121,-6.0,A,Pensacola,United States,"2018-10-18",740,739,1,822,824,-2,OH,N557NN,5237,CLT,PNS,78,102,488,0,0
ECP,Northwest Florida Beaches International Airport,30.357106,-85.795414,69,-6.0,A,Panama City,United States,"2018-10-18",749,745,4,910,900,10,WN,N556WN,1281,BNA,ECP,64,81,401,0,0
VPS,Destin-Ft Walton Beach Airport,30.4832,-86.525398,87,-6.0,A,Valparaiso,United States,"2018-10-18",830,835,-5,907,911,-4,OH,N568NN,5564,CLT,VPS,78,97,460,0,0
PNS,Pensacola Regional Airport,30.473400115967,-87.186599731445,121,-6.0,A,Pensacola,United States,"2018-10-18",749,750,-1,904,905,-1,WN,N796SW,2229,BNA,PNS,61,75,391,0,0
PNS,Pensacola Regional Airport,30.473400115967,-87.186599731445,121,-6.0,A,Pensacola,United States,"2018-10-18",819,820,-1,820,831,-11,DL,N900DE,2212,ATL,PNS,49,61,271,0,0
TLH,Tallahassee Regional Airport,30.396499633789062,-84.35030364990234,81,-5.0,A,Tallahassee,United States,"2018-10-18",836,836,0,947,941,6,"9E",N292PQ,3281,ATL,TLH,36,71,223,0,0
VPS,Destin-Ft Walton Beach Airport,30.4832,-86.525398,87,-6.0,A,Valparaiso,United States,"2018-10-18",845,850,-5,1019,1023,-4,YX,N427YX,4609,DCA,VPS,117,154,789,0,0
TLH,Tallahassee Regional Airport,30.396499633789062,-84.35030364990234,81,-5.0,A,Tallahassee,United States,"2018-10-18",856,900,-4,1012,1025,-13,OH,N549NN,5272,CLT,TLH,60,76,386,0,0
PNS,Pensacola Regional Airport,30.473400115967,-87.186599731445,121,-6.0,A,Pensacola,United States,"2018-10-18",909,915,-6,952,1000,-8,MQ,N681AE,3733,MIA,PNS,88,103,530,0,0
ECP,Northwest Florida Beaches International Airport,30.357106,-85.795414,69,-6.0,A,Panama City,United States,"2018-10-18",855,900,-5,900,903,-3,DL,N935DL,2029,ATL,ECP,46,65,240,0,0
PNS,Pensacola Regional Airport,30.473400115967,-87.186599731445,121,-6.0,A,Pensacola,United States,"2018-10-18",934,935,-1,1109,1115,-6,YX,N653RW,3668,IAH,PNS,71,95,489,0,0
VPS,Destin-Ft Walton Beach Airport,30.4832,-86.525398,87,-6.0,A,Valparaiso,United States,"2018-10-18",946,946,0,1138,1138,0,G4,"217NV",1993,AUS,VPS,92,112,666,0,0
VPS,Destin-Ft Walton Beach Airport,30.4832,-86.525398,87,-6.0,A,Valparaiso,United States,"2018-10-18",941,944,-3,940,950,-10,DL,N903DE,2716,ATL,VPS,44,59,250,0,0
ECP,Northwest Florida Beaches International Airport,30.357106,-85.795414,69,-6.0,A,Panama City,United States,"2018-10-18",1003,1010,-7,1157,1155,2,EV,N11547,4451,IAH,ECP,89,114,572,0,0
PNS,Pensacola Regional Airport,30.473400115967,-87.186599731445,121,-6.0,A,Pensacola,United States,"2018-10-18",958,1002,-4,1003,1017,-14,DL,N660DL,2179,ATL,PNS,45,65,271,0,0
TLH,Tallahassee Regional Airport,30.396499633789062,-84.35030364990234,81,-5.0,A,Tallahassee,United States,"2018-10-18",1024,1025,-1,1148,1147,1,MQ,N657AE,3663,MIA,TLH,64,84,402,0,0
PNS,Pensacola Regional Airport,30.473400115967,-87.186599731445,121,-6.0,A,Pensacola,United States,"2018-10-18",1019,1020,-1,1209,1208,1,MQ,N238NN,3324,DFW,PNS,87,110,604,0,0
VPS,Destin-Ft Walton Beach Airport,30.4832,-86.525398,87,-6.0,A,Valparaiso,United States,"2018-10-18",1021,1022,-1,1215,1216,-1,G4,"220NV",1909,OKC,VPS,92,114,726,0,0
TLH,Tallahassee Regional Airport,30.396499633789062,-84.35030364990234,81,-5.0,A,Tallahassee,United States,"2018-10-18",1043,1050,-7,1135,1150,-15,DL,N982DL,489,ATL,TLH,36,52,223,0,0
VPS,Destin-Ft Walton Beach Airport,30.4832,-86.525398,87,-6.0,A,Valparaiso,United States,"2018-10-18",1052,1055,-3,1248,1257,-9,YV,N906FJ,5740,DFW,VPS,93,116,641,0,0
ECP,Northwest Florida Beaches International Airport,30.357106,-85.795414,69,-6.0,A,Panama City,United States,"2018-10-18",1116,1112,4,1109,1116,-7,DL,N997DL,1733,ATL,ECP,40,53,240,0,0
PNS,Pensacola Regional Airport,30.473400115967,-87.186599731445,121,-6.0,A,Pensacola,United States,"2018-10-18",1132,1138,-6,1316,1300,16,MQ,N259NN,3771,DCA,PNS,115,164,816,0,0
PNS,Pensacola Regional Airport,30.473400115967,-87.186599731445,121,-6.0,A,Pensacola,United States,"2018-10-18",1128,1130,-2,1206,1214,-8,OH,N561NN,5298,CLT,PNS,75,98,488,0,0
ECP,Northwest Florida Beaches International Airport,30.357106,-85.795414,69,-6.0,A,Panama City,United States,"2018-10-18",1311,1131,100,1340,1209,91,EV,N718EV,2893,CLT,ECP,64,89,437,0,0
VPS,Destin-Ft Walton Beach Airport,30.4832,-86.525398,87,-6.0,A,Valparaiso,United States,"2018-10-18",1157,1200,-3,1338,1349,-11,EV,N14991,3995,IAH,VPS,80,101,528,0,0
PNS,Pensacola Regional Airport,30.473400115967,-87.186599731445,121,-6.0,A,Pensacola,United States,"2018-10-18",1152,1155,-3,1329,1334,-5,EV,N16987,4393,IAH,PNS,74,97,489,0,0
ECP,Northwest Florida Beaches International Airport,30.357106,-85.795414,69,-6.0,A,Panama City,United States,"2018-10-18",1220,1225,-5,1423,1423,0,EV,N719EV,2895,DFW,ECP,85,123,685,0,0
PNS,Pensacola Regional Airport,30.473400115967,-87.186599731445,121,-6.0,A,Pensacola,United States,"2018-10-18",1305,1236,29,1305,1247,18,DL,N950DL,1353,ATL,PNS,46,60,271,0,0
PNS,Pensacola Regional Airport,30.473400115967,-87.186599731445,121,-6.0,A,Pensacola,United States,"2018-10-18",1251,1300,-9,1445,1443,2,AA,N9617R,2389,DFW,PNS,86,114,604,0,0
VPS,Destin-Ft Walton Beach Airport,30.4832,-86.525398,87,-6.0,A,Valparaiso,United States,"2018-10-18",1335,1342,-7,1331,1348,-17,DL,N910DE,2873,ATL,VPS,42,56,250,0,0
TLH,Tallahassee Regional Airport,30.396499633789062,-84.35030364990234,81,-5.0,A,Tallahassee,United States,"2018-10-18",1439,1439,0,1600,1603,-3,MQ,N657AE,3861,MIA,TLH,66,81,402,0,0
ECP,Northwest Florida Beaches International Airport,30.357106,-85.795414,69,-6.0,A,Panama City,United States,"2018-10-18",1439,1445,-6,1631,1630,1,EV,N34110,4249,IAH,ECP,87,112,572,0,0
PNS,Pensacola Regional Airport,30.473400115967,-87.186599731445,121,-6.0,A,Pensacola,United States,"2018-10-18",1451,1455,-4,1535,1542,-7,YX,N115HQ,4553,CLT,PNS,79,104,488,0,0
PNS,Pensacola Regional Airport,30.473400115967,-87.186599731445,121,-6.0,A,Pensacola,United States,"2018-10-18",1608,1615,-7,1641,1701,-20,MQ,N664MS,3427,MIA,PNS,80,93,530,0,0
TLH,Tallahassee Regional Airport,30.396499633789062,-84.35030364990234,81,-5.0,A,Tallahassee,United States,"2018-10-18",1610,1617,-7,1702,1712,-10,DL,N915DL,1786,ATL,TLH,37,52,223,0,0
VPS,Destin-Ft Walton Beach Airport,30.4832,-86.525398,87,-6.0,A,Valparaiso,United States,"2018-10-18",1616,1620,-4,1804,1809,-5,EV,N16561,4412,IAH,VPS,78,108,528,0,0
VPS,Destin-Ft Walton Beach Airport,30.4832,-86.525398,87,-6.0,A,Valparaiso,United States,"2018-10-18",1636,1645,-9,1714,1726,-12,G4,"220NV",1919,SDF,VPS,75,98,532,0,0
PNS,Pensacola Regional Airport,30.473400115967,-87.186599731445,121,-6.0,A,Pensacola,United States,"2018-10-18",1655,1655,0,1841,1845,-4,MQ,N240NN,3877,DFW,PNS,82,106,604,0,0
PNS,Pensacola Regional Airport,30.473400115967,-87.186599731445,121,-6.0,A,Pensacola,United States,"2018-10-18",1750,1705,45,1910,1830,40,WN,N442WN,976,HOU,PNS,69,80,488,0,0
ECP,Northwest Florida Beaches International Airport,30.357106,-85.795414,69,-6.0,A,Panama City,United States,"2018-10-18",,1710,,,1845,,WN,"",2008,HOU,ECP,,,571,1,0
ECP,Northwest Florida Beaches International Airport,30.357106,-85.795414,69,-6.0,A,Panama City,United States,"2018-10-18",1709,1713,-4,1700,1711,-11,DL,N985DL,1403,ATL,ECP,40,51,240,0,0
PNS,Pensacola Regional Airport,30.473400115967,-87.186599731445,121,-6.0,A,Pensacola,United States,"2018-10-18",1827,1741,46,1914,1821,53,OH,N710PS,5463,CLT,PNS,74,107,488,0,0
TLH,Tallahassee Regional Airport,30.396499633789062,-84.35030364990234,81,-5.0,A,Tallahassee,United States,"2018-10-18",1806,1801,5,1935,1940,-5,YX,N106HQ,4660,CLT,TLH,62,89,386,0,0
ECP,Northwest Florida Beaches International Airport,30.357106,-85.795414,69,-6.0,A,Panama City,United States,"2018-10-18",,1850,,,2054,,EV,N605QX,2870,DFW,ECP,,,685,1,0
VPS,Destin-Ft Walton Beach Airport,30.4832,-86.525398,87,-6.0,A,Valparaiso,United States,"2018-10-18",1900,1855,5,2050,2053,-3,AA,N9681B,1445,DFW,VPS,87,110,641,0,0
ECP,Northwest Florida Beaches International Airport,30.357106,-85.795414,69,-6.0,A,Panama City,United States,"2018-10-18",1011,1934,877,1035,1940,895,DL,N956DL,2431,ATL,ECP,65,84,240,0,0
ECP,Northwest Florida Beaches International Airport,30.357106,-85.795414,69,-6.0,A,Panama City,United States,"2018-10-18",,1935,,,2050,,WN,"",1378,BNA,ECP,,,401,1,0
PNS,Pensacola Regional Airport,30.473400115967,-87.186599731445,121,-6.0,A,Pensacola,United States,"2018-10-18",1947,1935,12,2105,2050,15,WN,N270WN,1020,BNA,PNS,61,78,391,0,0
PNS,Pensacola Regional Airport,30.473400115967,-87.186599731445,121,-6.0,A,Pensacola,United States,"2018-10-18",1920,1935,-15,2036,2101,-25,OH,N537EA,5597,DCA,PNS,115,136,816,0,0
VPS,Destin-Ft Walton Beach Airport,30.4832,-86.525398,87,-6.0,A,Valparaiso,United States,"2018-10-18",1944,1936,8,1945,1945,0,DL,N912DE,1856,ATL,VPS,40,61,250,0,0
PNS,Pensacola Regional Airport,30.473400115967,-87.186599731445,121,-6.0,A,Pensacola,United States,"2018-10-18",2005,1941,24,2131,2118,13,YV,N86336,6187,IAH,PNS,69,86,489,0,0
PNS,Pensacola Regional Airport,30.473400115967,-87.186599731445,121,-6.0,A,Pensacola,United States,"2018-10-18",1951,1955,-4,2025,2040,-15,OH,N558NN,5103,CLT,PNS,73,94,488,0,0
ECP,Northwest Florida Beaches International Airport,30.357106,-85.795414,69,-6.0,A,Panama City,United States,"2018-10-18",931,1955,816,1116,2140,816,EV,N14907,4190,IAH,ECP,88,105,572,0,0
TLH,Tallahassee Regional Airport,30.396499633789062,-84.35030364990234,81,-5.0,A,Tallahassee,United States,"2018-10-18",1950,2000,-10,2152,2216,-24,YX,N416YX,4504,DCA,TLH,104,122,716,0,0
VPS,Destin-Ft Walton Beach Airport,30.4832,-86.525398,87,-6.0,A,Valparaiso,United States,"2018-10-18",2018,2029,-11,2159,2217,-18,G4,"217NV",1913,SGF,VPS,83,101,610,0,0
PNS,Pensacola Regional Airport,30.473400115967,-87.186599731445,121,-6.0,A,Pensacola,United States,"2018-10-18",2046,2035,11,2219,2220,-1,AA,N9630A,2641,DFW,PNS,77,93,604,0,0
PNS,Pensacola Regional Airport,30.473400115967,-87.186599731445,121,-6.0,A,Pensacola,United States,"2018-10-18",2142,2151,-9,2225,2242,-17,MQ,N918AE,4109,MIA,PNS,80,103,530,0,0
TLH,Tallahassee Regional Airport,30.396499633789062,-84.35030364990234,81,-5.0,A,Tallahassee,United States,"2018-10-18",1258,1305,-7,1608,1610,-2,MQ,N232NN,4069,DFW,TLH,101,130,767,0,0
VPS,Destin-Ft Walton Beach Airport,30.4832,-86.525398,87,-6.0,A,Valparaiso,United States,"2018-10-18",1316,1307,9,1414,1350,24,OH,N581NN,5500,CLT,VPS,77,118,460,0,0
TLH,Tallahassee Regional Airport,30.396499633789062,-84.35030364990234,81,-5.0,A,Tallahassee,United States,"2018-10-18",1321,1320,1,1503,1451,12,OH,N587NN,5662,CLT,TLH,70,102,386,0,0
ECP,Northwest Florida Beaches International Airport,30.357106,-85.795414,69,-6.0,A,Panama City,United States,"2018-10-18",1405,1354,11,1400,1352,8,DL,N938DL,2506,ATL,ECP,40,55,240,0,0
PNS,Pensacola Regional Airport,30.473400115967,-87.186599731445,121,-6.0,A,Pensacola,United States,"2018-10-18",1407,1414,-7,1536,1554,-18,YX,N108HQ,4537,PHL,PNS,130,149,935,0,0
TLH,Tallahassee Regional Airport,30.396499633789062,-84.35030364990234,81,-5.0,A,Tallahassee,United States,"2018-10-18",1420,1421,-1,1515,1523,-8,DL,N989DN,1399,ATL,TLH,38,55,223,0,0
PNS,Pensacola Regional Airport,30.473400115967,-87.186599731445,121,-6.0,A,Pensacola,United States,"2018-10-18",1456,1459,-3,1456,1511,-15,DL,N911DE,1270,ATL,PNS,47,60,271,0,0
VPS,Destin-Ft Walton Beach Airport,30.4832,-86.525398,87,-6.0,A,Valparaiso,United States,"2018-10-18",1508,1510,-2,1513,1516,-3,DL,N907DL,2802,ATL,VPS,45,65,250,0,0
VPS,Destin-Ft Walton Beach Airport,30.4832,-86.525398,87,-6.0,A,Valparaiso,United States,"2018-10-18",1517,1517,0,1659,1701,-2,G4,"217NV",1903,BLV,VPS,81,102,587,0,0
TLH,Tallahassee Regional Airport,30.396499633789062,-84.35030364990234,81,-5.0,A,Tallahassee,United States,"2018-10-18",1610,1610,0,1728,1737,-9,OH,N589NN,5248,CLT,TLH,61,78,386,0,0
PNS,Pensacola Regional Airport,30.473400115967,-87.186599731445,121,-6.0,A,Pensacola,United States,"2018-10-18",1706,1635,31,1838,1812,26,YV,N82314,6184,IAH,PNS,73,92,489,0,0
VPS,Destin-Ft Walton Beach Airport,30.4832,-86.525398,87,-6.0,A,Valparaiso,United States,"2018-10-18",1652,1650,2,1851,1846,5,YV,N906FJ,5906,DFW,VPS,89,119,641,0,0
PNS,Pensacola Regional Airport,30.473400115967,-87.186599731445,121,-6.0,A,Pensacola,United States,"2018-10-18",1654,1655,-1,1658,1704,-6,DL,N673DL,1814,ATL,PNS,49,64,271,0,0
VPS,Destin-Ft Walton Beach Airport,30.4832,-86.525398,87,-6.0,A,Valparaiso,United States,"2018-10-18",1709,1719,-10,1710,1722,-12,DL,N998DL,1167,ATL,VPS,44,61,250,0,0
TLH,Tallahassee Regional Airport,30.396499633789062,-84.35030364990234,81,-5.0,A,Tallahassee,United States,"2018-10-18",1727,1730,-3,1851,1854,-3,MQ,N932AE,3844,MIA,TLH,62,84,402,0,0
VPS,Destin-Ft Walton Beach Airport,30.4832,-86.525398,87,-6.0,A,Valparaiso,United States,"2018-10-18",1745,1745,0,1817,1825,-8,OH,N560NN,5709,CLT,VPS,73,92,460,0,0
TLH,Tallahassee Regional Airport,30.396499633789062,-84.35030364990234,81,-5.0,A,Tallahassee,United States,"2018-10-18",1803,1804,-1,1858,1910,-12,DL,N986AT,678,ATL,TLH,37,55,223,0,0
VPS,Destin-Ft Walton Beach Airport,30.4832,-86.525398,87,-6.0,A,Valparaiso,United States,"2018-10-18",1815,1805,10,1953,1954,-1,EV,N11565,4447,IAH,VPS,80,98,528,0,0
ECP,Northwest Florida Beaches International Airport,30.357106,-85.795414,69,-6.0,A,Panama City,United States,"2018-10-18",,1830,,,1915,,EV,N738EV,2890,CLT,ECP,,,437,1,0
PNS,Pensacola Regional Airport,30.473400115967,-87.186599731445,121,-6.0,A,Pensacola,United States,"2018-10-18",1827,1834,-7,1833,1845,-12,DL,N989DL,2182,ATL,PNS,47,66,271,0,0
VPS,Destin-Ft Walton Beach Airport,30.4832,-86.525398,87,-6.0,A,Valparaiso,United States,"2018-10-18",2020,2023,-3,2142,2142,0,G4,"220NV",1911,BNA,VPS,59,82,389,0,0
TLH,Tallahassee Regional Airport,30.396499633789062,-84.35030364990234,81,-5.0,A,Tallahassee,United States,"2018-10-18",2030,2030,0,2345,2333,12,MQ,N252NN,4131,DFW,TLH,93,135,767,0,0
PNS,Pensacola Regional Airport,30.473400115967,-87.186599731445,121,-6.0,A,Pensacola,United States,"2018-10-18",2044,2046,-2,2042,2057,-15,DL,N904DE,1236,ATL,PNS,46,58,271,0,0
TLH,Tallahassee Regional Airport,30.396499633789062,-84.35030364990234,81,-5.0,A,Tallahassee,United States,"2018-10-18",2048,2051,-3,2139,2155,-16,DL,N976DL,1669,ATL,TLH,37,51,223,0,0
TLH,Tallahassee Regional Airport,30.396499633789062,-84.35030364990234,81,-5.0,A,Tallahassee,United States,"2018-10-18",2233,2241,-8,2337,2345,-8,DL,N937DL,485,ATL,TLH,38,64,223,0,0
TLH,Tallahassee Regional Airport,30.396499633789062,-84.35030364990234,81,-5.0,A,Tallahassee,United States,"2018-10-18",2229,2232,-3,2400,2359,1,OH,N712PS,5284,CLT,TLH,71,91,386,0,0
VPS,Destin-Ft Walton Beach Airport,30.4832,-86.525398,87,-6.0,A,Valparaiso,United States,"2018-10-18",2241,2241,0,2312,2320,-8,OH,N587NN,5696,CLT,VPS,71,91,460,0,0
VPS,Destin-Ft Walton Beach Airport,30.4832,-86.525398,87,-6.0,A,Valparaiso,United States,"2018-10-18",2240,2242,-2,2241,2248,-7,DL,N984DL,1590,ATL,VPS,41,61,250,0,0
ECP,Northwest Florida Beaches International Airport,30.357106,-85.795414,69,-6.0,A,Panama City,United States,"2018-10-18",1200,2245,795,1200,2250,790,DL,N983DL,2303,ATL,ECP,37,60,240,0,0
PNS,Pensacola Regional Airport,30.473400115967,-87.186599731445,121,-6.0,A,Pensacola,United States,"2018-10-18",2236,2238,-2,2247,2247,0,DL,N957DL,1213,ATL,PNS,46,71,271,0,0
VPS,Destin-Ft Walton Beach Airport,30.4832,-86.525398,87,-6.0,A,Valparaiso,United States,"2018-10-19",859,705,114,1054,901,113,YV,N908FJ,5725,DFW,VPS,81,115,641,0,0
PNS,Pensacola Regional Airport,30.473400115967,-87.186599731445,121,-6.0,A,Pensacola,United States,"2018-10-19",717,725,-8,854,904,-10,EV,N13566,4182,IAH,PNS,77,97,489,0,0
PNS,Pensacola Regional Airport,30.473400115967,-87.186599731445,121,-6.0,A,Pensacola,United States,"2018-10-19",738,739,-1,825,824,1,OH,N554NN,5237,CLT,PNS,83,107,488,0,0
ECP,Northwest Florida Beaches International Airport,30.357106,-85.795414,69,-6.0,A,Panama City,United States,"2018-10-19",744,745,-1,930,900,30,WN,N7727A,1281,BNA,ECP,96,106,401,0,0
PNS,Pensacola Regional Airport,30.473400115967,-87.186599731445,121,-6.0,A,Pensacola,United States,"2018-10-19",749,750,-1,858,905,-7,WN,N207WN,2229,BNA,PNS,57,69,391,0,0
TLH,Tallahassee Regional Airport,30.396499633789062,-84.35030364990234,81,-5.0,A,Tallahassee,United States,"2018-10-19",856,900,-4,1019,1025,-6,OH,N589NN,5272,CLT,TLH,65,83,386,0,0
PNS,Pensacola Regional Airport,30.473400115967,-87.186599731445,121,-6.0,A,Pensacola,United States,"2018-10-19",819,820,-1,830,831,-1,DL,N951DL,2212,ATL,PNS,52,71,271,0,0
VPS,Destin-Ft Walton Beach Airport,30.4832,-86.525398,87,-6.0,A,Valparaiso,United States,"2018-10-19",834,835,-1,908,911,-3,OH,N570NN,5564,CLT,VPS,72,94,460,0,0
TLH,Tallahassee Regional Airport,30.396499633789062,-84.35030364990234,81,-5.0,A,Tallahassee,United States,"2018-10-19",833,836,-3,928,941,-13,"9E",N311PQ,3281,ATL,TLH,37,55,223,0,0
VPS,Destin-Ft Walton Beach Airport,30.4832,-86.525398,87,-6.0,A,Valparaiso,United States,"2018-10-19",846,850,-4,1007,1023,-16,YX,N417YX,4609,DCA,VPS,114,141,789,0,0
ECP,Northwest Florida Beaches International Airport,30.357106,-85.795414,69,-6.0,A,Panama City,United States,"2018-10-19",854,900,-6,935,903,32,DL,N920DE,2029,ATL,ECP,84,101,240,0,0
ECP,Northwest Florida Beaches International Airport,30.357106,-85.795414,69,-6.0,A,Panama City,United States,"2018-10-19",856,900,-4,1040,1015,25,WN,N8306H,3984,BNA,ECP,85,104,401,0,0
PNS,Pensacola Regional Airport,30.473400115967,-87.186599731445,121,-6.0,A,Pensacola,United States,"2018-10-19",910,915,-5,952,1000,-8,MQ,N656AE,3733,MIA,PNS,88,102,530,0,0
PNS,Pensacola Regional Airport,30.473400115967,-87.186599731445,121,-6.0,A,Pensacola,United States,"2018-10-19",941,935,6,1111,1115,-4,YX,N732YX,3668,IAH,PNS,70,90,489,0,0
VPS,Destin-Ft Walton Beach Airport,30.4832,-86.525398,87,-6.0,A,Valparaiso,United States,"2018-10-19",945,944,1,950,950,0,DL,N938DL,2716,ATL,VPS,45,65,250,0,0
PNS,Pensacola Regional Airport,30.473400115967,-87.186599731445,121,-6.0,A,Pensacola,United States,"2018-10-19",1001,1002,-1,1010,1017,-7,DL,N676DL,2179,ATL,PNS,51,69,271,0,0
PNS,Pensacola Regional Airport,30.473400115967,-87.186599731445,121,-6.0,A,Pensacola,United States,"2018-10-19",1024,1020,4,1209,1208,1,MQ,N230NN,3324,DFW,PNS,82,105,604,0,0
ECP,Northwest Florida Beaches International Airport,30.357106,-85.795414,69,-6.0,A,Panama City,United States,"2018-10-19",959,1010,-11,1202,1155,7,EV,N11547,4451,IAH,ECP,90,123,572,0,0
VPS,Destin-Ft Walton Beach Airport,30.4832,-86.525398,87,-6.0,A,Valparaiso,United States,"2018-10-19",1035,1037,-2,1126,1135,-9,G4,"217NV",1917,LCK,VPS,90,111,675,0,0
TLH,Tallahassee Regional Airport,30.396499633789062,-84.35030364990234,81,-5.0,A,Tallahassee,United States,"2018-10-19",1028,1025,3,1147,1147,0,MQ,N681AE,3663,MIA,TLH,63,79,402,0,0
TLH,Tallahassee Regional Airport,30.396499633789062,-84.35030364990234,81,-5.0,A,Tallahassee,United States,"2018-10-19",1031,1033,-2,1128,1133,-5,DL,N967DL,489,ATL,TLH,38,57,223,0,0
VPS,Destin-Ft Walton Beach Airport,30.4832,-86.525398,87,-6.0,A,Valparaiso,United States,"2018-10-19",1050,1055,-5,1243,1257,-14,YV,N919FJ,5740,DFW,VPS,84,113,641,0,0
ECP,Northwest Florida Beaches International Airport,30.357106,-85.795414,69,-6.0,A,Panama City,United States,"2018-10-19",1126,1112,14,1118,1116,2,DL,N960DL,1733,ATL,ECP,40,52,240,0,0
ECP,Northwest Florida Beaches International Airport,30.357106,-85.795414,69,-6.0,A,Panama City,United States,"2018-10-19",1124,1131,-7,1201,1209,-8,EV,N616QX,2893,CLT,ECP,65,97,437,0,0
PNS,Pensacola Regional Airport,30.473400115967,-87.186599731445,121,-6.0,A,Pensacola,United States,"2018-10-19",1129,1130,-1,1218,1214,4,OH,N552NN,5298,CLT,PNS,76,109,488,0,0
PNS,Pensacola Regional Airport,30.473400115967,-87.186599731445,121,-6.0,A,Pensacola,United States,"2018-10-19",1132,1138,-6,1251,1300,-9,MQ,N240NN,3771,DCA,PNS,115,139,816,0,0
PNS,Pensacola Regional Airport,30.473400115967,-87.186599731445,121,-6.0,A,Pensacola,United States,"2018-10-19",1150,1155,-5,1333,1334,-1,EV,N26545,4393,IAH,PNS,74,103,489,0,0
VPS,Destin-Ft Walton Beach Airport,30.4832,-86.525398,87,-6.0,A,Valparaiso,United States,"2018-10-19",1201,1200,1,1345,1349,-4,EV,N13566,3995,IAH,VPS,77,104,528,0,0
ECP,Northwest Florida Beaches International Airport,30.357106,-85.795414,69,-6.0,A,Panama City,United States,"2018-10-19",1222,1225,-3,1412,1423,-11,EV,N738EV,2895,DFW,ECP,88,110,685,0,0
PNS,Pensacola Regional Airport,30.473400115967,-87.186599731445,121,-6.0,A,Pensacola,United States,"2018-10-19",1235,1236,-1,1240,1247,-7,DL,N985DL,1353,ATL,PNS,49,65,271,0,0
TLH,Tallahassee Regional Airport,30.396499633789062,-84.35030364990234,81,-5.0,A,Tallahassee,United States,"2018-10-19",2226,2232,-6,2345,2359,-14,OH,N718PS,5284,CLT,TLH,61,79,386,0,0
PNS,Pensacola Regional Airport,30.473400115967,-87.186599731445,121,-6.0,A,Pensacola,United States,"2018-10-19",1316,1300,16,1457,1443,14,AA,N983TW,2389,DFW,PNS,83,101,604,0,0
VPS,Destin-Ft Walton Beach Airport,30.4832,-86.525398,87,-6.0,A,Valparaiso,United States,"2018-10-19",1340,1342,-2,1339,1348,-9,DL,N913DL,2873,ATL,VPS,40,59,250,0,0
TLH,Tallahassee Regional Airport,30.396499633789062,-84.35030364990234,81,-5.0,A,Tallahassee,United States,"2018-10-19",1429,1439,-10,1551,1603,-12,MQ,N664MS,3861,MIA,TLH,67,82,402,0,0
ECP,Northwest Florida Beaches International Airport,30.357106,-85.795414,69,-6.0,A,Panama City,United States,"2018-10-19",1529,1445,44,1709,1630,39,EV,N11551,4249,IAH,ECP,78,100,572,0,0
PNS,Pensacola Regional Airport,30.473400115967,-87.186599731445,121,-6.0,A,Pensacola,United States,"2018-10-19",1451,1455,-4,1536,1542,-6,YX,N445YX,4553,CLT,PNS,78,105,488,0,0
VPS,Destin-Ft Walton Beach Airport,30.4832,-86.525398,87,-6.0,A,Valparaiso,United States,"2018-10-19",1527,1510,17,1524,1516,8,DL,N948DL,2802,ATL,VPS,40,57,250,0,0
VPS,Destin-Ft Walton Beach Airport,30.4832,-86.525398,87,-6.0,A,Valparaiso,United States,"2018-10-19",1548,1558,-10,1636,1645,-9,G4,"217NV",1901,CVG,VPS,83,108,600,0,0
VPS,Destin-Ft Walton Beach Airport,30.4832,-86.525398,87,-6.0,A,Valparaiso,United States,"2018-10-19",1617,1620,-3,1753,1809,-16,EV,N10575,4412,IAH,VPS,76,96,528,0,0
PNS,Pensacola Regional Airport,30.473400115967,-87.186599731445,121,-6.0,A,Pensacola,United States,"2018-10-19",1632,1635,-3,1804,1812,-8,YV,N86316,6184,IAH,PNS,69,92,489,0,0
VPS,Destin-Ft Walton Beach Airport,30.4832,-86.525398,87,-6.0,A,Valparaiso,United States,"2018-10-19",1855,1650,125,2049,1846,123,YV,N959LR,5906,DFW,VPS,84,114,641,0,0
PNS,Pensacola Regional Airport,30.473400115967,-87.186599731445,121,-6.0,A,Pensacola,United States,"2018-10-19",1657,1655,2,1656,1704,-8,DL,N6712B,1814,ATL,PNS,44,59,271,0,0
VPS,Destin-Ft Walton Beach Airport,30.4832,-86.525398,87,-6.0,A,Valparaiso,United States,"2018-10-19",1744,1745,-1,1819,1825,-6,OH,N589NN,5709,CLT,VPS,72,95,460,0,0
TLH,Tallahassee Regional Airport,30.396499633789062,-84.35030364990234,81,-5.0,A,Tallahassee,United States,"2018-10-19",1800,1801,-1,1929,1940,-11,YX,N115HQ,4660,CLT,TLH,58,89,386,0,0
PNS,Pensacola Regional Airport,30.473400115967,-87.186599731445,121,-6.0,A,Pensacola,United States,"2018-10-19",1831,1834,-3,1839,1845,-6,DL,N904DL,2182,ATL,PNS,44,68,271,0,0
ECP,Northwest Florida Beaches International Airport,30.357106,-85.795414,69,-6.0,A,Panama City,United States,"2018-10-19",,1850,,,2054,,EV,N615QX,2870,DFW,ECP,,,685,1,0
VPS,Destin-Ft Walton Beach Airport,30.4832,-86.525398,87,-6.0,A,Valparaiso,United States,"2018-10-19",1855,1855,0,2044,2053,-9,AA,N969TW,1445,DFW,VPS,82,109,641,0,0
ECP,Northwest Florida Beaches International Airport,30.357106,-85.795414,69,-6.0,A,Panama City,United States,"2018-10-19",,1935,,,2050,,WN,"",1378,BNA,ECP,,,401,1,0
PNS,Pensacola Regional Airport,30.473400115967,-87.186599731445,121,-6.0,A,Pensacola,United States,"2018-10-19",2037,1935,62,2145,2050,55,WN,N770SA,1020,BNA,PNS,55,68,391,0,0
PNS,Pensacola Regional Airport,30.473400115967,-87.186599731445,121,-6.0,A,Pensacola,United States,"2018-10-19",1934,1935,-1,2047,2101,-14,OH,N706PS,5597,DCA,PNS,120,133,816,0,0
VPS,Destin-Ft Walton Beach Airport,30.4832,-86.525398,87,-6.0,A,Valparaiso,United States,"2018-10-19",1943,1936,7,1950,1945,5,DL,N961DL,1856,ATL,VPS,40,67,250,0,0
PNS,Pensacola Regional Airport,30.473400115967,-87.186599731445,121,-6.0,A,Pensacola,United States,"2018-10-19",1939,1941,-2,2109,2118,-9,YV,N87318,6187,IAH,PNS,69,90,489,0,0
PNS,Pensacola Regional Airport,30.473400115967,-87.186599731445,121,-6.0,A,Pensacola,United States,"2018-10-19",2051,2035,16,2226,2220,6,AA,N9619V,2641,DFW,PNS,77,95,604,0,0
PNS,Pensacola Regional Airport,30.473400115967,-87.186599731445,121,-6.0,A,Pensacola,United States,"2018-10-19",2149,2151,-2,2247,2242,5,MQ,N657AE,4109,MIA,PNS,95,118,530,0,0
TLH,Tallahassee Regional Airport,30.396499633789062,-84.35030364990234,81,-5.0,A,Tallahassee,United States,"2018-10-19",2240,2241,-1,2336,2345,-9,DL,N911DE,485,ATL,TLH,38,56,223,0,0
VPS,Destin-Ft Walton Beach Airport,30.4832,-86.525398,87,-6.0,A,Valparaiso,United States,"2018-10-19",2259,2241,18,2333,2320,13,OH,N570NN,5696,CLT,VPS,74,94,460,0,0
VPS,Destin-Ft Walton Beach Airport,30.4832,-86.525398,87,-6.0,A,Valparaiso,United States,"2018-10-19",2240,2242,-2,2248,2248,0,DL,N904DE,1590,ATL,VPS,41,68,250,0,0
ECP,Northwest Florida Beaches International Airport,30.357106,-85.795414,69,-6.0,A,Panama City,United States,"2018-10-19",1209,2245,804,1215,2250,805,DL,N810DN,2303,ATL,ECP,41,66,240,0,0
TLH,Tallahassee Regional Airport,30.396499633789062,-84.35030364990234,81,-5.0,A,Tallahassee,United States,"2018-10-19",1349,1305,44,1647,1610,37,MQ,N258NN,4069,DFW,TLH,96,118,767,0,0
VPS,Destin-Ft Walton Beach Airport,30.4832,-86.525398,87,-6.0,A,Valparaiso,United States,"2018-10-19",1307,1307,0,1350,1350,0,OH,N570NN,5500,CLT,VPS,68,103,460,0,0
TLH,Tallahassee Regional Airport,30.396499633789062,-84.35030364990234,81,-5.0,A,Tallahassee,United States,"2018-10-19",1315,1320,-5,1443,1451,-8,OH,N589NN,5662,CLT,TLH,60,88,386,0,0
ECP,Northwest Florida Beaches International Airport,30.357106,-85.795414,69,-6.0,A,Panama City,United States,"2018-10-19",1350,1354,-4,1344,1352,-8,DL,N900DE,2506,ATL,ECP,43,54,240,0,0
PNS,Pensacola Regional Airport,30.473400115967,-87.186599731445,121,-6.0,A,Pensacola,United States,"2018-10-19",1409,1414,-5,1546,1554,-8,YX,N103HQ,4537,PHL,PNS,138,157,935,0,0
TLH,Tallahassee Regional Airport,30.396499633789062,-84.35030364990234,81,-5.0,A,Tallahassee,United States,"2018-10-19",1427,1421,6,1515,1523,-8,DL,N942AT,1399,ATL,TLH,34,48,223,0,0
PNS,Pensacola Regional Airport,30.473400115967,-87.186599731445,121,-6.0,A,Pensacola,United States,"2018-10-19",1529,1459,30,1533,1511,22,DL,N916DL,1270,ATL,PNS,49,64,271,0,0
TLH,Tallahassee Regional Airport,30.396499633789062,-84.35030364990234,81,-5.0,A,Tallahassee,United States,"2018-10-19",1613,1610,3,1737,1737,0,OH,N592NN,5248,CLT,TLH,57,84,386,0,0
PNS,Pensacola Regional Airport,30.473400115967,-87.186599731445,121,-6.0,A,Pensacola,United States,"2018-10-19",1600,1615,-15,1648,1701,-13,MQ,N673AE,3427,MIA,PNS,86,108,530,0,0
TLH,Tallahassee Regional Airport,30.396499633789062,-84.35030364990234,81,-5.0,A,Tallahassee,United States,"2018-10-19",1626,1617,9,1714,1712,2,DL,N977DL,1786,ATL,TLH,35,48,223,0,0
PNS,Pensacola Regional Airport,30.473400115967,-87.186599731445,121,-6.0,A,Pensacola,United States,"2018-10-19",1651,1655,-4,1848,1845,3,MQ,N242NN,3877,DFW,PNS,78,117,604,0,0
PNS,Pensacola Regional Airport,30.473400115967,-87.186599731445,121,-6.0,A,Pensacola,United States,"2018-10-19",1759,1705,54,1922,1830,52,WN,N7878A,976,HOU,PNS,63,83,488,0,0
ECP,Northwest Florida Beaches International Airport,30.357106,-85.795414,69,-6.0,A,Panama City,United States,"2018-10-19",,1710,,,1845,,WN,"",2008,HOU,ECP,,,571,1,0
ECP,Northwest Florida Beaches International Airport,30.357106,-85.795414,69,-6.0,A,Panama City,United States,"2018-10-19",1709,1713,-4,1701,1711,-10,DL,N999DN,1403,ATL,ECP,39,52,240,0,0
VPS,Destin-Ft Walton Beach Airport,30.4832,-86.525398,87,-6.0,A,Valparaiso,United States,"2018-10-19",1716,1719,-3,1712,1722,-10,DL,N905DL,1167,ATL,VPS,41,56,250,0,0
TLH,Tallahassee Regional Airport,30.396499633789062,-84.35030364990234,81,-5.0,A,Tallahassee,United States,"2018-10-19",1728,1730,-2,1859,1854,5,MQ,N941LT,3844,MIA,TLH,65,91,402,0,0
TLH,Tallahassee Regional Airport,30.396499633789062,-84.35030364990234,81,-5.0,A,Tallahassee,United States,"2018-10-19",1806,1804,2,1856,1910,-14,DL,N994AT,678,ATL,TLH,36,50,223,0,0
VPS,Destin-Ft Walton Beach Airport,30.4832,-86.525398,87,-6.0,A,Valparaiso,United States,"2018-10-19",1805,1805,0,1938,1954,-16,EV,N13975,4447,IAH,VPS,73,93,528,0,0
ECP,Northwest Florida Beaches International Airport,30.357106,-85.795414,69,-6.0,A,Panama City,United States,"2018-10-19",,1830,,,1915,,EV,N717EV,2890,CLT,ECP,,,437,1,0
VPS,Destin-Ft Walton Beach Airport,30.4832,-86.525398,87,-6.0,A,Valparaiso,United States,"2018-10-19",1933,1931,2,2112,2115,-3,G4,"220NV",1903,BLV,VPS,78,99,587,0,0
ECP,Northwest Florida Beaches International Airport,30.357106,-85.795414,69,-6.0,A,Panama City,United States,"2018-10-19",1009,1934,875,1034,1940,894,DL,N399DA,2431,ATL,ECP,43,85,240,0,0
PNS,Pensacola Regional Airport,30.473400115967,-87.186599731445,121,-6.0,A,Pensacola,United States,"2018-10-19",1952,1955,-3,2024,2040,-16,OH,N586NN,5103,CLT,PNS,73,92,488,0,0
ECP,Northwest Florida Beaches International Airport,30.357106,-85.795414,69,-6.0,A,Panama City,United States,"2018-10-19",931,1955,816,1117,2140,817,EV,N14991,4190,IAH,ECP,73,106,572,0,0
TLH,Tallahassee Regional Airport,30.396499633789062,-84.35030364990234,81,-5.0,A,Tallahassee,United States,"2018-10-19",2010,2000,10,2213,2216,-3,YX,N446YX,4504,DCA,TLH,98,123,716,0,0
TLH,Tallahassee Regional Airport,30.396499633789062,-84.35030364990234,81,-5.0,A,Tallahassee,United States,"2018-10-19",2030,2030,0,2353,2333,20,MQ,N261NN,4131,DFW,TLH,106,143,767,0,0
VPS,Destin-Ft Walton Beach Airport,30.4832,-86.525398,87,-6.0,A,Valparaiso,United States,"2018-10-19",2032,2032,0,2232,2238,-6,G4,"217NV",1915,MCI,VPS,96,120,764,0,0
PNS,Pensacola Regional Airport,30.473400115967,-87.186599731445,121,-6.0,A,Pensacola,United States,"2018-10-19",2049,2046,3,2053,2057,-4,DL,N983DL,1236,ATL,PNS,45,64,271,0,0
TLH,Tallahassee Regional Airport,30.396499633789062,-84.35030364990234,81,-5.0,A,Tallahassee,United States,"2018-10-19",2046,2051,-5,2155,2155,0,DL,N976DL,1669,ATL,TLH,39,69,223,0,0
PNS,Pensacola Regional Airport,30.473400115967,-87.186599731445,121,-6.0,A,Pensacola,United States,"2018-10-19",2237,2238,-1,2242,2247,-5,DL,N985DL,1213,ATL,PNS,45,65,271,0,0
VPS,Destin-Ft Walton Beach Airport,30.4832,-86.525398,87,-6.0,A,Valparaiso,United States,"2018-10-20",701,705,-4,847,901,-14,YV,N959LR,5725,DFW,VPS,81,106,641,0,0
PNS,Pensacola Regional Airport,30.473400115967,-87.186599731445,121,-6.0,A,Pensacola,United States,"2018-10-20",816,821,-5,821,830,-9,DL,N994DL,2212,ATL,PNS,46,65,271,0,0
VPS,Destin-Ft Walton Beach Airport,30.4832,-86.525398,87,-6.0,A,Valparaiso,United States,"2018-10-20",836,835,1,905,911,-6,OH,N566NN,5564,CLT,VPS,74,89,460,0,0
VPS,Destin-Ft Walton Beach Airport,30.4832,-86.525398,87,-6.0,A,Valparaiso,United States,"2018-10-20",845,850,-5,1025,1023,2,YX,N413YX,4609,DCA,VPS,124,160,789,0,0
ECP,Northwest Florida Beaches International Airport,30.357106,-85.795414,69,-6.0,A,Panama City,United States,"2018-10-20",1018,900,78,1047,901,106,DL,N976DL,2029,ATL,ECP,45,89,240,0,0
TLH,Tallahassee Regional Airport,30.396499633789062,-84.35030364990234,81,-5.0,A,Tallahassee,United States,"2018-10-20",854,900,-6,1028,1025,3,OH,N583NN,5272,CLT,TLH,75,94,386,0,0
VPS,Destin-Ft Walton Beach Airport,30.4832,-86.525398,87,-6.0,A,Valparaiso,United States,"2018-10-20",929,929,0,1107,1113,-6,G4,"217NV",1903,BLV,VPS,78,98,587,0,0
PNS,Pensacola Regional Airport,30.473400115967,-87.186599731445,121,-6.0,A,Pensacola,United States,"2018-10-20",914,915,-1,949,1000,-11,MQ,N664MS,3733,MIA,PNS,81,95,530,0,0
ECP,Northwest Florida Beaches International Airport,30.357106,-85.795414,69,-6.0,A,Panama City,United States,"2018-10-20",919,920,-1,1031,1035,-4,WN,N7727A,4137,BNA,ECP,59,72,401,0,0
PNS,Pensacola Regional Airport,30.473400115967,-87.186599731445,121,-6.0,A,Pensacola,United States,"2018-10-20",928,920,8,1040,1040,0,WN,N298WN,3024,BNA,PNS,61,72,391,0,0
PNS,Pensacola Regional Airport,30.473400115967,-87.186599731445,121,-6.0,A,Pensacola,United States,"2018-10-20",935,935,0,1059,1115,-16,YV,N85358,6136,IAH,PNS,66,84,489,0,0
VPS,Destin-Ft Walton Beach Airport,30.4832,-86.525398,87,-6.0,A,Valparaiso,United States,"2018-10-20",1016,944,32,1044,948,56,DL,N915DL,2716,ATL,VPS,46,88,250,0,0
TLH,Tallahassee Regional Airport,30.396499633789062,-84.35030364990234,81,-5.0,A,Tallahassee,United States,"2018-10-20",1030,1033,-3,1143,1133,10,DL,N928AT,387,ATL,TLH,40,73,223,0,0
PNS,Pensacola Regional Airport,30.473400115967,-87.186599731445,121,-6.0,A,Pensacola,United States,"2018-10-20",1000,1002,-2,1018,1015,3,DL,N943DL,2179,ATL,PNS,47,78,271,0,0
PNS,Pensacola Regional Airport,30.473400115967,-87.186599731445,121,-6.0,A,Pensacola,United States,"2018-10-20",1015,1020,-5,1200,1208,-8,MQ,N239NN,3324,DFW,PNS,80,105,604,0,0
ECP,Northwest Florida Beaches International Airport,30.357106,-85.795414,69,-6.0,A,Panama City,United States,"2018-10-20",1031,1030,1,1209,1215,-6,WN,N7812G,2635,DAL,ECP,85,98,674,0,0
ECP,Northwest Florida Beaches International Airport,30.357106,-85.795414,69,-6.0,A,Panama City,United States,"2018-10-20",1037,1040,-3,1218,1223,-5,YV,N86309,6093,IAH,ECP,86,101,572,0,0
PNS,Pensacola Regional Airport,30.473400115967,-87.186599731445,121,-6.0,A,Pensacola,United States,"2018-10-20",1126,1130,-4,1206,1214,-8,OH,N551NN,5298,CLT,PNS,79,100,488,0,0
VPS,Destin-Ft Walton Beach Airport,30.4832,-86.525398,87,-6.0,A,Valparaiso,United States,"2018-10-20",1052,1055,-3,1250,1257,-7,YV,N919FJ,5740,DFW,VPS,78,118,641,0,0
ECP,Northwest Florida Beaches International Airport,30.357106,-85.795414,69,-6.0,A,Panama City,United States,"2018-10-20",1122,1112,10,1134,1113,21,DL,N935DL,1733,ATL,ECP,41,72,240,0,0
PNS,Pensacola Regional Airport,30.473400115967,-87.186599731445,121,-6.0,A,Pensacola,United States,"2018-10-20",1121,1125,-4,1352,1340,12,OO,N912SW,5803,ORD,PNS,114,151,794,0,0
PNS,Pensacola Regional Airport,30.473400115967,-87.186599731445,121,-6.0,A,Pensacola,United States,"2018-10-20",1130,1138,-8,1253,1300,-7,MQ,N231AN,3771,DCA,PNS,122,143,816,0,0
ECP,Northwest Florida Beaches International Airport,30.357106,-85.795414,69,-6.0,A,Panama City,United States,"2018-10-20",1127,1131,-4,1216,1209,7,EV,N611QX,2893,CLT,ECP,69,109,437,0,0
PNS,Pensacola Regional Airport,30.473400115967,-87.186599731445,121,-6.0,A,Pensacola,United States,"2018-10-20",1337,1139,118,1555,1352,123,F9,N910FR,1286,ORD,PNS,100,138,794,0,0
PNS,Pensacola Regional Airport,30.473400115967,-87.186599731445,121,-6.0,A,Pensacola,United States,"2018-10-20",1155,1155,0,1356,1334,22,EV,N16981,4393,IAH,PNS,73,121,489,0,0
VPS,Destin-Ft Walton Beach Airport,30.4832,-86.525398,87,-6.0,A,Valparaiso,United States,"2018-10-20",1157,1200,-3,1347,1349,-2,EV,N26545,3995,IAH,VPS,71,110,528,0,0
VPS,Destin-Ft Walton Beach Airport,30.4832,-86.525398,87,-6.0,A,Valparaiso,United States,"2018-10-20",1145,1200,-15,1335,1345,-10,G4,"220NV",1991,EWR,VPS,147,170,988,0,0
PNS,Pensacola Regional Airport,30.473400115967,-87.186599731445,121,-6.0,A,Pensacola,United States,"2018-10-20",1204,1205,-1,1356,1415,-19,WN,N7842A,3278,MDW,PNS,100,112,781,0,0
ECP,Northwest Florida Beaches International Airport,30.357106,-85.795414,69,-6.0,A,Panama City,United States,"2018-10-20",1241,1225,16,1428,1423,5,EV,N616QX,2895,DFW,ECP,85,107,685,0,0
PNS,Pensacola Regional Airport,30.473400115967,-87.186599731445,121,-6.0,A,Pensacola,United States,"2018-10-20",1232,1236,-4,1239,1246,-7,DL,N946DL,1353,ATL,PNS,47,67,271,0,0
PNS,Pensacola Regional Airport,30.473400115967,-87.186599731445,121,-6.0,A,Pensacola,United States,"2018-10-20",1257,1300,-3,1430,1443,-13,AA,N9677W,2389,DFW,PNS,77,93,604,0,0
VPS,Destin-Ft Walton Beach Airport,30.4832,-86.525398,87,-6.0,A,Valparaiso,United States,"2018-10-20",1322,1307,15,1407,1350,17,OH,N583NN,5500,CLT,VPS,79,105,460,0,0
TLH,Tallahassee Regional Airport,30.396499633789062,-84.35030364990234,81,-5.0,A,Tallahassee,United States,"2018-10-20",1257,1305,-8,1551,1610,-19,MQ,N225NN,4069,DFW,TLH,95,114,767,0,0
TLH,Tallahassee Regional Airport,30.396499633789062,-84.35030364990234,81,-5.0,A,Tallahassee,United States,"2018-10-20",1318,1320,-2,1440,1451,-11,OH,N564NN,5662,CLT,TLH,66,82,386,0,0
ECP,Northwest Florida Beaches International Airport,30.357106,-85.795414,69,-6.0,A,Panama City,United States,"2018-10-20",1358,1355,3,1402,1359,3,DL,N966DL,2506,ATL,ECP,39,64,240,0,0
VPS,Destin-Ft Walton Beach Airport,30.4832,-86.525398,87,-6.0,A,Valparaiso,United States,"2018-10-20",1409,1342,27,1412,1346,26,DL,N943DL,2873,ATL,VPS,42,63,250,0,0
ECP,Northwest Florida Beaches International Airport,30.357106,-85.795414,69,-6.0,A,Panama City,United States,"2018-10-20",1401,1405,-4,1518,1520,-2,WN,N7725A,3347,BNA,ECP,61,77,401,0,0
PNS,Pensacola Regional Airport,30.473400115967,-87.186599731445,121,-6.0,A,Pensacola,United States,"2018-10-20",1410,1414,-4,1601,1554,7,YX,N121HQ,4537,PHL,PNS,144,171,935,0,0
TLH,Tallahassee Regional Airport,30.396499633789062,-84.35030364990234,81,-5.0,A,Tallahassee,United States,"2018-10-20",1417,1421,-4,1512,1522,-10,DL,N985AT,1399,ATL,TLH,38,55,223,0,0
VPS,Destin-Ft Walton Beach Airport,30.4832,-86.525398,87,-6.0,A,Valparaiso,United States,"2018-10-20",1421,1430,-9,1608,1619,-11,EV,N16571,4412,IAH,VPS,78,107,528,0,0
ECP,Northwest Florida Beaches International Airport,30.357106,-85.795414,69,-6.0,A,Panama City,United States,"2018-10-20",1430,1435,-5,1611,1620,-9,WN,N7731A,4933,STL,ECP,82,101,634,0,0
TLH,Tallahassee Regional Airport,30.396499633789062,-84.35030364990234,81,-5.0,A,Tallahassee,United States,"2018-10-20",1431,1439,-8,1558,1603,-5,MQ,N681AE,3861,MIA,TLH,66,87,402,0,0
ECP,Northwest Florida Beaches International Airport,30.357106,-85.795414,69,-6.0,A,Panama City,United States,"2018-10-20",1438,1445,-7,1617,1628,-11,YV,N87302,6212,IAH,ECP,79,99,572,0,0
PNS,Pensacola Regional Airport,30.473400115967,-87.186599731445,121,-6.0,A,Pensacola,United States,"2018-10-20",1455,1455,0,1540,1542,-2,YX,N135HQ,4553,CLT,PNS,80,105,488,0,0
PNS,Pensacola Regional Airport,30.473400115967,-87.186599731445,121,-6.0,A,Pensacola,United States,"2018-10-20",1514,1500,14,1639,1625,14,WN,N7729A,3902,HOU,PNS,63,85,488,0,0
VPS,Destin-Ft Walton Beach Airport,30.4832,-86.525398,87,-6.0,A,Valparaiso,United States,"2018-10-20",1526,1510,16,1535,1519,16,DL,N967AT,2802,ATL,VPS,47,69,250,0,0
VPS,Destin-Ft Walton Beach Airport,30.4832,-86.525398,87,-6.0,A,Valparaiso,United States,"2018-10-20",1524,1536,-12,1604,1623,-19,G4,"217NV",1901,CVG,VPS,82,100,600,0,0
VPS,Destin-Ft Walton Beach Airport,30.4832,-86.525398,87,-6.0,A,Valparaiso,United States,"2018-10-20",1608,1615,-7,1721,1725,-4,G4,"326NV",1424,PIT,VPS,113,133,775,0,0
PNS,Pensacola Regional Airport,30.473400115967,-87.186599731445,121,-6.0,A,Pensacola,United States,"2018-10-20",1616,1615,1,1657,1701,-4,MQ,N650AE,3427,MIA,PNS,83,101,530,0,0
PNS,Pensacola Regional Airport,30.473400115967,-87.186599731445,121,-6.0,A,Pensacola,United States,"2018-10-20",1634,1635,-1,1802,1812,-10,YV,N87303,6184,IAH,PNS,66,88,489,0,0
PNS,Pensacola Regional Airport,30.473400115967,-87.186599731445,121,-6.0,A,Pensacola,United States,"2018-10-20",1651,1655,-4,1702,1703,-1,DL,N936DL,1814,ATL,PNS,46,71,271,0,0
ECP,Northwest Florida Beaches International Airport,30.357106,-85.795414,69,-6.0,A,Panama City,United States,"2018-10-20",,1700,,,1815,,WN,N934WN,5270,BNA,ECP,,,401,1,0
PNS,Pensacola Regional Airport,30.473400115967,-87.186599731445,121,-6.0,A,Pensacola,United States,"2018-10-20",1708,1705,3,1819,1820,-1,WN,N282WN,581,BNA,PNS,56,71,391,0,0
TLH,Tallahassee Regional Airport,30.396499633789062,-84.35030364990234,81,-5.0,A,Tallahassee,United States,"2018-10-20",1703,1710,-7,1947,1924,23,YX,N418YX,4504,DCA,TLH,118,164,716,0,0
VPS,Destin-Ft Walton Beach Airport,30.4832,-86.525398,87,-6.0,A,Valparaiso,United States,"2018-10-20",1714,1719,-5,1713,1721,-8,DL,N965AT,1167,ATL,VPS,42,59,250,0,0
TLH,Tallahassee Regional Airport,30.396499633789062,-84.35030364990234,81,-5.0,A,Tallahassee,United States,"2018-10-20",1725,1730,-5,1857,1854,3,MQ,N657AE,3844,MIA,TLH,72,92,402,0,0
TLH,Tallahassee Regional Airport,30.396499633789062,-84.35030364990234,81,-5.0,A,Tallahassee,United States,"2018-10-20",1758,1755,3,1933,1922,11,OH,N501AE,5188,CLT,TLH,64,95,386,0,0
VPS,Destin-Ft Walton Beach Airport,30.4832,-86.525398,87,-6.0,A,Valparaiso,United States,"2018-10-20",1819,1831,-12,1950,1951,-1,G4,"220NV",1947,BWI,VPS,134,151,819,0,0
ECP,Northwest Florida Beaches International Airport,30.357106,-85.795414,69,-6.0,A,Panama City,United States,"2018-10-20",,1905,,,2040,,WN,"",4149,HOU,ECP,,,571,1,0
ECP,Northwest Florida Beaches International Airport,30.357106,-85.795414,69,-6.0,A,Panama City,United States,"2018-10-20",1013,1934,879,1021,1938,883,DL,N375DA,2431,ATL,ECP,47,68,240,0,0
VPS,Destin-Ft Walton Beach Airport,30.4832,-86.525398,87,-6.0,A,Valparaiso,United States,"2018-10-20",1932,1936,-4,1936,1943,-7,DL,N971DL,1856,ATL,VPS,44,64,250,0,0
TLH,Tallahassee Regional Airport,30.396499633789062,-84.35030364990234,81,-5.0,A,Tallahassee,United States,"2018-10-20",2025,2030,-5,2326,2333,-7,MQ,N231AN,4131,DFW,TLH,96,121,767,0,0
PNS,Pensacola Regional Airport,30.473400115967,-87.186599731445,121,-6.0,A,Pensacola,United States,"2018-10-20",2144,2151,-7,2227,2242,-15,MQ,N623AE,4109,MIA,PNS,80,103,530,0,0
PNS,Pensacola Regional Airport,30.473400115967,-87.186599731445,121,-6.0,A,Pensacola,United States,"2018-10-21",718,722,-4,1105,1121,-16,F9,N307FR,638,DEN,PNS,146,167,1179,0,0
PNS,Pensacola Regional Airport,30.473400115967,-87.186599731445,121,-6.0,A,Pensacola,United States,"2018-10-21",739,739,0,819,824,-5,OH,N580NN,5237,CLT,PNS,77,100,488,0,0
TLH,Tallahassee Regional Airport,30.396499633789062,-84.35030364990234,81,-5.0,A,Tallahassee,United States,"2018-10-21",857,900,-3,1016,1025,-9,OH,N567NN,5272,CLT,TLH,60,79,386,0,0
ECP,Northwest Florida Beaches International Airport,30.357106,-85.795414,69,-6.0,A,Panama City,United States,"2018-10-21",903,900,3,855,903,-8,DL,N936DL,2029,ATL,ECP,38,52,240,0,0
PNS,Pensacola Regional Airport,30.473400115967,-87.186599731445,121,-6.0,A,Pensacola,United States,"2018-10-21",912,915,-3,952,1000,-8,MQ,N623AE,3733,MIA,PNS,80,100,530,0,0
PNS,Pensacola Regional Airport,30.473400115967,-87.186599731445,121,-6.0,A,Pensacola,United States,"2018-10-21",1125,930,115,1241,1050,111,WN,N729SW,2565,BNA,PNS,60,76,391,0,0
PNS,Pensacola Regional Airport,30.473400115967,-87.186599731445,121,-6.0,A,Pensacola,United States,"2018-10-20",1502,1459,3,1507,1509,-2,DL,N905DL,1270,ATL,PNS,48,65,271,0,0
TLH,Tallahassee Regional Airport,30.396499633789062,-84.35030364990234,81,-5.0,A,Tallahassee,United States,"2018-10-20",1619,1620,-1,1713,1724,-11,DL,N922AT,1786,ATL,TLH,40,54,223,0,0
VPS,Destin-Ft Walton Beach Airport,30.4832,-86.525398,87,-6.0,A,Valparaiso,United States,"2018-10-20",1639,1650,-11,1822,1839,-17,AA,N966TW,1445,DFW,VPS,85,103,641,0,0
PNS,Pensacola Regional Airport,30.473400115967,-87.186599731445,121,-6.0,A,Pensacola,United States,"2018-10-20",1651,1659,-8,1826,1823,3,OH,N706PS,5520,DCA,PNS,126,155,816,0,0
PNS,Pensacola Regional Airport,30.473400115967,-87.186599731445,121,-6.0,A,Pensacola,United States,"2018-10-20",1702,1703,-1,1835,1845,-10,AA,N969TW,2641,DFW,PNS,74,93,604,0,0
ECP,Northwest Florida Beaches International Airport,30.357106,-85.795414,69,-6.0,A,Panama City,United States,"2018-10-20",1710,1713,-3,1711,1710,1,DL,N946DL,1403,ATL,ECP,45,61,240,0,0
PNS,Pensacola Regional Airport,30.473400115967,-87.186599731445,121,-6.0,A,Pensacola,United States,"2018-10-20",1808,1741,27,1915,1821,54,OH,N719PS,5463,CLT,PNS,81,127,488,0,0
VPS,Destin-Ft Walton Beach Airport,30.4832,-86.525398,87,-6.0,A,Valparaiso,United States,"2018-10-20",1742,1745,-3,1827,1825,2,OH,N518AE,5709,CLT,VPS,86,105,460,0,0
VPS,Destin-Ft Walton Beach Airport,30.4832,-86.525398,87,-6.0,A,Valparaiso,United States,"2018-10-20",1800,1805,-5,1944,1954,-10,EV,N11565,4447,IAH,VPS,76,104,528,0,0
ECP,Northwest Florida Beaches International Airport,30.357106,-85.795414,69,-6.0,A,Panama City,United States,"2018-10-20",,1830,,,1915,,EV,N719EV,2890,CLT,ECP,,,437,1,0
ECP,Northwest Florida Beaches International Airport,30.357106,-85.795414,69,-6.0,A,Panama City,United States,"2018-10-20",,1850,,,2054,,EV,N718EV,2870,DFW,ECP,,,685,1,0
TLH,Tallahassee Regional Airport,30.396499633789062,-84.35030364990234,81,-5.0,A,Tallahassee,United States,"2018-10-20",1857,1903,-6,1952,2007,-15,DL,N993DL,351,ATL,TLH,37,55,223,0,0
PNS,Pensacola Regional Airport,30.473400115967,-87.186599731445,121,-6.0,A,Pensacola,United States,"2018-10-20",1901,1904,-3,1908,1914,-6,DL,N913DL,2182,ATL,PNS,45,67,271,0,0
PNS,Pensacola Regional Airport,30.473400115967,-87.186599731445,121,-6.0,A,Pensacola,United States,"2018-10-20",1939,1941,-2,2114,2118,-4,YV,N87353,6187,IAH,PNS,70,95,489,0,0
ECP,Northwest Florida Beaches International Airport,30.357106,-85.795414,69,-6.0,A,Panama City,United States,"2018-10-20",854,1955,779,1028,2138,770,YV,N88310,6100,IAH,ECP,82,94,572,0,0
PNS,Pensacola Regional Airport,30.473400115967,-87.186599731445,121,-6.0,A,Pensacola,United States,"2018-10-20",1955,1955,0,2040,2040,0,OH,N561NN,5103,CLT,PNS,77,105,488,0,0
PNS,Pensacola Regional Airport,30.473400115967,-87.186599731445,121,-6.0,A,Pensacola,United States,"2018-10-20",2252,2238,14,2300,2244,16,DL,N910DE,1213,ATL,PNS,48,68,271,0,0
TLH,Tallahassee Regional Airport,30.396499633789062,-84.35030364990234,81,-5.0,A,Tallahassee,United States,"2018-10-20",2227,2241,-14,2330,2344,-14,DL,N967DL,485,ATL,TLH,42,63,223,0,0
VPS,Destin-Ft Walton Beach Airport,30.4832,-86.525398,87,-6.0,A,Valparaiso,United States,"2018-10-20",2232,2241,-9,2309,2320,-11,OH,N583NN,5696,CLT,VPS,82,97,460,0,0
VPS,Destin-Ft Walton Beach Airport,30.4832,-86.525398,87,-6.0,A,Valparaiso,United States,"2018-10-20",2242,2242,0,2248,2246,2,DL,N922DL,1590,ATL,VPS,40,66,250,0,0
ECP,Northwest Florida Beaches International Airport,30.357106,-85.795414,69,-6.0,A,Panama City,United States,"2018-10-20",1234,2245,829,1248,2249,839,DL,N3734B,2303,ATL,ECP,52,74,240,0,0
PNS,Pensacola Regional Airport,30.473400115967,-87.186599731445,121,-6.0,A,Pensacola,United States,"2018-10-21",723,725,-2,843,902,-19,YV,N88331,6228,IAH,PNS,66,80,489,0,0
PNS,Pensacola Regional Airport,30.473400115967,-87.186599731445,121,-6.0,A,Pensacola,United States,"2018-10-21",817,820,-3,817,831,-14,DL,N913DE,2212,ATL,PNS,48,60,271,0,0
VPS,Destin-Ft Walton Beach Airport,30.4832,-86.525398,87,-6.0,A,Valparaiso,United States,"2018-10-21",836,835,1,913,911,2,OH,N592NN,5564,CLT,VPS,73,97,460,0,0
VPS,Destin-Ft Walton Beach Airport,30.4832,-86.525398,87,-6.0,A,Valparaiso,United States,"2018-10-21",846,850,-4,1004,1023,-19,YX,N445YX,4609,DCA,VPS,114,138,789,0,0
ECP,Northwest Florida Beaches International Airport,30.357106,-85.795414,69,-6.0,A,Panama City,United States,"2018-10-21",918,920,-2,1029,1035,-6,WN,N7731A,5084,BNA,ECP,60,71,401,0,0
PNS,Pensacola Regional Airport,30.473400115967,-87.186599731445,121,-6.0,A,Pensacola,United States,"2018-10-21",927,935,-8,1048,1115,-27,YX,N645RW,3668,IAH,PNS,64,81,489,0,0
VPS,Destin-Ft Walton Beach Airport,30.4832,-86.525398,87,-6.0,A,Valparaiso,United States,"2018-10-21",941,944,-3,942,950,-8,DL,N924DL,2716,ATL,VPS,40,61,250,0,0
VPS,Destin-Ft Walton Beach Airport,30.4832,-86.525398,87,-6.0,A,Valparaiso,United States,"2018-10-21",953,946,7,1149,1138,11,G4,"220NV",1993,AUS,VPS,84,116,666,0,0
PNS,Pensacola Regional Airport,30.473400115967,-87.186599731445,121,-6.0,A,Pensacola,United States,"2018-10-21",959,1002,-3,1011,1017,-6,DL,N67171,2179,ATL,PNS,54,72,271,0,0
ECP,Northwest Florida Beaches International Airport,30.357106,-85.795414,69,-6.0,A,Panama City,United States,"2018-10-21",1004,1010,-6,1139,1155,-16,EV,N14105,4451,IAH,ECP,73,95,572,0,0
TLH,Tallahassee Regional Airport,30.396499633789062,-84.35030364990234,81,-5.0,A,Tallahassee,United States,"2018-10-21",1023,1025,-2,1120,1125,-5,DL,N929AT,489,ATL,TLH,38,57,223,0,0
PNS,Pensacola Regional Airport,30.473400115967,-87.186599731445,121,-6.0,A,Pensacola,United States,"2018-10-21",1016,1020,-4,1201,1208,-7,MQ,N236NN,3324,DFW,PNS,81,105,604,0,0
VPS,Destin-Ft Walton Beach Airport,30.4832,-86.525398,87,-6.0,A,Valparaiso,United States,"2018-10-21",1018,1022,-4,1157,1216,-19,G4,"217NV",1909,OKC,VPS,87,99,726,0,0
TLH,Tallahassee Regional Airport,30.396499633789062,-84.35030364990234,81,-5.0,A,Tallahassee,United States,"2018-10-21",1019,1025,-6,1138,1147,-9,MQ,N673AE,3663,MIA,TLH,65,79,402,0,0
VPS,Destin-Ft Walton Beach Airport,30.4832,-86.525398,87,-6.0,A,Valparaiso,United States,"2018-10-21",1052,1055,-3,1245,1257,-12,YV,N948LR,5740,DFW,VPS,83,113,641,0,0
ECP,Northwest Florida Beaches International Airport,30.357106,-85.795414,69,-6.0,A,Panama City,United States,"2018-10-21",1122,1112,10,1122,1116,6,DL,N961DL,1733,ATL,ECP,42,60,240,0,0
PNS,Pensacola Regional Airport,30.473400115967,-87.186599731445,121,-6.0,A,Pensacola,United States,"2018-10-21",1131,1130,1,1218,1214,4,OH,N575NN,5298,CLT,PNS,72,107,488,0,0
ECP,Northwest Florida Beaches International Airport,30.357106,-85.795414,69,-6.0,A,Panama City,United States,"2018-10-21",1139,1131,8,1236,1209,27,EV,N615QX,2893,CLT,ECP,60,117,437,0,0
PNS,Pensacola Regional Airport,30.473400115967,-87.186599731445,121,-6.0,A,Pensacola,United States,"2018-10-21",1134,1138,-4,1251,1300,-9,MQ,N234JW,3771,DCA,PNS,116,137,816,0,0
PNS,Pensacola Regional Airport,30.473400115967,-87.186599731445,121,-6.0,A,Pensacola,United States,"2018-10-21",1152,1155,-3,1318,1334,-16,EV,N13992,4393,IAH,PNS,69,86,489,0,0
VPS,Destin-Ft Walton Beach Airport,30.4832,-86.525398,87,-6.0,A,Valparaiso,United States,"2018-10-21",1158,1200,-2,1347,1349,-2,EV,N13553,3995,IAH,VPS,80,109,528,0,0
ECP,Northwest Florida Beaches International Airport,30.357106,-85.795414,69,-6.0,A,Panama City,United States,"2018-10-21",1212,1205,7,1345,1350,-5,WN,N7733B,2055,DAL,ECP,81,93,674,0,0
ECP,Northwest Florida Beaches International Airport,30.357106,-85.795414,69,-6.0,A,Panama City,United States,"2018-10-21",1226,1225,1,1420,1423,-3,EV,N720EV,2895,DFW,ECP,91,114,685,0,0
PNS,Pensacola Regional Airport,30.473400115967,-87.186599731445,121,-6.0,A,Pensacola,United States,"2018-10-21",1237,1236,1,1239,1247,-8,DL,N904DE,1353,ATL,PNS,47,62,271,0,0
TLH,Tallahassee Regional Airport,30.396499633789062,-84.35030364990234,81,-5.0,A,Tallahassee,United States,"2018-10-21",1302,1305,-3,1551,1610,-19,MQ,N221NN,4069,DFW,TLH,89,109,767,0,0
PNS,Pensacola Regional Airport,30.473400115967,-87.186599731445,121,-6.0,A,Pensacola,United States,"2018-10-21",1251,1300,-9,1436,1443,-7,AA,N9681B,2389,DFW,PNS,78,105,604,0,0
VPS,Destin-Ft Walton Beach Airport,30.4832,-86.525398,87,-6.0,A,Valparaiso,United States,"2018-10-21",1319,1307,12,1355,1350,5,OH,N592NN,5500,CLT,VPS,71,96,460,0,0
TLH,Tallahassee Regional Airport,30.396499633789062,-84.35030364990234,81,-5.0,A,Tallahassee,United States,"2018-10-21",1318,1320,-2,1448,1451,-3,OH,N548NN,5662,CLT,TLH,71,90,386,0,0
PNS,Pensacola Regional Airport,30.473400115967,-87.186599731445,121,-6.0,A,Pensacola,United States,"2018-10-21",1411,1414,-3,1552,1554,-2,YX,N107HQ,4537,PHL,PNS,137,161,935,0,0
VPS,Destin-Ft Walton Beach Airport,30.4832,-86.525398,87,-6.0,A,Valparaiso,United States,"2018-10-21",1337,1342,-5,1332,1348,-16,DL,N964DL,2873,ATL,VPS,41,55,250,0,0
ECP,Northwest Florida Beaches International Airport,30.357106,-85.795414,69,-6.0,A,Panama City,United States,"2018-10-21",1348,1354,-6,1340,1352,-12,DL,N949DL,2506,ATL,ECP,39,52,240,0,0
ECP,Northwest Florida Beaches International Airport,30.357106,-85.795414,69,-6.0,A,Panama City,United States,"2018-10-21",1410,1415,-5,1524,1530,-6,WN,N7814B,6593,BNA,ECP,58,74,401,0,0
TLH,Tallahassee Regional Airport,30.396499633789062,-84.35030364990234,81,-5.0,A,Tallahassee,United States,"2018-10-21",1418,1421,-3,1509,1523,-14,DL,N982AT,1399,ATL,TLH,35,51,223,0,0
TLH,Tallahassee Regional Airport,30.396499633789062,-84.35030364990234,81,-5.0,A,Tallahassee,United States,"2018-10-21",1437,1439,-2,1603,1603,0,MQ,N619AE,3861,MIA,TLH,67,86,402,0,0
ECP,Northwest Florida Beaches International Airport,30.357106,-85.795414,69,-6.0,A,Panama City,United States,"2018-10-21",1437,1445,-8,1617,1630,-13,EV,N11551,4249,IAH,ECP,76,100,572,0,0
PNS,Pensacola Regional Airport,30.473400115967,-87.186599731445,121,-6.0,A,Pensacola,United States,"2018-10-21",1506,1459,7,1507,1511,-4,DL,N961DL,1270,ATL,PNS,47,61,271,0,0
PNS,Pensacola Regional Airport,30.473400115967,-87.186599731445,121,-6.0,A,Pensacola,United States,"2018-10-21",1451,1455,-4,1539,1542,-3,YX,N113HQ,4553,CLT,PNS,77,108,488,0,0
VPS,Destin-Ft Walton Beach Airport,30.4832,-86.525398,87,-6.0,A,Valparaiso,United States,"2018-10-21",1508,1510,-2,1512,1516,-4,DL,N986DL,2802,ATL,VPS,41,64,250,0,0
VPS,Destin-Ft Walton Beach Airport,30.4832,-86.525398,87,-6.0,A,Valparaiso,United States,"2018-10-21",1526,1517,9,1714,1701,13,G4,"220NV",1903,BLV,VPS,82,108,587,0,0
PNS,Pensacola Regional Airport,30.473400115967,-87.186599731445,121,-6.0,A,Pensacola,United States,"2018-10-21",,1615,,,1701,,MQ,N931AE,3427,MIA,PNS,,,530,1,0
VPS,Destin-Ft Walton Beach Airport,30.4832,-86.525398,87,-6.0,A,Valparaiso,United States,"2018-10-21",1615,1620,-5,1750,1809,-19,EV,N11565,4412,IAH,VPS,79,95,528,0,0
TLH,Tallahassee Regional Airport,30.396499633789062,-84.35030364990234,81,-5.0,A,Tallahassee,United States,"2018-10-21",1613,1617,-4,1659,1712,-13,DL,N916DE,1786,ATL,TLH,35,46,223,0,0
PNS,Pensacola Regional Airport,30.473400115967,-87.186599731445,121,-6.0,A,Pensacola,United States,"2018-10-21",1632,1635,-3,1757,1812,-15,YV,N87345,6184,IAH,PNS,65,85,489,0,0
VPS,Destin-Ft Walton Beach Airport,30.4832,-86.525398,87,-6.0,A,Valparaiso,United States,"2018-10-21",1651,1650,1,1835,1846,-11,YV,N902FJ,5906,DFW,VPS,80,104,641,0,0
VPS,Destin-Ft Walton Beach Airport,30.4832,-86.525398,87,-6.0,A,Valparaiso,United States,"2018-10-21",1642,1645,-3,1723,1726,-3,G4,"217NV",1919,SDF,VPS,79,101,532,0,0
PNS,Pensacola Regional Airport,30.473400115967,-87.186599731445,121,-6.0,A,Pensacola,United States,"2018-10-21",1651,1655,-4,1656,1704,-8,DL,N667DN,1814,ATL,PNS,47,65,271,0,0
PNS,Pensacola Regional Airport,30.473400115967,-87.186599731445,121,-6.0,A,Pensacola,United States,"2018-10-21",1659,1655,4,1837,1845,-8,MQ,N222NS,3877,DFW,PNS,75,98,604,0,0
PNS,Pensacola Regional Airport,30.473400115967,-87.186599731445,121,-6.0,A,Pensacola,United States,"2018-10-21",1717,1655,22,1838,1820,18,WN,N941WN,5317,HOU,PNS,64,81,488,0,0
ECP,Northwest Florida Beaches International Airport,30.357106,-85.795414,69,-6.0,A,Panama City,United States,"2018-10-21",,1705,,,1840,,WN,N443WN,3780,HOU,ECP,,,571,1,0
ECP,Northwest Florida Beaches International Airport,30.357106,-85.795414,69,-6.0,A,Panama City,United States,"2018-10-21",1722,1713,9,1721,1711,10,DL,N995DL,1403,ATL,ECP,40,59,240,0,0
VPS,Destin-Ft Walton Beach Airport,30.4832,-86.525398,87,-6.0,A,Valparaiso,United States,"2018-10-21",1720,1719,1,1721,1722,-1,DL,N904DL,1167,ATL,VPS,44,61,250,0,0
TLH,Tallahassee Regional Airport,30.396499633789062,-84.35030364990234,81,-5.0,A,Tallahassee,United States,"2018-10-21",1732,1730,2,1856,1854,2,MQ,N664MS,3844,MIA,TLH,67,84,402,0,0
VPS,Destin-Ft Walton Beach Airport,30.4832,-86.525398,87,-6.0,A,Valparaiso,United States,"2018-10-21",1740,1745,-5,1810,1825,-15,OH,N578NN,5709,CLT,VPS,75,90,460,0,0
PNS,Pensacola Regional Airport,30.473400115967,-87.186599731445,121,-6.0,A,Pensacola,United States,"2018-10-21",1737,1741,-4,1809,1821,-12,OH,N716PS,5463,CLT,PNS,79,92,488,0,0
TLH,Tallahassee Regional Airport,30.396499633789062,-84.35030364990234,81,-5.0,A,Tallahassee,United States,"2018-10-21",1845,1801,44,2031,1940,51,YX,N127HQ,4660,CLT,TLH,59,106,386,0,0
VPS,Destin-Ft Walton Beach Airport,30.4832,-86.525398,87,-6.0,A,Valparaiso,United States,"2018-10-21",1803,1805,-2,1940,1954,-14,EV,N13988,4447,IAH,VPS,75,97,528,0,0
ECP,Northwest Florida Beaches International Airport,30.357106,-85.795414,69,-6.0,A,Panama City,United States,"2018-10-21",,1850,,,2054,,EV,N605QX,2870,DFW,ECP,,,685,1,0
VPS,Destin-Ft Walton Beach Airport,30.4832,-86.525398,87,-6.0,A,Valparaiso,United States,"2018-10-21",1845,1855,-10,2027,2053,-26,AA,N971TW,1445,DFW,VPS,82,102,641,0,0
PNS,Pensacola Regional Airport,30.473400115967,-87.186599731445,121,-6.0,A,Pensacola,United States,"2018-10-21",1905,1910,-5,2011,2025,-14,WN,N7886A,5039,BNA,PNS,55,66,391,0,0
ECP,Northwest Florida Beaches International Airport,30.357106,-85.795414,69,-6.0,A,Panama City,United States,"2018-10-21",,1920,,,2035,,WN,N771SA,4390,BNA,ECP,,,401,1,0
PNS,Pensacola Regional Airport,30.473400115967,-87.186599731445,121,-6.0,A,Pensacola,United States,"2018-10-21",1945,1935,10,2100,2101,-1,OH,N520DC,5597,DCA,PNS,116,135,816,0,0
VPS,Destin-Ft Walton Beach Airport,30.4832,-86.525398,87,-6.0,A,Valparaiso,United States,"2018-10-21",1936,1936,0,1947,1945,2,DL,N935DL,1856,ATL,VPS,42,71,250,0,0
VPS,Destin-Ft Walton Beach Airport,30.4832,-86.525398,87,-6.0,A,Valparaiso,United States,"2018-10-21",2302,2029,153,37,2217,140,G4,"220NV",1913,SGF,VPS,76,95,610,0,0
TLH,Tallahassee Regional Airport,30.396499633789062,-84.35030364990234,81,-5.0,A,Tallahassee,United States,"2018-10-21",2028,2030,-2,2325,2333,-8,MQ,N234JW,4131,DFW,TLH,91,117,767,0,0
PNS,Pensacola Regional Airport,30.473400115967,-87.186599731445,121,-6.0,A,Pensacola,United States,"2018-10-21",2029,2035,-6,2159,2220,-21,AA,N9615W,2641,DFW,PNS,76,90,604,0,0
PNS,Pensacola Regional Airport,30.473400115967,-87.186599731445,121,-6.0,A,Pensacola,United States,"2018-10-21",2139,2151,-12,2232,2242,-10,MQ,N685AE,4109,MIA,PNS,80,113,530,0,0
TLH,Tallahassee Regional Airport,30.396499633789062,-84.35030364990234,81,-5.0,A,Tallahassee,United States,"2018-10-21",2224,2232,-8,2348,2359,-11,OH,N544AE,5284,CLT,TLH,63,84,386,0,0
ECP,Northwest Florida Beaches International Airport,30.357106,-85.795414,69,-6.0,A,Panama City,United States,"2018-10-21",1201,2245,796,1155,2250,785,DL,N943DL,2303,ATL,ECP,39,54,240,0,0
VPS,Destin-Ft Walton Beach Airport,30.4832,-86.525398,87,-6.0,A,Valparaiso,United States,"2018-10-22",655,705,-10,840,901,-21,YV,N933LR,5725,DFW,VPS,80,105,641,0,0
PNS,Pensacola Regional Airport,30.473400115967,-87.186599731445,121,-6.0,A,Pensacola,United States,"2018-10-22",723,725,-2,859,904,-5,EV,N16987,4182,IAH,PNS,73,96,489,0,0
PNS,Pensacola Regional Airport,30.473400115967,-87.186599731445,121,-6.0,A,Pensacola,United States,"2018-10-22",737,739,-2,817,824,-7,OH,N586NN,5237,CLT,PNS,79,100,488,0,0
PNS,Pensacola Regional Airport,30.473400115967,-87.186599731445,121,-6.0,A,Pensacola,United States,"2018-10-22",750,750,0,900,905,-5,WN,N965WN,2229,BNA,PNS,58,70,391,0,0
VPS,Destin-Ft Walton Beach Airport,30.4832,-86.525398,87,-6.0,A,Valparaiso,United States,"2018-10-22",831,835,-4,905,911,-6,OH,N577NN,5564,CLT,VPS,71,94,460,0,0
TLH,Tallahassee Regional Airport,30.396499633789062,-84.35030364990234,81,-5.0,A,Tallahassee,United States,"2018-10-22",847,836,11,949,941,8,"9E",N232PQ,3281,ATL,TLH,40,62,223,0,0
ECP,Northwest Florida Beaches International Airport,30.357106,-85.795414,69,-6.0,A,Panama City,United States,"2018-10-22",854,900,-6,849,903,-14,DL,N948DL,2029,ATL,ECP,39,55,240,0,0
PNS,Pensacola Regional Airport,30.473400115967,-87.186599731445,121,-6.0,A,Pensacola,United States,"2018-10-22",913,915,-2,1003,1000,3,MQ,N623AE,3733,MIA,PNS,95,110,530,0,0
PNS,Pensacola Regional Airport,30.473400115967,-87.186599731445,121,-6.0,A,Pensacola,United States,"2018-10-22",958,1002,-4,1014,1017,-3,DL,N6714Q,2179,ATL,PNS,49,76,271,0,0
ECP,Northwest Florida Beaches International Airport,30.357106,-85.795414,69,-6.0,A,Panama City,United States,"2018-10-21",,1830,,,1915,,EV,N617QX,2890,CLT,ECP,,,437,1,0
PNS,Pensacola Regional Airport,30.473400115967,-87.186599731445,121,-6.0,A,Pensacola,United States,"2018-10-21",1851,1854,-3,1851,1906,-15,DL,N993DL,2182,ATL,PNS,46,60,271,0,0
ECP,Northwest Florida Beaches International Airport,30.357106,-85.795414,69,-6.0,A,Panama City,United States,"2018-10-21",1046,1934,912,1038,1940,898,DL,N912DN,2431,ATL,ECP,41,52,240,0,0
PNS,Pensacola Regional Airport,30.473400115967,-87.186599731445,121,-6.0,A,Pensacola,United States,"2018-10-21",1941,1941,0,2109,2118,-9,YV,N89313,6187,IAH,PNS,63,88,489,0,0
PNS,Pensacola Regional Airport,30.473400115967,-87.186599731445,121,-6.0,A,Pensacola,United States,"2018-10-21",1951,1955,-4,2021,2040,-19,OH,N587NN,5103,CLT,PNS,69,90,488,0,0
ECP,Northwest Florida Beaches International Airport,30.357106,-85.795414,69,-6.0,A,Panama City,United States,"2018-10-21",705,1955,670,858,2140,678,EV,N12201,4190,IAH,ECP,80,113,572,0,0
TLH,Tallahassee Regional Airport,30.396499633789062,-84.35030364990234,81,-5.0,A,Tallahassee,United States,"2018-10-21",1949,2000,-11,2153,2216,-23,YX,N404YX,4504,DCA,TLH,101,124,716,0,0
VPS,Destin-Ft Walton Beach Airport,30.4832,-86.525398,87,-6.0,A,Valparaiso,United States,"2018-10-21",2025,2023,2,2149,2142,7,G4,"217NV",1911,BNA,VPS,58,84,389,0,0
PNS,Pensacola Regional Airport,30.473400115967,-87.186599731445,121,-6.0,A,Pensacola,United States,"2018-10-21",2040,2046,-6,2043,2057,-14,DL,N916DL,1236,ATL,PNS,46,63,271,0,0
TLH,Tallahassee Regional Airport,30.396499633789062,-84.35030364990234,81,-5.0,A,Tallahassee,United States,"2018-10-21",2108,2051,17,2156,2155,1,DL,N989DL,1669,ATL,TLH,36,48,223,0,0
PNS,Pensacola Regional Airport,30.473400115967,-87.186599731445,121,-6.0,A,Pensacola,United States,"2018-10-21",2231,2238,-7,2238,2247,-9,DL,N992DL,1213,ATL,PNS,44,67,271,0,0
TLH,Tallahassee Regional Airport,30.396499633789062,-84.35030364990234,81,-5.0,A,Tallahassee,United States,"2018-10-21",2239,2241,-2,2338,2345,-7,DL,N908DE,485,ATL,TLH,40,59,223,0,0
VPS,Destin-Ft Walton Beach Airport,30.4832,-86.525398,87,-6.0,A,Valparaiso,United States,"2018-10-21",2239,2241,-2,2317,2320,-3,OH,N568NN,5696,CLT,VPS,74,98,460,0,0
VPS,Destin-Ft Walton Beach Airport,30.4832,-86.525398,87,-6.0,A,Valparaiso,United States,"2018-10-21",2241,2242,-1,2238,2248,-10,DL,N905DL,1590,ATL,VPS,41,57,250,0,0
ECP,Northwest Florida Beaches International Airport,30.357106,-85.795414,69,-6.0,A,Panama City,United States,"2018-10-22",744,745,-1,901,900,1,WN,N7701B,1281,BNA,ECP,62,77,401,0,0
PNS,Pensacola Regional Airport,30.473400115967,-87.186599731445,121,-6.0,A,Pensacola,United States,"2018-10-22",817,820,-3,822,831,-9,DL,N908DL,2212,ATL,PNS,47,65,271,0,0
VPS,Destin-Ft Walton Beach Airport,30.4832,-86.525398,87,-6.0,A,Valparaiso,United States,"2018-10-22",845,850,-5,1014,1023,-9,YX,N111HQ,4609,DCA,VPS,117,149,789,0,0
TLH,Tallahassee Regional Airport,30.396499633789062,-84.35030364990234,81,-5.0,A,Tallahassee,United States,"2018-10-22",900,900,0,1025,1025,0,OH,N556NN,5272,CLT,TLH,63,85,386,0,0
ECP,Northwest Florida Beaches International Airport,30.357106,-85.795414,69,-6.0,A,Panama City,United States,"2018-10-22",900,900,0,1015,1015,0,WN,N8322X,3984,BNA,ECP,59,75,401,0,0
PNS,Pensacola Regional Airport,30.473400115967,-87.186599731445,121,-6.0,A,Pensacola,United States,"2018-10-22",944,935,9,1111,1115,-4,YX,N979RP,3668,IAH,PNS,65,87,489,0,0
VPS,Destin-Ft Walton Beach Airport,30.4832,-86.525398,87,-6.0,A,Valparaiso,United States,"2018-10-22",942,944,-2,947,950,-3,DL,N998DL,2716,ATL,VPS,41,65,250,0,0
TLH,Tallahassee Regional Airport,30.396499633789062,-84.35030364990234,81,-5.0,A,Tallahassee,United States,"2018-10-21",1801,1804,-3,1906,1910,-4,DL,N982AT,678,ATL,TLH,38,65,223,0,0
ECP,Northwest Florida Beaches International Airport,30.357106,-85.795414,69,-6.0,A,Panama City,United States,"2018-10-22",1007,1010,-3,1150,1155,-5,EV,N12564,4451,IAH,ECP,76,103,572,0,0
PNS,Pensacola Regional Airport,30.473400115967,-87.186599731445,121,-6.0,A,Pensacola,United States,"2018-10-22",1014,1020,-6,1146,1208,-22,MQ,N263NN,3324,DFW,PNS,75,92,604,0,0
TLH,Tallahassee Regional Airport,30.396499633789062,-84.35030364990234,81,-5.0,A,Tallahassee,United States,"2018-10-22",1018,1025,-7,1146,1147,-1,MQ,N931AE,3663,MIA,TLH,73,88,402,0,0
TLH,Tallahassee Regional Airport,30.396499633789062,-84.35030364990234,81,-5.0,A,Tallahassee,United States,"2018-10-22",1047,1050,-3,1141,1150,-9,DL,N994DL,489,ATL,TLH,41,54,223,0,0
VPS,Destin-Ft Walton Beach Airport,30.4832,-86.525398,87,-6.0,A,Valparaiso,United States,"2018-10-22",1047,1037,10,1136,1135,1,G4,"220NV",1917,LCK,VPS,89,109,675,0,0
VPS,Destin-Ft Walton Beach Airport,30.4832,-86.525398,87,-6.0,A,Valparaiso,United States,"2018-10-22",1051,1055,-4,1236,1257,-21,YV,N925FJ,5740,DFW,VPS,82,105,641,0,0
ECP,Northwest Florida Beaches International Airport,30.357106,-85.795414,69,-6.0,A,Panama City,United States,"2018-10-22",1108,1112,-4,1103,1116,-13,DL,N996DL,1733,ATL,ECP,39,55,240,0,0
PNS,Pensacola Regional Airport,30.473400115967,-87.186599731445,121,-6.0,A,Pensacola,United States,"2018-10-22",1128,1130,-2,1217,1214,3,OH,N571NN,5298,CLT,PNS,76,109,488,0,0
PNS,Pensacola Regional Airport,30.473400115967,-87.186599731445,121,-6.0,A,Pensacola,United States,"2018-10-22",1135,1138,-3,1249,1300,-11,MQ,N255NN,3771,DCA,PNS,118,134,816,0,0
ECP,Northwest Florida Beaches International Airport,30.357106,-85.795414,69,-6.0,A,Panama City,United States,"2018-10-22",1125,1131,-6,1204,1209,-5,EV,N718EV,2893,CLT,ECP,67,99,437,0,0
VPS,Destin-Ft Walton Beach Airport,30.4832,-86.525398,87,-6.0,A,Valparaiso,United States,"2018-10-22",1155,1200,-5,1335,1349,-14,EV,N16987,3995,IAH,VPS,72,100,528,0,0
PNS,Pensacola Regional Airport,30.473400115967,-87.186599731445,121,-6.0,A,Pensacola,United States,"2018-10-22",1151,1155,-4,1330,1334,-4,EV,N15574,4393,IAH,PNS,70,99,489,0,0
ECP,Northwest Florida Beaches International Airport,30.357106,-85.795414,69,-6.0,A,Panama City,United States,"2018-10-22",1222,1225,-3,1408,1423,-15,EV,N608QX,2895,DFW,ECP,87,106,685,0,0
PNS,Pensacola Regional Airport,30.473400115967,-87.186599731445,121,-6.0,A,Pensacola,United States,"2018-10-22",1234,1236,-2,1232,1247,-15,DL,N912DL,1353,ATL,PNS,45,58,271,0,0
PNS,Pensacola Regional Airport,30.473400115967,-87.186599731445,121,-6.0,A,Pensacola,United States,"2018-10-22",1624,1300,204,1755,1443,192,AA,N984TW,2389,DFW,PNS,77,91,604,0,0
VPS,Destin-Ft Walton Beach Airport,30.4832,-86.525398,87,-6.0,A,Valparaiso,United States,"2018-10-22",1302,1307,-5,1341,1350,-9,OH,N584NN,5500,CLT,VPS,71,99,460,0,0
TLH,Tallahassee Regional Airport,30.396499633789062,-84.35030364990234,81,-5.0,A,Tallahassee,United States,"2018-10-22",1308,1305,3,1600,1610,-10,MQ,N237NN,4069,DFW,TLH,92,112,767,0,0
TLH,Tallahassee Regional Airport,30.396499633789062,-84.35030364990234,81,-5.0,A,Tallahassee,United States,"2018-10-22",1316,1320,-4,1449,1451,-2,OH,N566NN,5662,CLT,TLH,62,93,386,0,0
TLH,Tallahassee Regional Airport,30.396499633789062,-84.35030364990234,81,-5.0,A,Tallahassee,United States,"2018-10-22",1417,1421,-4,1510,1523,-13,DL,N939AT,1399,ATL,TLH,38,53,223,0,0
VPS,Destin-Ft Walton Beach Airport,30.4832,-86.525398,87,-6.0,A,Valparaiso,United States,"2018-10-22",1340,1342,-2,1344,1348,-4,DL,N982DL,2873,ATL,VPS,42,64,250,0,0
ECP,Northwest Florida Beaches International Airport,30.357106,-85.795414,69,-6.0,A,Panama City,United States,"2018-10-22",1347,1354,-7,1351,1352,-1,DL,N902DE,2506,ATL,ECP,42,64,240,0,0
PNS,Pensacola Regional Airport,30.473400115967,-87.186599731445,121,-6.0,A,Pensacola,United States,"2018-10-22",1513,1414,59,1652,1554,58,YX,N133HQ,4537,PHL,PNS,137,159,935,0,0
TLH,Tallahassee Regional Airport,30.396499633789062,-84.35030364990234,81,-5.0,A,Tallahassee,United States,"2018-10-22",1530,1439,51,1648,1603,45,MQ,N698CB,3861,MIA,TLH,64,78,402,0,0
ECP,Northwest Florida Beaches International Airport,30.357106,-85.795414,69,-6.0,A,Panama City,United States,"2018-10-22",1442,1445,-3,1620,1630,-10,EV,N11547,4249,IAH,ECP,78,98,572,0,0
PNS,Pensacola Regional Airport,30.473400115967,-87.186599731445,121,-6.0,A,Pensacola,United States,"2018-10-22",1446,1455,-9,1555,1542,13,YX,N115HQ,4553,CLT,PNS,79,129,488,0,0
PNS,Pensacola Regional Airport,30.473400115967,-87.186599731445,121,-6.0,A,Pensacola,United States,"2018-10-22",1458,1459,-1,1458,1511,-13,DL,N903DE,1270,ATL,PNS,46,60,271,0,0
VPS,Destin-Ft Walton Beach Airport,30.4832,-86.525398,87,-6.0,A,Valparaiso,United States,"2018-10-22",1507,1510,-3,1508,1516,-8,DL,N915DE,2802,ATL,VPS,43,61,250,0,0
TLH,Tallahassee Regional Airport,30.396499633789062,-84.35030364990234,81,-5.0,A,Tallahassee,United States,"2018-10-22",1607,1610,-3,1730,1737,-7,OH,N596NN,5248,CLT,TLH,60,83,386,0,0
PNS,Pensacola Regional Airport,30.473400115967,-87.186599731445,121,-6.0,A,Pensacola,United States,"2018-10-22",1630,1615,15,1717,1701,16,MQ,N685AE,3427,MIA,PNS,92,107,530,0,0
VPS,Destin-Ft Walton Beach Airport,30.4832,-86.525398,87,-6.0,A,Valparaiso,United States,"2018-10-22",1606,1613,-7,1650,1700,-10,G4,"309NV",1901,CVG,VPS,84,104,600,0,0
TLH,Tallahassee Regional Airport,30.396499633789062,-84.35030364990234,81,-5.0,A,Tallahassee,United States,"2018-10-22",1615,1617,-2,1712,1712,0,DL,N951DL,1786,ATL,TLH,40,57,223,0,0
VPS,Destin-Ft Walton Beach Airport,30.4832,-86.525398,87,-6.0,A,Valparaiso,United States,"2018-10-22",1611,1620,-9,1815,1809,6,EV,N13988,4412,IAH,VPS,78,124,528,0,0
PNS,Pensacola Regional Airport,30.473400115967,-87.186599731445,121,-6.0,A,Pensacola,United States,"2018-10-22",1628,1635,-7,1806,1812,-6,YV,N88326,6184,IAH,PNS,70,98,489,0,0
VPS,Destin-Ft Walton Beach Airport,30.4832,-86.525398,87,-6.0,A,Valparaiso,United States,"2018-10-22",1646,1650,-4,1835,1846,-11,YV,N902FJ,5906,DFW,VPS,81,109,641,0,0
PNS,Pensacola Regional Airport,30.473400115967,-87.186599731445,121,-6.0,A,Pensacola,United States,"2018-10-22",1652,1655,-3,1843,1845,-2,MQ,N226NN,3877,DFW,PNS,81,111,604,0,0
PNS,Pensacola Regional Airport,30.473400115967,-87.186599731445,121,-6.0,A,Pensacola,United States,"2018-10-22",1649,1655,-6,1704,1704,0,DL,N697DL,1814,ATL,PNS,49,75,271,0,0
PNS,Pensacola Regional Airport,30.473400115967,-87.186599731445,121,-6.0,A,Pensacola,United States,"2018-10-22",1723,1705,18,1839,1830,9,WN,N479WN,976,HOU,PNS,61,76,488,0,0
ECP,Northwest Florida Beaches International Airport,30.357106,-85.795414,69,-6.0,A,Panama City,United States,"2018-10-22",1732,1710,22,1853,1845,8,WN,N7729A,2008,HOU,ECP,72,81,571,0,0
VPS,Destin-Ft Walton Beach Airport,30.4832,-86.525398,87,-6.0,A,Valparaiso,United States,"2018-10-22",1740,1719,21,1734,1722,12,DL,N971DL,1167,ATL,VPS,39,54,250,0,0
ECP,Northwest Florida Beaches International Airport,30.357106,-85.795414,69,-6.0,A,Panama City,United States,"2018-10-22",1709,1713,-4,1704,1711,-7,DL,N989DL,1403,ATL,ECP,44,55,240,0,0
VPS,Destin-Ft Walton Beach Airport,30.4832,-86.525398,87,-6.0,A,Valparaiso,United States,"2018-10-22",1744,1745,-1,1820,1825,-5,OH,N551NN,5709,CLT,VPS,71,96,460,0,0
TLH,Tallahassee Regional Airport,30.396499633789062,-84.35030364990234,81,-5.0,A,Tallahassee,United States,"2018-10-22",1723,1730,-7,1845,1854,-9,MQ,N918AE,3844,MIA,TLH,67,82,402,0,0
PNS,Pensacola Regional Airport,30.473400115967,-87.186599731445,121,-6.0,A,Pensacola,United States,"2018-10-22",1735,1741,-6,1811,1821,-10,OH,N702PS,5463,CLT,PNS,80,96,488,0,0
TLH,Tallahassee Regional Airport,30.396499633789062,-84.35030364990234,81,-5.0,A,Tallahassee,United States,"2018-10-22",1753,1801,-8,1915,1940,-25,YX,N124HQ,4660,CLT,TLH,62,82,386,0,0
VPS,Destin-Ft Walton Beach Airport,30.4832,-86.525398,87,-6.0,A,Valparaiso,United States,"2018-10-22",1800,1805,-5,1931,1954,-23,EV,N11551,4447,IAH,VPS,70,91,528,0,0
TLH,Tallahassee Regional Airport,30.396499633789062,-84.35030364990234,81,-5.0,A,Tallahassee,United States,"2018-10-22",1801,1804,-3,1901,1910,-9,DL,N935AT,678,ATL,TLH,39,60,223,0,0
TLH,Tallahassee Regional Airport,30.396499633789062,-84.35030364990234,81,-5.0,A,Tallahassee,United States,"2018-10-23",1020,1025,-5,1142,1147,-5,MQ,N664MS,3663,MIA,TLH,63,82,402,0,0
ECP,Northwest Florida Beaches International Airport,30.357106,-85.795414,69,-6.0,A,Panama City,United States,"2018-10-22",,1830,,,1915,,EV,N608QX,2890,CLT,ECP,,,437,1,0
ECP,Northwest Florida Beaches International Airport,30.357106,-85.795414,69,-6.0,A,Panama City,United States,"2018-10-22",,1850,,,2054,,EV,N600QX,2870,DFW,ECP,,,685,1,0
VPS,Destin-Ft Walton Beach Airport,30.4832,-86.525398,87,-6.0,A,Valparaiso,United States,"2018-10-22",1851,1855,-4,2033,2053,-20,AA,N9620D,1445,DFW,VPS,78,102,641,0,0
PNS,Pensacola Regional Airport,30.473400115967,-87.186599731445,121,-6.0,A,Pensacola,United States,"2018-10-22",1938,1935,3,2049,2101,-12,OH,N519AE,5597,DCA,PNS,116,131,816,0,0
VPS,Destin-Ft Walton Beach Airport,30.4832,-86.525398,87,-6.0,A,Valparaiso,United States,"2018-10-22",1932,1936,-4,1935,1945,-10,DL,N994DL,1856,ATL,VPS,43,63,250,0,0
ECP,Northwest Florida Beaches International Airport,30.357106,-85.795414,69,-6.0,A,Panama City,United States,"2018-10-22",654,1955,659,834,2140,654,EV,N18557,4190,IAH,ECP,78,100,572,0,0
TLH,Tallahassee Regional Airport,30.396499633789062,-84.35030364990234,81,-5.0,A,Tallahassee,United States,"2018-10-22",2000,2000,0,2200,2216,-16,YX,N441YX,4504,DCA,TLH,99,120,716,0,0
PNS,Pensacola Regional Airport,30.473400115967,-87.186599731445,121,-6.0,A,Pensacola,United States,"2018-10-22",2033,2035,-2,2213,2220,-7,AA,N979TW,2641,DFW,PNS,76,100,604,0,0
TLH,Tallahassee Regional Airport,30.396499633789062,-84.35030364990234,81,-5.0,A,Tallahassee,United States,"2018-10-22",2051,2051,0,2139,2155,-16,DL,N999DN,1669,ATL,TLH,34,48,223,0,0
PNS,Pensacola Regional Airport,30.473400115967,-87.186599731445,121,-6.0,A,Pensacola,United States,"2018-10-22",2144,2151,-7,2243,2242,1,MQ,N918AE,4109,MIA,PNS,93,119,530,0,0
TLH,Tallahassee Regional Airport,30.396499633789062,-84.35030364990234,81,-5.0,A,Tallahassee,United States,"2018-10-22",2235,2241,-6,2328,2345,-17,DL,N978DL,485,ATL,TLH,39,53,223,0,0
VPS,Destin-Ft Walton Beach Airport,30.4832,-86.525398,87,-6.0,A,Valparaiso,United States,"2018-10-22",2238,2241,-3,2315,2320,-5,OH,N590NN,5696,CLT,VPS,73,97,460,0,0
VPS,Destin-Ft Walton Beach Airport,30.4832,-86.525398,87,-6.0,A,Valparaiso,United States,"2018-10-22",2237,2242,-5,2239,2248,-9,DL,N910DE,1590,ATL,VPS,41,62,250,0,0
ECP,Northwest Florida Beaches International Airport,30.357106,-85.795414,69,-6.0,A,Panama City,United States,"2018-10-22",1151,2245,786,1157,2250,787,DL,N371DA,2303,ATL,ECP,43,66,240,0,0
PNS,Pensacola Regional Airport,30.473400115967,-87.186599731445,121,-6.0,A,Pensacola,United States,"2018-10-23",717,725,-8,902,904,-2,EV,N16981,4182,IAH,PNS,78,105,489,0,0
PNS,Pensacola Regional Airport,30.473400115967,-87.186599731445,121,-6.0,A,Pensacola,United States,"2018-10-23",746,750,-4,855,905,-10,WN,N903WN,2229,BNA,PNS,57,69,391,0,0
PNS,Pensacola Regional Airport,30.473400115967,-87.186599731445,121,-6.0,A,Pensacola,United States,"2018-10-23",818,820,-2,822,831,-9,DL,N955DL,2212,ATL,PNS,49,64,271,0,0
VPS,Destin-Ft Walton Beach Airport,30.4832,-86.525398,87,-6.0,A,Valparaiso,United States,"2018-10-23",853,850,3,1023,1023,0,YX,N446YX,4609,DCA,VPS,114,150,789,0,0
ECP,Northwest Florida Beaches International Airport,30.357106,-85.795414,69,-6.0,A,Panama City,United States,"2018-10-23",857,900,-3,859,903,-4,DL,N901DE,2029,ATL,ECP,46,62,240,0,0
PNS,Pensacola Regional Airport,30.473400115967,-87.186599731445,121,-6.0,A,Pensacola,United States,"2018-10-23",942,935,7,1111,1115,-4,YX,N644RW,3668,IAH,PNS,68,89,489,0,0
VPS,Destin-Ft Walton Beach Airport,30.4832,-86.525398,87,-6.0,A,Valparaiso,United States,"2018-10-23",938,944,-6,941,950,-9,DL,N948DL,2716,ATL,VPS,39,63,250,0,0
PNS,Pensacola Regional Airport,30.473400115967,-87.186599731445,121,-6.0,A,Pensacola,United States,"2018-10-23",1006,1002,4,1014,1017,-3,DL,N900PC,2179,ATL,PNS,47,68,271,0,0
ECP,Northwest Florida Beaches International Airport,30.357106,-85.795414,69,-6.0,A,Panama City,United States,"2018-10-23",1003,1010,-7,1142,1155,-13,EV,N11535,4451,IAH,ECP,79,99,572,0,0
PNS,Pensacola Regional Airport,30.473400115967,-87.186599731445,121,-6.0,A,Pensacola,United States,"2018-10-23",1016,1020,-4,1154,1208,-14,MQ,N242NN,3324,DFW,PNS,76,98,604,0,0
PNS,Pensacola Regional Airport,30.473400115967,-87.186599731445,121,-6.0,A,Pensacola,United States,"2018-10-22",1830,1834,-4,1829,1845,-16,DL,N984DL,2182,ATL,PNS,45,59,271,0,0
VPS,Destin-Ft Walton Beach Airport,30.4832,-86.525398,87,-6.0,A,Valparaiso,United States,"2018-10-22",1941,1931,10,2115,2115,0,G4,"217NV",1903,BLV,VPS,75,94,587,0,0
ECP,Northwest Florida Beaches International Airport,30.357106,-85.795414,69,-6.0,A,Panama City,United States,"2018-10-22",1007,1934,873,1011,1940,871,DL,N3751B,2431,ATL,ECP,43,64,240,0,0
ECP,Northwest Florida Beaches International Airport,30.357106,-85.795414,69,-6.0,A,Panama City,United States,"2018-10-22",,1935,,,2050,,WN,N969WN,1378,BNA,ECP,,,401,1,0
PNS,Pensacola Regional Airport,30.473400115967,-87.186599731445,121,-6.0,A,Pensacola,United States,"2018-10-22",1941,1935,6,2050,2050,0,WN,N238WN,1020,BNA,PNS,56,69,391,0,0
PNS,Pensacola Regional Airport,30.473400115967,-87.186599731445,121,-6.0,A,Pensacola,United States,"2018-10-22",1947,1941,6,2118,2118,0,YV,N88359,6187,IAH,PNS,63,91,489,0,0
PNS,Pensacola Regional Airport,30.473400115967,-87.186599731445,121,-6.0,A,Pensacola,United States,"2018-10-22",1950,1955,-5,2028,2040,-12,OH,N591NN,5103,CLT,PNS,80,98,488,0,0
TLH,Tallahassee Regional Airport,30.396499633789062,-84.35030364990234,81,-5.0,A,Tallahassee,United States,"2018-10-22",2029,2030,-1,2324,2333,-9,MQ,N234JW,4131,DFW,TLH,91,115,767,0,0
PNS,Pensacola Regional Airport,30.473400115967,-87.186599731445,121,-6.0,A,Pensacola,United States,"2018-10-22",2044,2046,-2,2056,2057,-1,DL,N963DL,1236,ATL,PNS,49,72,271,0,0
VPS,Destin-Ft Walton Beach Airport,30.4832,-86.525398,87,-6.0,A,Valparaiso,United States,"2018-10-22",2038,2047,-9,2227,2253,-26,G4,"309NV",1915,MCI,VPS,90,109,764,0,0
TLH,Tallahassee Regional Airport,30.396499633789062,-84.35030364990234,81,-5.0,A,Tallahassee,United States,"2018-10-22",2224,2232,-8,2343,2359,-16,OH,N703PS,5284,CLT,TLH,59,79,386,0,0
PNS,Pensacola Regional Airport,30.473400115967,-87.186599731445,121,-6.0,A,Pensacola,United States,"2018-10-22",2302,2238,24,2301,2247,14,DL,N960DL,1213,ATL,PNS,44,59,271,0,0
PNS,Pensacola Regional Airport,30.473400115967,-87.186599731445,121,-6.0,A,Pensacola,United States,"2018-10-23",720,722,-2,1103,1121,-18,F9,N317FR,638,DEN,PNS,144,163,1179,0,0
PNS,Pensacola Regional Airport,30.473400115967,-87.186599731445,121,-6.0,A,Pensacola,United States,"2018-10-23",734,739,-5,817,824,-7,OH,N530EA,5237,CLT,PNS,75,103,488,0,0
ECP,Northwest Florida Beaches International Airport,30.357106,-85.795414,69,-6.0,A,Panama City,United States,"2018-10-23",742,745,-3,851,900,-9,WN,N7725A,1281,BNA,ECP,58,69,401,0,0
VPS,Destin-Ft Walton Beach Airport,30.4832,-86.525398,87,-6.0,A,Valparaiso,United States,"2018-10-23",832,835,-3,903,911,-8,OH,N552NN,5564,CLT,VPS,72,91,460,0,0
TLH,Tallahassee Regional Airport,30.396499633789062,-84.35030364990234,81,-5.0,A,Tallahassee,United States,"2018-10-23",832,836,-4,926,941,-15,"9E",N176PQ,3281,ATL,TLH,38,54,223,0,0
TLH,Tallahassee Regional Airport,30.396499633789062,-84.35030364990234,81,-5.0,A,Tallahassee,United States,"2018-10-23",936,900,36,1054,1025,29,OH,N587NN,5272,CLT,TLH,57,78,386,0,0
PNS,Pensacola Regional Airport,30.473400115967,-87.186599731445,121,-6.0,A,Pensacola,United States,"2018-10-23",904,915,-11,955,1000,-5,MQ,N905JH,3733,MIA,PNS,89,111,530,0,0
TLH,Tallahassee Regional Airport,30.396499633789062,-84.35030364990234,81,-5.0,A,Tallahassee,United States,"2018-10-23",1044,1050,-6,1137,1150,-13,DL,N945DL,489,ATL,TLH,39,53,223,0,0
VPS,Destin-Ft Walton Beach Airport,30.4832,-86.525398,87,-6.0,A,Valparaiso,United States,"2018-10-23",1050,1055,-5,1244,1257,-13,YV,N248LR,5740,DFW,VPS,80,114,641,0,0
PNS,Pensacola Regional Airport,30.473400115967,-87.186599731445,121,-6.0,A,Pensacola,United States,"2018-10-23",1128,1130,-2,1209,1214,-5,OH,N569NN,5298,CLT,PNS,81,101,488,0,0
ECP,Northwest Florida Beaches International Airport,30.357106,-85.795414,69,-6.0,A,Panama City,United States,"2018-10-23",1109,1112,-3,1105,1116,-11,DL,N950DL,1733,ATL,ECP,41,56,240,0,0
ECP,Northwest Florida Beaches International Airport,30.357106,-85.795414,69,-6.0,A,Panama City,United States,"2018-10-23",1129,1131,-2,1159,1209,-10,EV,N720EV,2893,CLT,ECP,73,90,437,0,0
PNS,Pensacola Regional Airport,30.473400115967,-87.186599731445,121,-6.0,A,Pensacola,United States,"2018-10-23",1137,1138,-1,1257,1300,-3,MQ,N249NN,3771,DCA,PNS,114,140,816,0,0
PNS,Pensacola Regional Airport,30.473400115967,-87.186599731445,121,-6.0,A,Pensacola,United States,"2018-10-23",1205,1155,10,1342,1334,8,EV,N16178,4393,IAH,PNS,66,97,489,0,0
VPS,Destin-Ft Walton Beach Airport,30.4832,-86.525398,87,-6.0,A,Valparaiso,United States,"2018-10-23",1139,1152,-13,1329,1346,-17,G4,"217NV",1909,OKC,VPS,90,110,726,0,0
PNS,Pensacola Regional Airport,30.473400115967,-87.186599731445,121,-6.0,A,Pensacola,United States,"2018-10-23",1233,1236,-3,1236,1247,-11,DL,N973DL,1353,ATL,PNS,48,63,271,0,0
VPS,Destin-Ft Walton Beach Airport,30.4832,-86.525398,87,-6.0,A,Valparaiso,United States,"2018-10-23",1158,1200,-2,1345,1349,-4,EV,N16981,3995,IAH,VPS,71,107,528,0,0
ECP,Northwest Florida Beaches International Airport,30.357106,-85.795414,69,-6.0,A,Panama City,United States,"2018-10-23",1222,1225,-3,1416,1423,-7,EV,N600QX,2895,DFW,ECP,90,114,685,0,0
TLH,Tallahassee Regional Airport,30.396499633789062,-84.35030364990234,81,-5.0,A,Tallahassee,United States,"2018-10-23",1259,1305,-6,1604,1610,-6,MQ,N226NN,4069,DFW,TLH,96,125,767,0,0
PNS,Pensacola Regional Airport,30.473400115967,-87.186599731445,121,-6.0,A,Pensacola,United States,"2018-10-23",1254,1300,-6,1437,1443,-6,AA,N9621A,2389,DFW,PNS,83,103,604,0,0
VPS,Destin-Ft Walton Beach Airport,30.4832,-86.525398,87,-6.0,A,Valparaiso,United States,"2018-10-23",1311,1307,4,1358,1350,8,OH,N592NN,5500,CLT,VPS,71,107,460,0,0
TLH,Tallahassee Regional Airport,30.396499633789062,-84.35030364990234,81,-5.0,A,Tallahassee,United States,"2018-10-23",1315,1320,-5,1452,1451,1,OH,N576NN,5662,CLT,TLH,64,97,386,0,0
ECP,Northwest Florida Beaches International Airport,30.357106,-85.795414,69,-6.0,A,Panama City,United States,"2018-10-23",1348,1354,-6,1345,1352,-7,DL,N938DL,2506,ATL,ECP,39,57,240,0,0
VPS,Destin-Ft Walton Beach Airport,30.4832,-86.525398,87,-6.0,A,Valparaiso,United States,"2018-10-23",1339,1342,-3,1349,1348,1,DL,N944DL,2873,ATL,VPS,41,70,250,0,0
TLH,Tallahassee Regional Airport,30.396499633789062,-84.35030364990234,81,-5.0,A,Tallahassee,United States,"2018-10-23",1419,1421,-2,1513,1523,-10,DL,N942AT,1399,ATL,TLH,40,54,223,0,0
PNS,Pensacola Regional Airport,30.473400115967,-87.186599731445,121,-6.0,A,Pensacola,United States,"2018-10-23",1404,1414,-10,1543,1554,-11,YX,N128HQ,4537,PHL,PNS,139,159,935,0,0
TLH,Tallahassee Regional Airport,30.396499633789062,-84.35030364990234,81,-5.0,A,Tallahassee,United States,"2018-10-23",1435,1439,-4,1555,1603,-8,MQ,N664MS,3861,MIA,TLH,64,80,402,0,0
ECP,Northwest Florida Beaches International Airport,30.357106,-85.795414,69,-6.0,A,Panama City,United States,"2018-10-23",1434,1445,-11,1620,1630,-10,EV,N13118,4249,IAH,ECP,81,106,572,0,0
PNS,Pensacola Regional Airport,30.473400115967,-87.186599731445,121,-6.0,A,Pensacola,United States,"2018-10-23",1513,1455,18,1555,1542,13,YX,N115HQ,4553,CLT,PNS,81,102,488,0,0
PNS,Pensacola Regional Airport,30.473400115967,-87.186599731445,121,-6.0,A,Pensacola,United States,"2018-10-23",1457,1459,-2,1510,1511,-1,DL,N950DL,1270,ATL,PNS,50,73,271,0,0
VPS,Destin-Ft Walton Beach Airport,30.4832,-86.525398,87,-6.0,A,Valparaiso,United States,"2018-10-23",1507,1510,-3,1509,1516,-7,DL,N963DL,2802,ATL,VPS,40,62,250,0,0
TLH,Tallahassee Regional Airport,30.396499633789062,-84.35030364990234,81,-5.0,A,Tallahassee,United States,"2018-10-23",1603,1610,-7,1728,1737,-9,OH,N591NN,5248,CLT,TLH,64,85,386,0,0
PNS,Pensacola Regional Airport,30.473400115967,-87.186599731445,121,-6.0,A,Pensacola,United States,"2018-10-23",1610,1615,-5,1658,1701,-3,MQ,N932AE,3427,MIA,PNS,90,108,530,0,0
TLH,Tallahassee Regional Airport,30.396499633789062,-84.35030364990234,81,-5.0,A,Tallahassee,United States,"2018-10-23",1615,1617,-2,1712,1712,0,DL,N910DE,1786,ATL,TLH,39,57,223,0,0
VPS,Destin-Ft Walton Beach Airport,30.4832,-86.525398,87,-6.0,A,Valparaiso,United States,"2018-10-23",1615,1620,-5,1745,1809,-24,EV,N11551,4412,IAH,VPS,71,90,528,0,0
VPS,Destin-Ft Walton Beach Airport,30.4832,-86.525398,87,-6.0,A,Valparaiso,United States,"2018-10-23",1643,1650,-7,1835,1846,-11,YV,N924FJ,5906,DFW,VPS,83,112,641,0,0
PNS,Pensacola Regional Airport,30.473400115967,-87.186599731445,121,-6.0,A,Pensacola,United States,"2018-10-23",1630,1635,-5,1801,1812,-11,YV,N86336,6184,IAH,PNS,67,91,489,0,0
PNS,Pensacola Regional Airport,30.473400115967,-87.186599731445,121,-6.0,A,Pensacola,United States,"2018-10-23",1653,1655,-2,1836,1845,-9,MQ,N256NN,3877,DFW,PNS,75,103,604,0,0
PNS,Pensacola Regional Airport,30.473400115967,-87.186599731445,121,-6.0,A,Pensacola,United States,"2018-10-23",1654,1655,-1,1703,1704,-1,DL,N6701,1814,ATL,PNS,50,69,271,0,0
PNS,Pensacola Regional Airport,30.473400115967,-87.186599731445,121,-6.0,A,Pensacola,United States,"2018-10-23",1657,1705,-8,1813,1830,-17,WN,N431WN,976,HOU,PNS,63,76,488,0,0
ECP,Northwest Florida Beaches International Airport,30.357106,-85.795414,69,-6.0,A,Panama City,United States,"2018-10-23",1709,1710,-1,1847,1845,2,WN,N7813P,2008,HOU,ECP,72,98,571,0,0
VPS,Destin-Ft Walton Beach Airport,30.4832,-86.525398,87,-6.0,A,Valparaiso,United States,"2018-10-23",1713,1719,-6,1712,1722,-10,DL,N910DL,1167,ATL,VPS,40,59,250,0,0
ECP,Northwest Florida Beaches International Airport,30.357106,-85.795414,69,-6.0,A,Panama City,United States,"2018-10-23",1705,1713,-8,1717,1711,6,DL,N961DL,1403,ATL,ECP,52,72,240,0,0
TLH,Tallahassee Regional Airport,30.396499633789062,-84.35030364990234,81,-5.0,A,Tallahassee,United States,"2018-10-23",1718,1730,-12,1838,1854,-16,MQ,N698CB,3844,MIA,TLH,63,80,402,0,0
VPS,Destin-Ft Walton Beach Airport,30.4832,-86.525398,87,-6.0,A,Valparaiso,United States,"2018-10-23",1741,1745,-4,1818,1825,-7,OH,N555NN,5709,CLT,VPS,78,97,460,0,0
PNS,Pensacola Regional Airport,30.473400115967,-87.186599731445,121,-6.0,A,Pensacola,United States,"2018-10-23",1750,1741,9,1825,1821,4,OH,N514AE,5463,CLT,PNS,78,95,488,0,0
VPS,Destin-Ft Walton Beach Airport,30.4832,-86.525398,87,-6.0,A,Valparaiso,United States,"2018-10-23",1758,1805,-7,1933,1954,-21,EV,N11547,4447,IAH,VPS,77,95,528,0,0
TLH,Tallahassee Regional Airport,30.396499633789062,-84.35030364990234,81,-5.0,A,Tallahassee,United States,"2018-10-23",1948,1801,107,2115,1940,95,YX,N130HQ,4660,CLT,TLH,62,87,386,0,0
VPS,Destin-Ft Walton Beach Airport,30.4832,-86.525398,87,-6.0,A,Valparaiso,United States,"2018-10-23",2300,1803,297,2337,1844,293,G4,"256NV",1919,SDF,VPS,69,97,532,0,0
TLH,Tallahassee Regional Airport,30.396499633789062,-84.35030364990234,81,-5.0,A,Tallahassee,United States,"2018-10-23",1827,1804,23,1925,1910,15,DL,N990AT,678,ATL,TLH,38,58,223,0,0
ECP,Northwest Florida Beaches International Airport,30.357106,-85.795414,69,-6.0,A,Panama City,United States,"2018-10-23",,1830,,,1915,,EV,N600QX,2890,CLT,ECP,,,437,1,0
PNS,Pensacola Regional Airport,30.473400115967,-87.186599731445,121,-6.0,A,Pensacola,United States,"2018-10-23",1827,1834,-7,1840,1845,-5,DL,N988DL,2182,ATL,PNS,49,73,271,0,0
ECP,Northwest Florida Beaches International Airport,30.357106,-85.795414,69,-6.0,A,Panama City,United States,"2018-10-23",,1850,,,2054,,EV,N605QX,2870,DFW,ECP,,,685,1,0
VPS,Destin-Ft Walton Beach Airport,30.4832,-86.525398,87,-6.0,A,Valparaiso,United States,"2018-10-23",1855,1855,0,2040,2053,-13,AA,N984TW,1445,DFW,VPS,80,105,641,0,0
PNS,Pensacola Regional Airport,30.473400115967,-87.186599731445,121,-6.0,A,Pensacola,United States,"2018-10-24",1125,1130,-5,1201,1214,-13,OH,N596NN,5298,CLT,PNS,77,96,488,0,0
ECP,Northwest Florida Beaches International Airport,30.357106,-85.795414,69,-6.0,A,Panama City,United States,"2018-10-23",1010,1934,876,1011,1940,871,DL,N387DA,2431,ATL,ECP,42,61,240,0,0
ECP,Northwest Florida Beaches International Airport,30.357106,-85.795414,69,-6.0,A,Panama City,United States,"2018-10-23",,1935,,,2050,,WN,"",1378,BNA,ECP,,,401,1,0
PNS,Pensacola Regional Airport,30.473400115967,-87.186599731445,121,-6.0,A,Pensacola,United States,"2018-10-23",1954,1935,19,2109,2050,19,WN,N555LV,1020,BNA,PNS,59,75,391,0,0
PNS,Pensacola Regional Airport,30.473400115967,-87.186599731445,121,-6.0,A,Pensacola,United States,"2018-10-23",1941,1941,0,2105,2118,-13,YV,N85323,6187,IAH,PNS,66,84,489,0,0
ECP,Northwest Florida Beaches International Airport,30.357106,-85.795414,69,-6.0,A,Panama City,United States,"2018-10-23",647,1955,652,828,2140,648,EV,N14568,4190,IAH,ECP,80,101,572,0,0
TLH,Tallahassee Regional Airport,30.396499633789062,-84.35030364990234,81,-5.0,A,Tallahassee,United States,"2018-10-23",1954,2000,-6,2211,2216,-5,YX,N416YX,4504,DCA,TLH,106,137,716,0,0
TLH,Tallahassee Regional Airport,30.396499633789062,-84.35030364990234,81,-5.0,A,Tallahassee,United States,"2018-10-23",2024,2030,-6,2317,2333,-16,MQ,N229NN,4131,DFW,TLH,94,113,767,0,0
PNS,Pensacola Regional Airport,30.473400115967,-87.186599731445,121,-6.0,A,Pensacola,United States,"2018-10-23",2042,2046,-4,2044,2057,-13,DL,N943DL,1236,ATL,PNS,45,62,271,0,0
PNS,Pensacola Regional Airport,30.473400115967,-87.186599731445,121,-6.0,A,Pensacola,United States,"2018-10-23",2145,2151,-6,2238,2242,-4,MQ,N653AE,4109,MIA,PNS,87,113,530,0,0
VPS,Destin-Ft Walton Beach Airport,30.4832,-86.525398,87,-6.0,A,Valparaiso,United States,"2018-10-23",2235,2241,-6,2310,2320,-10,OH,N584NN,5696,CLT,VPS,72,95,460,0,0
VPS,Destin-Ft Walton Beach Airport,30.4832,-86.525398,87,-6.0,A,Valparaiso,United States,"2018-10-23",2238,2242,-4,2245,2248,-3,DL,N997DL,1590,ATL,VPS,40,67,250,0,0
ECP,Northwest Florida Beaches International Airport,30.357106,-85.795414,69,-6.0,A,Panama City,United States,"2018-10-23",1204,2245,799,1202,2250,792,DL,N397DA,2303,ATL,ECP,41,58,240,0,0
VPS,Destin-Ft Walton Beach Airport,30.4832,-86.525398,87,-6.0,A,Valparaiso,United States,"2018-10-24",656,700,-4,758,810,-12,G4,"326NV",1424,PIT,VPS,102,122,775,0,0
PNS,Pensacola Regional Airport,30.473400115967,-87.186599731445,121,-6.0,A,Pensacola,United States,"2018-10-24",749,750,-1,856,905,-9,WN,N944WN,2229,BNA,PNS,57,67,391,0,0
PNS,Pensacola Regional Airport,30.473400115967,-87.186599731445,121,-6.0,A,Pensacola,United States,"2018-10-24",814,820,-6,815,831,-16,DL,N974DL,2212,ATL,PNS,48,61,271,0,0
VPS,Destin-Ft Walton Beach Airport,30.4832,-86.525398,87,-6.0,A,Valparaiso,United States,"2018-10-24",826,835,-9,901,911,-10,OH,N554NN,5564,CLT,VPS,69,95,460,0,0
TLH,Tallahassee Regional Airport,30.396499633789062,-84.35030364990234,81,-5.0,A,Tallahassee,United States,"2018-10-24",828,836,-8,924,941,-17,"9E",N929XJ,3281,ATL,TLH,37,56,223,0,0
VPS,Destin-Ft Walton Beach Airport,30.4832,-86.525398,87,-6.0,A,Valparaiso,United States,"2018-10-24",838,850,-12,1013,1023,-10,YX,N411YX,4609,DCA,VPS,108,155,789,0,0
ECP,Northwest Florida Beaches International Airport,30.357106,-85.795414,69,-6.0,A,Panama City,United States,"2018-10-24",855,900,-5,856,903,-7,DL,N954DL,2029,ATL,ECP,40,61,240,0,0
PNS,Pensacola Regional Airport,30.473400115967,-87.186599731445,121,-6.0,A,Pensacola,United States,"2018-10-24",913,915,-2,1021,1000,21,MQ,N685AE,3733,MIA,PNS,95,128,530,0,0
PNS,Pensacola Regional Airport,30.473400115967,-87.186599731445,121,-6.0,A,Pensacola,United States,"2018-10-24",1002,1002,0,1010,1017,-7,DL,N660DL,2179,ATL,PNS,45,68,271,0,0
ECP,Northwest Florida Beaches International Airport,30.357106,-85.795414,69,-6.0,A,Panama City,United States,"2018-10-24",1005,1010,-5,1205,1155,10,EV,N13975,4451,IAH,ECP,83,120,572,0,0
TLH,Tallahassee Regional Airport,30.396499633789062,-84.35030364990234,81,-5.0,A,Tallahassee,United States,"2018-10-24",1025,1025,0,1151,1147,4,MQ,N931AE,3663,MIA,TLH,72,86,402,0,0
VPS,Destin-Ft Walton Beach Airport,30.4832,-86.525398,87,-6.0,A,Valparaiso,United States,"2018-10-24",1038,1048,-10,1115,1135,-20,G4,"256NV",1901,CVG,VPS,78,97,600,0,0
TLH,Tallahassee Regional Airport,30.396499633789062,-84.35030364990234,81,-5.0,A,Tallahassee,United States,"2018-10-24",1041,1050,-9,1132,1150,-18,DL,N977DL,489,ATL,TLH,37,51,223,0,0
VPS,Destin-Ft Walton Beach Airport,30.4832,-86.525398,87,-6.0,A,Valparaiso,United States,"2018-10-24",1054,1055,-1,1250,1257,-7,YV,N932LR,5740,DFW,VPS,82,116,641,0,0
ECP,Northwest Florida Beaches International Airport,30.357106,-85.795414,69,-6.0,A,Panama City,United States,"2018-10-24",1127,1131,-4,1156,1209,-13,EV,N611QX,2893,CLT,ECP,67,89,437,0,0
PNS,Pensacola Regional Airport,30.473400115967,-87.186599731445,121,-6.0,A,Pensacola,United States,"2018-10-24",1301,1138,83,1411,1300,71,MQ,N223NN,3771,DCA,PNS,115,130,816,0,0
PNS,Pensacola Regional Airport,30.473400115967,-87.186599731445,121,-6.0,A,Pensacola,United States,"2018-10-24",1132,1139,-7,1345,1352,-7,F9,N926FR,1286,ORD,PNS,107,133,794,0,0
PNS,Pensacola Regional Airport,30.473400115967,-87.186599731445,121,-6.0,A,Pensacola,United States,"2018-10-23",2045,1935,70,2211,2101,70,OH,N544AE,5597,DCA,PNS,127,146,816,0,0
VPS,Destin-Ft Walton Beach Airport,30.4832,-86.525398,87,-6.0,A,Valparaiso,United States,"2018-10-23",1935,1936,-1,1944,1945,-1,DL,N980DL,1856,ATL,VPS,40,69,250,0,0
PNS,Pensacola Regional Airport,30.473400115967,-87.186599731445,121,-6.0,A,Pensacola,United States,"2018-10-23",1952,1955,-3,2028,2040,-12,OH,N568NN,5103,CLT,PNS,79,96,488,0,0
PNS,Pensacola Regional Airport,30.473400115967,-87.186599731445,121,-6.0,A,Pensacola,United States,"2018-10-23",2031,2035,-4,2203,2220,-17,AA,N961TW,2641,DFW,PNS,75,92,604,0,0
TLH,Tallahassee Regional Airport,30.396499633789062,-84.35030364990234,81,-5.0,A,Tallahassee,United States,"2018-10-23",2050,2051,-1,2142,2155,-13,DL,N902DE,1669,ATL,TLH,38,52,223,0,0
TLH,Tallahassee Regional Airport,30.396499633789062,-84.35030364990234,81,-5.0,A,Tallahassee,United States,"2018-10-23",2223,2232,-9,2342,2359,-17,OH,N540EA,5284,CLT,TLH,61,79,386,0,0
PNS,Pensacola Regional Airport,30.473400115967,-87.186599731445,121,-6.0,A,Pensacola,United States,"2018-10-23",2233,2238,-5,2242,2247,-5,DL,N989DL,1213,ATL,PNS,45,69,271,0,0
TLH,Tallahassee Regional Airport,30.396499633789062,-84.35030364990234,81,-5.0,A,Tallahassee,United States,"2018-10-23",2228,2241,-13,2325,2345,-20,DL,N912DE,485,ATL,TLH,38,57,223,0,0
PNS,Pensacola Regional Airport,30.473400115967,-87.186599731445,121,-6.0,A,Pensacola,United States,"2018-10-24",716,725,-9,846,904,-18,EV,N12567,4182,IAH,PNS,71,90,489,0,0
PNS,Pensacola Regional Airport,30.473400115967,-87.186599731445,121,-6.0,A,Pensacola,United States,"2018-10-24",735,739,-4,811,824,-13,OH,N525EA,5237,CLT,PNS,73,96,488,0,0
ECP,Northwest Florida Beaches International Airport,30.357106,-85.795414,69,-6.0,A,Panama City,United States,"2018-10-24",914,745,89,1024,900,84,WN,N7813P,1281,BNA,ECP,57,70,401,0,0
TLH,Tallahassee Regional Airport,30.396499633789062,-84.35030364990234,81,-5.0,A,Tallahassee,United States,"2018-10-24",853,900,-7,1013,1025,-12,OH,N559NN,5272,CLT,TLH,64,80,386,0,0
PNS,Pensacola Regional Airport,30.473400115967,-87.186599731445,121,-6.0,A,Pensacola,United States,"2018-10-24",925,935,-10,1053,1115,-22,YX,N643RW,3668,IAH,PNS,64,88,489,0,0
VPS,Destin-Ft Walton Beach Airport,30.4832,-86.525398,87,-6.0,A,Valparaiso,United States,"2018-10-24",940,944,-4,942,950,-8,DL,N900DE,2716,ATL,VPS,40,62,250,0,0
PNS,Pensacola Regional Airport,30.473400115967,-87.186599731445,121,-6.0,A,Pensacola,United States,"2018-10-24",1016,1020,-4,1202,1208,-6,MQ,N228NN,3324,DFW,PNS,83,106,604,0,0
ECP,Northwest Florida Beaches International Airport,30.357106,-85.795414,69,-6.0,A,Panama City,United States,"2018-10-24",1107,1112,-5,1103,1116,-13,DL,N915DL,1733,ATL,ECP,42,56,240,0,0
VPS,Destin-Ft Walton Beach Airport,30.4832,-86.525398,87,-6.0,A,Valparaiso,United States,"2018-10-24",1152,1200,-8,1326,1349,-23,EV,N12567,3995,IAH,VPS,74,94,528,0,0
PNS,Pensacola Regional Airport,30.473400115967,-87.186599731445,121,-6.0,A,Pensacola,United States,"2018-10-24",1155,1155,0,1323,1334,-11,EV,N11565,4393,IAH,PNS,70,88,489,0,0
VPS,Destin-Ft Walton Beach Airport,30.4832,-86.525398,87,-6.0,A,Valparaiso,United States,"2018-10-24",1153,1200,-7,1342,1345,-3,G4,"309NV",1991,EWR,VPS,139,169,988,0,0
ECP,Northwest Florida Beaches International Airport,30.357106,-85.795414,69,-6.0,A,Panama City,United States,"2018-10-24",1223,1225,-2,1419,1423,-4,EV,N716EV,2895,DFW,ECP,97,116,685,0,0
PNS,Pensacola Regional Airport,30.473400115967,-87.186599731445,121,-6.0,A,Pensacola,United States,"2018-10-24",1229,1236,-7,1235,1247,-12,DL,N920DE,1353,ATL,PNS,48,66,271,0,0
TLH,Tallahassee Regional Airport,30.396499633789062,-84.35030364990234,81,-5.0,A,Tallahassee,United States,"2018-10-24",1300,1305,-5,1602,1610,-8,MQ,N248NN,4069,DFW,TLH,94,122,767,0,0
PNS,Pensacola Regional Airport,30.473400115967,-87.186599731445,121,-6.0,A,Pensacola,United States,"2018-10-24",1345,1300,45,1524,1443,41,AA,N970TW,2389,DFW,PNS,79,99,604,0,0
TLH,Tallahassee Regional Airport,30.396499633789062,-84.35030364990234,81,-5.0,A,Tallahassee,United States,"2018-10-24",1325,1320,5,1459,1451,8,OH,N554NN,5662,CLT,TLH,65,94,386,0,0
VPS,Destin-Ft Walton Beach Airport,30.4832,-86.525398,87,-6.0,A,Valparaiso,United States,"2018-10-24",1305,1307,-2,1343,1350,-7,OH,N586NN,5500,CLT,VPS,71,98,460,0,0
ECP,Northwest Florida Beaches International Airport,30.357106,-85.795414,69,-6.0,A,Panama City,United States,"2018-10-24",1350,1354,-4,1344,1352,-8,DL,N948DL,2506,ATL,ECP,40,54,240,0,0
VPS,Destin-Ft Walton Beach Airport,30.4832,-86.525398,87,-6.0,A,Valparaiso,United States,"2018-10-24",1339,1342,-3,1336,1348,-12,DL,N938DL,2873,ATL,VPS,40,57,250,0,0
TLH,Tallahassee Regional Airport,30.396499633789062,-84.35030364990234,81,-5.0,A,Tallahassee,United States,"2018-10-24",1416,1421,-5,1505,1523,-18,DL,N948AT,1399,ATL,TLH,36,49,223,0,0
PNS,Pensacola Regional Airport,30.473400115967,-87.186599731445,121,-6.0,A,Pensacola,United States,"2018-10-24",1409,1414,-5,1538,1554,-16,YX,N131HQ,4537,PHL,PNS,124,149,935,0,0
TLH,Tallahassee Regional Airport,30.396499633789062,-84.35030364990234,81,-5.0,A,Tallahassee,United States,"2018-10-24",1432,1439,-7,1557,1603,-6,MQ,N931AE,3861,MIA,TLH,69,85,402,0,0
ECP,Northwest Florida Beaches International Airport,30.357106,-85.795414,69,-6.0,A,Panama City,United States,"2018-10-24",1443,1445,-2,1627,1630,-3,EV,N16981,4249,IAH,ECP,77,104,572,0,0
PNS,Pensacola Regional Airport,30.473400115967,-87.186599731445,121,-6.0,A,Pensacola,United States,"2018-10-24",1446,1455,-9,1541,1542,-1,YX,N130HQ,4553,CLT,PNS,73,115,488,0,0
PNS,Pensacola Regional Airport,30.473400115967,-87.186599731445,121,-6.0,A,Pensacola,United States,"2018-10-24",1505,1459,6,1508,1511,-3,DL,N983DL,1270,ATL,PNS,48,63,271,0,0
VPS,Destin-Ft Walton Beach Airport,30.4832,-86.525398,87,-6.0,A,Valparaiso,United States,"2018-10-24",1520,1510,10,1523,1516,7,DL,N988DL,2802,ATL,VPS,40,63,250,0,0
TLH,Tallahassee Regional Airport,30.396499633789062,-84.35030364990234,81,-5.0,A,Tallahassee,United States,"2018-10-24",1618,1610,8,1749,1737,12,OH,N596NN,5248,CLT,TLH,67,91,386,0,0
PNS,Pensacola Regional Airport,30.473400115967,-87.186599731445,121,-6.0,A,Pensacola,United States,"2018-10-24",1606,1615,-9,1651,1701,-10,MQ,N681AE,3427,MIA,PNS,91,105,530,0,0
VPS,Destin-Ft Walton Beach Airport,30.4832,-86.525398,87,-6.0,A,Valparaiso,United States,"2018-10-24",1614,1620,-6,1758,1809,-11,EV,N11547,4412,IAH,VPS,73,104,528,0,0
TLH,Tallahassee Regional Airport,30.396499633789062,-84.35030364990234,81,-5.0,A,Tallahassee,United States,"2018-10-24",1623,1617,6,1718,1712,6,DL,N937DL,1786,ATL,TLH,38,55,223,0,0
PNS,Pensacola Regional Airport,30.473400115967,-87.186599731445,121,-6.0,A,Pensacola,United States,"2018-10-24",1650,1655,-5,1829,1845,-16,MQ,N232NN,3877,DFW,PNS,77,99,604,0,0
PNS,Pensacola Regional Airport,30.473400115967,-87.186599731445,121,-6.0,A,Pensacola,United States,"2018-10-24",1633,1635,-2,1817,1812,5,YV,N89321,6184,IAH,PNS,70,104,489,0,0
VPS,Destin-Ft Walton Beach Airport,30.4832,-86.525398,87,-6.0,A,Valparaiso,United States,"2018-10-24",1648,1650,-2,1846,1846,0,YV,N959LR,5906,DFW,VPS,81,118,641,0,0
PNS,Pensacola Regional Airport,30.473400115967,-87.186599731445,121,-6.0,A,Pensacola,United States,"2018-10-24",1653,1655,-2,1648,1704,-16,DL,N557NW,1814,ATL,PNS,43,55,271,0,0
PNS,Pensacola Regional Airport,30.473400115967,-87.186599731445,121,-6.0,A,Pensacola,United States,"2018-10-24",1757,1705,52,1911,1830,41,WN,N286WN,976,HOU,PNS,65,74,488,0,0
ECP,Northwest Florida Beaches International Airport,30.357106,-85.795414,69,-6.0,A,Panama City,United States,"2018-10-24",1738,1710,28,1910,1845,25,WN,N7814B,2008,HOU,ECP,76,92,571,0,0
ECP,Northwest Florida Beaches International Airport,30.357106,-85.795414,69,-6.0,A,Panama City,United States,"2018-10-24",1710,1713,-3,1704,1711,-7,DL,N994DL,1403,ATL,ECP,40,54,240,0,0
VPS,Destin-Ft Walton Beach Airport,30.4832,-86.525398,87,-6.0,A,Valparaiso,United States,"2018-10-24",1716,1719,-3,1712,1722,-10,DL,N953DL,1167,ATL,VPS,40,56,250,0,0
TLH,Tallahassee Regional Airport,30.396499633789062,-84.35030364990234,81,-5.0,A,Tallahassee,United States,"2018-10-24",1724,1730,-6,1849,1854,-5,MQ,N685AE,3844,MIA,TLH,66,85,402,0,0
PNS,Pensacola Regional Airport,30.473400115967,-87.186599731445,121,-6.0,A,Pensacola,United States,"2018-10-24",1735,1741,-6,1815,1821,-6,OH,N517AE,5463,CLT,PNS,77,100,488,0,0
VPS,Destin-Ft Walton Beach Airport,30.4832,-86.525398,87,-6.0,A,Valparaiso,United States,"2018-10-24",1744,1745,-1,1817,1825,-8,OH,N559NN,5709,CLT,VPS,71,93,460,0,0
TLH,Tallahassee Regional Airport,30.396499633789062,-84.35030364990234,81,-5.0,A,Tallahassee,United States,"2018-10-24",1807,1801,6,1933,1940,-7,YX,N108HQ,4660,CLT,TLH,59,86,386,0,0
TLH,Tallahassee Regional Airport,30.396499633789062,-84.35030364990234,81,-5.0,A,Tallahassee,United States,"2018-10-24",1800,1804,-4,1852,1910,-18,DL,N940AT,678,ATL,TLH,35,52,223,0,0
VPS,Destin-Ft Walton Beach Airport,30.4832,-86.525398,87,-6.0,A,Valparaiso,United States,"2018-10-24",1756,1805,-9,1927,1954,-27,EV,N13566,4447,IAH,VPS,71,91,528,0,0
ECP,Northwest Florida Beaches International Airport,30.357106,-85.795414,69,-6.0,A,Panama City,United States,"2018-10-24",1822,1830,-8,1856,1915,-19,EV,N716EV,2890,CLT,ECP,63,94,437,0,0
PNS,Pensacola Regional Airport,30.473400115967,-87.186599731445,121,-6.0,A,Pensacola,United States,"2018-10-24",1831,1834,-3,1834,1845,-11,DL,N955DL,2182,ATL,PNS,45,63,271,0,0
VPS,Destin-Ft Walton Beach Airport,30.4832,-86.525398,87,-6.0,A,Valparaiso,United States,"2018-10-24",1822,1831,-9,1930,1951,-21,G4,"309NV",1947,BWI,VPS,109,128,819,0,0
ECP,Northwest Florida Beaches International Airport,30.357106,-85.795414,69,-6.0,A,Panama City,United States,"2018-10-24",,1850,,,2054,,EV,N720EV,2870,DFW,ECP,,,685,1,0
VPS,Destin-Ft Walton Beach Airport,30.4832,-86.525398,87,-6.0,A,Valparaiso,United States,"2018-10-24",1935,1855,40,2135,2053,42,AA,N961TW,1445,DFW,VPS,83,120,641,0,0
ECP,Northwest Florida Beaches International Airport,30.357106,-85.795414,69,-6.0,A,Panama City,United States,"2018-10-24",1005,1934,871,1039,1940,899,DL,N386DA,2431,ATL,ECP,38,94,240,0,0
PNS,Pensacola Regional Airport,30.473400115967,-87.186599731445,121,-6.0,A,Pensacola,United States,"2018-10-24",1928,1935,-7,2041,2101,-20,OH,N519AE,5597,DCA,PNS,113,133,816,0,0
VPS,Destin-Ft Walton Beach Airport,30.4832,-86.525398,87,-6.0,A,Valparaiso,United States,"2018-10-24",1930,1936,-6,1943,1945,-2,DL,N909DE,1856,ATL,VPS,41,73,250,0,0
PNS,Pensacola Regional Airport,30.473400115967,-87.186599731445,121,-6.0,A,Pensacola,United States,"2018-10-24",2008,1941,27,2139,2118,21,YV,N87353,6187,IAH,PNS,65,91,489,0,0
ECP,Northwest Florida Beaches International Airport,30.357106,-85.795414,69,-6.0,A,Panama City,United States,"2018-10-24",658,1955,663,847,2140,667,EV,N13989,4190,IAH,ECP,79,109,572,0,0
TLH,Tallahassee Regional Airport,30.396499633789062,-84.35030364990234,81,-5.0,A,Tallahassee,United States,"2018-10-24",2111,2030,41,14,2333,41,MQ,N261NN,4131,DFW,TLH,93,123,767,0,0
PNS,Pensacola Regional Airport,30.473400115967,-87.186599731445,121,-6.0,A,Pensacola,United States,"2018-10-24",2040,2035,5,2215,2220,-5,AA,N980TW,2641,DFW,PNS,77,95,604,0,0
PNS,Pensacola Regional Airport,30.473400115967,-87.186599731445,121,-6.0,A,Pensacola,United States,"2018-10-24",2044,2046,-2,2044,2057,-13,DL,N910DL,1236,ATL,PNS,45,60,271,0,0
TLH,Tallahassee Regional Airport,30.396499633789062,-84.35030364990234,81,-5.0,A,Tallahassee,United States,"2018-10-24",2239,2241,-2,2337,2345,-8,DL,N988DL,485,ATL,TLH,43,58,223,0,0
VPS,Destin-Ft Walton Beach Airport,30.4832,-86.525398,87,-6.0,A,Valparaiso,United States,"2018-10-24",2235,2241,-6,2313,2320,-7,OH,N550NN,5696,CLT,VPS,73,98,460,0,0
VPS,Destin-Ft Walton Beach Airport,30.4832,-86.525398,87,-6.0,A,Valparaiso,United States,"2018-10-24",2237,2242,-5,2235,2248,-13,DL,N977DL,1590,ATL,VPS,40,58,250,0,0
ECP,Northwest Florida Beaches International Airport,30.357106,-85.795414,69,-6.0,A,Panama City,United States,"2018-10-24",1159,2245,794,1204,2250,794,DL,N310DE,2303,ATL,ECP,44,65,240,0,0
VPS,Destin-Ft Walton Beach Airport,30.4832,-86.525398,87,-6.0,A,Valparaiso,United States,"2018-10-25",702,705,-3,855,901,-6,YV,N956LR,5725,DFW,VPS,84,113,641,0,0
PNS,Pensacola Regional Airport,30.473400115967,-87.186599731445,121,-6.0,A,Pensacola,United States,"2018-10-25",724,725,-1,852,904,-12,EV,N16987,4182,IAH,PNS,69,88,489,0,0
ECP,Northwest Florida Beaches International Airport,30.357106,-85.795414,69,-6.0,A,Panama City,United States,"2018-10-25",814,745,29,949,900,49,WN,N556WN,1281,BNA,ECP,84,95,401,0,0
PNS,Pensacola Regional Airport,30.473400115967,-87.186599731445,121,-6.0,A,Pensacola,United States,"2018-10-25",815,820,-5,820,831,-11,DL,N937DL,2212,ATL,PNS,52,65,271,0,0
TLH,Tallahassee Regional Airport,30.396499633789062,-84.35030364990234,81,-5.0,A,Tallahassee,United States,"2018-10-25",858,900,-2,1021,1025,-4,OH,N600NN,5272,CLT,TLH,66,83,386,0,0
PNS,Pensacola Regional Airport,30.473400115967,-87.186599731445,121,-6.0,A,Pensacola,United States,"2018-10-25",906,915,-9,1013,1000,13,MQ,N675AE,3733,MIA,PNS,98,127,530,0,0
VPS,Destin-Ft Walton Beach Airport,30.4832,-86.525398,87,-6.0,A,Valparaiso,United States,"2018-10-25",956,946,10,1143,1138,5,G4,"228NV",1993,AUS,VPS,84,107,666,0,0
PNS,Pensacola Regional Airport,30.473400115967,-87.186599731445,121,-6.0,A,Pensacola,United States,"2018-10-25",959,1002,-3,1019,1017,2,DL,N555NW,2179,ATL,PNS,53,80,271,0,0
ECP,Northwest Florida Beaches International Airport,30.357106,-85.795414,69,-6.0,A,Panama City,United States,"2018-10-25",1025,1010,15,1205,1155,10,EV,N13988,4451,IAH,ECP,80,100,572,0,0
TLH,Tallahassee Regional Airport,30.396499633789062,-84.35030364990234,81,-5.0,A,Tallahassee,United States,"2018-10-25",1023,1025,-2,1151,1147,4,MQ,N931AE,3663,MIA,TLH,67,88,402,0,0
VPS,Destin-Ft Walton Beach Airport,30.4832,-86.525398,87,-6.0,A,Valparaiso,United States,"2018-10-25",,1055,,,1257,,YV,"",5740,DFW,VPS,,,641,1,0
PNS,Pensacola Regional Airport,30.473400115967,-87.186599731445,121,-6.0,A,Pensacola,United States,"2018-10-24",1951,1955,-4,2019,2040,-21,OH,N587NN,5103,CLT,PNS,72,88,488,0,0
TLH,Tallahassee Regional Airport,30.396499633789062,-84.35030364990234,81,-5.0,A,Tallahassee,United States,"2018-10-24",1952,2000,-8,2203,2216,-13,YX,N134HQ,4504,DCA,TLH,102,131,716,0,0
TLH,Tallahassee Regional Airport,30.396499633789062,-84.35030364990234,81,-5.0,A,Tallahassee,United States,"2018-10-24",2052,2051,1,2141,2155,-14,DL,N989DL,1669,ATL,TLH,36,49,223,0,0
PNS,Pensacola Regional Airport,30.473400115967,-87.186599731445,121,-6.0,A,Pensacola,United States,"2018-10-24",2141,2151,-10,2234,2242,-8,MQ,N918AE,4109,MIA,PNS,87,113,530,0,0
TLH,Tallahassee Regional Airport,30.396499633789062,-84.35030364990234,81,-5.0,A,Tallahassee,United States,"2018-10-24",2227,2232,-5,2355,2359,-4,OH,N705PS,5284,CLT,TLH,66,88,386,0,0
PNS,Pensacola Regional Airport,30.473400115967,-87.186599731445,121,-6.0,A,Pensacola,United States,"2018-10-24",2237,2238,-1,2245,2247,-2,DL,N999DN,1213,ATL,PNS,49,68,271,0,0
PNS,Pensacola Regional Airport,30.473400115967,-87.186599731445,121,-6.0,A,Pensacola,United States,"2018-10-25",720,722,-2,1100,1121,-21,F9,N324FR,638,DEN,PNS,139,160,1179,0,0
PNS,Pensacola Regional Airport,30.473400115967,-87.186599731445,121,-6.0,A,Pensacola,United States,"2018-10-25",736,739,-3,813,824,-11,OH,N555NN,5237,CLT,PNS,74,97,488,0,0
PNS,Pensacola Regional Airport,30.473400115967,-87.186599731445,121,-6.0,A,Pensacola,United States,"2018-10-25",807,750,17,920,905,15,WN,N444WN,2229,BNA,PNS,62,73,391,0,0
VPS,Destin-Ft Walton Beach Airport,30.4832,-86.525398,87,-6.0,A,Valparaiso,United States,"2018-10-25",832,835,-3,917,911,6,OH,N595NN,5564,CLT,VPS,75,105,460,0,0
TLH,Tallahassee Regional Airport,30.396499633789062,-84.35030364990234,81,-5.0,A,Tallahassee,United States,"2018-10-25",849,836,13,950,941,9,"9E",N336PQ,3281,ATL,TLH,39,61,223,0,0
VPS,Destin-Ft Walton Beach Airport,30.4832,-86.525398,87,-6.0,A,Valparaiso,United States,"2018-10-25",851,850,1,1415,1023,,YX,N422YX,4609,DCA,VPS,,,789,0,1
ECP,Northwest Florida Beaches International Airport,30.357106,-85.795414,69,-6.0,A,Panama City,United States,"2018-10-25",935,900,35,955,903,52,DL,N965DL,2029,ATL,ECP,70,80,240,0,0
PNS,Pensacola Regional Airport,30.473400115967,-87.186599731445,121,-6.0,A,Pensacola,United States,"2018-10-25",933,935,-2,1053,1115,-22,YX,N634RW,3668,IAH,PNS,66,80,489,0,0
VPS,Destin-Ft Walton Beach Airport,30.4832,-86.525398,87,-6.0,A,Valparaiso,United States,"2018-10-25",940,944,-4,941,950,-9,DL,N935DL,2716,ATL,VPS,41,61,250,0,0
PNS,Pensacola Regional Airport,30.473400115967,-87.186599731445,121,-6.0,A,Pensacola,United States,"2018-10-25",1016,1020,-4,1219,1208,11,MQ,N242NN,3324,DFW,PNS,93,123,604,0,0
VPS,Destin-Ft Walton Beach Airport,30.4832,-86.525398,87,-6.0,A,Valparaiso,United States,"2018-10-25",1024,1022,2,1219,1216,3,G4,"309NV",1909,OKC,VPS,96,115,726,0,0
TLH,Tallahassee Regional Airport,30.396499633789062,-84.35030364990234,81,-5.0,A,Tallahassee,United States,"2018-10-25",1047,1050,-3,1136,1150,-14,DL,N901DE,489,ATL,TLH,37,49,223,0,0
ECP,Northwest Florida Beaches International Airport,30.357106,-85.795414,69,-6.0,A,Panama City,United States,"2018-10-24",,1935,,,2050,,WN,"",1378,BNA,ECP,,,401,1,0
PNS,Pensacola Regional Airport,30.473400115967,-87.186599731445,121,-6.0,A,Pensacola,United States,"2018-10-24",1929,1935,-6,2033,2050,-17,WN,N7724A,1020,BNA,PNS,53,64,391,0,0
ECP,Northwest Florida Beaches International Airport,30.357106,-85.795414,69,-6.0,A,Panama City,United States,"2018-10-25",1111,1112,-1,1113,1116,-3,DL,N973DL,1733,ATL,ECP,40,62,240,0,0
PNS,Pensacola Regional Airport,30.473400115967,-87.186599731445,121,-6.0,A,Pensacola,United States,"2018-10-25",1126,1130,-4,1224,1214,10,OH,N596NN,5298,CLT,PNS,79,118,488,0,0
ECP,Northwest Florida Beaches International Airport,30.357106,-85.795414,69,-6.0,A,Panama City,United States,"2018-10-25",1125,1131,-6,1148,1209,-21,EV,N738EV,2893,CLT,ECP,65,83,437,0,0
PNS,Pensacola Regional Airport,30.473400115967,-87.186599731445,121,-6.0,A,Pensacola,United States,"2018-10-25",1137,1138,-1,1303,1300,3,MQ,N253NN,3771,DCA,PNS,127,146,816,0,0
PNS,Pensacola Regional Airport,30.473400115967,-87.186599731445,121,-6.0,A,Pensacola,United States,"2018-10-25",1155,1155,0,1355,1334,21,EV,N15572,4393,IAH,PNS,70,120,489,0,0
VPS,Destin-Ft Walton Beach Airport,30.4832,-86.525398,87,-6.0,A,Valparaiso,United States,"2018-10-25",1159,1200,-1,1357,1349,8,EV,N16987,3995,IAH,VPS,76,118,528,0,0
ECP,Northwest Florida Beaches International Airport,30.357106,-85.795414,69,-6.0,A,Panama City,United States,"2018-10-25",1221,1225,-4,1408,1423,-15,EV,N718EV,2895,DFW,ECP,92,107,685,0,0
PNS,Pensacola Regional Airport,30.473400115967,-87.186599731445,121,-6.0,A,Pensacola,United States,"2018-10-25",1235,1236,-1,1252,1247,5,DL,N906DL,1353,ATL,PNS,59,77,271,0,0
PNS,Pensacola Regional Airport,30.473400115967,-87.186599731445,121,-6.0,A,Pensacola,United States,"2018-10-25",1255,1300,-5,1440,1443,-3,AA,N9629H,2389,DFW,PNS,80,105,604,0,0
VPS,Destin-Ft Walton Beach Airport,30.4832,-86.525398,87,-6.0,A,Valparaiso,United States,"2018-10-25",1306,1307,-1,1355,1350,5,OH,N571NN,5500,CLT,VPS,77,109,460,0,0
TLH,Tallahassee Regional Airport,30.396499633789062,-84.35030364990234,81,-5.0,A,Tallahassee,United States,"2018-10-25",1305,1305,0,1603,1610,-7,MQ,N230NN,4069,DFW,TLH,94,118,767,0,0
TLH,Tallahassee Regional Airport,30.396499633789062,-84.35030364990234,81,-5.0,A,Tallahassee,United States,"2018-10-25",1316,1320,-4,1508,1451,17,OH,N547NN,5662,CLT,TLH,69,112,386,0,0
VPS,Destin-Ft Walton Beach Airport,30.4832,-86.525398,87,-6.0,A,Valparaiso,United States,"2018-10-25",1338,1342,-4,1342,1348,-6,DL,N913DL,2873,ATL,VPS,44,64,250,0,0
ECP,Northwest Florida Beaches International Airport,30.357106,-85.795414,69,-6.0,A,Panama City,United States,"2018-10-25",1358,1354,4,1404,1352,12,DL,N982DL,2506,ATL,ECP,48,66,240,0,0
PNS,Pensacola Regional Airport,30.473400115967,-87.186599731445,121,-6.0,A,Pensacola,United States,"2018-10-25",1413,1414,-1,1559,1554,5,YX,N133HQ,4537,PHL,PNS,149,166,935,0,0
TLH,Tallahassee Regional Airport,30.396499633789062,-84.35030364990234,81,-5.0,A,Tallahassee,United States,"2018-10-25",1421,1421,0,1514,1523,-9,DL,N980AT,1399,ATL,TLH,37,53,223,0,0
TLH,Tallahassee Regional Airport,30.396499633789062,-84.35030364990234,81,-5.0,A,Tallahassee,United States,"2018-10-25",1433,1439,-6,1550,1603,-13,MQ,N664MS,3861,MIA,TLH,64,77,402,0,0
ECP,Northwest Florida Beaches International Airport,30.357106,-85.795414,69,-6.0,A,Panama City,United States,"2018-10-25",1449,1445,4,1709,1630,39,EV,N14916,4249,IAH,ECP,90,140,572,0,0
PNS,Pensacola Regional Airport,30.473400115967,-87.186599731445,121,-6.0,A,Pensacola,United States,"2018-10-25",1508,1455,13,1553,1542,11,YX,N124HQ,4553,CLT,PNS,82,105,488,0,0
PNS,Pensacola Regional Airport,30.473400115967,-87.186599731445,121,-6.0,A,Pensacola,United States,"2018-10-25",1457,1459,-2,1458,1511,-13,DL,N954DL,1270,ATL,PNS,47,61,271,0,0
VPS,Destin-Ft Walton Beach Airport,30.4832,-86.525398,87,-6.0,A,Valparaiso,United States,"2018-10-25",1511,1510,1,1517,1516,1,DL,N913DE,2802,ATL,VPS,45,66,250,0,0
VPS,Destin-Ft Walton Beach Airport,30.4832,-86.525398,87,-6.0,A,Valparaiso,United States,"2018-10-25",1517,1517,0,1655,1701,-6,G4,"228NV",1903,BLV,VPS,79,98,587,0,0
TLH,Tallahassee Regional Airport,30.396499633789062,-84.35030364990234,81,-5.0,A,Tallahassee,United States,"2018-10-25",1609,1610,-1,1734,1737,-3,OH,N580NN,5248,CLT,TLH,67,85,386,0,0
TLH,Tallahassee Regional Airport,30.396499633789062,-84.35030364990234,81,-5.0,A,Tallahassee,United States,"2018-10-25",1613,1617,-4,1700,1712,-12,DL,N902DE,1786,ATL,TLH,36,47,223,0,0
PNS,Pensacola Regional Airport,30.473400115967,-87.186599731445,121,-6.0,A,Pensacola,United States,"2018-10-25",1605,1615,-10,1648,1701,-13,MQ,N673AE,3427,MIA,PNS,89,103,530,0,0
VPS,Destin-Ft Walton Beach Airport,30.4832,-86.525398,87,-6.0,A,Valparaiso,United States,"2018-10-25",1616,1620,-4,1809,1809,0,EV,N13566,4412,IAH,VPS,74,113,528,0,0
PNS,Pensacola Regional Airport,30.473400115967,-87.186599731445,121,-6.0,A,Pensacola,United States,"2018-10-25",1635,1635,0,1811,1812,-1,YV,N87360,6184,IAH,PNS,68,96,489,0,0
VPS,Destin-Ft Walton Beach Airport,30.4832,-86.525398,87,-6.0,A,Valparaiso,United States,"2018-10-25",1702,1650,12,1901,1846,15,YV,N938LR,5906,DFW,VPS,86,119,641,0,0
VPS,Destin-Ft Walton Beach Airport,30.4832,-86.525398,87,-6.0,A,Valparaiso,United States,"2018-10-25",1640,1645,-5,1718,1726,-8,G4,"309NV",1919,SDF,VPS,76,98,532,0,0
PNS,Pensacola Regional Airport,30.473400115967,-87.186599731445,121,-6.0,A,Pensacola,United States,"2018-10-25",1652,1655,-3,1654,1704,-10,DL,N991DL,1814,ATL,PNS,48,62,271,0,0
PNS,Pensacola Regional Airport,30.473400115967,-87.186599731445,121,-6.0,A,Pensacola,United States,"2018-10-25",1647,1655,-8,1838,1845,-7,MQ,N261NN,3877,DFW,PNS,76,111,604,0,0
PNS,Pensacola Regional Airport,30.473400115967,-87.186599731445,121,-6.0,A,Pensacola,United States,"2018-10-25",1740,1705,35,1857,1830,27,WN,N409WN,976,HOU,PNS,62,77,488,0,0
ECP,Northwest Florida Beaches International Airport,30.357106,-85.795414,69,-6.0,A,Panama City,United States,"2018-10-25",1726,1713,13,1723,1711,12,DL,N909DE,1403,ATL,ECP,42,57,240,0,0
ECP,Northwest Florida Beaches International Airport,30.357106,-85.795414,69,-6.0,A,Panama City,United States,"2018-10-25",1802,1710,52,1927,1845,42,WN,N7811F,2008,HOU,ECP,73,85,571,0,0
TLH,Tallahassee Regional Airport,30.396499633789062,-84.35030364990234,81,-5.0,A,Tallahassee,United States,"2018-10-25",1726,1730,-4,1853,1854,-1,MQ,N918AE,3844,MIA,TLH,70,87,402,0,0
VPS,Destin-Ft Walton Beach Airport,30.4832,-86.525398,87,-6.0,A,Valparaiso,United States,"2018-10-25",1715,1719,-4,1719,1722,-3,DL,N903DE,1167,ATL,VPS,42,64,250,0,0
PNS,Pensacola Regional Airport,30.473400115967,-87.186599731445,121,-6.0,A,Pensacola,United States,"2018-10-25",1743,1741,2,1821,1821,0,OH,N514AE,5463,CLT,PNS,81,98,488,0,0
VPS,Destin-Ft Walton Beach Airport,30.4832,-86.525398,87,-6.0,A,Valparaiso,United States,"2018-10-25",1753,1745,8,1837,1825,12,OH,N547NN,5709,CLT,VPS,82,104,460,0,0
TLH,Tallahassee Regional Airport,30.396499633789062,-84.35030364990234,81,-5.0,A,Tallahassee,United States,"2018-10-25",1809,1801,8,1940,1940,0,YX,N127HQ,4660,CLT,TLH,62,91,386,0,0
TLH,Tallahassee Regional Airport,30.396499633789062,-84.35030364990234,81,-5.0,A,Tallahassee,United States,"2018-10-25",1802,1804,-2,1913,1910,3,DL,N964AT,678,ATL,TLH,41,71,223,0,0
PNS,Pensacola Regional Airport,30.473400115967,-87.186599731445,121,-6.0,A,Pensacola,United States,"2018-10-25",1830,1834,-4,1844,1845,-1,DL,N916DL,2182,ATL,PNS,47,74,271,0,0
VPS,Destin-Ft Walton Beach Airport,30.4832,-86.525398,87,-6.0,A,Valparaiso,United States,"2018-10-25",1824,1805,19,2003,1954,9,EV,N13553,4447,IAH,VPS,72,99,528,0,0
ECP,Northwest Florida Beaches International Airport,30.357106,-85.795414,69,-6.0,A,Panama City,United States,"2018-10-25",1816,1830,-14,1858,1915,-17,EV,N718EV,2890,CLT,ECP,72,102,437,0,0
ECP,Northwest Florida Beaches International Airport,30.357106,-85.795414,69,-6.0,A,Panama City,United States,"2018-10-25",,1850,,,2054,,EV,N717EV,2870,DFW,ECP,,,685,1,0
ECP,Northwest Florida Beaches International Airport,30.357106,-85.795414,69,-6.0,A,Panama City,United States,"2018-10-26",1007,1010,-3,1138,1155,-17,EV,N13989,4451,IAH,ECP,73,91,572,0,0
VPS,Destin-Ft Walton Beach Airport,30.4832,-86.525398,87,-6.0,A,Valparaiso,United States,"2018-10-25",1847,1855,-8,2040,2053,-13,AA,N9677W,1445,DFW,VPS,79,113,641,0,0
VPS,Destin-Ft Walton Beach Airport,30.4832,-86.525398,87,-6.0,A,Valparaiso,United States,"2018-10-25",1933,1936,-3,1943,1945,-2,DL,N920DE,1856,ATL,VPS,43,70,250,0,0
PNS,Pensacola Regional Airport,30.473400115967,-87.186599731445,121,-6.0,A,Pensacola,United States,"2018-10-25",1952,1955,-3,2034,2040,-6,OH,N567NN,5103,CLT,PNS,80,102,488,0,0
VPS,Destin-Ft Walton Beach Airport,30.4832,-86.525398,87,-6.0,A,Valparaiso,United States,"2018-10-25",2010,2023,-13,2122,2142,-20,G4,"309NV",1911,BNA,VPS,55,72,389,0,0
VPS,Destin-Ft Walton Beach Airport,30.4832,-86.525398,87,-6.0,A,Valparaiso,United States,"2018-10-25",2011,2029,-18,2146,2217,-31,G4,"228NV",1913,SGF,VPS,78,95,610,0,0
TLH,Tallahassee Regional Airport,30.396499633789062,-84.35030364990234,81,-5.0,A,Tallahassee,United States,"2018-10-25",2025,2030,-5,2336,2333,3,MQ,N225NN,4131,DFW,TLH,89,131,767,0,0
PNS,Pensacola Regional Airport,30.473400115967,-87.186599731445,121,-6.0,A,Pensacola,United States,"2018-10-25",2042,2046,-4,2047,2057,-10,DL,N961DL,1236,ATL,PNS,49,65,271,0,0
TLH,Tallahassee Regional Airport,30.396499633789062,-84.35030364990234,81,-5.0,A,Tallahassee,United States,"2018-10-25",2227,2232,-5,2352,2359,-7,OH,N716PS,5284,CLT,TLH,66,85,386,0,0
PNS,Pensacola Regional Airport,30.473400115967,-87.186599731445,121,-6.0,A,Pensacola,United States,"2018-10-25",2237,2238,-1,2237,2247,-10,DL,N975DL,1213,ATL,PNS,45,60,271,0,0
ECP,Northwest Florida Beaches International Airport,30.357106,-85.795414,69,-6.0,A,Panama City,United States,"2018-10-26",741,745,-4,851,900,-9,WN,N7811F,1281,BNA,ECP,58,70,401,0,0
PNS,Pensacola Regional Airport,30.473400115967,-87.186599731445,121,-6.0,A,Pensacola,United States,"2018-10-26",817,820,-3,821,831,-10,DL,N982DL,2212,ATL,PNS,49,64,271,0,0
VPS,Destin-Ft Walton Beach Airport,30.4832,-86.525398,87,-6.0,A,Valparaiso,United States,"2018-10-26",831,835,-4,914,911,3,OH,N550NN,5564,CLT,VPS,78,103,460,0,0
TLH,Tallahassee Regional Airport,30.396499633789062,-84.35030364990234,81,-5.0,A,Tallahassee,United States,"2018-10-26",845,836,9,952,941,11,"9E",N316PQ,3281,ATL,TLH,42,67,223,0,0
VPS,Destin-Ft Walton Beach Airport,30.4832,-86.525398,87,-6.0,A,Valparaiso,United States,"2018-10-26",843,850,-7,1032,1023,9,YX,N446YX,4609,DCA,VPS,136,169,789,0,0
ECP,Northwest Florida Beaches International Airport,30.357106,-85.795414,69,-6.0,A,Panama City,United States,"2018-10-26",859,900,-1,1006,1015,-9,WN,N8324A,3984,BNA,ECP,52,67,401,0,0
ECP,Northwest Florida Beaches International Airport,30.357106,-85.795414,69,-6.0,A,Panama City,United States,"2018-10-26",937,900,37,943,903,40,DL,N989DL,2029,ATL,ECP,40,66,240,0,0
PNS,Pensacola Regional Airport,30.473400115967,-87.186599731445,121,-6.0,A,Pensacola,United States,"2018-10-26",912,915,-3,1003,1000,3,MQ,N679AE,3733,MIA,PNS,90,111,530,0,0
PNS,Pensacola Regional Airport,30.473400115967,-87.186599731445,121,-6.0,A,Pensacola,United States,"2018-10-26",931,935,-4,1050,1115,-25,YX,N864RW,3668,IAH,PNS,65,79,489,0,0
VPS,Destin-Ft Walton Beach Airport,30.4832,-86.525398,87,-6.0,A,Valparaiso,United States,"2018-10-26",955,944,11,1001,950,11,DL,N910DE,2716,ATL,VPS,46,66,250,0,0
PNS,Pensacola Regional Airport,30.473400115967,-87.186599731445,121,-6.0,A,Pensacola,United States,"2018-10-26",1037,1002,35,1053,1017,36,DL,N673DL,2179,ATL,PNS,49,76,271,0,0
ECP,Northwest Florida Beaches International Airport,30.357106,-85.795414,69,-6.0,A,Panama City,United States,"2018-10-25",1021,1934,887,1041,1940,901,DL,N3762Y,2431,ATL,ECP,41,80,240,0,0
PNS,Pensacola Regional Airport,30.473400115967,-87.186599731445,121,-6.0,A,Pensacola,United States,"2018-10-25",1934,1935,-1,2114,2101,13,OH,N703PS,5597,DCA,PNS,126,160,816,0,0
ECP,Northwest Florida Beaches International Airport,30.357106,-85.795414,69,-6.0,A,Panama City,United States,"2018-10-25",,1935,,,2050,,WN,"",1378,BNA,ECP,,,401,1,0
PNS,Pensacola Regional Airport,30.473400115967,-87.186599731445,121,-6.0,A,Pensacola,United States,"2018-10-25",1946,1935,11,2059,2050,9,WN,N776WN,1020,BNA,PNS,58,73,391,0,0
PNS,Pensacola Regional Airport,30.473400115967,-87.186599731445,121,-6.0,A,Pensacola,United States,"2018-10-25",1939,1941,-2,2103,2118,-15,YV,N87353,6187,IAH,PNS,66,84,489,0,0
ECP,Northwest Florida Beaches International Airport,30.357106,-85.795414,69,-6.0,A,Panama City,United States,"2018-10-25",658,1955,663,832,2140,652,EV,N16981,4190,IAH,ECP,75,94,572,0,0
TLH,Tallahassee Regional Airport,30.396499633789062,-84.35030364990234,81,-5.0,A,Tallahassee,United States,"2018-10-25",1952,2000,-8,2202,2216,-14,YX,N436YX,4504,DCA,TLH,104,130,716,0,0
PNS,Pensacola Regional Airport,30.473400115967,-87.186599731445,121,-6.0,A,Pensacola,United States,"2018-10-25",2034,2035,-1,2212,2220,-8,AA,N9681B,2641,DFW,PNS,74,98,604,0,0
TLH,Tallahassee Regional Airport,30.396499633789062,-84.35030364990234,81,-5.0,A,Tallahassee,United States,"2018-10-25",2048,2051,-3,2138,2155,-17,DL,N977DL,1669,ATL,TLH,38,50,223,0,0
PNS,Pensacola Regional Airport,30.473400115967,-87.186599731445,121,-6.0,A,Pensacola,United States,"2018-10-25",2148,2151,-3,2248,2242,6,MQ,N650AE,4109,MIA,PNS,84,120,530,0,0
TLH,Tallahassee Regional Airport,30.396499633789062,-84.35030364990234,81,-5.0,A,Tallahassee,United States,"2018-10-25",2238,2241,-3,2342,2345,-3,DL,N999DN,485,ATL,TLH,49,64,223,0,0
VPS,Destin-Ft Walton Beach Airport,30.4832,-86.525398,87,-6.0,A,Valparaiso,United States,"2018-10-25",2241,2241,0,2336,2320,16,OH,N591NN,5696,CLT,VPS,80,115,460,0,0
VPS,Destin-Ft Walton Beach Airport,30.4832,-86.525398,87,-6.0,A,Valparaiso,United States,"2018-10-25",2311,2242,29,2322,2248,34,DL,N916DL,1590,ATL,VPS,42,71,250,0,0
ECP,Northwest Florida Beaches International Airport,30.357106,-85.795414,69,-6.0,A,Panama City,United States,"2018-10-25",1214,2245,809,1229,2250,819,DL,N386DA,2303,ATL,ECP,43,75,240,0,0
VPS,Destin-Ft Walton Beach Airport,30.4832,-86.525398,87,-6.0,A,Valparaiso,United States,"2018-10-26",658,705,-7,854,901,-7,YV,N957LR,5725,DFW,VPS,88,116,641,0,0
PNS,Pensacola Regional Airport,30.473400115967,-87.186599731445,121,-6.0,A,Pensacola,United States,"2018-10-26",723,725,-2,852,904,-12,EV,N16541,4182,IAH,PNS,68,89,489,0,0
PNS,Pensacola Regional Airport,30.473400115967,-87.186599731445,121,-6.0,A,Pensacola,United States,"2018-10-26",747,739,8,855,824,31,OH,N566NN,5237,CLT,PNS,84,128,488,0,0
PNS,Pensacola Regional Airport,30.473400115967,-87.186599731445,121,-6.0,A,Pensacola,United States,"2018-10-26",746,750,-4,902,905,-3,WN,N747SA,2229,BNA,PNS,61,76,391,0,0
TLH,Tallahassee Regional Airport,30.396499633789062,-84.35030364990234,81,-5.0,A,Tallahassee,United States,"2018-10-26",929,900,29,1100,1025,35,OH,N576NN,5272,CLT,TLH,69,91,386,0,0
TLH,Tallahassee Regional Airport,30.396499633789062,-84.35030364990234,81,-5.0,A,Tallahassee,United States,"2018-10-26",1050,1025,25,1228,1147,41,MQ,N697AB,3663,MIA,TLH,65,98,402,0,0
PNS,Pensacola Regional Airport,30.473400115967,-87.186599731445,121,-6.0,A,Pensacola,United States,"2018-10-26",1020,1020,0,1159,1208,-9,MQ,N226NN,3324,DFW,PNS,78,99,604,0,0
VPS,Destin-Ft Walton Beach Airport,30.4832,-86.525398,87,-6.0,A,Valparaiso,United States,"2018-10-26",1029,1037,-8,1135,1135,0,G4,"228NV",1917,LCK,VPS,109,126,675,0,0
TLH,Tallahassee Regional Airport,30.396499633789062,-84.35030364990234,81,-5.0,A,Tallahassee,United States,"2018-10-26",1123,1050,33,1225,1150,35,DL,N991DL,489,ATL,TLH,38,62,223,0,0
VPS,Destin-Ft Walton Beach Airport,30.4832,-86.525398,87,-6.0,A,Valparaiso,United States,"2018-10-26",,1055,,,1257,,YV,"",5740,DFW,VPS,,,641,1,0
ECP,Northwest Florida Beaches International Airport,30.357106,-85.795414,69,-6.0,A,Panama City,United States,"2018-10-26",1144,1112,32,1144,1116,28,DL,N917DL,1733,ATL,ECP,41,60,240,0,0
PNS,Pensacola Regional Airport,30.473400115967,-87.186599731445,121,-6.0,A,Pensacola,United States,"2018-10-26",1136,1130,6,1229,1214,15,OH,N572NN,5298,CLT,PNS,86,113,488,0,0
ECP,Northwest Florida Beaches International Airport,30.357106,-85.795414,69,-6.0,A,Panama City,United States,"2018-10-26",1142,1131,11,1232,1209,23,EV,N716EV,2893,CLT,ECP,73,110,437,0,0
PNS,Pensacola Regional Airport,30.473400115967,-87.186599731445,121,-6.0,A,Pensacola,United States,"2018-10-26",1127,1138,-11,1308,1300,8,MQ,N236NN,3771,DCA,PNS,128,161,816,0,0
VPS,Destin-Ft Walton Beach Airport,30.4832,-86.525398,87,-6.0,A,Valparaiso,United States,"2018-10-26",1158,1200,-2,1336,1349,-13,EV,N36915,3995,IAH,VPS,74,98,528,0,0
PNS,Pensacola Regional Airport,30.473400115967,-87.186599731445,121,-6.0,A,Pensacola,United States,"2018-10-26",1151,1155,-4,1318,1334,-16,EV,N15555,4393,IAH,PNS,66,87,489,0,0
ECP,Northwest Florida Beaches International Airport,30.357106,-85.795414,69,-6.0,A,Panama City,United States,"2018-10-26",1326,1225,61,1505,1423,42,EV,N600QX,2895,DFW,ECP,80,99,685,0,0
PNS,Pensacola Regional Airport,30.473400115967,-87.186599731445,121,-6.0,A,Pensacola,United States,"2018-10-26",1313,1236,37,1321,1247,34,DL,N966DL,1353,ATL,PNS,50,68,271,0,0
VPS,Destin-Ft Walton Beach Airport,30.4832,-86.525398,87,-6.0,A,Valparaiso,United States,"2018-10-26",1330,1307,23,1438,1350,48,OH,N558NN,5500,CLT,VPS,83,128,460,0,0
PNS,Pensacola Regional Airport,30.473400115967,-87.186599731445,121,-6.0,A,Pensacola,United States,"2018-10-26",1349,1300,49,1520,1443,37,AA,N9620D,2389,DFW,PNS,75,91,604,0,0
TLH,Tallahassee Regional Airport,30.396499633789062,-84.35030364990234,81,-5.0,A,Tallahassee,United States,"2018-10-26",1302,1305,-3,1554,1610,-16,MQ,N240NN,4069,DFW,TLH,91,112,767,0,0
TLH,Tallahassee Regional Airport,30.396499633789062,-84.35030364990234,81,-5.0,A,Tallahassee,United States,"2018-10-26",1319,1320,-1,1511,1451,20,OH,N587NN,5662,CLT,TLH,71,112,386,0,0
VPS,Destin-Ft Walton Beach Airport,30.4832,-86.525398,87,-6.0,A,Valparaiso,United States,"2018-10-26",1400,1342,18,1359,1348,11,DL,N948DL,2873,ATL,VPS,46,59,250,0,0
ECP,Northwest Florida Beaches International Airport,30.357106,-85.795414,69,-6.0,A,Panama City,United States,"2018-10-26",1416,1354,22,1412,1352,20,DL,N915DE,2506,ATL,ECP,40,56,240,0,0
PNS,Pensacola Regional Airport,30.473400115967,-87.186599731445,121,-6.0,A,Pensacola,United States,"2018-10-26",1405,1414,-9,1553,1554,-1,YX,N101HQ,4537,PHL,PNS,151,168,935,0,0
TLH,Tallahassee Regional Airport,30.396499633789062,-84.35030364990234,81,-5.0,A,Tallahassee,United States,"2018-10-26",1430,1421,9,1523,1523,0,DL,N923AT,1399,ATL,TLH,39,53,223,0,0
TLH,Tallahassee Regional Airport,30.396499633789062,-84.35030364990234,81,-5.0,A,Tallahassee,United States,"2018-10-26",1430,1439,-9,1557,1603,-6,MQ,N685AE,3861,MIA,TLH,65,87,402,0,0
ECP,Northwest Florida Beaches International Airport,30.357106,-85.795414,69,-6.0,A,Panama City,United States,"2018-10-26",1442,1445,-3,1621,1630,-9,EV,N11535,4249,IAH,ECP,74,99,572,0,0
PNS,Pensacola Regional Airport,30.473400115967,-87.186599731445,121,-6.0,A,Pensacola,United States,"2018-10-26",1450,1455,-5,1530,1542,-12,YX,N104HQ,4553,CLT,PNS,78,100,488,0,0
PNS,Pensacola Regional Airport,30.473400115967,-87.186599731445,121,-6.0,A,Pensacola,United States,"2018-10-26",1529,1459,30,1541,1511,30,DL,N988DL,1270,ATL,PNS,51,72,271,0,0
VPS,Destin-Ft Walton Beach Airport,30.4832,-86.525398,87,-6.0,A,Valparaiso,United States,"2018-10-26",1530,1510,20,1542,1516,26,DL,N903DE,2802,ATL,VPS,46,72,250,0,0
VPS,Destin-Ft Walton Beach Airport,30.4832,-86.525398,87,-6.0,A,Valparaiso,United States,"2018-10-26",1558,1558,0,1704,1645,19,G4,"228NV",1901,CVG,VPS,94,126,600,0,0
TLH,Tallahassee Regional Airport,30.396499633789062,-84.35030364990234,81,-5.0,A,Tallahassee,United States,"2018-10-26",1612,1610,2,1750,1737,13,OH,N567NN,5248,CLT,TLH,69,98,386,0,0
PNS,Pensacola Regional Airport,30.473400115967,-87.186599731445,121,-6.0,A,Pensacola,United States,"2018-10-26",1607,1615,-8,1650,1701,-11,MQ,N933JN,3427,MIA,PNS,88,103,530,0,0
TLH,Tallahassee Regional Airport,30.396499633789062,-84.35030364990234,81,-5.0,A,Tallahassee,United States,"2018-10-26",1640,1617,23,1734,1712,22,DL,N901DE,1786,ATL,TLH,39,54,223,0,0
VPS,Destin-Ft Walton Beach Airport,30.4832,-86.525398,87,-6.0,A,Valparaiso,United States,"2018-10-26",1618,1620,-2,1759,1809,-10,EV,N16987,4412,IAH,VPS,70,101,528,0,0
PNS,Pensacola Regional Airport,30.473400115967,-87.186599731445,121,-6.0,A,Pensacola,United States,"2018-10-26",1630,1635,-5,1803,1812,-9,YV,N88341,6184,IAH,PNS,66,93,489,0,0
PNS,Pensacola Regional Airport,30.473400115967,-87.186599731445,121,-6.0,A,Pensacola,United States,"2018-10-26",1701,1655,6,1843,1845,-2,MQ,N243NN,3877,DFW,PNS,78,102,604,0,0
VPS,Destin-Ft Walton Beach Airport,30.4832,-86.525398,87,-6.0,A,Valparaiso,United States,"2018-10-26",1647,1650,-3,1831,1846,-15,YV,N932LR,5906,DFW,VPS,81,104,641,0,0
PNS,Pensacola Regional Airport,30.473400115967,-87.186599731445,121,-6.0,A,Pensacola,United States,"2018-10-26",1655,1655,0,1659,1704,-5,DL,N944DL,1814,ATL,PNS,48,64,271,0,0
PNS,Pensacola Regional Airport,30.473400115967,-87.186599731445,121,-6.0,A,Pensacola,United States,"2018-10-26",1715,1705,10,1835,1830,5,WN,N251WN,976,HOU,PNS,65,80,488,0,0
ECP,Northwest Florida Beaches International Airport,30.357106,-85.795414,69,-6.0,A,Panama City,United States,"2018-10-26",1800,1713,47,1809,1711,58,DL,N999DN,1403,ATL,ECP,46,69,240,0,0
ECP,Northwest Florida Beaches International Airport,30.357106,-85.795414,69,-6.0,A,Panama City,United States,"2018-10-26",1731,1710,21,1859,1845,14,WN,N555LV,2008,HOU,ECP,68,88,571,0,0
VPS,Destin-Ft Walton Beach Airport,30.4832,-86.525398,87,-6.0,A,Valparaiso,United States,"2018-10-26",1802,1719,43,1811,1722,49,DL,N948DL,1167,ATL,VPS,44,69,250,0,0
TLH,Tallahassee Regional Airport,30.396499633789062,-84.35030364990234,81,-5.0,A,Tallahassee,United States,"2018-10-26",1721,1730,-9,1842,1854,-12,MQ,N673AE,3844,MIA,TLH,64,81,402,0,0
VPS,Destin-Ft Walton Beach Airport,30.4832,-86.525398,87,-6.0,A,Valparaiso,United States,"2018-10-26",1744,1745,-1,1907,1825,42,OH,N583NN,5709,CLT,VPS,85,143,460,0,0
PNS,Pensacola Regional Airport,30.473400115967,-87.186599731445,121,-6.0,A,Pensacola,United States,"2018-10-26",1825,1741,44,1915,1821,54,OH,N546FF,5463,CLT,PNS,82,110,488,0,0
TLH,Tallahassee Regional Airport,30.396499633789062,-84.35030364990234,81,-5.0,A,Tallahassee,United States,"2018-10-27",1031,1033,-2,1134,1133,1,DL,N982AT,387,ATL,TLH,36,63,223,0,0
TLH,Tallahassee Regional Airport,30.396499633789062,-84.35030364990234,81,-5.0,A,Tallahassee,United States,"2018-10-26",1809,1801,8,1948,1940,8,YX,N138HQ,4660,CLT,TLH,72,99,386,0,0
TLH,Tallahassee Regional Airport,30.396499633789062,-84.35030364990234,81,-5.0,A,Tallahassee,United States,"2018-10-26",1830,1804,26,1939,1910,29,DL,N932AT,678,ATL,TLH,39,69,223,0,0
VPS,Destin-Ft Walton Beach Airport,30.4832,-86.525398,87,-6.0,A,Valparaiso,United States,"2018-10-26",1800,1805,-5,1930,1954,-24,EV,N15555,4447,IAH,VPS,69,90,528,0,0
ECP,Northwest Florida Beaches International Airport,30.357106,-85.795414,69,-6.0,A,Panama City,United States,"2018-10-26",1959,1830,89,2038,1915,83,EV,N600QX,2890,CLT,ECP,68,99,437,0,0
PNS,Pensacola Regional Airport,30.473400115967,-87.186599731445,121,-6.0,A,Pensacola,United States,"2018-10-26",1904,1834,30,1920,1845,35,DL,N922DL,2182,ATL,PNS,50,76,271,0,0
ECP,Northwest Florida Beaches International Airport,30.357106,-85.795414,69,-6.0,A,Panama City,United States,"2018-10-26",1010,1934,876,1021,1940,881,DL,N3737C,2431,ATL,ECP,43,71,240,0,0
PNS,Pensacola Regional Airport,30.473400115967,-87.186599731445,121,-6.0,A,Pensacola,United States,"2018-10-26",2015,1955,20,2101,2040,21,OH,N572NN,5103,CLT,PNS,81,106,488,0,0
ECP,Northwest Florida Beaches International Airport,30.357106,-85.795414,69,-6.0,A,Panama City,United States,"2018-10-26",655,1955,660,854,2140,674,EV,N14568,4190,IAH,ECP,85,119,572,0,0
VPS,Destin-Ft Walton Beach Airport,30.4832,-86.525398,87,-6.0,A,Valparaiso,United States,"2018-10-26",2031,2032,-1,2217,2238,-21,G4,"228NV",1915,MCI,VPS,93,106,764,0,0
PNS,Pensacola Regional Airport,30.473400115967,-87.186599731445,121,-6.0,A,Pensacola,United States,"2018-10-26",2104,2046,18,2118,2057,21,DL,N993DL,1236,ATL,PNS,50,74,271,0,0
TLH,Tallahassee Regional Airport,30.396499633789062,-84.35030364990234,81,-5.0,A,Tallahassee,United States,"2018-10-26",2049,2051,-2,2145,2155,-10,DL,N991DL,1669,ATL,TLH,39,56,223,0,0
PNS,Pensacola Regional Airport,30.473400115967,-87.186599731445,121,-6.0,A,Pensacola,United States,"2018-10-26",2248,2238,10,2252,2247,5,DL,N905DL,1213,ATL,PNS,47,64,271,0,0
ECP,Northwest Florida Beaches International Airport,30.357106,-85.795414,69,-6.0,A,Panama City,United States,"2018-10-27",917,920,-3,1034,1035,-1,WN,N556WN,4137,BNA,ECP,61,77,401,0,0
PNS,Pensacola Regional Airport,30.473400115967,-87.186599731445,121,-6.0,A,Pensacola,United States,"2018-10-27",918,920,-2,1036,1040,-4,WN,N563WN,3024,BNA,PNS,59,78,391,0,0
PNS,Pensacola Regional Airport,30.473400115967,-87.186599731445,121,-6.0,A,Pensacola,United States,"2018-10-27",959,1002,-3,1014,1015,-1,DL,N978DL,2179,ATL,PNS,50,75,271,0,0
PNS,Pensacola Regional Airport,30.473400115967,-87.186599731445,121,-6.0,A,Pensacola,United States,"2018-10-27",1017,1020,-3,1203,1208,-5,MQ,N258NN,3324,DFW,PNS,77,106,604,0,0
ECP,Northwest Florida Beaches International Airport,30.357106,-85.795414,69,-6.0,A,Panama City,United States,"2018-10-27",1024,1030,-6,1224,1215,9,WN,N7701B,2635,DAL,ECP,84,120,674,0,0
ECP,Northwest Florida Beaches International Airport,30.357106,-85.795414,69,-6.0,A,Panama City,United States,"2018-10-26",,1850,,,2054,,EV,N605QX,2870,DFW,ECP,,,685,1,0
VPS,Destin-Ft Walton Beach Airport,30.4832,-86.525398,87,-6.0,A,Valparaiso,United States,"2018-10-26",1854,1855,-1,2036,2053,-17,AA,N7541A,1445,DFW,VPS,79,102,641,0,0
ECP,Northwest Florida Beaches International Airport,30.357106,-85.795414,69,-6.0,A,Panama City,United States,"2018-10-26",1937,1935,2,2053,2050,3,WN,N556WN,1378,BNA,ECP,58,76,401,0,0
PNS,Pensacola Regional Airport,30.473400115967,-87.186599731445,121,-6.0,A,Pensacola,United States,"2018-10-26",1956,1935,21,2109,2050,19,WN,N253WN,1020,BNA,PNS,60,73,391,0,0
PNS,Pensacola Regional Airport,30.473400115967,-87.186599731445,121,-6.0,A,Pensacola,United States,"2018-10-26",1937,1935,2,2106,2101,5,OH,N508AE,5597,DCA,PNS,134,149,816,0,0
VPS,Destin-Ft Walton Beach Airport,30.4832,-86.525398,87,-6.0,A,Valparaiso,United States,"2018-10-26",2001,1936,25,2011,1945,26,DL,N972DL,1856,ATL,VPS,48,70,250,0,0
PNS,Pensacola Regional Airport,30.473400115967,-87.186599731445,121,-6.0,A,Pensacola,United States,"2018-10-26",1939,1941,-2,2104,2118,-14,YV,N88328,6187,IAH,PNS,65,85,489,0,0
TLH,Tallahassee Regional Airport,30.396499633789062,-84.35030364990234,81,-5.0,A,Tallahassee,United States,"2018-10-26",2015,2000,15,2256,2216,40,YX,N446YX,4504,DCA,TLH,117,161,716,0,0
TLH,Tallahassee Regional Airport,30.396499633789062,-84.35030364990234,81,-5.0,A,Tallahassee,United States,"2018-10-26",2041,2030,11,2330,2333,-3,MQ,N224NN,4131,DFW,TLH,90,109,767,0,0
PNS,Pensacola Regional Airport,30.473400115967,-87.186599731445,121,-6.0,A,Pensacola,United States,"2018-10-26",2050,2035,15,2224,2220,4,AA,N961TW,2641,DFW,PNS,76,94,604,0,0
PNS,Pensacola Regional Airport,30.473400115967,-87.186599731445,121,-6.0,A,Pensacola,United States,"2018-10-26",2145,2151,-6,2234,2242,-8,MQ,N673AE,4109,MIA,PNS,86,109,530,0,0
TLH,Tallahassee Regional Airport,30.396499633789062,-84.35030364990234,81,-5.0,A,Tallahassee,United States,"2018-10-26",2249,2232,17,20,2359,21,OH,N544AE,5284,CLT,TLH,72,91,386,0,0
TLH,Tallahassee Regional Airport,30.396499633789062,-84.35030364990234,81,-5.0,A,Tallahassee,United States,"2018-10-26",2302,2241,21,11,2345,26,DL,N904DE,485,ATL,TLH,45,69,223,0,0
VPS,Destin-Ft Walton Beach Airport,30.4832,-86.525398,87,-6.0,A,Valparaiso,United States,"2018-10-26",2317,2241,36,5,2320,45,OH,N558NN,5696,CLT,VPS,84,108,460,0,0
VPS,Destin-Ft Walton Beach Airport,30.4832,-86.525398,87,-6.0,A,Valparaiso,United States,"2018-10-26",2252,2242,10,2254,2248,6,DL,N974DL,1590,ATL,VPS,45,62,250,0,0
ECP,Northwest Florida Beaches International Airport,30.357106,-85.795414,69,-6.0,A,Panama City,United States,"2018-10-26",1204,2245,799,1210,2250,800,DL,N897DN,2303,ATL,ECP,44,66,240,0,0
VPS,Destin-Ft Walton Beach Airport,30.4832,-86.525398,87,-6.0,A,Valparaiso,United States,"2018-10-27",658,705,-7,847,901,-14,YV,N939LR,5725,DFW,VPS,83,109,641,0,0
PNS,Pensacola Regional Airport,30.473400115967,-87.186599731445,121,-6.0,A,Pensacola,United States,"2018-10-27",816,821,-5,823,830,-7,DL,N954DL,2212,ATL,PNS,50,67,271,0,0
VPS,Destin-Ft Walton Beach Airport,30.4832,-86.525398,87,-6.0,A,Valparaiso,United States,"2018-10-27",831,835,-4,915,911,4,OH,N597NN,5564,CLT,VPS,85,104,460,0,0
VPS,Destin-Ft Walton Beach Airport,30.4832,-86.525398,87,-6.0,A,Valparaiso,United States,"2018-10-27",840,850,-10,1017,1023,-6,YX,N416YX,4609,DCA,VPS,134,157,789,0,0
ECP,Northwest Florida Beaches International Airport,30.357106,-85.795414,69,-6.0,A,Panama City,United States,"2018-10-27",854,900,-6,857,901,-4,DL,N999DN,2029,ATL,ECP,46,63,240,0,0
TLH,Tallahassee Regional Airport,30.396499633789062,-84.35030364990234,81,-5.0,A,Tallahassee,United States,"2018-10-27",857,900,-3,1031,1025,6,OH,N552NN,5272,CLT,TLH,74,94,386,0,0
PNS,Pensacola Regional Airport,30.473400115967,-87.186599731445,121,-6.0,A,Pensacola,United States,"2018-10-27",906,915,-9,941,1000,-19,MQ,N679AE,3733,MIA,PNS,81,95,530,0,0
VPS,Destin-Ft Walton Beach Airport,30.4832,-86.525398,87,-6.0,A,Valparaiso,United States,"2018-10-27",928,929,-1,1058,1113,-15,G4,"228NV",1903,BLV,VPS,75,90,587,0,0
PNS,Pensacola Regional Airport,30.473400115967,-87.186599731445,121,-6.0,A,Pensacola,United States,"2018-10-27",933,935,-2,1100,1115,-15,YV,N89321,6136,IAH,PNS,69,87,489,0,0
VPS,Destin-Ft Walton Beach Airport,30.4832,-86.525398,87,-6.0,A,Valparaiso,United States,"2018-10-27",940,944,-4,939,948,-9,DL,N905DL,2716,ATL,VPS,44,59,250,0,0
ECP,Northwest Florida Beaches International Airport,30.357106,-85.795414,69,-6.0,A,Panama City,United States,"2018-10-27",1027,1040,-13,1207,1223,-16,YV,N88325,6093,IAH,ECP,83,100,572,0,0
VPS,Destin-Ft Walton Beach Airport,30.4832,-86.525398,87,-6.0,A,Valparaiso,United States,"2018-10-27",,1055,,,1257,,YV,"",5740,DFW,VPS,,,641,1,0
PNS,Pensacola Regional Airport,30.473400115967,-87.186599731445,121,-6.0,A,Pensacola,United States,"2018-10-27",1143,1125,18,1356,1340,16,OO,N925SW,5803,ORD,PNS,108,133,794,0,0
ECP,Northwest Florida Beaches International Airport,30.357106,-85.795414,69,-6.0,A,Panama City,United States,"2018-10-27",1109,1112,-3,1127,1113,14,DL,N959DL,1733,ATL,ECP,44,78,240,0,0
ECP,Northwest Florida Beaches International Airport,30.357106,-85.795414,69,-6.0,A,Panama City,United States,"2018-10-27",1134,1131,3,1232,1209,23,EV,N718EV,2893,CLT,ECP,74,118,437,0,0
PNS,Pensacola Regional Airport,30.473400115967,-87.186599731445,121,-6.0,A,Pensacola,United States,"2018-10-27",1155,1155,0,1321,1334,-13,EV,N13553,4393,IAH,PNS,71,86,489,0,0
PNS,Pensacola Regional Airport,30.473400115967,-87.186599731445,121,-6.0,A,Pensacola,United States,"2018-10-27",1128,1130,-2,1215,1214,1,OH,N548NN,5298,CLT,PNS,85,107,488,0,0
PNS,Pensacola Regional Airport,30.473400115967,-87.186599731445,121,-6.0,A,Pensacola,United States,"2018-10-27",1133,1138,-5,1301,1300,1,MQ,N252NN,3771,DCA,PNS,127,148,816,0,0
PNS,Pensacola Regional Airport,30.473400115967,-87.186599731445,121,-6.0,A,Pensacola,United States,"2018-10-27",1131,1139,-8,1343,1352,-9,F9,N941FR,1286,ORD,PNS,106,132,794,0,0
PNS,Pensacola Regional Airport,30.473400115967,-87.186599731445,121,-6.0,A,Pensacola,United States,"2018-10-27",1225,1205,20,1412,1415,-3,WN,N7716A,3278,MDW,PNS,98,107,781,0,0
VPS,Destin-Ft Walton Beach Airport,30.4832,-86.525398,87,-6.0,A,Valparaiso,United States,"2018-10-27",1155,1200,-5,1348,1349,-1,EV,N14568,3995,IAH,VPS,76,113,528,0,0
VPS,Destin-Ft Walton Beach Airport,30.4832,-86.525398,87,-6.0,A,Valparaiso,United States,"2018-10-27",1207,1200,7,1356,1345,11,G4,"309NV",1991,EWR,VPS,145,169,988,0,0
ECP,Northwest Florida Beaches International Airport,30.357106,-85.795414,69,-6.0,A,Panama City,United States,"2018-10-27",1220,1225,-5,1406,1423,-17,EV,N719EV,2895,DFW,ECP,85,106,685,0,0
PNS,Pensacola Regional Airport,30.473400115967,-87.186599731445,121,-6.0,A,Pensacola,United States,"2018-10-27",1233,1236,-3,1237,1246,-9,DL,N977DL,1353,ATL,PNS,50,64,271,0,0
VPS,Destin-Ft Walton Beach Airport,30.4832,-86.525398,87,-6.0,A,Valparaiso,United States,"2018-10-27",1305,1307,-2,1350,1350,0,OH,N549NN,5500,CLT,VPS,82,105,460,0,0
PNS,Pensacola Regional Airport,30.473400115967,-87.186599731445,121,-6.0,A,Pensacola,United States,"2018-10-27",1255,1300,-5,1429,1443,-14,AA,N9620D,2389,DFW,PNS,79,94,604,0,0
TLH,Tallahassee Regional Airport,30.396499633789062,-84.35030364990234,81,-5.0,A,Tallahassee,United States,"2018-10-27",1256,1305,-9,1553,1610,-17,MQ,N235NN,4069,DFW,TLH,94,117,767,0,0
TLH,Tallahassee Regional Airport,30.396499633789062,-84.35030364990234,81,-5.0,A,Tallahassee,United States,"2018-10-27",1320,1320,0,1451,1451,0,OH,N547NN,5662,CLT,TLH,68,91,386,0,0
VPS,Destin-Ft Walton Beach Airport,30.4832,-86.525398,87,-6.0,A,Valparaiso,United States,"2018-10-27",1340,1342,-2,1340,1346,-6,DL,N916DE,2873,ATL,VPS,43,60,250,0,0
ECP,Northwest Florida Beaches International Airport,30.357106,-85.795414,69,-6.0,A,Panama City,United States,"2018-10-27",1353,1355,-2,1353,1359,-6,DL,N957DL,2506,ATL,ECP,46,60,240,0,0
TLH,Tallahassee Regional Airport,30.396499633789062,-84.35030364990234,81,-5.0,A,Tallahassee,United States,"2018-10-27",1419,1421,-2,1512,1522,-10,DL,N954AT,1399,ATL,TLH,38,53,223,0,0
ECP,Northwest Florida Beaches International Airport,30.357106,-85.795414,69,-6.0,A,Panama City,United States,"2018-10-27",1418,1405,13,1532,1520,12,WN,N7731A,3347,BNA,ECP,60,74,401,0,0
PNS,Pensacola Regional Airport,30.473400115967,-87.186599731445,121,-6.0,A,Pensacola,United States,"2018-10-27",1409,1414,-5,1549,1554,-5,YX,N134HQ,4537,PHL,PNS,144,160,935,0,0
VPS,Destin-Ft Walton Beach Airport,30.4832,-86.525398,87,-6.0,A,Valparaiso,United States,"2018-10-27",1420,1430,-10,1557,1617,-20,YV,N89357,6045,IAH,VPS,78,97,528,0,0
ECP,Northwest Florida Beaches International Airport,30.357106,-85.795414,69,-6.0,A,Panama City,United States,"2018-10-27",1436,1435,1,1608,1620,-12,WN,N7727A,4933,STL,ECP,83,92,634,0,0
TLH,Tallahassee Regional Airport,30.396499633789062,-84.35030364990234,81,-5.0,A,Tallahassee,United States,"2018-10-27",1440,1439,1,1609,1603,6,MQ,N935AE,3861,MIA,TLH,62,89,402,0,0
ECP,Northwest Florida Beaches International Airport,30.357106,-85.795414,69,-6.0,A,Panama City,United States,"2018-10-27",1436,1445,-9,1613,1630,-17,EV,N15986,4249,IAH,ECP,80,97,572,0,0
PNS,Pensacola Regional Airport,30.473400115967,-87.186599731445,121,-6.0,A,Pensacola,United States,"2018-10-27",1448,1455,-7,1531,1542,-11,YX,N130HQ,4553,CLT,PNS,80,103,488,0,0
PNS,Pensacola Regional Airport,30.473400115967,-87.186599731445,121,-6.0,A,Pensacola,United States,"2018-10-27",1457,1459,-2,1458,1509,-11,DL,N912DL,1270,ATL,PNS,48,61,271,0,0
PNS,Pensacola Regional Airport,30.473400115967,-87.186599731445,121,-6.0,A,Pensacola,United States,"2018-10-27",1502,1500,2,1621,1625,-4,WN,N734SA,3902,HOU,PNS,65,79,488,0,0
VPS,Destin-Ft Walton Beach Airport,30.4832,-86.525398,87,-6.0,A,Valparaiso,United States,"2018-10-27",1507,1510,-3,1509,1519,-10,DL,N932AT,2802,ATL,VPS,46,62,250,0,0
VPS,Destin-Ft Walton Beach Airport,30.4832,-86.525398,87,-6.0,A,Valparaiso,United States,"2018-10-27",1529,1536,-7,1601,1623,-22,G4,"228NV",1901,CVG,VPS,79,92,600,0,0
VPS,Destin-Ft Walton Beach Airport,30.4832,-86.525398,87,-6.0,A,Valparaiso,United States,"2018-10-27",1609,1615,-6,1711,1725,-14,G4,"326NV",1424,PIT,VPS,109,122,775,0,0
PNS,Pensacola Regional Airport,30.473400115967,-87.186599731445,121,-6.0,A,Pensacola,United States,"2018-10-27",1607,1615,-8,1648,1701,-13,MQ,N685AE,3427,MIA,PNS,84,101,530,0,0
TLH,Tallahassee Regional Airport,30.396499633789062,-84.35030364990234,81,-5.0,A,Tallahassee,United States,"2018-10-27",1613,1617,-4,1703,1712,-9,DL,N989DL,1786,ATL,TLH,38,50,223,0,0
PNS,Pensacola Regional Airport,30.473400115967,-87.186599731445,121,-6.0,A,Pensacola,United States,"2018-10-27",1632,1635,-3,1755,1812,-17,YV,N85320,6184,IAH,PNS,67,83,489,0,0
VPS,Destin-Ft Walton Beach Airport,30.4832,-86.525398,87,-6.0,A,Valparaiso,United States,"2018-10-27",1642,1650,-8,1824,1839,-15,AA,N9619V,1445,DFW,VPS,81,102,641,0,0
PNS,Pensacola Regional Airport,30.473400115967,-87.186599731445,121,-6.0,A,Pensacola,United States,"2018-10-27",1653,1659,-6,1810,1823,-13,OH,N508AE,5520,DCA,PNS,125,137,816,0,0
PNS,Pensacola Regional Airport,30.473400115967,-87.186599731445,121,-6.0,A,Pensacola,United States,"2018-10-27",1653,1655,-2,1658,1703,-5,DL,N977DL,1814,ATL,PNS,49,65,271,0,0
ECP,Northwest Florida Beaches International Airport,30.357106,-85.795414,69,-6.0,A,Panama City,United States,"2018-10-27",1726,1700,26,1832,1815,17,WN,N7814B,5270,BNA,ECP,55,66,401,0,0
PNS,Pensacola Regional Airport,30.473400115967,-87.186599731445,121,-6.0,A,Pensacola,United States,"2018-10-27",1657,1703,-6,1829,1845,-16,AA,N7541A,2641,DFW,PNS,75,92,604,0,0
PNS,Pensacola Regional Airport,30.473400115967,-87.186599731445,121,-6.0,A,Pensacola,United States,"2018-10-27",1853,1705,108,2004,1820,104,WN,N481WN,581,BNA,PNS,58,71,391,0,0
ECP,Northwest Florida Beaches International Airport,30.357106,-85.795414,69,-6.0,A,Panama City,United States,"2018-10-27",1711,1713,-2,1708,1710,-2,DL,N901DE,1403,ATL,ECP,43,57,240,0,0
TLH,Tallahassee Regional Airport,30.396499633789062,-84.35030364990234,81,-5.0,A,Tallahassee,United States,"2018-10-27",1724,1730,-6,1846,1854,-8,MQ,N673AE,3844,MIA,TLH,60,82,402,0,0
TLH,Tallahassee Regional Airport,30.396499633789062,-84.35030364990234,81,-5.0,A,Tallahassee,United States,"2018-10-27",1659,1710,-11,1919,1924,-5,YX,N411YX,4504,DCA,TLH,112,140,716,0,0
VPS,Destin-Ft Walton Beach Airport,30.4832,-86.525398,87,-6.0,A,Valparaiso,United States,"2018-10-27",1717,1719,-2,1717,1721,-4,DL,N603AT,1167,ATL,VPS,43,60,250,0,0
VPS,Destin-Ft Walton Beach Airport,30.4832,-86.525398,87,-6.0,A,Valparaiso,United States,"2018-10-27",1737,1745,-8,1816,1825,-9,OH,N709PS,5709,CLT,VPS,82,99,460,0,0
PNS,Pensacola Regional Airport,30.473400115967,-87.186599731445,121,-6.0,A,Pensacola,United States,"2018-10-27",1811,1741,30,1848,1821,27,OH,N502AE,5463,CLT,PNS,79,97,488,0,0
TLH,Tallahassee Regional Airport,30.396499633789062,-84.35030364990234,81,-5.0,A,Tallahassee,United States,"2018-10-27",1752,1755,-3,1925,1922,3,OH,N708PS,5188,CLT,TLH,67,93,386,0,0
ECP,Northwest Florida Beaches International Airport,30.357106,-85.795414,69,-6.0,A,Panama City,United States,"2018-10-27",1818,1830,-12,1902,1915,-13,EV,N719EV,2890,CLT,ECP,72,104,437,0,0
VPS,Destin-Ft Walton Beach Airport,30.4832,-86.525398,87,-6.0,A,Valparaiso,United States,"2018-10-27",1800,1805,-5,1930,1954,-24,EV,N36915,4447,IAH,VPS,73,90,528,0,0
VPS,Destin-Ft Walton Beach Airport,30.4832,-86.525398,87,-6.0,A,Valparaiso,United States,"2018-10-27",1809,1831,-22,1915,1951,-36,G4,"309NV",1947,BWI,VPS,115,126,819,0,0
ECP,Northwest Florida Beaches International Airport,30.357106,-85.795414,69,-6.0,A,Panama City,United States,"2018-10-27",,1850,,,2054,,EV,N615QX,2870,DFW,ECP,,,685,1,0
TLH,Tallahassee Regional Airport,30.396499633789062,-84.35030364990234,81,-5.0,A,Tallahassee,United States,"2018-10-27",1858,1903,-5,1954,2007,-13,DL,N980DL,351,ATL,TLH,39,56,223,0,0
PNS,Pensacola Regional Airport,30.473400115967,-87.186599731445,121,-6.0,A,Pensacola,United States,"2018-10-27",1858,1904,-6,1859,1914,-15,DL,N997DL,2182,ATL,PNS,48,61,271,0,0
ECP,Northwest Florida Beaches International Airport,30.357106,-85.795414,69,-6.0,A,Panama City,United States,"2018-10-27",1902,1905,-3,2026,2040,-14,WN,N556WN,4149,HOU,ECP,71,84,571,0,0
VPS,Destin-Ft Walton Beach Airport,30.4832,-86.525398,87,-6.0,A,Valparaiso,United States,"2018-10-27",1931,1936,-5,1931,1943,-12,DL,N953DL,1856,ATL,VPS,43,60,250,0,0
PNS,Pensacola Regional Airport,30.473400115967,-87.186599731445,121,-6.0,A,Pensacola,United States,"2018-10-27",1938,1941,-3,2107,2118,-11,YV,N80343,6187,IAH,PNS,71,89,489,0,0
PNS,Pensacola Regional Airport,30.473400115967,-87.186599731445,121,-6.0,A,Pensacola,United States,"2018-10-27",2340,1955,225,3,2040,203,OH,N563NN,5103,CLT,PNS,69,83,488,0,0
ECP,Northwest Florida Beaches International Airport,30.357106,-85.795414,69,-6.0,A,Panama City,United States,"2018-10-27",1953,1955,-2,2130,2140,-10,EV,N13975,4190,IAH,ECP,72,97,572,0,0
PNS,Pensacola Regional Airport,30.473400115967,-87.186599731445,121,-6.0,A,Pensacola,United States,"2018-10-27",2148,2151,-3,2244,2242,2,MQ,N650AE,4109,MIA,PNS,89,116,530,0,0
TLH,Tallahassee Regional Airport,30.396499633789062,-84.35030364990234,81,-5.0,A,Tallahassee,United States,"2018-10-27",2023,2030,-7,2313,2333,-20,MQ,N235NN,4131,DFW,TLH,91,110,767,0,0
PNS,Pensacola Regional Airport,30.473400115967,-87.186599731445,121,-6.0,A,Pensacola,United States,"2018-10-27",2236,2238,-2,2245,2244,1,DL,N973DL,1213,ATL,PNS,47,69,271,0,0
TLH,Tallahassee Regional Airport,30.396499633789062,-84.35030364990234,81,-5.0,A,Tallahassee,United States,"2018-10-27",2237,2241,-4,2335,2344,-9,DL,N959DL,485,ATL,TLH,38,58,223,0,0
VPS,Destin-Ft Walton Beach Airport,30.4832,-86.525398,87,-6.0,A,Valparaiso,United States,"2018-10-27",2232,2241,-9,2259,2320,-21,OH,N558NN,5696,CLT,VPS,73,87,460,0,0
VPS,Destin-Ft Walton Beach Airport,30.4832,-86.525398,87,-6.0,A,Valparaiso,United States,"2018-10-27",2235,2242,-7,2258,2246,12,DL,N912DE,1590,ATL,VPS,40,83,250,0,0
PNS,Pensacola Regional Airport,30.473400115967,-87.186599731445,121,-6.0,A,Pensacola,United States,"2018-10-28",719,722,-3,1059,1121,-22,F9,N228FR,638,DEN,PNS,138,160,1179,0,0
PNS,Pensacola Regional Airport,30.473400115967,-87.186599731445,121,-6.0,A,Pensacola,United States,"2018-10-28",735,739,-4,822,824,-2,OH,N568NN,5237,CLT,PNS,80,107,488,0,0
PNS,Pensacola Regional Airport,30.473400115967,-87.186599731445,121,-6.0,A,Pensacola,United States,"2018-10-28",816,820,-4,819,831,-12,DL,N916DE,2212,ATL,PNS,47,63,271,0,0
ECP,Northwest Florida Beaches International Airport,30.357106,-85.795414,69,-6.0,A,Panama City,United States,"2018-10-28",915,920,-5,1021,1035,-14,WN,N7725A,5084,BNA,ECP,53,66,401,0,0
PNS,Pensacola Regional Airport,30.473400115967,-87.186599731445,121,-6.0,A,Pensacola,United States,"2018-10-28",922,930,-8,1026,1050,-24,WN,N268WN,2565,BNA,PNS,54,64,391,0,0
PNS,Pensacola Regional Airport,30.473400115967,-87.186599731445,121,-6.0,A,Pensacola,United States,"2018-10-28",939,945,-6,1102,1117,-15,EV,N12135,4221,IAH,PNS,69,83,489,0,0
VPS,Destin-Ft Walton Beach Airport,30.4832,-86.525398,87,-6.0,A,Valparaiso,United States,"2018-10-28",937,946,-9,1127,1138,-11,G4,"228NV",1993,AUS,VPS,86,110,666,0,0
PNS,Pensacola Regional Airport,30.473400115967,-87.186599731445,121,-6.0,A,Pensacola,United States,"2018-10-28",1000,1002,-2,1013,1017,-4,DL,N557NW,2179,ATL,PNS,45,73,271,0,0
TLH,Tallahassee Regional Airport,30.396499633789062,-84.35030364990234,81,-5.0,A,Tallahassee,United States,"2018-10-28",1020,1025,-5,1136,1147,-11,MQ,N935AE,3663,MIA,TLH,62,76,402,0,0
ECP,Northwest Florida Beaches International Airport,30.357106,-85.795414,69,-6.0,A,Panama City,United States,"2018-10-28",1107,1112,-5,1109,1116,-7,DL,N991DL,1733,ATL,ECP,41,62,240,0,0
PNS,Pensacola Regional Airport,30.473400115967,-87.186599731445,121,-6.0,A,Pensacola,United States,"2018-10-28",1127,1130,-3,1208,1214,-6,OH,N599NN,5298,CLT,PNS,70,101,488,0,0
ECP,Northwest Florida Beaches International Airport,30.357106,-85.795414,69,-6.0,A,Panama City,United States,"2018-10-28",,1131,,,1209,,EV,N738EV,2893,CLT,ECP,,,437,1,0
PNS,Pensacola Regional Airport,30.473400115967,-87.186599731445,121,-6.0,A,Pensacola,United States,"2018-10-28",1129,1138,-9,1250,1300,-10,MQ,N247NN,3771,DCA,PNS,116,141,816,0,0
ECP,Northwest Florida Beaches International Airport,30.357106,-85.795414,69,-6.0,A,Panama City,United States,"2018-10-28",1206,1205,1,1346,1350,-4,WN,N7814B,2055,DAL,ECP,86,100,674,0,0
PNS,Pensacola Regional Airport,30.473400115967,-87.186599731445,121,-6.0,A,Pensacola,United States,"2018-10-28",1231,1236,-5,1230,1247,-17,DL,N916DE,1353,ATL,PNS,46,59,271,0,0
TLH,Tallahassee Regional Airport,30.396499633789062,-84.35030364990234,81,-5.0,A,Tallahassee,United States,"2018-10-28",1305,1305,0,1607,1610,-3,MQ,N240NN,4069,DFW,TLH,89,122,767,0,0
VPS,Destin-Ft Walton Beach Airport,30.4832,-86.525398,87,-6.0,A,Valparaiso,United States,"2018-10-28",1302,1307,-5,1335,1350,-15,OH,N567NN,5500,CLT,VPS,66,93,460,0,0
ECP,Northwest Florida Beaches International Airport,30.357106,-85.795414,69,-6.0,A,Panama City,United States,"2018-10-28",1347,1354,-7,1348,1352,-4,DL,N950DL,2506,ATL,ECP,42,61,240,0,0
VPS,Destin-Ft Walton Beach Airport,30.4832,-86.525398,87,-6.0,A,Valparaiso,United States,"2018-10-28",828,835,-7,900,911,-11,OH,N559NN,5564,CLT,VPS,72,92,460,0,0
VPS,Destin-Ft Walton Beach Airport,30.4832,-86.525398,87,-6.0,A,Valparaiso,United States,"2018-10-28",844,850,-6,1002,1023,-21,YX,N446YX,4609,DCA,VPS,109,138,789,0,0
ECP,Northwest Florida Beaches International Airport,30.357106,-85.795414,69,-6.0,A,Panama City,United States,"2018-10-28",856,900,-4,901,903,-2,DL,N998DL,2029,ATL,ECP,46,65,240,0,0
TLH,Tallahassee Regional Airport,30.396499633789062,-84.35030364990234,81,-5.0,A,Tallahassee,United States,"2018-10-28",857,900,-3,1014,1025,-11,OH,N569NN,5272,CLT,TLH,60,77,386,0,0
PNS,Pensacola Regional Airport,30.473400115967,-87.186599731445,121,-6.0,A,Pensacola,United States,"2018-10-28",950,915,35,1024,1000,24,MQ,N694AE,3733,MIA,PNS,81,94,530,0,0
VPS,Destin-Ft Walton Beach Airport,30.4832,-86.525398,87,-6.0,A,Valparaiso,United States,"2018-10-28",941,944,-3,949,950,-1,DL,N948DL,2716,ATL,VPS,40,68,250,0,0
PNS,Pensacola Regional Airport,30.473400115967,-87.186599731445,121,-6.0,A,Pensacola,United States,"2018-10-28",1012,1020,-8,1153,1208,-15,MQ,N235NN,3324,DFW,PNS,79,101,604,0,0
VPS,Destin-Ft Walton Beach Airport,30.4832,-86.525398,87,-6.0,A,Valparaiso,United States,"2018-10-28",1001,1022,-21,1149,1216,-27,G4,"309NV",1909,OKC,VPS,83,108,726,0,0
TLH,Tallahassee Regional Airport,30.396499633789062,-84.35030364990234,81,-5.0,A,Tallahassee,United States,"2018-10-28",1036,1038,-2,1134,1138,-4,DL,N945AT,489,ATL,TLH,39,58,223,0,0
VPS,Destin-Ft Walton Beach Airport,30.4832,-86.525398,87,-6.0,A,Valparaiso,United States,"2018-10-28",1051,1055,-4,1246,1257,-11,YV,N917FJ,5740,DFW,VPS,80,115,641,0,0
PNS,Pensacola Regional Airport,30.473400115967,-87.186599731445,121,-6.0,A,Pensacola,United States,"2018-10-28",1139,1135,4,1411,1347,24,EV,N15574,4085,ORD,PNS,100,152,794,0,0
PNS,Pensacola Regional Airport,30.473400115967,-87.186599731445,121,-6.0,A,Pensacola,United States,"2018-10-28",1201,1205,-4,1324,1337,-13,EV,N11565,4393,IAH,PNS,68,83,489,0,0
ECP,Northwest Florida Beaches International Airport,30.357106,-85.795414,69,-6.0,A,Panama City,United States,"2018-10-28",1612,1205,247,1740,1350,230,EV,N13538,4451,IAH,ECP,77,88,572,0,0
VPS,Destin-Ft Walton Beach Airport,30.4832,-86.525398,87,-6.0,A,Valparaiso,United States,"2018-10-28",1210,1218,-8,1345,1359,-14,EV,N16178,3995,IAH,VPS,71,95,528,0,0
ECP,Northwest Florida Beaches International Airport,30.357106,-85.795414,69,-6.0,A,Panama City,United States,"2018-10-28",1301,1225,36,1527,1423,64,EV,N600QX,2895,DFW,ECP,94,146,685,0,0
PNS,Pensacola Regional Airport,30.473400115967,-87.186599731445,121,-6.0,A,Pensacola,United States,"2018-10-28",1255,1300,-5,1441,1443,-2,AA,N970TW,2389,DFW,PNS,78,106,604,0,0
TLH,Tallahassee Regional Airport,30.396499633789062,-84.35030364990234,81,-5.0,A,Tallahassee,United States,"2018-10-28",1318,1320,-2,1451,1451,0,OH,N594NN,5662,CLT,TLH,56,93,386,0,0
VPS,Destin-Ft Walton Beach Airport,30.4832,-86.525398,87,-6.0,A,Valparaiso,United States,"2018-10-28",1338,1342,-4,1339,1348,-9,DL,N922DL,2873,ATL,VPS,43,61,250,0,0
PNS,Pensacola Regional Airport,30.473400115967,-87.186599731445,121,-6.0,A,Pensacola,United States,"2018-10-28",1413,1414,-1,1556,1554,2,YX,N117HQ,4537,PHL,PNS,130,163,935,0,0
ECP,Northwest Florida Beaches International Airport,30.357106,-85.795414,69,-6.0,A,Panama City,United States,"2018-10-28",1414,1415,-1,1525,1530,-5,WN,N555LV,6593,BNA,ECP,56,71,401,0,0
TLH,Tallahassee Regional Airport,30.396499633789062,-84.35030364990234,81,-5.0,A,Tallahassee,United States,"2018-10-28",1427,1421,6,1519,1523,-4,DL,N988DN,1399,ATL,TLH,39,52,223,0,0
TLH,Tallahassee Regional Airport,30.396499633789062,-84.35030364990234,81,-5.0,A,Tallahassee,United States,"2018-10-28",1430,1439,-9,1548,1603,-15,MQ,N697AB,3861,MIA,TLH,64,78,402,0,0
PNS,Pensacola Regional Airport,30.473400115967,-87.186599731445,121,-6.0,A,Pensacola,United States,"2018-10-28",1447,1455,-8,1536,1542,-6,YX,N107HQ,4553,CLT,PNS,74,109,488,0,0
VPS,Destin-Ft Walton Beach Airport,30.4832,-86.525398,87,-6.0,A,Valparaiso,United States,"2018-10-28",1514,1510,4,1518,1516,2,DL,N982DL,2802,ATL,VPS,40,64,250,0,0
PNS,Pensacola Regional Airport,30.473400115967,-87.186599731445,121,-6.0,A,Pensacola,United States,"2018-10-28",1455,1459,-4,1457,1511,-14,DL,N901DE,1270,ATL,PNS,46,62,271,0,0
VPS,Destin-Ft Walton Beach Airport,30.4832,-86.525398,87,-6.0,A,Valparaiso,United States,"2018-10-28",1514,1517,-3,1643,1701,-18,G4,"228NV",1903,BLV,VPS,71,89,587,0,0
PNS,Pensacola Regional Airport,30.473400115967,-87.186599731445,121,-6.0,A,Pensacola,United States,"2018-10-28",1610,1615,-5,1644,1701,-17,MQ,N673AE,3427,MIA,PNS,82,94,530,0,0
TLH,Tallahassee Regional Airport,30.396499633789062,-84.35030364990234,81,-5.0,A,Tallahassee,United States,"2018-10-28",1613,1617,-4,1703,1716,-13,DL,N997AT,1748,ATL,TLH,37,50,223,0,0
PNS,Pensacola Regional Airport,30.473400115967,-87.186599731445,121,-6.0,A,Pensacola,United States,"2018-10-28",1631,1635,-4,1808,1802,6,YV,N88335,6184,IAH,PNS,73,97,489,0,0
VPS,Destin-Ft Walton Beach Airport,30.4832,-86.525398,87,-6.0,A,Valparaiso,United States,"2018-10-28",1645,1650,-5,1832,1846,-14,YV,N927LR,5906,DFW,VPS,81,107,641,0,0
VPS,Destin-Ft Walton Beach Airport,30.4832,-86.525398,87,-6.0,A,Valparaiso,United States,"2018-10-28",1641,1645,-4,1704,1726,-22,G4,"309NV",1919,SDF,VPS,64,83,532,0,0
PNS,Pensacola Regional Airport,30.473400115967,-87.186599731445,121,-6.0,A,Pensacola,United States,"2018-10-28",1722,1655,27,1840,1820,20,WN,N948WN,5317,HOU,PNS,65,78,488,0,0
PNS,Pensacola Regional Airport,30.473400115967,-87.186599731445,121,-6.0,A,Pensacola,United States,"2018-10-28",1729,1655,34,1907,1845,22,MQ,N241NN,3877,DFW,PNS,77,98,604,0,0
VPS,Destin-Ft Walton Beach Airport,30.4832,-86.525398,87,-6.0,A,Valparaiso,United States,"2018-10-28",1716,1719,-3,1726,1722,4,DL,N905DL,1167,ATL,VPS,40,70,250,0,0
ECP,Northwest Florida Beaches International Airport,30.357106,-85.795414,69,-6.0,A,Panama City,United States,"2018-10-28",1715,1705,10,1839,1840,-1,WN,N7814B,3780,HOU,ECP,74,84,571,0,0
ECP,Northwest Florida Beaches International Airport,30.357106,-85.795414,69,-6.0,A,Panama City,United States,"2018-10-28",1711,1713,-2,1705,1711,-6,DL,N943DL,1403,ATL,ECP,38,54,240,0,0
TLH,Tallahassee Regional Airport,30.396499633789062,-84.35030364990234,81,-5.0,A,Tallahassee,United States,"2018-10-28",1730,1730,0,1853,1854,-1,MQ,N931AE,3844,MIA,TLH,67,83,402,0,0
PNS,Pensacola Regional Airport,30.473400115967,-87.186599731445,121,-6.0,A,Pensacola,United States,"2018-10-28",1738,1741,-3,1811,1821,-10,OH,N504AE,5463,CLT,PNS,76,93,488,0,0
VPS,Destin-Ft Walton Beach Airport,30.4832,-86.525398,87,-6.0,A,Valparaiso,United States,"2018-10-28",1740,1745,-5,1814,1825,-11,OH,N584NN,5709,CLT,VPS,72,94,460,0,0
TLH,Tallahassee Regional Airport,30.396499633789062,-84.35030364990234,81,-5.0,A,Tallahassee,United States,"2018-10-28",1923,1801,82,2041,1940,61,YX,N110HQ,4660,CLT,TLH,60,78,386,0,0
ECP,Northwest Florida Beaches International Airport,30.357106,-85.795414,69,-6.0,A,Panama City,United States,"2018-10-28",,1850,,,2054,,EV,N617QX,2870,DFW,ECP,,,685,1,0
VPS,Destin-Ft Walton Beach Airport,30.4832,-86.525398,87,-6.0,A,Valparaiso,United States,"2018-10-28",1804,1805,-1,1939,1949,-10,EV,N16541,4447,IAH,VPS,75,95,528,0,0
ECP,Northwest Florida Beaches International Airport,30.357106,-85.795414,69,-6.0,A,Panama City,United States,"2018-10-28",,1830,,,1915,,EV,N600QX,2890,CLT,ECP,,,437,1,0
PNS,Pensacola Regional Airport,30.473400115967,-87.186599731445,121,-6.0,A,Pensacola,United States,"2018-10-28",1844,1849,-5,1845,1900,-15,DL,N966DL,2182,ATL,PNS,45,61,271,0,0
VPS,Destin-Ft Walton Beach Airport,30.4832,-86.525398,87,-6.0,A,Valparaiso,United States,"2018-10-28",1846,1855,-9,2030,2053,-23,AA,N9681B,1445,DFW,VPS,79,104,641,0,0
PNS,Pensacola Regional Airport,30.473400115967,-87.186599731445,121,-6.0,A,Pensacola,United States,"2018-10-28",1914,1910,4,2031,2025,6,WN,N712SW,5039,BNA,PNS,58,77,391,0,0
ECP,Northwest Florida Beaches International Airport,30.357106,-85.795414,69,-6.0,A,Panama City,United States,"2018-10-28",1914,1920,-6,2026,2035,-9,WN,N7729A,4390,BNA,ECP,55,72,401,0,0
VPS,Destin-Ft Walton Beach Airport,30.4832,-86.525398,87,-6.0,A,Valparaiso,United States,"2018-10-28",1932,1936,-4,1935,1945,-10,DL,N938DL,1856,ATL,VPS,41,63,250,0,0
PNS,Pensacola Regional Airport,30.473400115967,-87.186599731445,121,-6.0,A,Pensacola,United States,"2018-10-28",1929,1935,-6,2055,2101,-6,OH,N545PB,5597,DCA,PNS,122,146,816,0,0
PNS,Pensacola Regional Airport,30.473400115967,-87.186599731445,121,-6.0,A,Pensacola,United States,"2018-10-28",1940,1941,-1,2112,2107,5,YV,N89349,6187,IAH,PNS,70,92,489,0,0
PNS,Pensacola Regional Airport,30.473400115967,-87.186599731445,121,-6.0,A,Pensacola,United States,"2018-10-28",2012,1955,17,2058,2040,18,OH,N547NN,5103,CLT,PNS,80,106,488,0,0
ECP,Northwest Florida Beaches International Airport,30.357106,-85.795414,69,-6.0,A,Panama City,United States,"2018-10-28",1955,1955,0,2138,2133,5,EV,N21537,4190,IAH,ECP,81,103,572,0,0
TLH,Tallahassee Regional Airport,30.396499633789062,-84.35030364990234,81,-5.0,A,Tallahassee,United States,"2018-10-28",1953,2000,-7,2205,2216,-11,YX,N445YX,4504,DCA,TLH,106,132,716,0,0
VPS,Destin-Ft Walton Beach Airport,30.4832,-86.525398,87,-6.0,A,Valparaiso,United States,"2018-10-28",2008,2023,-15,2118,2142,-24,G4,"309NV",1911,BNA,VPS,49,70,389,0,0
VPS,Destin-Ft Walton Beach Airport,30.4832,-86.525398,87,-6.0,A,Valparaiso,United States,"2018-10-28",2007,2029,-22,2135,2217,-42,G4,"228NV",1913,SGF,VPS,68,88,610,0,0
TLH,Tallahassee Regional Airport,30.396499633789062,-84.35030364990234,81,-5.0,A,Tallahassee,United States,"2018-10-28",2024,2030,-6,2321,2333,-12,MQ,N255NN,4131,DFW,TLH,94,117,767,0,0
PNS,Pensacola Regional Airport,30.473400115967,-87.186599731445,121,-6.0,A,Pensacola,United States,"2018-10-28",2043,2046,-3,2043,2057,-14,DL,N984DL,1236,ATL,PNS,44,60,271,0,0
PNS,Pensacola Regional Airport,30.473400115967,-87.186599731445,121,-6.0,A,Pensacola,United States,"2018-10-28",2027,2035,-8,2200,2220,-20,AA,N9628W,2641,DFW,PNS,77,93,604,0,0
TLH,Tallahassee Regional Airport,30.396499633789062,-84.35030364990234,81,-5.0,A,Tallahassee,United States,"2018-10-28",2235,2241,-6,2336,2345,-9,DL,N963DL,485,ATL,TLH,40,61,223,0,0
TLH,Tallahassee Regional Airport,30.396499633789062,-84.35030364990234,81,-5.0,A,Tallahassee,United States,"2018-10-28",2048,2051,-3,2146,2155,-9,DL,N958DL,1669,ATL,TLH,36,58,223,0,0
PNS,Pensacola Regional Airport,30.473400115967,-87.186599731445,121,-6.0,A,Pensacola,United States,"2018-10-28",2144,2151,-7,2234,2242,-8,MQ,N685AE,4109,MIA,PNS,81,110,530,0,0
TLH,Tallahassee Regional Airport,30.396499633789062,-84.35030364990234,81,-5.0,A,Tallahassee,United States,"2018-10-28",2231,2232,-1,2354,2359,-5,OH,N723PS,5284,CLT,TLH,63,83,386,0,0
PNS,Pensacola Regional Airport,30.473400115967,-87.186599731445,121,-6.0,A,Pensacola,United States,"2018-10-28",2255,2238,17,2253,2247,6,DL,N987DL,1213,ATL,PNS,43,58,271,0,0
VPS,Destin-Ft Walton Beach Airport,30.4832,-86.525398,87,-6.0,A,Valparaiso,United States,"2018-10-28",2256,2241,15,2324,2320,4,OH,N567NN,5696,CLT,VPS,69,88,460,0,0
VPS,Destin-Ft Walton Beach Airport,30.4832,-86.525398,87,-6.0,A,Valparaiso,United States,"2018-10-28",2234,2242,-8,2246,2248,-2,DL,N946DL,1590,ATL,VPS,39,72,250,0,0
VPS,Destin-Ft Walton Beach Airport,30.4832,-86.525398,87,-6.0,A,Valparaiso,United States,"2018-10-29",659,705,-6,845,901,-16,YV,N926LR,5725,DFW,VPS,82,106,641,0,0
PNS,Pensacola Regional Airport,30.473400115967,-87.186599731445,121,-6.0,A,Pensacola,United States,"2018-10-29",746,750,-4,857,905,-8,WN,N7701B,2229,BNA,PNS,56,71,391,0,0
VPS,Destin-Ft Walton Beach Airport,30.4832,-86.525398,87,-6.0,A,Valparaiso,United States,"2018-10-29",828,835,-7,908,911,-3,OH,N562NN,5564,CLT,VPS,75,100,460,0,0
TLH,Tallahassee Regional Airport,30.396499633789062,-84.35030364990234,81,-5.0,A,Tallahassee,United States,"2018-10-29",833,836,-3,931,941,-10,"9E",N929XJ,3281,ATL,TLH,38,58,223,0,0
VPS,Destin-Ft Walton Beach Airport,30.4832,-86.525398,87,-6.0,A,Valparaiso,United States,"2018-10-29",843,850,-7,1013,1023,-10,YX,N413YX,4609,DCA,VPS,115,150,789,0,0
ECP,Northwest Florida Beaches International Airport,30.357106,-85.795414,69,-6.0,A,Panama City,United States,"2018-10-29",856,900,-4,1009,1015,-6,WN,N8303R,3984,BNA,ECP,59,73,401,0,0
VPS,Destin-Ft Walton Beach Airport,30.4832,-86.525398,87,-6.0,A,Valparaiso,United States,"2018-10-29",940,944,-4,935,950,-15,DL,N918DE,2716,ATL,VPS,38,55,250,0,0
PNS,Pensacola Regional Airport,30.473400115967,-87.186599731445,121,-6.0,A,Pensacola,United States,"2018-10-29",940,945,-5,1123,1117,6,EV,N12563,4221,IAH,PNS,69,103,489,0,0
PNS,Pensacola Regional Airport,30.473400115967,-87.186599731445,121,-6.0,A,Pensacola,United States,"2018-10-29",1000,1002,-2,1002,1017,-15,DL,N689DL,2179,ATL,PNS,44,62,271,0,0
TLH,Tallahassee Regional Airport,30.396499633789062,-84.35030364990234,81,-5.0,A,Tallahassee,United States,"2018-10-29",1018,1025,-7,1147,1147,0,MQ,N680AE,3663,MIA,TLH,66,89,402,0,0
VPS,Destin-Ft Walton Beach Airport,30.4832,-86.525398,87,-6.0,A,Valparaiso,United States,"2018-10-29",,1055,,,1257,,YV,"",5740,DFW,VPS,,,641,1,0
TLH,Tallahassee Regional Airport,30.396499633789062,-84.35030364990234,81,-5.0,A,Tallahassee,United States,"2018-10-29",1108,1110,-2,1211,1210,1,DL,N954AT,489,ATL,TLH,39,63,223,0,0
PNS,Pensacola Regional Airport,30.473400115967,-87.186599731445,121,-6.0,A,Pensacola,United States,"2018-10-29",1128,1130,-2,1204,1214,-10,OH,N572NN,5298,CLT,PNS,72,96,488,0,0
PNS,Pensacola Regional Airport,30.473400115967,-87.186599731445,121,-6.0,A,Pensacola,United States,"2018-10-29",1127,1138,-11,1250,1300,-10,MQ,N228NN,3771,DCA,PNS,110,143,816,0,0
VPS,Destin-Ft Walton Beach Airport,30.4832,-86.525398,87,-6.0,A,Valparaiso,United States,"2018-10-29",1228,1218,10,1404,1359,5,EV,N21537,3995,IAH,VPS,77,96,528,0,0
ECP,Northwest Florida Beaches International Airport,30.357106,-85.795414,69,-6.0,A,Panama City,United States,"2018-10-29",1258,1225,33,1450,1423,27,EV,N608QX,2895,DFW,ECP,91,112,685,0,0
PNS,Pensacola Regional Airport,30.473400115967,-87.186599731445,121,-6.0,A,Pensacola,United States,"2018-10-29",1255,1300,-5,1427,1443,-16,AA,N971TW,2389,DFW,PNS,78,92,604,0,0
VPS,Destin-Ft Walton Beach Airport,30.4832,-86.525398,87,-6.0,A,Valparaiso,United States,"2018-10-29",1308,1307,1,1343,1350,-7,OH,N549NN,5500,CLT,VPS,71,95,460,0,0
VPS,Destin-Ft Walton Beach Airport,30.4832,-86.525398,87,-6.0,A,Valparaiso,United States,"2018-10-29",1339,1342,-3,1336,1348,-12,DL,N949DL,2873,ATL,VPS,39,57,250,0,0
PNS,Pensacola Regional Airport,30.473400115967,-87.186599731445,121,-6.0,A,Pensacola,United States,"2018-10-29",1407,1414,-7,1535,1554,-19,YX,N118HQ,4537,PHL,PNS,126,148,935,0,0
TLH,Tallahassee Regional Airport,30.396499633789062,-84.35030364990234,81,-5.0,A,Tallahassee,United States,"2018-10-29",1416,1421,-5,1512,1523,-11,DL,N607AT,1399,ATL,TLH,40,56,223,0,0
PNS,Pensacola Regional Airport,30.473400115967,-87.186599731445,121,-6.0,A,Pensacola,United States,"2018-10-29",1456,1459,-3,1454,1511,-17,DL,N958DL,1270,ATL,PNS,43,58,271,0,0
PNS,Pensacola Regional Airport,30.473400115967,-87.186599731445,121,-6.0,A,Pensacola,United States,"2018-10-29",738,739,-1,810,824,-14,OH,N568NN,5237,CLT,PNS,70,92,488,0,0
ECP,Northwest Florida Beaches International Airport,30.357106,-85.795414,69,-6.0,A,Panama City,United States,"2018-10-29",740,745,-5,856,900,-4,WN,N7814B,1281,BNA,ECP,61,76,401,0,0
PNS,Pensacola Regional Airport,30.473400115967,-87.186599731445,121,-6.0,A,Pensacola,United States,"2018-10-29",813,820,-7,811,831,-20,DL,N947DL,2212,ATL,PNS,43,58,271,0,0
ECP,Northwest Florida Beaches International Airport,30.357106,-85.795414,69,-6.0,A,Panama City,United States,"2018-10-29",859,900,-1,901,903,-2,DL,N974DL,2029,ATL,ECP,42,62,240,0,0
TLH,Tallahassee Regional Airport,30.396499633789062,-84.35030364990234,81,-5.0,A,Tallahassee,United States,"2018-10-29",902,900,2,1030,1025,5,OH,N566NN,5272,CLT,TLH,69,88,386,0,0
PNS,Pensacola Regional Airport,30.473400115967,-87.186599731445,121,-6.0,A,Pensacola,United States,"2018-10-29",911,915,-4,954,1000,-6,MQ,N931AE,3733,MIA,PNS,89,103,530,0,0
PNS,Pensacola Regional Airport,30.473400115967,-87.186599731445,121,-6.0,A,Pensacola,United States,"2018-10-29",1015,1020,-5,1206,1208,-2,MQ,N230NN,3324,DFW,PNS,78,111,604,0,0
VPS,Destin-Ft Walton Beach Airport,30.4832,-86.525398,87,-6.0,A,Valparaiso,United States,"2018-10-29",1053,1037,16,1143,1135,8,G4,"228NV",1917,LCK,VPS,89,110,675,0,0
ECP,Northwest Florida Beaches International Airport,30.357106,-85.795414,69,-6.0,A,Panama City,United States,"2018-10-29",1109,1112,-3,1112,1116,-4,DL,N966DL,1733,ATL,ECP,41,63,240,0,0
ECP,Northwest Florida Beaches International Airport,30.357106,-85.795414,69,-6.0,A,Panama City,United States,"2018-10-29",1126,1131,-5,1154,1209,-15,EV,N615QX,2893,CLT,ECP,66,88,437,0,0
PNS,Pensacola Regional Airport,30.473400115967,-87.186599731445,121,-6.0,A,Pensacola,United States,"2018-10-29",1156,1135,21,1359,1347,12,EV,N11109,4085,ORD,PNS,99,123,794,0,0
PNS,Pensacola Regional Airport,30.473400115967,-87.186599731445,121,-6.0,A,Pensacola,United States,"2018-10-29",1211,1205,6,1345,1337,8,EV,N15980,4393,IAH,PNS,69,94,489,0,0
ECP,Northwest Florida Beaches International Airport,30.357106,-85.795414,69,-6.0,A,Panama City,United States,"2018-10-29",1156,1205,-9,1333,1350,-17,EV,N24103,4451,IAH,ECP,79,97,572,0,0
PNS,Pensacola Regional Airport,30.473400115967,-87.186599731445,121,-6.0,A,Pensacola,United States,"2018-10-29",1232,1236,-4,1232,1247,-15,DL,N912DE,1353,ATL,PNS,44,60,271,0,0
TLH,Tallahassee Regional Airport,30.396499633789062,-84.35030364990234,81,-5.0,A,Tallahassee,United States,"2018-10-29",1252,1305,-13,1558,1610,-12,MQ,N262NN,4069,DFW,TLH,99,126,767,0,0
TLH,Tallahassee Regional Airport,30.396499633789062,-84.35030364990234,81,-5.0,A,Tallahassee,United States,"2018-10-29",1316,1320,-4,1445,1451,-6,OH,N555NN,5662,CLT,TLH,65,89,386,0,0
ECP,Northwest Florida Beaches International Airport,30.357106,-85.795414,69,-6.0,A,Panama City,United States,"2018-10-29",1350,1354,-4,1343,1352,-9,DL,N912DL,2506,ATL,ECP,40,53,240,0,0
TLH,Tallahassee Regional Airport,30.396499633789062,-84.35030364990234,81,-5.0,A,Tallahassee,United States,"2018-10-29",1425,1439,-14,1546,1603,-17,MQ,N928AE,3861,MIA,TLH,65,81,402,0,0
PNS,Pensacola Regional Airport,30.473400115967,-87.186599731445,121,-6.0,A,Pensacola,United States,"2018-10-29",1450,1455,-5,1541,1542,-1,YX,N128HQ,4553,CLT,PNS,71,111,488,0,0
VPS,Destin-Ft Walton Beach Airport,30.4832,-86.525398,87,-6.0,A,Valparaiso,United States,"2018-10-29",1508,1510,-2,1512,1516,-4,DL,N997DL,2802,ATL,VPS,38,64,250,0,0
VPS,Destin-Ft Walton Beach Airport,30.4832,-86.525398,87,-6.0,A,Valparaiso,United States,"2018-10-29",1618,1613,5,1652,1700,-8,G4,"305NV",1901,CVG,VPS,75,94,600,0,0
PNS,Pensacola Regional Airport,30.473400115967,-87.186599731445,121,-6.0,A,Pensacola,United States,"2018-10-29",1632,1635,-3,1800,1802,-2,YV,N86350,6184,IAH,PNS,68,88,489,0,0
TLH,Tallahassee Regional Airport,30.396499633789062,-84.35030364990234,81,-5.0,A,Tallahassee,United States,"2018-10-29",1620,1610,10,1739,1737,2,OH,N572NN,5248,CLT,TLH,58,79,386,0,0
PNS,Pensacola Regional Airport,30.473400115967,-87.186599731445,121,-6.0,A,Pensacola,United States,"2018-10-29",1609,1615,-6,1653,1701,-8,MQ,N650AE,3427,MIA,PNS,89,104,530,0,0
TLH,Tallahassee Regional Airport,30.396499633789062,-84.35030364990234,81,-5.0,A,Tallahassee,United States,"2018-10-29",1617,1617,0,1714,1716,-2,DL,N949AT,1748,ATL,TLH,39,57,223,0,0
PNS,Pensacola Regional Airport,30.473400115967,-87.186599731445,121,-6.0,A,Pensacola,United States,"2018-10-29",1652,1655,-3,1831,1845,-14,MQ,N246NN,3877,DFW,PNS,75,99,604,0,0
VPS,Destin-Ft Walton Beach Airport,30.4832,-86.525398,87,-6.0,A,Valparaiso,United States,"2018-10-29",1647,1650,-3,1832,1846,-14,YV,N953LR,5906,DFW,VPS,82,105,641,0,0
PNS,Pensacola Regional Airport,30.473400115967,-87.186599731445,121,-6.0,A,Pensacola,United States,"2018-10-29",1711,1705,6,1832,1830,2,WN,N719SW,976,HOU,PNS,64,81,488,0,0
ECP,Northwest Florida Beaches International Airport,30.357106,-85.795414,69,-6.0,A,Panama City,United States,"2018-10-29",1730,1710,20,1859,1845,14,WN,N7731A,2008,HOU,ECP,76,89,571,0,0
ECP,Northwest Florida Beaches International Airport,30.357106,-85.795414,69,-6.0,A,Panama City,United States,"2018-10-29",1705,1713,-8,1703,1711,-8,DL,N916DE,1403,ATL,ECP,41,58,240,0,0
TLH,Tallahassee Regional Airport,30.396499633789062,-84.35030364990234,81,-5.0,A,Tallahassee,United States,"2018-10-29",1722,1730,-8,1846,1854,-8,MQ,N685AE,3844,MIA,TLH,64,84,402,0,0
PNS,Pensacola Regional Airport,30.473400115967,-87.186599731445,121,-6.0,A,Pensacola,United States,"2018-10-29",1738,1741,-3,1808,1821,-13,OH,N530EA,5463,CLT,PNS,73,90,488,0,0
VPS,Destin-Ft Walton Beach Airport,30.4832,-86.525398,87,-6.0,A,Valparaiso,United States,"2018-10-29",1743,1745,-2,1814,1825,-11,OH,N550NN,5709,CLT,VPS,66,91,460,0,0
TLH,Tallahassee Regional Airport,30.396499633789062,-84.35030364990234,81,-5.0,A,Tallahassee,United States,"2018-10-29",1800,1801,-1,1926,1940,-14,YX,N109HQ,4660,CLT,TLH,59,86,386,0,0
VPS,Destin-Ft Walton Beach Airport,30.4832,-86.525398,87,-6.0,A,Valparaiso,United States,"2018-10-29",1801,1805,-4,1940,1949,-9,EV,N13992,4447,IAH,VPS,75,99,528,0,0
ECP,Northwest Florida Beaches International Airport,30.357106,-85.795414,69,-6.0,A,Panama City,United States,"2018-10-29",1928,1830,58,1951,1915,36,EV,N720EV,2890,CLT,ECP,66,83,437,0,0
PNS,Pensacola Regional Airport,30.473400115967,-87.186599731445,121,-6.0,A,Pensacola,United States,"2018-10-29",1831,1834,-3,1839,1845,-6,DL,N955DL,2182,ATL,PNS,45,68,271,0,0
ECP,Northwest Florida Beaches International Airport,30.357106,-85.795414,69,-6.0,A,Panama City,United States,"2018-10-29",1845,1850,-5,2049,2054,-5,EV,N738EV,2870,DFW,ECP,88,124,685,0,0
VPS,Destin-Ft Walton Beach Airport,30.4832,-86.525398,87,-6.0,A,Valparaiso,United States,"2018-10-29",1846,1855,-9,2034,2053,-19,AA,N9677W,1445,DFW,VPS,82,108,641,0,0
PNS,Pensacola Regional Airport,30.473400115967,-87.186599731445,121,-6.0,A,Pensacola,United States,"2018-10-29",1928,1935,-7,2034,2050,-16,WN,N455WN,1020,BNA,PNS,54,66,391,0,0
VPS,Destin-Ft Walton Beach Airport,30.4832,-86.525398,87,-6.0,A,Valparaiso,United States,"2018-10-29",1932,1936,-4,1939,1945,-6,DL,N969DL,1856,ATL,VPS,39,67,250,0,0
PNS,Pensacola Regional Airport,30.473400115967,-87.186599731445,121,-6.0,A,Pensacola,United States,"2018-10-29",1927,1935,-8,2045,2101,-16,OH,N511AE,5597,DCA,PNS,115,138,816,0,0
ECP,Northwest Florida Beaches International Airport,30.357106,-85.795414,69,-6.0,A,Panama City,United States,"2018-10-29",1930,1935,-5,2046,2050,-4,WN,N7733B,1378,BNA,ECP,59,76,401,0,0
PNS,Pensacola Regional Airport,30.473400115967,-87.186599731445,121,-6.0,A,Pensacola,United States,"2018-10-29",1959,1955,4,2032,2040,-8,OH,N592NN,5103,CLT,PNS,66,93,488,0,0
PNS,Pensacola Regional Airport,30.473400115967,-87.186599731445,121,-6.0,A,Pensacola,United States,"2018-10-29",1942,1941,1,2112,2107,5,YV,N85352,6187,IAH,PNS,67,90,489,0,0
ECP,Northwest Florida Beaches International Airport,30.357106,-85.795414,69,-6.0,A,Panama City,United States,"2018-10-29",1953,1955,-2,2136,2133,3,EV,N13988,4190,IAH,ECP,91,103,572,0,0
TLH,Tallahassee Regional Airport,30.396499633789062,-84.35030364990234,81,-5.0,A,Tallahassee,United States,"2018-10-29",1957,2000,-3,2214,2216,-2,YX,N432YX,4504,DCA,TLH,96,137,716,0,0
PNS,Pensacola Regional Airport,30.473400115967,-87.186599731445,121,-6.0,A,Pensacola,United States,"2018-10-29",2031,2035,-4,2213,2220,-7,AA,N963TW,2641,DFW,PNS,80,102,604,0,0
TLH,Tallahassee Regional Airport,30.396499633789062,-84.35030364990234,81,-5.0,A,Tallahassee,United States,"2018-10-29",2029,2030,-1,2325,2333,-8,MQ,N226NN,4131,DFW,TLH,94,116,767,0,0
PNS,Pensacola Regional Airport,30.473400115967,-87.186599731445,121,-6.0,A,Pensacola,United States,"2018-10-29",2040,2046,-6,2042,2057,-15,DL,N948DL,1236,ATL,PNS,45,62,271,0,0
VPS,Destin-Ft Walton Beach Airport,30.4832,-86.525398,87,-6.0,A,Valparaiso,United States,"2018-10-29",2034,2047,-13,2225,2253,-28,G4,"305NV",1915,MCI,VPS,91,111,764,0,0
TLH,Tallahassee Regional Airport,30.396499633789062,-84.35030364990234,81,-5.0,A,Tallahassee,United States,"2018-10-29",2237,2241,-4,2342,2345,-3,DL,N996AT,485,ATL,TLH,38,65,223,0,0
TLH,Tallahassee Regional Airport,30.396499633789062,-84.35030364990234,81,-5.0,A,Tallahassee,United States,"2018-10-29",2049,2051,-2,2141,2155,-14,DL,N906DL,1669,ATL,TLH,35,52,223,0,0
PNS,Pensacola Regional Airport,30.473400115967,-87.186599731445,121,-6.0,A,Pensacola,United States,"2018-10-29",2145,2151,-6,2226,2242,-16,MQ,N931AE,4109,MIA,PNS,80,101,530,0,0
TLH,Tallahassee Regional Airport,30.396499633789062,-84.35030364990234,81,-5.0,A,Tallahassee,United States,"2018-10-29",2227,2232,-5,2345,2359,-14,OH,N513AE,5284,CLT,TLH,56,78,386,0,0
VPS,Destin-Ft Walton Beach Airport,30.4832,-86.525398,87,-6.0,A,Valparaiso,United States,"2018-10-29",2244,2241,3,2313,2320,-7,OH,N556NN,5696,CLT,VPS,70,89,460,0,0
VPS,Destin-Ft Walton Beach Airport,30.4832,-86.525398,87,-6.0,A,Valparaiso,United States,"2018-10-29",2234,2242,-8,2236,2248,-12,DL,N903DE,1590,ATL,VPS,42,62,250,0,0
PNS,Pensacola Regional Airport,30.473400115967,-87.186599731445,121,-6.0,A,Pensacola,United States,"2018-10-29",2232,2238,-6,2232,2247,-15,DL,N956DL,1213,ATL,PNS,41,60,271,0,0
PNS,Pensacola Regional Airport,30.473400115967,-87.186599731445,121,-6.0,A,Pensacola,United States,"2018-10-30",717,722,-5,1107,1121,-14,F9,N201FR,638,DEN,PNS,145,170,1179,0,0
PNS,Pensacola Regional Airport,30.473400115967,-87.186599731445,121,-6.0,A,Pensacola,United States,"2018-10-30",734,739,-5,822,824,-2,OH,N716PS,5237,CLT,PNS,78,108,488,0,0
ECP,Northwest Florida Beaches International Airport,30.357106,-85.795414,69,-6.0,A,Panama City,United States,"2018-10-30",745,745,0,859,900,-1,WN,N7731A,1281,BNA,ECP,58,74,401,0,0
PNS,Pensacola Regional Airport,30.473400115967,-87.186599731445,121,-6.0,A,Pensacola,United States,"2018-10-30",1726,1705,21,1843,1830,13,WN,N7734H,976,HOU,PNS,64,77,488,0,0
PNS,Pensacola Regional Airport,30.473400115967,-87.186599731445,121,-6.0,A,Pensacola,United States,"2018-10-30",745,750,-5,856,905,-9,WN,N703SW,2229,BNA,PNS,56,71,391,0,0
PNS,Pensacola Regional Airport,30.473400115967,-87.186599731445,121,-6.0,A,Pensacola,United States,"2018-10-30",813,820,-7,815,829,-14,DL,N971DL,2212,ATL,PNS,47,62,271,0,0
VPS,Destin-Ft Walton Beach Airport,30.4832,-86.525398,87,-6.0,A,Valparaiso,United States,"2018-10-30",834,835,-1,909,911,-2,OH,N570NN,5564,CLT,VPS,72,95,460,0,0
TLH,Tallahassee Regional Airport,30.396499633789062,-84.35030364990234,81,-5.0,A,Tallahassee,United States,"2018-10-30",832,836,-4,935,941,-6,"9E",N335PQ,3281,ATL,TLH,38,63,223,0,0
VPS,Destin-Ft Walton Beach Airport,30.4832,-86.525398,87,-6.0,A,Valparaiso,United States,"2018-10-30",843,850,-7,1011,1023,-12,YX,N429YX,4609,DCA,VPS,111,148,789,0,0
ECP,Northwest Florida Beaches International Airport,30.357106,-85.795414,69,-6.0,A,Panama City,United States,"2018-10-30",854,900,-6,858,901,-3,DL,N983DL,2029,ATL,ECP,43,64,240,0,0
TLH,Tallahassee Regional Airport,30.396499633789062,-84.35030364990234,81,-5.0,A,Tallahassee,United States,"2018-10-30",857,900,-3,1016,1025,-9,OH,N593NN,5272,CLT,TLH,63,79,386,0,0
PNS,Pensacola Regional Airport,30.473400115967,-87.186599731445,121,-6.0,A,Pensacola,United States,"2018-10-30",939,945,-6,1109,1117,-8,EV,N16541,4221,IAH,PNS,71,90,489,0,0
PNS,Pensacola Regional Airport,30.473400115967,-87.186599731445,121,-6.0,A,Pensacola,United States,"2018-10-30",1017,1020,-3,1151,1208,-17,MQ,N253NN,3324,DFW,PNS,78,94,604,0,0
PNS,Pensacola Regional Airport,30.473400115967,-87.186599731445,121,-6.0,A,Pensacola,United States,"2018-10-30",1128,1130,-2,1218,1214,4,OH,N583NN,5298,CLT,PNS,80,110,488,0,0
PNS,Pensacola Regional Airport,30.473400115967,-87.186599731445,121,-6.0,A,Pensacola,United States,"2018-10-30",1214,1138,36,1329,1300,29,MQ,N229NN,3771,DCA,PNS,112,135,816,0,0
VPS,Destin-Ft Walton Beach Airport,30.4832,-86.525398,87,-6.0,A,Valparaiso,United States,"2018-10-30",1210,1218,-8,1351,1359,-8,EV,N25134,3995,IAH,VPS,72,101,528,0,0
ECP,Northwest Florida Beaches International Airport,30.357106,-85.795414,69,-6.0,A,Panama City,United States,"2018-10-30",1235,1225,10,1428,1423,5,EV,N617QX,2895,DFW,ECP,92,113,685,0,0
PNS,Pensacola Regional Airport,30.473400115967,-87.186599731445,121,-6.0,A,Pensacola,United States,"2018-10-30",1256,1300,-4,1435,1443,-8,AA,N982TW,2389,DFW,PNS,80,99,604,0,0
VPS,Destin-Ft Walton Beach Airport,30.4832,-86.525398,87,-6.0,A,Valparaiso,United States,"2018-10-30",1301,1307,-6,1340,1350,-10,OH,N587NN,5500,CLT,VPS,72,99,460,0,0
TLH,Tallahassee Regional Airport,30.396499633789062,-84.35030364990234,81,-5.0,A,Tallahassee,United States,"2018-10-30",1316,1320,-4,1455,1451,4,OH,N598NN,5662,CLT,TLH,70,99,386,0,0
ECP,Northwest Florida Beaches International Airport,30.357106,-85.795414,69,-6.0,A,Panama City,United States,"2018-10-30",1351,1354,-3,1344,1350,-6,DL,N920DE,2506,ATL,ECP,38,53,240,0,0
PNS,Pensacola Regional Airport,30.473400115967,-87.186599731445,121,-6.0,A,Pensacola,United States,"2018-10-30",1403,1414,-11,1531,1554,-23,YX,N108HQ,4537,PHL,PNS,128,148,935,0,0
TLH,Tallahassee Regional Airport,30.396499633789062,-84.35030364990234,81,-5.0,A,Tallahassee,United States,"2018-10-30",1417,1421,-4,1507,1522,-15,DL,N998AT,1399,ATL,TLH,36,50,223,0,0
TLH,Tallahassee Regional Airport,30.396499633789062,-84.35030364990234,81,-5.0,A,Tallahassee,United States,"2018-10-30",1436,1439,-3,1555,1603,-8,MQ,N680AE,3861,MIA,TLH,67,79,402,0,0
PNS,Pensacola Regional Airport,30.473400115967,-87.186599731445,121,-6.0,A,Pensacola,United States,"2018-10-30",1448,1455,-7,1534,1542,-8,YX,N127HQ,4553,CLT,PNS,74,106,488,0,0
VPS,Destin-Ft Walton Beach Airport,30.4832,-86.525398,87,-6.0,A,Valparaiso,United States,"2018-10-30",1520,1510,10,1515,1514,1,DL,N991DL,2802,ATL,VPS,39,55,250,0,0
PNS,Pensacola Regional Airport,30.473400115967,-87.186599731445,121,-6.0,A,Pensacola,United States,"2018-10-30",1613,1615,-2,1656,1701,-5,MQ,N678AE,3427,MIA,PNS,86,103,530,0,0
TLH,Tallahassee Regional Airport,30.396499633789062,-84.35030364990234,81,-5.0,A,Tallahassee,United States,"2018-10-30",1617,1617,0,1702,1712,-10,DL,N918DE,1786,ATL,TLH,37,45,223,0,0
VPS,Destin-Ft Walton Beach Airport,30.4832,-86.525398,87,-6.0,A,Valparaiso,United States,"2018-10-30",1645,1650,-5,1831,1846,-15,YV,N931LR,5906,DFW,VPS,84,106,641,0,0
ECP,Northwest Florida Beaches International Airport,30.357106,-85.795414,69,-6.0,A,Panama City,United States,"2018-10-30",1743,1710,33,1909,1845,24,WN,N7703A,2008,HOU,ECP,75,86,571,0,0
ECP,Northwest Florida Beaches International Airport,30.357106,-85.795414,69,-6.0,A,Panama City,United States,"2018-10-30",1710,1713,-3,1704,1710,-6,DL,N975DL,1403,ATL,ECP,41,54,240,0,0
PNS,Pensacola Regional Airport,30.473400115967,-87.186599731445,121,-6.0,A,Pensacola,United States,"2018-10-30",933,915,18,1013,1000,13,MQ,N679AE,3733,MIA,PNS,84,100,530,0,0
VPS,Destin-Ft Walton Beach Airport,30.4832,-86.525398,87,-6.0,A,Valparaiso,United States,"2018-10-30",941,944,-3,940,948,-8,DL,N915DE,2716,ATL,VPS,39,59,250,0,0
PNS,Pensacola Regional Airport,30.473400115967,-87.186599731445,121,-6.0,A,Pensacola,United States,"2018-10-30",1002,1002,0,1007,1015,-8,DL,N694DL,2179,ATL,PNS,47,65,271,0,0
TLH,Tallahassee Regional Airport,30.396499633789062,-84.35030364990234,81,-5.0,A,Tallahassee,United States,"2018-10-30",1018,1025,-7,1134,1147,-13,MQ,N680AE,3663,MIA,TLH,62,76,402,0,0
VPS,Destin-Ft Walton Beach Airport,30.4832,-86.525398,87,-6.0,A,Valparaiso,United States,"2018-10-30",,1055,,,1257,,YV,"",5740,DFW,VPS,,,641,1,0
TLH,Tallahassee Regional Airport,30.396499633789062,-84.35030364990234,81,-5.0,A,Tallahassee,United States,"2018-10-30",1104,1110,-6,1158,1209,-11,DL,N906AT,489,ATL,TLH,40,54,223,0,0
ECP,Northwest Florida Beaches International Airport,30.357106,-85.795414,69,-6.0,A,Panama City,United States,"2018-10-30",1054,1112,-18,1045,1113,-28,DL,N900DE,1733,ATL,ECP,38,51,240,0,0
VPS,Destin-Ft Walton Beach Airport,30.4832,-86.525398,87,-6.0,A,Valparaiso,United States,"2018-10-30",1121,1129,-8,1253,1313,-20,G4,"305NV",1903,BLV,VPS,75,92,587,0,0
ECP,Northwest Florida Beaches International Airport,30.357106,-85.795414,69,-6.0,A,Panama City,United States,"2018-10-30",1125,1131,-6,1149,1209,-20,EV,N616QX,2893,CLT,ECP,62,84,437,0,0
PNS,Pensacola Regional Airport,30.473400115967,-87.186599731445,121,-6.0,A,Pensacola,United States,"2018-10-30",1126,1135,-9,1338,1347,-9,EV,N11184,4085,ORD,PNS,103,132,794,0,0
PNS,Pensacola Regional Airport,30.473400115967,-87.186599731445,121,-6.0,A,Pensacola,United States,"2018-10-30",1156,1205,-9,1321,1337,-16,EV,N11165,4393,IAH,PNS,65,85,489,0,0
ECP,Northwest Florida Beaches International Airport,30.357106,-85.795414,69,-6.0,A,Panama City,United States,"2018-10-30",1200,1205,-5,1349,1350,-1,EV,N13566,4451,IAH,ECP,83,109,572,0,0
PNS,Pensacola Regional Airport,30.473400115967,-87.186599731445,121,-6.0,A,Pensacola,United States,"2018-10-30",1231,1236,-5,1231,1246,-15,DL,N906DL,362,ATL,PNS,45,60,271,0,0
TLH,Tallahassee Regional Airport,30.396499633789062,-84.35030364990234,81,-5.0,A,Tallahassee,United States,"2018-10-30",1302,1305,-3,1609,1610,-1,MQ,N252NN,4069,DFW,TLH,99,127,767,0,0
VPS,Destin-Ft Walton Beach Airport,30.4832,-86.525398,87,-6.0,A,Valparaiso,United States,"2018-10-30",1340,1342,-2,1337,1346,-9,DL,N911DL,2873,ATL,VPS,41,57,250,0,0
PNS,Pensacola Regional Airport,30.473400115967,-87.186599731445,121,-6.0,A,Pensacola,United States,"2018-10-30",1455,1459,-4,1454,1509,-15,DL,N945DL,340,ATL,PNS,43,59,271,0,0
TLH,Tallahassee Regional Airport,30.396499633789062,-84.35030364990234,81,-5.0,A,Tallahassee,United States,"2018-10-30",1619,1610,9,1746,1737,9,OH,N597NN,5248,CLT,TLH,60,87,386,0,0
PNS,Pensacola Regional Airport,30.473400115967,-87.186599731445,121,-6.0,A,Pensacola,United States,"2018-10-30",1627,1635,-8,1806,1802,4,YV,N88335,6184,IAH,PNS,72,99,489,0,0
PNS,Pensacola Regional Airport,30.473400115967,-87.186599731445,121,-6.0,A,Pensacola,United States,"2018-10-30",1650,1655,-5,1837,1845,-8,MQ,N246NN,3877,DFW,PNS,80,107,604,0,0
TLH,Tallahassee Regional Airport,30.396499633789062,-84.35030364990234,81,-5.0,A,Tallahassee,United States,"2018-10-30",1723,1730,-7,1845,1854,-9,MQ,N932AE,3844,MIA,TLH,65,82,402,0,0
PNS,Pensacola Regional Airport,30.473400115967,-87.186599731445,121,-6.0,A,Pensacola,United States,"2018-10-30",1734,1741,-7,1802,1821,-19,OH,N540EA,5463,CLT,PNS,74,88,488,0,0
VPS,Destin-Ft Walton Beach Airport,30.4832,-86.525398,87,-6.0,A,Valparaiso,United States,"2018-10-30",1738,1745,-7,1817,1825,-8,OH,N549NN,5709,CLT,VPS,71,99,460,0,0
TLH,Tallahassee Regional Airport,30.396499633789062,-84.35030364990234,81,-5.0,A,Tallahassee,United States,"2018-10-30",1753,1801,-8,1929,1940,-11,YX,N130HQ,4660,CLT,TLH,66,96,386,0,0
PNS,Pensacola Regional Airport,30.473400115967,-87.186599731445,121,-6.0,A,Pensacola,United States,"2018-10-30",1830,1834,-4,1832,1843,-11,DL,N990DL,2182,ATL,PNS,46,62,271,0,0
ECP,Northwest Florida Beaches International Airport,30.357106,-85.795414,69,-6.0,A,Panama City,United States,"2018-10-30",2008,1830,98,2038,1915,83,EV,N617QX,2890,CLT,ECP,67,90,437,0,0
ECP,Northwest Florida Beaches International Airport,30.357106,-85.795414,69,-6.0,A,Panama City,United States,"2018-10-30",1844,1850,-6,2036,2054,-18,EV,N718EV,2870,DFW,ECP,90,112,685,0,0
VPS,Destin-Ft Walton Beach Airport,30.4832,-86.525398,87,-6.0,A,Valparaiso,United States,"2018-10-30",1902,1855,7,2049,2053,-4,AA,N971TW,1445,DFW,VPS,79,107,641,0,0
PNS,Pensacola Regional Airport,30.473400115967,-87.186599731445,121,-6.0,A,Pensacola,United States,"2018-10-30",1923,1935,-12,2038,2101,-23,OH,N504AE,5597,DCA,PNS,118,135,816,0,0
ECP,Northwest Florida Beaches International Airport,30.357106,-85.795414,69,-6.0,A,Panama City,United States,"2018-10-30",1934,1935,-1,2039,2050,-11,WN,N7814B,1378,BNA,ECP,54,65,401,0,0
PNS,Pensacola Regional Airport,30.473400115967,-87.186599731445,121,-6.0,A,Pensacola,United States,"2018-10-30",1936,1935,1,2043,2050,-7,WN,N704SW,1020,BNA,PNS,54,67,391,0,0
VPS,Destin-Ft Walton Beach Airport,30.4832,-86.525398,87,-6.0,A,Valparaiso,United States,"2018-10-30",1936,1936,0,1936,1943,-7,DL,N951DL,1856,ATL,VPS,39,60,250,0,0
PNS,Pensacola Regional Airport,30.473400115967,-87.186599731445,121,-6.0,A,Pensacola,United States,"2018-10-30",1951,1955,-4,2025,2040,-15,OH,N550NN,5103,CLT,PNS,75,94,488,0,0
PNS,Pensacola Regional Airport,30.473400115967,-87.186599731445,121,-6.0,A,Pensacola,United States,"2018-10-30",1947,1941,6,2118,2107,11,YV,N87337,6187,IAH,PNS,71,91,489,0,0
ECP,Northwest Florida Beaches International Airport,30.357106,-85.795414,69,-6.0,A,Panama City,United States,"2018-10-30",1948,1955,-7,2139,2133,6,EV,N21537,4190,IAH,ECP,81,111,572,0,0
TLH,Tallahassee Regional Airport,30.396499633789062,-84.35030364990234,81,-5.0,A,Tallahassee,United States,"2018-10-30",1953,2000,-7,2155,2216,-21,YX,N404YX,4504,DCA,TLH,101,122,716,0,0
PNS,Pensacola Regional Airport,30.473400115967,-87.186599731445,121,-6.0,A,Pensacola,United States,"2018-10-30",2059,2035,24,2239,2220,19,AA,N968TW,2641,DFW,PNS,79,100,604,0,0
TLH,Tallahassee Regional Airport,30.396499633789062,-84.35030364990234,81,-5.0,A,Tallahassee,United States,"2018-10-30",2033,2030,3,2331,2333,-2,MQ,N224NN,4131,DFW,TLH,91,118,767,0,0
PNS,Pensacola Regional Airport,30.473400115967,-87.186599731445,121,-6.0,A,Pensacola,United States,"2018-10-30",2152,2151,1,2248,2242,6,MQ,N623AE,4109,MIA,PNS,86,116,530,0,0
TLH,Tallahassee Regional Airport,30.396499633789062,-84.35030364990234,81,-5.0,A,Tallahassee,United States,"2018-10-30",2228,2232,-4,2343,2359,-16,OH,N525EA,5284,CLT,TLH,60,75,386,0,0
VPS,Destin-Ft Walton Beach Airport,30.4832,-86.525398,87,-6.0,A,Valparaiso,United States,"2018-10-30",2238,2242,-4,2243,2246,-3,DL,N937DL,1590,ATL,VPS,41,65,250,0,0
PNS,Pensacola Regional Airport,30.473400115967,-87.186599731445,121,-6.0,A,Pensacola,United States,"2018-10-30",2236,2238,-2,2237,2244,-7,DL,N903DE,1213,ATL,PNS,41,61,271,0,0
TLH,Tallahassee Regional Airport,30.396499633789062,-84.35030364990234,81,-5.0,A,Tallahassee,United States,"2018-10-30",2239,2241,-2,2336,2344,-8,DL,N916DL,485,ATL,TLH,37,57,223,0,0
VPS,Destin-Ft Walton Beach Airport,30.4832,-86.525398,87,-6.0,A,Valparaiso,United States,"2018-10-30",2235,2241,-6,2308,2320,-12,OH,N567NN,5696,CLT,VPS,72,93,460,0,0
VPS,Destin-Ft Walton Beach Airport,30.4832,-86.525398,87,-6.0,A,Valparaiso,United States,"2018-10-31",653,700,-7,801,810,-9,G4,"326NV",1424,PIT,VPS,107,128,775,0,0
PNS,Pensacola Regional Airport,30.473400115967,-87.186599731445,121,-6.0,A,Pensacola,United States,"2018-10-31",732,739,-7,818,824,-6,OH,N516AE,5237,CLT,PNS,80,106,488,0,0
ECP,Northwest Florida Beaches International Airport,30.357106,-85.795414,69,-6.0,A,Panama City,United States,"2018-10-31",743,750,-7,854,905,-11,WN,N7812G,24,BNA,ECP,59,71,401,0,0
PNS,Pensacola Regional Airport,30.473400115967,-87.186599731445,121,-6.0,A,Pensacola,United States,"2018-10-31",823,820,3,823,829,-6,DL,N918DE,2212,ATL,PNS,45,60,271,0,0
PNS,Pensacola Regional Airport,30.473400115967,-87.186599731445,121,-6.0,A,Pensacola,United States,"2018-10-31",754,800,-6,909,920,-11,WN,N258WN,356,BNA,PNS,60,75,391,0,0
VPS,Destin-Ft Walton Beach Airport,30.4832,-86.525398,87,-6.0,A,Valparaiso,United States,"2018-10-31",831,835,-4,903,911,-8,OH,N558NN,5564,CLT,VPS,69,92,460,0,0
TLH,Tallahassee Regional Airport,30.396499633789062,-84.35030364990234,81,-5.0,A,Tallahassee,United States,"2018-10-31",831,836,-5,923,941,-18,"9E",N914XJ,3281,ATL,TLH,37,52,223,0,0
VPS,Destin-Ft Walton Beach Airport,30.4832,-86.525398,87,-6.0,A,Valparaiso,United States,"2018-10-31",849,850,-1,1006,1023,-17,YX,N430YX,4609,DCA,VPS,109,137,789,0,0
ECP,Northwest Florida Beaches International Airport,30.357106,-85.795414,69,-6.0,A,Panama City,United States,"2018-10-31",854,900,-6,850,901,-11,DL,N949DL,2029,ATL,ECP,41,56,240,0,0
TLH,Tallahassee Regional Airport,30.396499633789062,-84.35030364990234,81,-5.0,A,Tallahassee,United States,"2018-10-31",856,900,-4,1010,1025,-15,OH,N556NN,5272,CLT,TLH,62,74,386,0,0
PNS,Pensacola Regional Airport,30.473400115967,-87.186599731445,121,-6.0,A,Pensacola,United States,"2018-10-31",905,915,-10,949,1000,-11,MQ,N680AE,3733,MIA,PNS,84,104,530,0,0
PNS,Pensacola Regional Airport,30.473400115967,-87.186599731445,121,-6.0,A,Pensacola,United States,"2018-10-31",938,945,-7,1113,1117,-4,EV,N13903,4221,IAH,PNS,71,95,489,0,0
VPS,Destin-Ft Walton Beach Airport,30.4832,-86.525398,87,-6.0,A,Valparaiso,United States,"2018-10-31",942,944,-2,946,948,-2,DL,N904DL,2716,ATL,VPS,43,64,250,0,0
PNS,Pensacola Regional Airport,30.473400115967,-87.186599731445,121,-6.0,A,Pensacola,United States,"2018-10-31",2311,2151,80,2353,2242,71,MQ,N650AE,4109,MIA,PNS,83,102,530,0,0
PNS,Pensacola Regional Airport,30.473400115967,-87.186599731445,121,-6.0,A,Pensacola,United States,"2018-10-31",959,1002,-3,1003,1015,-12,DL,N6706Q,2179,ATL,PNS,45,64,271,0,0
PNS,Pensacola Regional Airport,30.473400115967,-87.186599731445,121,-6.0,A,Pensacola,United States,"2018-10-31",1019,1020,-1,1156,1208,-12,MQ,N258NN,3324,DFW,PNS,79,97,604,0,0
TLH,Tallahassee Regional Airport,30.396499633789062,-84.35030364990234,81,-5.0,A,Tallahassee,United States,"2018-10-31",1019,1025,-6,1141,1147,-6,MQ,N676AE,3663,MIA,TLH,62,82,402,0,0
ECP,Northwest Florida Beaches International Airport,30.357106,-85.795414,69,-6.0,A,Panama City,United States,"2018-10-31",1124,1131,-7,1148,1209,-21,EV,N600QX,2893,CLT,ECP,62,84,437,0,0
PNS,Pensacola Regional Airport,30.473400115967,-87.186599731445,121,-6.0,A,Pensacola,United States,"2018-10-31",1127,1135,-8,1352,1347,5,EV,N12201,4085,ORD,PNS,124,145,794,0,0
ECP,Northwest Florida Beaches International Airport,30.357106,-85.795414,69,-6.0,A,Panama City,United States,"2018-10-31",1203,1205,-2,1347,1348,-1,YV,N86312,6049,IAH,ECP,77,104,572,0,0
PNS,Pensacola Regional Airport,30.473400115967,-87.186599731445,121,-6.0,A,Pensacola,United States,"2018-10-31",1202,1205,-3,1331,1337,-6,EV,N22909,4393,IAH,PNS,69,89,489,0,0
VPS,Destin-Ft Walton Beach Airport,30.4832,-86.525398,87,-6.0,A,Valparaiso,United States,"2018-10-31",1305,1307,-2,1346,1350,-4,OH,N558NN,5500,CLT,VPS,67,101,460,0,0
TLH,Tallahassee Regional Airport,30.396499633789062,-84.35030364990234,81,-5.0,A,Tallahassee,United States,"2018-10-31",1315,1320,-5,1440,1451,-11,OH,N585NN,5662,CLT,TLH,60,85,386,0,0
VPS,Destin-Ft Walton Beach Airport,30.4832,-86.525398,87,-6.0,A,Valparaiso,United States,"2018-10-31",1334,1342,-8,1341,1346,-5,DL,N911DE,2873,ATL,VPS,46,67,250,0,0
PNS,Pensacola Regional Airport,30.473400115967,-87.186599731445,121,-6.0,A,Pensacola,United States,"2018-10-31",1350,1355,-5,1502,1520,-18,OH,N709PS,5597,DCA,PNS,118,132,816,0,0
PNS,Pensacola Regional Airport,30.473400115967,-87.186599731445,121,-6.0,A,Pensacola,United States,"2018-10-31",1407,1414,-7,1544,1554,-10,YX,N109HQ,4537,PHL,PNS,134,157,935,0,0
TLH,Tallahassee Regional Airport,30.396499633789062,-84.35030364990234,81,-5.0,A,Tallahassee,United States,"2018-10-31",1419,1421,-2,1516,1522,-6,DL,N923AT,1399,ATL,TLH,39,57,223,0,0
TLH,Tallahassee Regional Airport,30.396499633789062,-84.35030364990234,81,-5.0,A,Tallahassee,United States,"2018-10-31",1426,1439,-13,1543,1603,-20,MQ,N676AE,3861,MIA,TLH,64,77,402,0,0
PNS,Pensacola Regional Airport,30.473400115967,-87.186599731445,121,-6.0,A,Pensacola,United States,"2018-10-31",1502,1459,3,1506,1509,-3,DL,N963DL,1270,ATL,PNS,48,64,271,0,0
PNS,Pensacola Regional Airport,30.473400115967,-87.186599731445,121,-6.0,A,Pensacola,United States,"2018-10-31",1606,1615,-9,1640,1701,-21,MQ,N932AE,3427,MIA,PNS,83,94,530,0,0
TLH,Tallahassee Regional Airport,30.396499633789062,-84.35030364990234,81,-5.0,A,Tallahassee,United States,"2018-10-31",1615,1617,-2,1708,1712,-4,DL,N997DL,1786,ATL,TLH,37,53,223,0,0
PNS,Pensacola Regional Airport,30.473400115967,-87.186599731445,121,-6.0,A,Pensacola,United States,"2018-10-31",1635,1635,0,1832,1802,30,YV,N86344,6184,IAH,PNS,68,117,489,0,0
PNS,Pensacola Regional Airport,30.473400115967,-87.186599731445,121,-6.0,A,Pensacola,United States,"2018-10-31",1648,1655,-7,1823,1837,-14,AA,N983TW,2641,DFW,PNS,80,95,604,0,0
PNS,Pensacola Regional Airport,30.473400115967,-87.186599731445,121,-6.0,A,Pensacola,United States,"2018-10-31",1724,1705,19,1856,1830,26,WN,N945WN,1903,HOU,PNS,64,92,488,0,0
TLH,Tallahassee Regional Airport,30.396499633789062,-84.35030364990234,81,-5.0,A,Tallahassee,United States,"2018-10-31",1723,1730,-7,1837,1854,-17,MQ,N650AE,3844,MIA,TLH,61,74,402,0,0
VPS,Destin-Ft Walton Beach Airport,30.4832,-86.525398,87,-6.0,A,Valparaiso,United States,"2018-10-31",1741,1745,-4,1815,1825,-10,OH,N557NN,5709,CLT,VPS,73,94,460,0,0
TLH,Tallahassee Regional Airport,30.396499633789062,-84.35030364990234,81,-5.0,A,Tallahassee,United States,"2018-10-31",1755,1801,-6,1911,1931,-20,OH,N516AE,5201,CLT,TLH,61,76,386,0,0
VPS,Destin-Ft Walton Beach Airport,30.4832,-86.525398,87,-6.0,A,Valparaiso,United States,"2018-10-31",1817,1831,-14,1928,1951,-23,G4,"309NV",1947,BWI,VPS,114,131,819,0,0
PNS,Pensacola Regional Airport,30.473400115967,-87.186599731445,121,-6.0,A,Pensacola,United States,"2018-10-31",1829,1834,-5,1834,1843,-9,DL,N972DL,2182,ATL,PNS,47,65,271,0,0
VPS,Destin-Ft Walton Beach Airport,30.4832,-86.525398,87,-6.0,A,Valparaiso,United States,"2018-10-31",2321,1844,277,118,2042,276,AA,N7541A,1445,DFW,VPS,100,117,641,0,0
ECP,Northwest Florida Beaches International Airport,30.357106,-85.795414,69,-6.0,A,Panama City,United States,"2018-10-31",1925,1850,35,2115,2054,21,EV,N616QX,2870,DFW,ECP,92,110,685,0,0
PNS,Pensacola Regional Airport,30.473400115967,-87.186599731445,121,-6.0,A,Pensacola,United States,"2018-10-31",1934,1935,-1,2044,2050,-6,WN,N406WN,573,BNA,PNS,57,70,391,0,0
VPS,Destin-Ft Walton Beach Airport,30.4832,-86.525398,87,-6.0,A,Valparaiso,United States,"2018-10-31",1933,1936,-3,1937,1943,-6,DL,N915DE,1856,ATL,VPS,42,64,250,0,0
VPS,Destin-Ft Walton Beach Airport,30.4832,-86.525398,87,-6.0,A,Valparaiso,United States,"2018-10-31",1030,1049,-19,1110,1134,-24,G4,"305NV",1901,CVG,VPS,82,100,600,0,0
VPS,Destin-Ft Walton Beach Airport,30.4832,-86.525398,87,-6.0,A,Valparaiso,United States,"2018-10-31",1050,1055,-5,1321,1257,24,YV,N249LR,5740,DFW,VPS,85,151,641,0,0
TLH,Tallahassee Regional Airport,30.396499633789062,-84.35030364990234,81,-5.0,A,Tallahassee,United States,"2018-10-31",1053,1100,-7,1145,1159,-14,DL,N979AT,489,ATL,TLH,35,52,223,0,0
ECP,Northwest Florida Beaches International Airport,30.357106,-85.795414,69,-6.0,A,Panama City,United States,"2018-10-31",1109,1112,-3,1112,1113,-1,DL,N976DL,1733,ATL,ECP,41,63,240,0,0
PNS,Pensacola Regional Airport,30.473400115967,-87.186599731445,121,-6.0,A,Pensacola,United States,"2018-10-31",1126,1130,-4,1209,1214,-5,OH,N581NN,5298,CLT,PNS,73,103,488,0,0
PNS,Pensacola Regional Airport,30.473400115967,-87.186599731445,121,-6.0,A,Pensacola,United States,"2018-10-31",1131,1139,-8,1359,1352,7,F9,N939FR,1286,ORD,PNS,122,148,794,0,0
VPS,Destin-Ft Walton Beach Airport,30.4832,-86.525398,87,-6.0,A,Valparaiso,United States,"2018-10-31",1158,1200,-2,1338,1345,-7,G4,"309NV",1991,EWR,VPS,139,160,988,0,0
VPS,Destin-Ft Walton Beach Airport,30.4832,-86.525398,87,-6.0,A,Valparaiso,United States,"2018-10-31",1212,1218,-6,1350,1359,-9,EV,N13975,3995,IAH,VPS,74,98,528,0,0
ECP,Northwest Florida Beaches International Airport,30.357106,-85.795414,69,-6.0,A,Panama City,United States,"2018-10-31",1230,1225,5,1447,1423,24,EV,N717EV,2895,DFW,ECP,88,137,685,0,0
PNS,Pensacola Regional Airport,30.473400115967,-87.186599731445,121,-6.0,A,Pensacola,United States,"2018-10-31",1257,1300,-3,1515,1443,32,AA,N980TW,2389,DFW,PNS,81,138,604,0,0
TLH,Tallahassee Regional Airport,30.396499633789062,-84.35030364990234,81,-5.0,A,Tallahassee,United States,"2018-10-31",1323,1305,18,1706,1610,56,MQ,N225NN,4069,DFW,TLH,120,163,767,0,0
ECP,Northwest Florida Beaches International Airport,30.357106,-85.795414,69,-6.0,A,Panama City,United States,"2018-10-31",1350,1354,-4,1351,1350,1,DL,N908DE,2506,ATL,ECP,42,61,240,0,0
PNS,Pensacola Regional Airport,30.473400115967,-87.186599731445,121,-6.0,A,Pensacola,United States,"2018-10-31",1454,1455,-1,1552,1542,10,YX,N129HQ,4553,CLT,PNS,83,118,488,0,0
VPS,Destin-Ft Walton Beach Airport,30.4832,-86.525398,87,-6.0,A,Valparaiso,United States,"2018-10-31",1506,1510,-4,1508,1514,-6,DL,N904DE,2802,ATL,VPS,41,62,250,0,0
TLH,Tallahassee Regional Airport,30.396499633789062,-84.35030364990234,81,-5.0,A,Tallahassee,United States,"2018-10-31",1806,1610,116,1925,1737,108,OH,N561NN,5248,CLT,TLH,58,79,386,0,0
TLH,Tallahassee Regional Airport,30.396499633789062,-84.35030364990234,81,-5.0,A,Tallahassee,United States,"2018-10-31",1652,1659,-7,1852,1914,-22,YX,N426YX,4504,DCA,TLH,100,120,716,0,0
ECP,Northwest Florida Beaches International Airport,30.357106,-85.795414,69,-6.0,A,Panama City,United States,"2018-10-31",1728,1710,18,1911,1845,26,WN,N461WN,37,HOU,ECP,77,103,571,0,0
ECP,Northwest Florida Beaches International Airport,30.357106,-85.795414,69,-6.0,A,Panama City,United States,"2018-10-31",1716,1713,3,1708,1710,-2,DL,N949DL,1403,ATL,ECP,40,52,240,0,0
VPS,Destin-Ft Walton Beach Airport,30.4832,-86.525398,87,-6.0,A,Valparaiso,United States,"2018-10-31",819,1805,854,1009,1949,860,EV,N13538,4447,IAH,VPS,71,110,528,0,0
ECP,Northwest Florida Beaches International Airport,30.357106,-85.795414,69,-6.0,A,Panama City,United States,"2018-10-31",1828,1830,-2,1855,1915,-20,EV,N717EV,2890,CLT,ECP,64,87,437,0,0
ECP,Northwest Florida Beaches International Airport,30.357106,-85.795414,69,-6.0,A,Panama City,United States,"2018-10-31",1934,1930,4,2043,2045,-2,WN,N7729A,546,BNA,ECP,60,69,401,0,0
PNS,Pensacola Regional Airport,30.473400115967,-87.186599731445,121,-6.0,A,Pensacola,United States,"2018-10-31",,1941,,,2107,,YV,N88335,6187,IAH,PNS,,,489,1,0
PNS,Pensacola Regional Airport,30.473400115967,-87.186599731445,121,-6.0,A,Pensacola,United States,"2018-10-31",1954,1955,-1,2026,2040,-14,OH,N587NN,5103,CLT,PNS,78,92,488,0,0
ECP,Northwest Florida Beaches International Airport,30.357106,-85.795414,69,-6.0,A,Panama City,United States,"2018-10-31",1950,1955,-5,2127,2133,-6,EV,N16561,4190,IAH,ECP,78,97,572,0,0
PNS,Pensacola Regional Airport,30.473400115967,-87.186599731445,121,-6.0,A,Pensacola,United States,"2018-10-31",2233,2238,-5,2237,2244,-7,DL,N985DL,1213,ATL,PNS,46,64,271,0,0
TLH,Tallahassee Regional Airport,30.396499633789062,-84.35030364990234,81,-5.0,A,Tallahassee,United States,"2018-10-31",2237,2241,-4,2329,2344,-15,DL,N996DL,485,ATL,TLH,38,52,223,0,0
VPS,Destin-Ft Walton Beach Airport,30.4832,-86.525398,87,-6.0,A,Valparaiso,United States,"2018-10-31",2239,2242,-3,2245,2246,-1,DL,N901DE,1590,ATL,VPS,44,66,250,0,0
