"flight_date","dep_time","sched_dep_time","dep_delay","arr_time","sched_arr_time","arr_delay","airline","tail_number","flight_number","origin","dest","air_time","actual_elapsed_time","distance","cancelled","diverted","faa","name","lat","lon","alt","tz","dst","city","country"
"2018-10-01",527,530,-3,726,735,-9,DL,N906DL,856,PNS,ATL,42,59,271,0,0,PNS,Pensacola Regional Airport,30.473400115967,-87.186599731445,121,-6.0,A,Pensacola,United States
"2018-10-01",540,545,-5,639,650,-11,DL,N910DL,708,TLH,ATL,41,59,223,0,0,TLH,Tallahassee Regional Airport,30.396499633789062,-84.35030364990234,81,-5.0,A,Tallahassee,United States
"2018-10-01",625,600,25,821,805,16,DL,N813DN,1237,ECP,ATL,41,56,240,0,0,ECP,Northwest Florida Beaches International Airport,30.357106,-85.795414,69,-6.0,A,Panama City,United States
"2018-10-01",556,600,-4,757,807,-10,DL,N938DL,2714,VPS,ATL,42,61,250,0,0,VPS,Destin-Ft Walton Beach Airport,30.4832,-86.525398,87,-6.0,A,Valparaiso,United States
"2018-10-01",547,600,-13,829,847,-18,MQ,N900AE,3508,PNS,MIA,81,102,530,0,0,PNS,Pensacola Regional Airport,30.473400115967,-87.186599731445,121,-6.0,A,Pensacola,United States
"2018-10-01",551,603,-12,841,846,-5,OH,N566NN,5353,PNS,CLT,77,110,488,0,0,PNS,Pensacola Regional Airport,30.473400115967,-87.186599731445,121,-6.0,A,Pensacola,United States
"2018-10-01",607,615,-8,933,929,4,YX,N435YX,4626,PNS,DCA,111,146,816,0,0,PNS,Pensacola Regional Airport,30.473400115967,-87.186599731445,121,-6.0,A,Pensacola,United States
"2018-10-01",615,622,-7,731,746,-15,MQ,N662EH,3570,TLH,MIA,61,76,402,0,0,TLH,Tallahassee Regional Airport,30.396499633789062,-84.35030364990234,81,-5.0,A,Tallahassee,United States
"2018-10-01",621,630,-9,839,839,0,DL,N970DL,1234,PNS,ATL,47,78,271,0,0,PNS,Pensacola Regional Airport,30.473400115967,-87.186599731445,121,-6.0,A,Pensacola,United States
"2018-10-01",623,634,-11,914,915,-1,OH,N555NN,5623,VPS,CLT,66,111,460,0,0,VPS,Destin-Ft Walton Beach Airport,30.4832,-86.525398,87,-6.0,A,Valparaiso,United States
"2018-10-01",633,636,-3,754,810,-16,OH,N518AE,5584,TLH,CLT,61,81,386,0,0,TLH,Tallahassee Regional Airport,30.396499633789062,-84.35030364990234,81,-5.0,A,Tallahassee,United States
"2018-10-01",639,644,-5,842,850,-8,OH,N534EA,5082,TLH,DCA,106,123,716,0,0,TLH,Tallahassee Regional Airport,30.396499633789062,-84.35030364990234,81,-5.0,A,Tallahassee,United States
"2018-10-01",650,700,-10,856,920,-24,EV,N605QX,2889,ECP,DFW,98,126,685,0,0,ECP,Northwest Florida Beaches International Airport,30.357106,-85.795414,69,-6.0,A,Panama City,United States
"2018-10-01",651,700,-9,846,855,-9,EV,N13988,3979,ECP,IAH,91,115,572,0,0,ECP,Northwest Florida Beaches International Airport,30.357106,-85.795414,69,-6.0,A,Panama City,United States
"2018-10-01",721,700,21,1011,946,25,G4,"224NV",1900,VPS,CVG,87,110,600,0,0,VPS,Destin-Ft Walton Beach Airport,30.4832,-86.525398,87,-6.0,A,Valparaiso,United States
"2018-10-01",655,700,-5,900,919,-19,AA,N984TW,1538,VPS,DFW,100,125,641,0,0,VPS,Destin-Ft Walton Beach Airport,30.4832,-86.525398,87,-6.0,A,Valparaiso,United States
"2018-10-01",652,700,-8,800,804,-4,DL,N340NW,496,TLH,ATL,41,68,223,0,0,TLH,Tallahassee Regional Airport,30.396499633789062,-84.35030364990234,81,-5.0,A,Tallahassee,United States
"2018-10-01",712,715,-3,847,853,-6,YV,N85351,6262,PNS,IAH,74,95,489,0,0,PNS,Pensacola Regional Airport,30.473400115967,-87.186599731445,121,-6.0,A,Pensacola,United States
"2018-10-01",713,715,-2,928,926,2,DL,N948DL,955,VPS,ATL,42,75,250,0,0,VPS,Destin-Ft Walton Beach Airport,30.4832,-86.525398,87,-6.0,A,Valparaiso,United States
"2018-10-01",713,715,-2,920,925,-5,DL,N3759,2430,ECP,ATL,41,67,240,0,0,ECP,Northwest Florida Beaches International Airport,30.357106,-85.795414,69,-6.0,A,Panama City,United States
"2018-10-01",713,722,-9,921,930,-9,AA,N9620D,2453,PNS,DFW,100,128,604,0,0,PNS,Pensacola Regional Airport,30.473400115967,-87.186599731445,121,-6.0,A,Pensacola,United States
"2018-10-01",728,735,-7,955,947,8,DL,N949DL,1078,PNS,ATL,46,87,271,0,0,PNS,Pensacola Regional Airport,30.473400115967,-87.186599731445,121,-6.0,A,Pensacola,United States
"2018-10-01",738,745,-7,851,900,-9,WN,N798SW,4197,ECP,BNA,62,73,401,0,0,ECP,Northwest Florida Beaches International Airport,30.357106,-85.795414,69,-6.0,A,Panama City,United States
"2018-10-01",744,750,-6,1028,1035,-7,EV,N717EV,2899,ECP,CLT,68,104,437,0,0,ECP,Northwest Florida Beaches International Airport,30.357106,-85.795414,69,-6.0,A,Panama City,United States
"2018-10-01",744,751,-7,847,916,-29,MQ,N245NN,4116,TLH,DFW,108,123,767,0,0,TLH,Tallahassee Regional Airport,30.396499633789062,-84.35030364990234,81,-5.0,A,Tallahassee,United States
"2018-10-01",752,755,-3,902,910,-8,WN,N441WN,6225,PNS,BNA,60,70,391,0,0,PNS,Pensacola Regional Airport,30.473400115967,-87.186599731445,121,-6.0,A,Pensacola,United States
"2018-10-01",820,826,-6,1023,1037,-14,G4,"274NV",1914,VPS,MCI,104,123,764,0,0,VPS,Destin-Ft Walton Beach Airport,30.4832,-86.525398,87,-6.0,A,Valparaiso,United States
"2018-10-01",852,900,-8,1052,1052,0,YV,N89304,6222,VPS,IAH,93,120,528,0,0,VPS,Destin-Ft Walton Beach Airport,30.4832,-86.525398,87,-6.0,A,Valparaiso,United States
"2018-10-01",854,907,-13,1157,1156,1,OH,N545PB,5237,PNS,CLT,73,123,488,0,0,PNS,Pensacola Regional Airport,30.473400115967,-87.186599731445,121,-6.0,A,Pensacola,United States
"2018-10-01",908,916,-8,1121,1127,-6,DL,N989DL,2212,PNS,ATL,47,73,271,0,0,PNS,Pensacola Regional Airport,30.473400115967,-87.186599731445,121,-6.0,A,Pensacola,United States
"2018-10-01",941,930,11,1128,1125,3,WN,N756SA,1764,ECP,DAL,95,107,674,0,0,ECP,Northwest Florida Beaches International Airport,30.357106,-85.795414,69,-6.0,A,Panama City,United States
"2018-10-01",921,935,-14,1125,1123,2,EV,N16541,4298,PNS,IAH,93,124,489,0,0,PNS,Pensacola Regional Airport,30.473400115967,-87.186599731445,121,-6.0,A,Pensacola,United States
"2018-10-01",921,935,-14,1131,1144,-13,YV,N244LR,5725,VPS,DFW,99,130,641,0,0,VPS,Destin-Ft Walton Beach Airport,30.4832,-86.525398,87,-6.0,A,Valparaiso,United States
"2018-10-01",938,940,-2,1127,1115,12,WN,N272WN,1156,PNS,HOU,97,109,488,0,0,PNS,Pensacola Regional Airport,30.473400115967,-87.186599731445,121,-6.0,A,Pensacola,United States
"2018-10-01",947,947,0,1139,1149,-10,DL,N993DL,2029,ECP,ATL,41,52,240,0,0,ECP,Northwest Florida Beaches International Airport,30.357106,-85.795414,69,-6.0,A,Panama City,United States
"2018-10-01",951,1001,-10,1226,1247,-21,OH,N564NN,5564,VPS,CLT,71,95,460,0,0,VPS,Destin-Ft Walton Beach Airport,30.4832,-86.525398,87,-6.0,A,Valparaiso,United States
"2018-10-01",1009,1019,-10,1124,1127,-3,"9E",N922XJ,3281,TLH,ATL,44,75,223,0,0,TLH,Tallahassee Regional Airport,30.396499633789062,-84.35030364990234,81,-5.0,A,Tallahassee,United States
"2018-10-01",1027,1034,-7,1246,1249,-3,DL,N913DL,2716,VPS,ATL,43,79,250,0,0,VPS,Destin-Ft Walton Beach Airport,30.4832,-86.525398,87,-6.0,A,Valparaiso,United States
"2018-10-01",1027,1035,-8,1306,1320,-14,MQ,N698CB,3733,PNS,MIA,87,99,530,0,0,PNS,Pensacola Regional Airport,30.473400115967,-87.186599731445,121,-6.0,A,Pensacola,United States
"2018-10-01",1043,1054,-11,1400,1408,-8,YX,N408YX,4609,VPS,DCA,114,137,789,0,0,VPS,Destin-Ft Walton Beach Airport,30.4832,-86.525398,87,-6.0,A,Valparaiso,United States
"2018-10-01",1145,1055,50,1340,1228,72,OH,N590NN,5272,TLH,CLT,64,115,386,0,0,TLH,Tallahassee Regional Airport,30.396499633789062,-84.35030364990234,81,-5.0,A,Tallahassee,United States
"2018-10-01",1108,1115,-7,1311,1332,-21,DL,N668DN,2179,PNS,ATL,42,63,271,0,0,PNS,Pensacola Regional Airport,30.473400115967,-87.186599731445,121,-6.0,A,Pensacola,United States
"2018-10-01",1147,1153,-6,1348,1340,8,YV,N89349,6357,PNS,IAH,108,121,489,0,0,PNS,Pensacola Regional Airport,30.473400115967,-87.186599731445,121,-6.0,A,Pensacola,United States
"2018-10-01",1155,1200,-5,1358,1412,-14,DL,N943DL,1733,ECP,ATL,39,63,240,0,0,ECP,Northwest Florida Beaches International Airport,30.357106,-85.795414,69,-6.0,A,Panama City,United States
"2018-10-01",1223,1209,14,1519,1504,15,G4,"224NV",1916,VPS,LCK,94,116,675,0,0,VPS,Destin-Ft Walton Beach Airport,30.4832,-86.525398,87,-6.0,A,Valparaiso,United States
"2018-10-01",1224,1230,-6,1345,1355,-10,MQ,N673AE,3663,TLH,MIA,64,81,402,0,0,TLH,Tallahassee Regional Airport,30.396499633789062,-84.35030364990234,81,-5.0,A,Tallahassee,United States
"2018-10-01",1227,1234,-7,1329,1348,-19,DL,N944DL,489,TLH,ATL,42,62,223,0,0,TLH,Tallahassee Regional Airport,30.396499633789062,-84.35030364990234,81,-5.0,A,Tallahassee,United States
"2018-10-01",1238,1240,-2,1439,1459,-20,EV,N717EV,2876,ECP,DFW,97,121,685,0,0,ECP,Northwest Florida Beaches International Airport,30.357106,-85.795414,69,-6.0,A,Panama City,United States
"2018-10-01",1243,1244,-1,1525,1530,-5,OH,N587NN,5298,PNS,CLT,74,102,488,0,0,PNS,Pensacola Regional Airport,30.473400115967,-87.186599731445,121,-6.0,A,Pensacola,United States
"2018-10-01",1235,1246,-11,1540,1559,-19,MQ,N223NN,3822,PNS,DCA,111,125,816,0,0,PNS,Pensacola Regional Airport,30.473400115967,-87.186599731445,121,-6.0,A,Pensacola,United States
"2018-10-01",1309,1320,-11,1504,1515,-11,EV,N14562,4134,ECP,IAH,95,115,572,0,0,ECP,Northwest Florida Beaches International Airport,30.357106,-85.795414,69,-6.0,A,Panama City,United States
"2018-10-01",1321,1328,-7,1523,1535,-12,YV,N906FJ,5740,VPS,DFW,96,122,641,0,0,VPS,Destin-Ft Walton Beach Airport,30.4832,-86.525398,87,-6.0,A,Valparaiso,United States
"2018-10-01",1321,1330,-9,1517,1531,-14,MQ,N225NN,3488,PNS,DFW,95,116,604,0,0,PNS,Pensacola Regional Airport,30.473400115967,-87.186599731445,121,-6.0,A,Pensacola,United States
"2018-10-01",1329,1331,-2,1538,1545,-7,DL,N957DL,1353,PNS,ATL,46,69,271,0,0,PNS,Pensacola Regional Airport,30.473400115967,-87.186599731445,121,-6.0,A,Pensacola,United States
"2018-10-01",1415,1415,0,1610,1610,0,EV,N16571,4042,VPS,IAH,92,115,528,0,0,VPS,Destin-Ft Walton Beach Airport,30.4832,-86.525398,87,-6.0,A,Valparaiso,United States
"2018-10-01",1425,1426,-1,1722,1714,8,OH,N566NN,5500,VPS,CLT,81,117,460,0,0,VPS,Destin-Ft Walton Beach Airport,30.4832,-86.525398,87,-6.0,A,Valparaiso,United States
"2018-10-01",1422,1430,-8,1707,1705,2,EV,N16559,4103,PNS,ORD,131,165,794,0,0,PNS,Pensacola Regional Airport,30.473400115967,-87.186599731445,121,-6.0,A,Pensacola,United States
"2018-10-01",1427,1432,-5,1650,1644,6,DL,N936DL,2873,VPS,ATL,44,83,250,0,0,VPS,Destin-Ft Walton Beach Airport,30.4832,-86.525398,87,-6.0,A,Valparaiso,United States
"2018-10-01",1426,1436,-10,1649,1643,6,DL,N955DL,2506,ECP,ATL,43,83,240,0,0,ECP,Northwest Florida Beaches International Airport,30.357106,-85.795414,69,-6.0,A,Panama City,United States
"2018-10-01",1444,1449,-5,1643,1708,-25,AA,N9618A,1047,VPS,DFW,97,119,641,0,0,VPS,Destin-Ft Walton Beach Airport,30.4832,-86.525398,87,-6.0,A,Valparaiso,United States
"2018-10-01",1434,1458,-24,1725,1744,-19,EV,N616QX,2916,ECP,CLT,74,111,437,0,0,ECP,Northwest Florida Beaches International Airport,30.357106,-85.795414,69,-6.0,A,Panama City,United States
"2018-10-01",1451,1500,-9,1652,1648,4,EV,N14573,4142,PNS,IAH,93,121,489,0,0,PNS,Pensacola Regional Airport,30.473400115967,-87.186599731445,121,-6.0,A,Pensacola,United States
"2018-10-01",1518,1525,-7,1722,1705,17,OH,N588NN,5662,TLH,CLT,71,124,386,0,0,TLH,Tallahassee Regional Airport,30.396499633789062,-84.35030364990234,81,-5.0,A,Tallahassee,United States
"2018-10-01",1528,1526,2,1723,1734,-11,AA,N9616G,2389,PNS,DFW,90,115,604,0,0,PNS,Pensacola Regional Airport,30.473400115967,-87.186599731445,121,-6.0,A,Pensacola,United States
"2018-10-01",1541,1545,-4,1718,1725,-7,WN,N8622A,3081,ECP,HOU,88,97,571,0,0,ECP,Northwest Florida Beaches International Airport,30.357106,-85.795414,69,-6.0,A,Panama City,United States
"2018-10-01",1600,1600,0,1812,1813,-1,DL,N904DE,2802,VPS,ATL,51,72,250,0,0,VPS,Destin-Ft Walton Beach Airport,30.4832,-86.525398,87,-6.0,A,Valparaiso,United States
"2018-10-01",1548,1555,-7,1806,1813,-7,DL,N937DL,1270,PNS,ATL,47,78,271,0,0,PNS,Pensacola Regional Airport,30.473400115967,-87.186599731445,121,-6.0,A,Pensacola,United States
"2018-10-01",1552,1558,-6,1650,1707,-17,DL,N994AT,1399,TLH,ATL,41,58,223,0,0,TLH,Tallahassee Regional Airport,30.396499633789062,-84.35030364990234,81,-5.0,A,Tallahassee,United States
"2018-10-01",1601,1607,-6,1900,1850,10,YX,N127HQ,4553,PNS,CLT,81,119,488,0,0,PNS,Pensacola Regional Airport,30.473400115967,-87.186599731445,121,-6.0,A,Pensacola,United States
"2018-10-01",1622,1632,-10,2010,2009,1,YX,N133HQ,4537,PNS,PHL,145,168,935,0,0,PNS,Pensacola Regional Airport,30.473400115967,-87.186599731445,121,-6.0,A,Pensacola,United States
"2018-10-01",1636,1642,-6,1751,1805,-14,MQ,N250NN,4069,TLH,DFW,114,135,767,0,0,TLH,Tallahassee Regional Airport,30.396499633789062,-84.35030364990234,81,-5.0,A,Tallahassee,United States
"2018-10-01",1654,1701,-7,1810,1827,-17,MQ,N657AE,3861,TLH,MIA,62,76,402,0,0,TLH,Tallahassee Regional Airport,30.396499633789062,-84.35030364990234,81,-5.0,A,Tallahassee,United States
"2018-10-01",1707,1700,7,1906,1855,11,EV,N13553,3967,ECP,IAH,99,119,572,0,0,ECP,Northwest Florida Beaches International Airport,30.357106,-85.795414,69,-6.0,A,Panama City,United States
"2018-10-01",1740,1756,-16,1846,1903,-17,DL,N999DN,1786,TLH,ATL,39,66,223,0,0,TLH,Tallahassee Regional Airport,30.396499633789062,-84.35030364990234,81,-5.0,A,Tallahassee,United States
"2018-10-01",1747,1756,-9,2034,2045,-11,MQ,N689EC,3427,PNS,MIA,91,107,530,0,0,PNS,Pensacola Regional Airport,30.473400115967,-87.186599731445,121,-6.0,A,Pensacola,United States
"2018-10-01",1755,1759,-4,2008,2013,-5,DL,N982DL,1403,ECP,ATL,42,73,240,0,0,ECP,Northwest Florida Beaches International Airport,30.357106,-85.795414,69,-6.0,A,Panama City,United States
"2018-10-01",1758,1759,-1,2015,2016,-1,DL,N692DL,1814,PNS,ATL,46,77,271,0,0,PNS,Pensacola Regional Airport,30.473400115967,-87.186599731445,121,-6.0,A,Pensacola,United States
"2018-10-01",1759,1806,-7,2019,2030,-11,DL,N964DL,1167,VPS,ATL,41,80,250,0,0,VPS,Destin-Ft Walton Beach Airport,30.4832,-86.525398,87,-6.0,A,Valparaiso,United States
"2018-10-01",1801,1808,-7,1925,1940,-15,OH,N558NN,5248,TLH,CLT,66,84,386,0,0,TLH,Tallahassee Regional Airport,30.396499633789062,-84.35030364990234,81,-5.0,A,Tallahassee,United States
"2018-10-01",1923,1845,38,2050,2024,26,YV,N87360,6036,PNS,IAH,75,87,489,0,0,PNS,Pensacola Regional Airport,30.473400115967,-87.186599731445,121,-6.0,A,Pensacola,United States
"2018-10-01",,1845,,,2044,,EV,N14568,4260,VPS,IAH,,,528,1,0,VPS,Destin-Ft Walton Beach Airport,30.4832,-86.525398,87,-6.0,A,Valparaiso,United States
"2018-10-01",1846,1852,-6,2130,2135,-5,OH,N518AE,5463,PNS,CLT,82,104,488,0,0,PNS,Pensacola Regional Airport,30.473400115967,-87.186599731445,121,-6.0,A,Pensacola,United States
"2018-10-01",1841,1854,-13,2133,2136,-3,OH,N570NN,5709,VPS,CLT,76,112,460,0,0,VPS,Destin-Ft Walton Beach Airport,30.4832,-86.525398,87,-6.0,A,Valparaiso,United States
"2018-10-01",1913,1915,-2,2107,2120,-13,MQ,N259NN,3877,PNS,DFW,88,114,604,0,0,PNS,Pensacola Regional Airport,30.473400115967,-87.186599731445,121,-6.0,A,Pensacola,United States
"2018-10-01",1937,1921,16,2132,2130,2,YV,N326MS,5906,VPS,DFW,96,115,641,0,0,VPS,Destin-Ft Walton Beach Airport,30.4832,-86.525398,87,-6.0,A,Valparaiso,United States
"2018-10-01",1906,1927,-21,2027,2050,-23,MQ,N900AE,3844,TLH,MIA,62,81,402,0,0,TLH,Tallahassee Regional Airport,30.396499633789062,-84.35030364990234,81,-5.0,A,Tallahassee,United States
"2018-10-01",1932,1930,2,2045,2050,-5,WN,N7748A,1484,ECP,BNA,62,73,401,0,0,ECP,Northwest Florida Beaches International Airport,30.357106,-85.795414,69,-6.0,A,Panama City,United States
"2018-10-01",1933,1935,-2,2043,2050,-7,WN,N8652B,2300,PNS,BNA,60,70,391,0,0,PNS,Pensacola Regional Airport,30.473400115967,-87.186599731445,121,-6.0,A,Pensacola,United States
"2018-10-01",1934,1945,-11,2043,2056,-13,DL,N893AT,678,TLH,ATL,42,69,223,0,0,TLH,Tallahassee Regional Airport,30.396499633789062,-84.35030364990234,81,-5.0,A,Tallahassee,United States
"2018-10-01",1945,2010,-25,2125,2141,-16,YX,N120HQ,4660,TLH,CLT,69,100,386,0,0,TLH,Tallahassee Regional Airport,30.396499633789062,-84.35030364990234,81,-5.0,A,Tallahassee,United States
"2018-10-02",541,545,-4,641,650,-9,DL,N955DL,708,TLH,ATL,40,60,223,0,0,TLH,Tallahassee Regional Airport,30.396499633789062,-84.35030364990234,81,-5.0,A,Tallahassee,United States
"2018-10-02",526,530,-4,730,735,-5,DL,N948DL,856,PNS,ATL,44,64,271,0,0,PNS,Pensacola Regional Airport,30.473400115967,-87.186599731445,121,-6.0,A,Pensacola,United States
"2018-10-02",555,600,-5,752,808,-16,DL,N841DN,1237,ECP,ATL,41,57,240,0,0,ECP,Northwest Florida Beaches International Airport,30.357106,-85.795414,69,-6.0,A,Panama City,United States
"2018-10-02",602,603,-1,833,846,-13,OH,N561NN,5353,PNS,CLT,72,91,488,0,0,PNS,Pensacola Regional Airport,30.473400115967,-87.186599731445,121,-6.0,A,Pensacola,United States
"2018-10-02",554,600,-6,751,807,-16,DL,N954DL,2714,VPS,ATL,41,57,250,0,0,VPS,Destin-Ft Walton Beach Airport,30.4832,-86.525398,87,-6.0,A,Valparaiso,United States
"2018-10-02",557,600,-3,836,847,-11,MQ,N905JH,3508,PNS,MIA,82,99,530,0,0,PNS,Pensacola Regional Airport,30.473400115967,-87.186599731445,121,-6.0,A,Pensacola,United States
"2018-10-02",605,615,-10,930,929,1,YX,N413YX,4626,PNS,DCA,115,145,816,0,0,PNS,Pensacola Regional Airport,30.473400115967,-87.186599731445,121,-6.0,A,Pensacola,United States
"2018-10-02",607,622,-15,726,746,-20,MQ,N696AE,3570,TLH,MIA,60,79,402,0,0,TLH,Tallahassee Regional Airport,30.396499633789062,-84.35030364990234,81,-5.0,A,Tallahassee,United States
"2018-10-02",623,630,-7,837,839,-2,DL,N960DL,1234,PNS,ATL,49,74,271,0,0,PNS,Pensacola Regional Airport,30.473400115967,-87.186599731445,121,-6.0,A,Pensacola,United States
"2018-10-02",631,634,-3,913,915,-2,OH,N576NN,5623,VPS,CLT,66,102,460,0,0,VPS,Destin-Ft Walton Beach Airport,30.4832,-86.525398,87,-6.0,A,Valparaiso,United States
"2018-10-02",638,644,-6,827,850,-23,OH,N508AE,5082,TLH,DCA,97,109,716,0,0,TLH,Tallahassee Regional Airport,30.396499633789062,-84.35030364990234,81,-5.0,A,Tallahassee,United States
"2018-10-02",629,636,-7,759,810,-11,OH,N716PS,5584,TLH,CLT,59,90,386,0,0,TLH,Tallahassee Regional Airport,30.396499633789062,-84.35030364990234,81,-5.0,A,Tallahassee,United States
"2018-10-02",656,700,-4,856,920,-24,EV,N605QX,2889,ECP,DFW,99,120,685,0,0,ECP,Northwest Florida Beaches International Airport,30.357106,-85.795414,69,-6.0,A,Panama City,United States
"2018-10-02",653,700,-7,840,855,-15,EV,N14991,3979,ECP,IAH,86,107,572,0,0,ECP,Northwest Florida Beaches International Airport,30.357106,-85.795414,69,-6.0,A,Panama City,United States
"2018-10-02",652,700,-8,758,803,-5,DL,N917DL,496,TLH,ATL,39,66,223,0,0,TLH,Tallahassee Regional Airport,30.396499633789062,-84.35030364990234,81,-5.0,A,Tallahassee,United States
"2018-10-02",654,700,-6,904,919,-15,AA,N7541A,1538,VPS,DFW,105,130,641,0,0,VPS,Destin-Ft Walton Beach Airport,30.4832,-86.525398,87,-6.0,A,Valparaiso,United States
"2018-10-02",728,735,-7,941,947,-6,DL,N972DL,1078,PNS,ATL,44,73,271,0,0,PNS,Pensacola Regional Airport,30.473400115967,-87.186599731445,121,-6.0,A,Pensacola,United States
"2018-10-02",713,715,-2,847,853,-6,YV,N82338,6262,PNS,IAH,78,94,489,0,0,PNS,Pensacola Regional Airport,30.473400115967,-87.186599731445,121,-6.0,A,Pensacola,United States
"2018-10-02",708,715,-7,923,926,-3,DL,N918DE,955,VPS,ATL,45,75,250,0,0,VPS,Destin-Ft Walton Beach Airport,30.4832,-86.525398,87,-6.0,A,Valparaiso,United States
"2018-10-02",713,715,-2,921,925,-4,DL,N3734B,2430,ECP,ATL,43,68,240,0,0,ECP,Northwest Florida Beaches International Airport,30.357106,-85.795414,69,-6.0,A,Panama City,United States
"2018-10-02",716,722,-6,915,930,-15,AA,N9626F,2453,PNS,DFW,93,119,604,0,0,PNS,Pensacola Regional Airport,30.473400115967,-87.186599731445,121,-6.0,A,Pensacola,United States
"2018-10-02",739,750,-11,1008,1035,-27,EV,N616QX,2899,ECP,CLT,65,89,437,0,0,ECP,Northwest Florida Beaches International Airport,30.357106,-85.795414,69,-6.0,A,Panama City,United States
"2018-10-02",738,745,-7,857,900,-3,WN,N742SW,4197,ECP,BNA,60,79,401,0,0,ECP,Northwest Florida Beaches International Airport,30.357106,-85.795414,69,-6.0,A,Panama City,United States
"2018-10-02",742,751,-9,855,916,-21,MQ,N249NN,4116,TLH,DFW,109,133,767,0,0,TLH,Tallahassee Regional Airport,30.396499633789062,-84.35030364990234,81,-5.0,A,Tallahassee,United States
"2018-10-02",750,755,-5,902,910,-8,WN,N406WN,6225,PNS,BNA,61,72,391,0,0,PNS,Pensacola Regional Airport,30.473400115967,-87.186599731445,121,-6.0,A,Pensacola,United States
"2018-10-02",856,900,-4,1035,1052,-17,YV,N85354,6222,VPS,IAH,84,99,528,0,0,VPS,Destin-Ft Walton Beach Airport,30.4832,-86.525398,87,-6.0,A,Valparaiso,United States
"2018-10-02",858,907,-9,1155,1156,-1,OH,N709PS,5237,PNS,CLT,70,117,488,0,0,PNS,Pensacola Regional Airport,30.473400115967,-87.186599731445,121,-6.0,A,Pensacola,United States
"2018-10-02",924,930,-6,1110,1125,-15,WN,N7748A,1764,ECP,DAL,94,106,674,0,0,ECP,Northwest Florida Beaches International Airport,30.357106,-85.795414,69,-6.0,A,Panama City,United States
"2018-10-02",912,916,-4,1129,1127,2,DL,N937DL,2212,PNS,ATL,43,77,271,0,0,PNS,Pensacola Regional Airport,30.473400115967,-87.186599731445,121,-6.0,A,Pensacola,United States
"2018-10-02",926,930,-4,1111,1112,-1,G4,"274NV",1902,VPS,BLV,85,105,587,0,0,VPS,Destin-Ft Walton Beach Airport,30.4832,-86.525398,87,-6.0,A,Valparaiso,United States
"2018-10-02",958,1000,-2,1248,1246,2,G4,"305NV",1900,VPS,CVG,90,110,600,0,0,VPS,Destin-Ft Walton Beach Airport,30.4832,-86.525398,87,-6.0,A,Valparaiso,United States
"2018-10-02",931,935,-4,1104,1123,-19,EV,N12201,4298,PNS,IAH,76,93,489,0,0,PNS,Pensacola Regional Airport,30.473400115967,-87.186599731445,121,-6.0,A,Pensacola,United States
"2018-10-02",936,940,-4,1108,1115,-7,WN,N287WN,1156,PNS,HOU,77,92,488,0,0,PNS,Pensacola Regional Airport,30.473400115967,-87.186599731445,121,-6.0,A,Pensacola,United States
"2018-10-02",942,947,-5,1141,1149,-8,DL,N992DL,2029,ECP,ATL,38,59,240,0,0,ECP,Northwest Florida Beaches International Airport,30.357106,-85.795414,69,-6.0,A,Panama City,United States
"2018-10-02",958,1001,-3,1230,1247,-17,OH,N563NN,5564,VPS,CLT,68,92,460,0,0,VPS,Destin-Ft Walton Beach Airport,30.4832,-86.525398,87,-6.0,A,Valparaiso,United States
"2018-10-02",1100,1054,6,1425,1408,17,YX,N113HQ,4609,VPS,DCA,121,145,789,0,0,VPS,Destin-Ft Walton Beach Airport,30.4832,-86.525398,87,-6.0,A,Valparaiso,United States
"2018-10-02",1014,1020,-6,1125,1128,-3,"9E",N929XJ,3281,TLH,ATL,41,71,223,0,0,TLH,Tallahassee Regional Airport,30.396499633789062,-84.35030364990234,81,-5.0,A,Tallahassee,United States
"2018-10-02",1028,1034,-6,1238,1249,-11,DL,N915DE,2716,VPS,ATL,42,70,250,0,0,VPS,Destin-Ft Walton Beach Airport,30.4832,-86.525398,87,-6.0,A,Valparaiso,United States
"2018-10-02",1028,1035,-7,1302,1320,-18,MQ,N675AE,3733,PNS,MIA,82,94,530,0,0,PNS,Pensacola Regional Airport,30.473400115967,-87.186599731445,121,-6.0,A,Pensacola,United States
"2018-10-02",1051,1055,-4,1222,1228,-6,OH,N589NN,5272,TLH,CLT,62,91,386,0,0,TLH,Tallahassee Regional Airport,30.396499633789062,-84.35030364990234,81,-5.0,A,Tallahassee,United States
"2018-10-02",1109,1115,-6,1311,1332,-21,DL,N6709,2179,PNS,ATL,41,62,271,0,0,PNS,Pensacola Regional Airport,30.473400115967,-87.186599731445,121,-6.0,A,Pensacola,United States
"2018-10-02",1151,1153,-2,1338,1340,-2,YV,N89342,6357,PNS,IAH,83,107,489,0,0,PNS,Pensacola Regional Airport,30.473400115967,-87.186599731445,121,-6.0,A,Pensacola,United States
"2018-10-02",1203,1211,-8,1359,1423,-24,F9,N229FR,641,PNS,DEN,159,176,1179,0,0,PNS,Pensacola Regional Airport,30.473400115967,-87.186599731445,121,-6.0,A,Pensacola,United States
"2018-10-02",1152,1200,-8,1358,1412,-14,DL,N918DE,1733,ECP,ATL,42,66,240,0,0,ECP,Northwest Florida Beaches International Airport,30.357106,-85.795414,69,-6.0,A,Panama City,United States
"2018-10-02",1230,1234,-4,1327,1348,-21,DL,N973DL,489,TLH,ATL,39,57,223,0,0,TLH,Tallahassee Regional Airport,30.396499633789062,-84.35030364990234,81,-5.0,A,Tallahassee,United States
"2018-10-02",1215,1230,-15,1335,1355,-20,MQ,N905JH,3663,TLH,MIA,61,80,402,0,0,TLH,Tallahassee Regional Airport,30.396499633789062,-84.35030364990234,81,-5.0,A,Tallahassee,United States
"2018-10-02",1242,1240,2,1443,1459,-16,EV,N617QX,2876,ECP,DFW,99,121,685,0,0,ECP,Northwest Florida Beaches International Airport,30.357106,-85.795414,69,-6.0,A,Panama City,United States
"2018-10-02",1239,1244,-5,1528,1530,-2,OH,N565NN,5298,PNS,CLT,89,109,488,0,0,PNS,Pensacola Regional Airport,30.473400115967,-87.186599731445,121,-6.0,A,Pensacola,United States
"2018-10-02",1242,1246,-4,1601,1559,2,MQ,N261NN,3822,PNS,DCA,115,139,816,0,0,PNS,Pensacola Regional Airport,30.473400115967,-87.186599731445,121,-6.0,A,Pensacola,United States
"2018-10-02",1317,1330,-13,1501,1531,-30,MQ,N227NN,3488,PNS,DFW,87,104,604,0,0,PNS,Pensacola Regional Airport,30.473400115967,-87.186599731445,121,-6.0,A,Pensacola,United States
"2018-10-02",1315,1320,-5,1510,1515,-5,EV,N11536,4134,ECP,IAH,95,115,572,0,0,ECP,Northwest Florida Beaches International Airport,30.357106,-85.795414,69,-6.0,A,Panama City,United States
"2018-10-02",1329,1328,1,1530,1535,-5,YV,N909FJ,5740,VPS,DFW,97,121,641,0,0,VPS,Destin-Ft Walton Beach Airport,30.4832,-86.525398,87,-6.0,A,Valparaiso,United States
"2018-10-02",1323,1331,-8,1538,1545,-7,DL,N955DL,1353,PNS,ATL,48,75,271,0,0,PNS,Pensacola Regional Airport,30.473400115967,-87.186599731445,121,-6.0,A,Pensacola,United States
"2018-10-02",1439,1426,13,1721,1714,7,OH,N572NN,5500,VPS,CLT,70,102,460,0,0,VPS,Destin-Ft Walton Beach Airport,30.4832,-86.525398,87,-6.0,A,Valparaiso,United States
"2018-10-02",1103,1415,1248,1308,1610,1258,EV,N14907,4042,VPS,IAH,90,125,528,0,0,VPS,Destin-Ft Walton Beach Airport,30.4832,-86.525398,87,-6.0,A,Valparaiso,United States
"2018-10-02",1429,1432,-3,1638,1644,-6,DL,N906DE,2873,VPS,ATL,42,69,250,0,0,VPS,Destin-Ft Walton Beach Airport,30.4832,-86.525398,87,-6.0,A,Valparaiso,United States
"2018-10-02",1552,1430,82,1823,1705,78,EV,N13908,4103,PNS,ORD,128,151,794,0,0,PNS,Pensacola Regional Airport,30.473400115967,-87.186599731445,121,-6.0,A,Pensacola,United States
"2018-10-02",1428,1436,-8,1632,1643,-11,DL,N970DL,2506,ECP,ATL,43,64,240,0,0,ECP,Northwest Florida Beaches International Airport,30.357106,-85.795414,69,-6.0,A,Panama City,United States
"2018-10-02",1450,1458,-8,1727,1744,-17,EV,N717EV,2916,ECP,CLT,62,97,437,0,0,ECP,Northwest Florida Beaches International Airport,30.357106,-85.795414,69,-6.0,A,Panama City,United States
"2018-10-02",1450,1500,-10,1625,1648,-23,EV,N13988,4142,PNS,IAH,79,95,489,0,0,PNS,Pensacola Regional Airport,30.473400115967,-87.186599731445,121,-6.0,A,Pensacola,United States
"2018-10-02",1521,1525,-4,1704,1705,-1,OH,N589NN,5662,TLH,CLT,63,103,386,0,0,TLH,Tallahassee Regional Airport,30.396499633789062,-84.35030364990234,81,-5.0,A,Tallahassee,United States
"2018-10-02",1502,1508,-6,1743,1747,-4,G4,"274NV",1918,VPS,SDF,78,101,532,0,0,VPS,Destin-Ft Walton Beach Airport,30.4832,-86.525398,87,-6.0,A,Valparaiso,United States
"2018-10-02",1543,1545,-2,1715,1725,-10,WN,N8646B,3081,ECP,HOU,81,92,571,0,0,ECP,Northwest Florida Beaches International Airport,30.357106,-85.795414,69,-6.0,A,Panama City,United States
"2018-10-02",1543,1555,-12,1757,1813,-16,DL,N906DL,1270,PNS,ATL,45,74,271,0,0,PNS,Pensacola Regional Airport,30.473400115967,-87.186599731445,121,-6.0,A,Pensacola,United States
"2018-10-02",1551,1558,-7,1651,1707,-16,DL,N991AT,1399,TLH,ATL,41,60,223,0,0,TLH,Tallahassee Regional Airport,30.396499633789062,-84.35030364990234,81,-5.0,A,Tallahassee,United States
"2018-10-02",1552,1600,-8,1801,1813,-12,DL,N996DL,2802,VPS,ATL,47,69,250,0,0,VPS,Destin-Ft Walton Beach Airport,30.4832,-86.525398,87,-6.0,A,Valparaiso,United States
"2018-10-02",1600,1607,-7,1839,1850,-11,YX,N117HQ,4553,PNS,CLT,73,99,488,0,0,PNS,Pensacola Regional Airport,30.473400115967,-87.186599731445,121,-6.0,A,Pensacola,United States
"2018-10-02",1621,1632,-11,2000,2009,-9,YX,N134HQ,4537,PNS,PHL,141,159,935,0,0,PNS,Pensacola Regional Airport,30.473400115967,-87.186599731445,121,-6.0,A,Pensacola,United States
"2018-10-02",1633,1642,-9,1745,1805,-20,MQ,N246NN,4069,TLH,DFW,109,132,767,0,0,TLH,Tallahassee Regional Airport,30.396499633789062,-84.35030364990234,81,-5.0,A,Tallahassee,United States
"2018-10-02",1721,1700,21,1906,1855,11,EV,N12900,3967,ECP,IAH,85,105,572,0,0,ECP,Northwest Florida Beaches International Airport,30.357106,-85.795414,69,-6.0,A,Panama City,United States
"2018-10-02",1647,1701,-14,1802,1827,-25,MQ,N689EC,3861,TLH,MIA,62,75,402,0,0,TLH,Tallahassee Regional Airport,30.396499633789062,-84.35030364990234,81,-5.0,A,Tallahassee,United States
"2018-10-02",1750,1756,-6,1912,1903,9,DL,N990DL,1786,TLH,ATL,42,82,223,0,0,TLH,Tallahassee Regional Airport,30.396499633789062,-84.35030364990234,81,-5.0,A,Tallahassee,United States
"2018-10-02",1753,1756,-3,2032,2045,-13,MQ,N693AE,3427,PNS,MIA,81,99,530,0,0,PNS,Pensacola Regional Airport,30.473400115967,-87.186599731445,121,-6.0,A,Pensacola,United States
"2018-10-02",1748,1759,-11,2001,2013,-12,DL,N938DL,1403,ECP,ATL,40,73,240,0,0,ECP,Northwest Florida Beaches International Airport,30.357106,-85.795414,69,-6.0,A,Panama City,United States
"2018-10-02",1747,1759,-12,2003,2016,-13,DL,N665DN,1814,PNS,ATL,43,76,271,0,0,PNS,Pensacola Regional Airport,30.473400115967,-87.186599731445,121,-6.0,A,Pensacola,United States
"2018-10-02",1758,1806,-8,2021,2030,-9,DL,N983DL,1167,VPS,ATL,46,83,250,0,0,VPS,Destin-Ft Walton Beach Airport,30.4832,-86.525398,87,-6.0,A,Valparaiso,United States
"2018-10-02",1802,1808,-6,1926,1940,-14,OH,N567NN,5248,TLH,CLT,60,84,386,0,0,TLH,Tallahassee Regional Airport,30.396499633789062,-84.35030364990234,81,-5.0,A,Tallahassee,United States
"2018-10-02",1829,1845,-16,1958,2024,-26,YV,N89308,6036,PNS,IAH,71,89,489,0,0,PNS,Pensacola Regional Airport,30.473400115967,-87.186599731445,121,-6.0,A,Pensacola,United States
"2018-10-02",1924,1845,39,2139,2044,55,EV,N18556,4260,VPS,IAH,82,135,528,0,0,VPS,Destin-Ft Walton Beach Airport,30.4832,-86.525398,87,-6.0,A,Valparaiso,United States
"2018-10-02",1849,1852,-3,2130,2135,-5,OH,N716PS,5463,PNS,CLT,76,101,488,0,0,PNS,Pensacola Regional Airport,30.473400115967,-87.186599731445,121,-6.0,A,Pensacola,United States
"2018-10-02",1845,1854,-9,2125,2136,-11,OH,N593NN,5709,VPS,CLT,75,100,460,0,0,VPS,Destin-Ft Walton Beach Airport,30.4832,-86.525398,87,-6.0,A,Valparaiso,United States
"2018-10-02",1906,1915,-9,2059,2120,-21,MQ,N249NN,3877,PNS,DFW,94,113,604,0,0,PNS,Pensacola Regional Airport,30.473400115967,-87.186599731445,121,-6.0,A,Pensacola,United States
"2018-10-02",1919,1921,-2,2124,2130,-6,YV,N914FJ,5906,VPS,DFW,92,125,641,0,0,VPS,Destin-Ft Walton Beach Airport,30.4832,-86.525398,87,-6.0,A,Valparaiso,United States
"2018-10-02",1923,1927,-4,2044,2050,-6,MQ,N680AE,3844,TLH,MIA,60,81,402,0,0,TLH,Tallahassee Regional Airport,30.396499633789062,-84.35030364990234,81,-5.0,A,Tallahassee,United States
"2018-10-02",1927,1930,-3,2043,2050,-7,WN,N401WN,1484,ECP,BNA,62,76,401,0,0,ECP,Northwest Florida Beaches International Airport,30.357106,-85.795414,69,-6.0,A,Panama City,United States
"2018-10-02",1931,1935,-4,2049,2050,-1,WN,N8623F,2300,PNS,BNA,67,78,391,0,0,PNS,Pensacola Regional Airport,30.473400115967,-87.186599731445,121,-6.0,A,Pensacola,United States
"2018-10-02",1933,1945,-12,2036,2056,-20,DL,N946AT,678,TLH,ATL,40,63,223,0,0,TLH,Tallahassee Regional Airport,30.396499633789062,-84.35030364990234,81,-5.0,A,Tallahassee,United States
"2018-10-02",1953,2010,-17,2120,2141,-21,YX,N119HQ,4660,TLH,CLT,66,87,386,0,0,TLH,Tallahassee Regional Airport,30.396499633789062,-84.35030364990234,81,-5.0,A,Tallahassee,United States
"2018-10-03",524,530,-6,731,735,-4,DL,N910DE,856,PNS,ATL,45,67,271,0,0,PNS,Pensacola Regional Airport,30.473400115967,-87.186599731445,121,-6.0,A,Pensacola,United States
"2018-10-03",538,545,-7,633,650,-17,DL,N950DL,708,TLH,ATL,38,55,223,0,0,TLH,Tallahassee Regional Airport,30.396499633789062,-84.35030364990234,81,-5.0,A,Tallahassee,United States
"2018-10-03",554,600,-6,802,807,-5,DL,N943DL,2714,VPS,ATL,46,68,250,0,0,VPS,Destin-Ft Walton Beach Airport,30.4832,-86.525398,87,-6.0,A,Valparaiso,United States
"2018-10-03",551,600,-9,755,808,-13,DL,N818DA,1237,ECP,ATL,43,64,240,0,0,ECP,Northwest Florida Beaches International Airport,30.357106,-85.795414,69,-6.0,A,Panama City,United States
"2018-10-03",550,600,-10,822,847,-25,MQ,N693AE,3508,PNS,MIA,79,92,530,0,0,PNS,Pensacola Regional Airport,30.473400115967,-87.186599731445,121,-6.0,A,Pensacola,United States
"2018-10-03",559,603,-4,841,846,-5,OH,N573NN,5353,PNS,CLT,76,102,488,0,0,PNS,Pensacola Regional Airport,30.473400115967,-87.186599731445,121,-6.0,A,Pensacola,United States
"2018-10-03",612,615,-3,933,929,4,YX,N137HQ,4626,PNS,DCA,125,141,816,0,0,PNS,Pensacola Regional Airport,30.473400115967,-87.186599731445,121,-6.0,A,Pensacola,United States
"2018-10-03",611,622,-11,725,746,-21,MQ,N681AE,3570,TLH,MIA,59,74,402,0,0,TLH,Tallahassee Regional Airport,30.396499633789062,-84.35030364990234,81,-5.0,A,Tallahassee,United States
"2018-10-03",623,630,-7,832,839,-7,DL,N985DL,1234,PNS,ATL,45,69,271,0,0,PNS,Pensacola Regional Airport,30.473400115967,-87.186599731445,121,-6.0,A,Pensacola,United States
"2018-10-03",623,634,-11,906,915,-9,OH,N557NN,5623,VPS,CLT,69,103,460,0,0,VPS,Destin-Ft Walton Beach Airport,30.4832,-86.525398,87,-6.0,A,Valparaiso,United States
"2018-10-03",632,636,-4,800,810,-10,OH,N545PB,5584,TLH,CLT,60,88,386,0,0,TLH,Tallahassee Regional Airport,30.396499633789062,-84.35030364990234,81,-5.0,A,Tallahassee,United States
"2018-10-03",638,644,-6,837,850,-13,OH,N540EA,5082,TLH,DCA,104,119,716,0,0,TLH,Tallahassee Regional Airport,30.396499633789062,-84.35030364990234,81,-5.0,A,Tallahassee,United States
"2018-10-03",652,700,-8,900,920,-20,EV,N717EV,2889,ECP,DFW,100,128,685,0,0,ECP,Northwest Florida Beaches International Airport,30.357106,-85.795414,69,-6.0,A,Panama City,United States
"2018-10-03",656,700,-4,932,855,37,EV,N14573,3979,ECP,IAH,85,156,572,0,0,ECP,Northwest Florida Beaches International Airport,30.357106,-85.795414,69,-6.0,A,Panama City,United States
"2018-10-03",644,700,-16,820,844,-24,G4,"224NV",1902,VPS,BLV,77,96,587,0,0,VPS,Destin-Ft Walton Beach Airport,30.4832,-86.525398,87,-6.0,A,Valparaiso,United States
"2018-10-03",650,700,-10,901,919,-18,AA,N979TW,1538,VPS,DFW,101,131,641,0,0,VPS,Destin-Ft Walton Beach Airport,30.4832,-86.525398,87,-6.0,A,Valparaiso,United States
"2018-10-03",655,700,-5,757,803,-6,DL,N965DL,496,TLH,ATL,44,62,223,0,0,TLH,Tallahassee Regional Airport,30.396499633789062,-84.35030364990234,81,-5.0,A,Tallahassee,United States
"2018-10-03",708,715,-7,844,853,-9,YV,N88327,6262,PNS,IAH,76,96,489,0,0,PNS,Pensacola Regional Airport,30.473400115967,-87.186599731445,121,-6.0,A,Pensacola,United States
"2018-10-03",710,715,-5,913,925,-12,DL,N379DA,2430,ECP,ATL,43,63,240,0,0,ECP,Northwest Florida Beaches International Airport,30.357106,-85.795414,69,-6.0,A,Panama City,United States
"2018-10-03",708,715,-7,910,926,-16,DL,N954DL,955,VPS,ATL,45,62,250,0,0,VPS,Destin-Ft Walton Beach Airport,30.4832,-86.525398,87,-6.0,A,Valparaiso,United States
"2018-10-03",711,722,-11,921,930,-9,AA,N9621A,2453,PNS,DFW,92,130,604,0,0,PNS,Pensacola Regional Airport,30.473400115967,-87.186599731445,121,-6.0,A,Pensacola,United States
"2018-10-03",729,730,-1,1103,1100,3,G4,"274NV",1990,VPS,EWR,134,154,988,0,0,VPS,Destin-Ft Walton Beach Airport,30.4832,-86.525398,87,-6.0,A,Valparaiso,United States
"2018-10-03",736,735,1,939,947,-8,DL,N977DL,1078,PNS,ATL,47,63,271,0,0,PNS,Pensacola Regional Airport,30.473400115967,-87.186599731445,121,-6.0,A,Pensacola,United States
"2018-10-02",1519,1526,-7,1712,1734,-22,AA,N501AA,2389,PNS,DFW,93,113,604,0,0,PNS,Pensacola Regional Airport,30.473400115967,-87.186599731445,121,-6.0,A,Pensacola,United States
"2018-10-03",745,751,-6,851,916,-25,MQ,N227NN,4116,TLH,DFW,110,126,767,0,0,TLH,Tallahassee Regional Airport,30.396499633789062,-84.35030364990234,81,-5.0,A,Tallahassee,United States
"2018-10-03",744,750,-6,1026,1035,-9,EV,N611QX,2899,ECP,CLT,67,102,437,0,0,ECP,Northwest Florida Beaches International Airport,30.357106,-85.795414,69,-6.0,A,Panama City,United States
"2018-10-03",744,750,-6,859,910,-11,WN,N915WN,716,ECP,BNA,62,75,401,0,0,ECP,Northwest Florida Beaches International Airport,30.357106,-85.795414,69,-6.0,A,Panama City,United States
"2018-10-03",745,750,-5,903,910,-7,WN,N411WN,1615,PNS,BNA,65,78,391,0,0,PNS,Pensacola Regional Airport,30.473400115967,-87.186599731445,121,-6.0,A,Pensacola,United States
"2018-10-03",841,850,-9,1149,1151,-2,G4,"326NV",1425,VPS,PIT,111,128,775,0,0,VPS,Destin-Ft Walton Beach Airport,30.4832,-86.525398,87,-6.0,A,Valparaiso,United States
"2018-10-03",855,900,-5,1050,1052,-2,YV,N86350,6222,VPS,IAH,93,115,528,0,0,VPS,Destin-Ft Walton Beach Airport,30.4832,-86.525398,87,-6.0,A,Valparaiso,United States
"2018-10-03",856,907,-11,1134,1156,-22,OH,N712PS,5237,PNS,CLT,74,98,488,0,0,PNS,Pensacola Regional Airport,30.473400115967,-87.186599731445,121,-6.0,A,Pensacola,United States
"2018-10-03",913,916,-3,1119,1127,-8,DL,N966DL,2212,PNS,ATL,50,66,271,0,0,PNS,Pensacola Regional Airport,30.473400115967,-87.186599731445,121,-6.0,A,Pensacola,United States
"2018-10-03",947,947,0,1144,1149,-5,DL,N943DL,2029,ECP,ATL,40,57,240,0,0,ECP,Northwest Florida Beaches International Airport,30.357106,-85.795414,69,-6.0,A,Panama City,United States
"2018-10-03",927,930,-3,1105,1115,-10,WN,N224WN,1281,ECP,HOU,83,98,571,0,0,ECP,Northwest Florida Beaches International Airport,30.357106,-85.795414,69,-6.0,A,Panama City,United States
"2018-10-03",938,935,3,1112,1110,2,WN,N7732A,2229,PNS,HOU,75,94,488,0,0,PNS,Pensacola Regional Airport,30.473400115967,-87.186599731445,121,-6.0,A,Pensacola,United States
"2018-10-03",930,935,-5,1118,1123,-5,EV,N13553,4298,PNS,IAH,85,108,489,0,0,PNS,Pensacola Regional Airport,30.473400115967,-87.186599731445,121,-6.0,A,Pensacola,United States
"2018-10-03",1009,1020,-11,1115,1128,-13,"9E",N315PQ,3281,TLH,ATL,44,66,223,0,0,TLH,Tallahassee Regional Airport,30.396499633789062,-84.35030364990234,81,-5.0,A,Tallahassee,United States
"2018-10-03",956,1001,-5,1236,1247,-11,OH,N593NN,5564,VPS,CLT,74,100,460,0,0,VPS,Destin-Ft Walton Beach Airport,30.4832,-86.525398,87,-6.0,A,Valparaiso,United States
"2018-10-03",1023,1034,-11,1246,1249,-3,DL,N953DL,2716,VPS,ATL,48,83,250,0,0,VPS,Destin-Ft Walton Beach Airport,30.4832,-86.525398,87,-6.0,A,Valparaiso,United States
"2018-10-03",1056,1035,21,1339,1320,19,MQ,N689EC,3733,PNS,MIA,89,103,530,0,0,PNS,Pensacola Regional Airport,30.473400115967,-87.186599731445,121,-6.0,A,Pensacola,United States
"2018-10-03",1051,1055,-4,1221,1228,-7,OH,N584NN,5272,TLH,CLT,65,90,386,0,0,TLH,Tallahassee Regional Airport,30.396499633789062,-84.35030364990234,81,-5.0,A,Tallahassee,United States
"2018-10-03",1030,1040,-10,1304,1315,-11,OO,N693BR,5800,PNS,ORD,129,154,794,0,0,PNS,Pensacola Regional Airport,30.473400115967,-87.186599731445,121,-6.0,A,Pensacola,United States
"2018-10-03",1045,1054,-9,1412,1408,4,YX,N437YX,4609,VPS,DCA,122,147,789,0,0,VPS,Destin-Ft Walton Beach Airport,30.4832,-86.525398,87,-6.0,A,Valparaiso,United States
"2018-10-03",1117,1115,2,1317,1332,-15,DL,N555NW,2179,PNS,ATL,45,60,271,0,0,PNS,Pensacola Regional Airport,30.473400115967,-87.186599731445,121,-6.0,A,Pensacola,United States
"2018-10-03",1158,1153,5,1332,1340,-8,YV,N88341,6357,PNS,IAH,82,94,489,0,0,PNS,Pensacola Regional Airport,30.473400115967,-87.186599731445,121,-6.0,A,Pensacola,United States
"2018-10-03",1154,1200,-6,1405,1412,-7,DL,N976DL,1733,ECP,ATL,42,71,240,0,0,ECP,Northwest Florida Beaches International Airport,30.357106,-85.795414,69,-6.0,A,Panama City,United States
"2018-10-03",1144,1203,-19,1433,1451,-18,G4,"224NV",1900,VPS,CVG,88,109,600,0,0,VPS,Destin-Ft Walton Beach Airport,30.4832,-86.525398,87,-6.0,A,Valparaiso,United States
"2018-10-03",1219,1230,-11,1334,1355,-21,MQ,N661JA,3663,TLH,MIA,62,75,402,0,0,TLH,Tallahassee Regional Airport,30.396499633789062,-84.35030364990234,81,-5.0,A,Tallahassee,United States
"2018-10-03",1230,1234,-4,1330,1348,-18,DL,N977DL,489,TLH,ATL,44,60,223,0,0,TLH,Tallahassee Regional Airport,30.396499633789062,-84.35030364990234,81,-5.0,A,Tallahassee,United States
"2018-10-03",1231,1240,-9,1425,1459,-34,EV,N720EV,2876,ECP,DFW,95,114,685,0,0,ECP,Northwest Florida Beaches International Airport,30.357106,-85.795414,69,-6.0,A,Panama City,United States
"2018-10-03",1231,1244,-13,1506,1530,-24,OH,N551NN,5298,PNS,CLT,69,95,488,0,0,PNS,Pensacola Regional Airport,30.473400115967,-87.186599731445,121,-6.0,A,Pensacola,United States
"2018-10-03",1245,1246,-1,1555,1559,-4,MQ,N245NN,3822,PNS,DCA,118,130,816,0,0,PNS,Pensacola Regional Airport,30.473400115967,-87.186599731445,121,-6.0,A,Pensacola,United States
"2018-10-03",1313,1320,-7,1510,1515,-5,EV,N12900,4134,ECP,IAH,93,117,572,0,0,ECP,Northwest Florida Beaches International Airport,30.357106,-85.795414,69,-6.0,A,Panama City,United States
"2018-10-03",1328,1328,0,1527,1535,-8,YV,N911FJ,5740,VPS,DFW,97,119,641,0,0,VPS,Destin-Ft Walton Beach Airport,30.4832,-86.525398,87,-6.0,A,Valparaiso,United States
"2018-10-03",1318,1330,-12,1504,1531,-27,MQ,N237NN,3488,PNS,DFW,88,106,604,0,0,PNS,Pensacola Regional Airport,30.473400115967,-87.186599731445,121,-6.0,A,Pensacola,United States
"2018-10-03",1324,1331,-7,1544,1545,-1,DL,N936DL,1353,PNS,ATL,44,80,271,0,0,PNS,Pensacola Regional Airport,30.473400115967,-87.186599731445,121,-6.0,A,Pensacola,United States
"2018-10-03",1419,1426,-7,1725,1714,11,OH,N584NN,5500,VPS,CLT,73,126,460,0,0,VPS,Destin-Ft Walton Beach Airport,30.4832,-86.525398,87,-6.0,A,Valparaiso,United States
"2018-10-03",1407,1415,-8,1610,1610,0,EV,N14991,4042,VPS,IAH,92,123,528,0,0,VPS,Destin-Ft Walton Beach Airport,30.4832,-86.525398,87,-6.0,A,Valparaiso,United States
"2018-10-03",1423,1430,-7,1641,1705,-24,EV,N36915,4103,PNS,ORD,120,138,794,0,0,PNS,Pensacola Regional Airport,30.473400115967,-87.186599731445,121,-6.0,A,Pensacola,United States
"2018-10-03",1424,1432,-8,1629,1644,-15,DL,N912DL,2873,VPS,ATL,46,65,250,0,0,VPS,Destin-Ft Walton Beach Airport,30.4832,-86.525398,87,-6.0,A,Valparaiso,United States
"2018-10-03",1427,1435,-8,1748,1746,2,G4,"274NV",1946,VPS,BWI,114,141,819,0,0,VPS,Destin-Ft Walton Beach Airport,30.4832,-86.525398,87,-6.0,A,Valparaiso,United States
"2018-10-03",1428,1437,-9,1654,1722,-28,F9,N910FR,1285,PNS,ORD,122,146,794,0,0,PNS,Pensacola Regional Airport,30.473400115967,-87.186599731445,121,-6.0,A,Pensacola,United States
"2018-10-03",1431,1436,-5,1631,1643,-12,DL,N903DE,2506,ECP,ATL,41,60,240,0,0,ECP,Northwest Florida Beaches International Airport,30.357106,-85.795414,69,-6.0,A,Panama City,United States
"2018-10-03",,1458,,,1744,,EV,N615QX,2916,ECP,CLT,,,437,1,0,ECP,Northwest Florida Beaches International Airport,30.357106,-85.795414,69,-6.0,A,Panama City,United States
"2018-10-03",1447,1500,-13,1637,1648,-11,EV,N27152,4142,PNS,IAH,77,110,489,0,0,PNS,Pensacola Regional Airport,30.473400115967,-87.186599731445,121,-6.0,A,Pensacola,United States
"2018-10-03",1550,1555,-5,1801,1813,-12,DL,N907DE,1270,PNS,ATL,44,71,271,0,0,PNS,Pensacola Regional Airport,30.473400115967,-87.186599731445,121,-6.0,A,Pensacola,United States
"2018-10-03",1520,1525,-5,1656,1705,-9,OH,N564NN,5662,TLH,CLT,61,96,386,0,0,TLH,Tallahassee Regional Airport,30.396499633789062,-84.35030364990234,81,-5.0,A,Tallahassee,United States
"2018-10-03",1647,1526,81,1853,1734,79,AA,N9618A,2389,PNS,DFW,85,126,604,0,0,PNS,Pensacola Regional Airport,30.473400115967,-87.186599731445,121,-6.0,A,Pensacola,United States
"2018-10-03",1553,1558,-5,1705,1707,-2,DL,N895AT,1399,TLH,ATL,42,72,223,0,0,TLH,Tallahassee Regional Airport,30.396499633789062,-84.35030364990234,81,-5.0,A,Tallahassee,United States
"2018-10-03",1558,1600,-2,1809,1813,-4,DL,N998DL,2802,VPS,ATL,44,71,250,0,0,VPS,Destin-Ft Walton Beach Airport,30.4832,-86.525398,87,-6.0,A,Valparaiso,United States
"2018-10-03",1559,1607,-8,1842,1850,-8,YX,N138HQ,4553,PNS,CLT,74,103,488,0,0,PNS,Pensacola Regional Airport,30.473400115967,-87.186599731445,121,-6.0,A,Pensacola,United States
"2018-10-03",1622,1632,-10,2003,2009,-6,YX,N106HQ,4537,PNS,PHL,147,161,935,0,0,PNS,Pensacola Regional Airport,30.473400115967,-87.186599731445,121,-6.0,A,Pensacola,United States
"2018-10-03",1654,1700,-6,1839,1855,-16,EV,N18557,3967,ECP,IAH,85,105,572,0,0,ECP,Northwest Florida Beaches International Airport,30.357106,-85.795414,69,-6.0,A,Panama City,United States
"2018-10-03",1634,1642,-8,1744,1805,-21,MQ,N241NN,4069,TLH,DFW,110,130,767,0,0,TLH,Tallahassee Regional Airport,30.396499633789062,-84.35030364990234,81,-5.0,A,Tallahassee,United States
"2018-10-03",1654,1701,-7,1815,1827,-12,MQ,N902BC,3861,TLH,MIA,60,81,402,0,0,TLH,Tallahassee Regional Airport,30.396499633789062,-84.35030364990234,81,-5.0,A,Tallahassee,United States
"2018-10-03",1754,1756,-2,1902,1903,-1,DL,N951DL,1786,TLH,ATL,44,68,223,0,0,TLH,Tallahassee Regional Airport,30.396499633789062,-84.35030364990234,81,-5.0,A,Tallahassee,United States
"2018-10-03",1743,1756,-13,2022,2045,-23,MQ,N697AB,3427,PNS,MIA,81,99,530,0,0,PNS,Pensacola Regional Airport,30.473400115967,-87.186599731445,121,-6.0,A,Pensacola,United States
"2018-10-03",1758,1759,-1,2013,2013,0,DL,N918DE,1403,ECP,ATL,43,75,240,0,0,ECP,Northwest Florida Beaches International Airport,30.357106,-85.795414,69,-6.0,A,Panama City,United States
"2018-10-03",1750,1759,-9,2007,2016,-9,DL,N6707A,1814,PNS,ATL,45,77,271,0,0,PNS,Pensacola Regional Airport,30.473400115967,-87.186599731445,121,-6.0,A,Pensacola,United States
"2018-10-03",1756,1806,-10,2018,2030,-12,DL,N987DL,1167,VPS,ATL,44,82,250,0,0,VPS,Destin-Ft Walton Beach Airport,30.4832,-86.525398,87,-6.0,A,Valparaiso,United States
"2018-10-03",1754,1808,-14,1919,1940,-21,OH,N552NN,5248,TLH,CLT,60,85,386,0,0,TLH,Tallahassee Regional Airport,30.396499633789062,-84.35030364990234,81,-5.0,A,Tallahassee,United States
"2018-10-03",1827,1845,-18,2000,2044,-44,EV,N13988,4260,VPS,IAH,77,93,528,0,0,VPS,Destin-Ft Walton Beach Airport,30.4832,-86.525398,87,-6.0,A,Valparaiso,United States
"2018-10-03",1835,1845,-10,2005,2024,-19,YV,N87345,6036,PNS,IAH,71,90,489,0,0,PNS,Pensacola Regional Airport,30.473400115967,-87.186599731445,121,-6.0,A,Pensacola,United States
"2018-10-03",1914,1920,-6,2029,2040,-11,WN,N7750A,976,PNS,BNA,63,75,391,0,0,PNS,Pensacola Regional Airport,30.473400115967,-87.186599731445,121,-6.0,A,Pensacola,United States
"2018-10-03",1902,1852,10,2136,2135,1,OH,N708PS,5463,PNS,CLT,70,94,488,0,0,PNS,Pensacola Regional Airport,30.473400115967,-87.186599731445,121,-6.0,A,Pensacola,United States
"2018-10-03",1852,1854,-2,2127,2136,-9,OH,N576NN,5709,VPS,CLT,73,95,460,0,0,VPS,Destin-Ft Walton Beach Airport,30.4832,-86.525398,87,-6.0,A,Valparaiso,United States
"2018-10-03",1906,1915,-9,2049,2120,-31,MQ,N240NN,3877,PNS,DFW,87,103,604,0,0,PNS,Pensacola Regional Airport,30.473400115967,-87.186599731445,121,-6.0,A,Pensacola,United States
"2018-10-03",1912,1921,-9,2115,2130,-15,YV,N244LR,5906,VPS,DFW,100,123,641,0,0,VPS,Destin-Ft Walton Beach Airport,30.4832,-86.525398,87,-6.0,A,Valparaiso,United States
"2018-10-03",1917,1927,-10,2030,2050,-20,MQ,N662EH,3844,TLH,MIA,60,73,402,0,0,TLH,Tallahassee Regional Airport,30.396499633789062,-84.35030364990234,81,-5.0,A,Tallahassee,United States
"2018-10-03",1932,1935,-3,2048,2055,-7,WN,N431WN,2008,ECP,BNA,64,76,401,0,0,ECP,Northwest Florida Beaches International Airport,30.357106,-85.795414,69,-6.0,A,Panama City,United States
"2018-10-03",1939,1945,-6,2044,2056,-12,DL,N942AT,678,TLH,ATL,43,65,223,0,0,TLH,Tallahassee Regional Airport,30.396499633789062,-84.35030364990234,81,-5.0,A,Tallahassee,United States
"2018-10-03",1956,2010,-14,2122,2141,-19,YX,N127HQ,4660,TLH,CLT,63,86,386,0,0,TLH,Tallahassee Regional Airport,30.396499633789062,-84.35030364990234,81,-5.0,A,Tallahassee,United States
"2018-10-04",526,530,-4,731,735,-4,DL,N966DL,856,PNS,ATL,46,65,271,0,0,PNS,Pensacola Regional Airport,30.473400115967,-87.186599731445,121,-6.0,A,Pensacola,United States
"2018-10-04",543,545,-2,641,650,-9,DL,N903DE,708,TLH,ATL,40,58,223,0,0,TLH,Tallahassee Regional Airport,30.396499633789062,-84.35030364990234,81,-5.0,A,Tallahassee,United States
"2018-10-04",552,600,-8,801,807,-6,DL,N949DL,2714,VPS,ATL,44,69,250,0,0,VPS,Destin-Ft Walton Beach Airport,30.4832,-86.525398,87,-6.0,A,Valparaiso,United States
"2018-10-04",553,600,-7,712,725,-13,OH,N709PS,5584,TLH,CLT,62,79,386,0,0,TLH,Tallahassee Regional Airport,30.396499633789062,-84.35030364990234,81,-5.0,A,Tallahassee,United States
"2018-10-04",554,601,-7,832,844,-12,OH,N581NN,5353,PNS,CLT,74,98,488,0,0,PNS,Pensacola Regional Airport,30.473400115967,-87.186599731445,121,-6.0,A,Pensacola,United States
"2018-10-04",553,602,-9,839,847,-8,MQ,N900AE,3508,PNS,MIA,84,106,530,0,0,PNS,Pensacola Regional Airport,30.473400115967,-87.186599731445,121,-6.0,A,Pensacola,United States
"2018-10-04",600,603,-3,910,919,-9,YX,N430YX,4499,PNS,DCA,111,130,816,0,0,PNS,Pensacola Regional Airport,30.473400115967,-87.186599731445,121,-6.0,A,Pensacola,United States
"2018-10-04",559,609,-10,834,851,-17,EV,N720EV,2899,ECP,CLT,71,95,437,0,0,ECP,Northwest Florida Beaches International Airport,30.357106,-85.795414,69,-6.0,A,Panama City,United States
"2018-10-04",627,634,-7,918,915,3,OH,N566NN,5623,VPS,CLT,70,111,460,0,0,VPS,Destin-Ft Walton Beach Airport,30.4832,-86.525398,87,-6.0,A,Valparaiso,United States
"2018-10-04",657,700,-3,845,901,-16,G4,"274NV",1992,VPS,AUS,91,108,666,0,0,VPS,Destin-Ft Walton Beach Airport,30.4832,-86.525398,87,-6.0,A,Valparaiso,United States
"2018-10-04",653,700,-7,844,919,-35,AA,N9628W,1538,VPS,DFW,90,111,641,0,0,VPS,Destin-Ft Walton Beach Airport,30.4832,-86.525398,87,-6.0,A,Valparaiso,United States
"2018-10-04",652,700,-8,849,908,-19,AA,N963TW,2453,PNS,DFW,87,117,604,0,0,PNS,Pensacola Regional Airport,30.473400115967,-87.186599731445,121,-6.0,A,Pensacola,United States
"2018-10-04",707,715,-8,835,853,-18,YV,N89308,6262,PNS,IAH,73,88,489,0,0,PNS,Pensacola Regional Airport,30.473400115967,-87.186599731445,121,-6.0,A,Pensacola,United States
"2018-10-04",708,715,-7,920,926,-6,DL,N974DL,955,VPS,ATL,43,72,250,0,0,VPS,Destin-Ft Walton Beach Airport,30.4832,-86.525398,87,-6.0,A,Valparaiso,United States
"2018-10-04",711,715,-4,911,925,-14,DL,N3772H,2430,ECP,ATL,41,60,240,0,0,ECP,Northwest Florida Beaches International Airport,30.357106,-85.795414,69,-6.0,A,Panama City,United States
"2018-10-04",719,730,-11,916,937,-21,G4,"224NV",1908,VPS,OKC,98,117,726,0,0,VPS,Destin-Ft Walton Beach Airport,30.4832,-86.525398,87,-6.0,A,Valparaiso,United States
"2018-10-04",729,735,-6,953,947,6,DL,N952DL,1078,PNS,ATL,46,84,271,0,0,PNS,Pensacola Regional Airport,30.473400115967,-87.186599731445,121,-6.0,A,Pensacola,United States
"2018-10-04",846,900,-14,1037,1052,-15,YV,N87360,6059,VPS,IAH,89,111,528,0,0,VPS,Destin-Ft Walton Beach Airport,30.4832,-86.525398,87,-6.0,A,Valparaiso,United States
"2018-10-04",932,930,2,1112,1115,-3,WN,N740SW,1281,ECP,HOU,85,100,571,0,0,ECP,Northwest Florida Beaches International Airport,30.357106,-85.795414,69,-6.0,A,Panama City,United States
"2018-10-04",924,935,-11,1108,1123,-15,EV,N14568,4298,PNS,IAH,86,104,489,0,0,PNS,Pensacola Regional Airport,30.473400115967,-87.186599731445,121,-6.0,A,Pensacola,United States
"2018-10-04",1028,1038,-10,1314,1320,-6,MQ,N661JA,3733,PNS,MIA,87,106,530,0,0,PNS,Pensacola Regional Airport,30.473400115967,-87.186599731445,121,-6.0,A,Pensacola,United States
"2018-10-04",1244,1055,109,1406,1228,98,OH,N558NN,5272,TLH,CLT,59,82,386,0,0,TLH,Tallahassee Regional Airport,30.396499633789062,-84.35030364990234,81,-5.0,A,Tallahassee,United States
"2018-10-04",1112,1115,-3,1319,1332,-13,DL,N900PC,2179,PNS,ATL,44,67,271,0,0,PNS,Pensacola Regional Airport,30.473400115967,-87.186599731445,121,-6.0,A,Pensacola,United States
"2018-10-04",1140,1151,-11,1318,1340,-22,YX,N655RW,3682,PNS,IAH,75,98,489,0,0,PNS,Pensacola Regional Airport,30.473400115967,-87.186599731445,121,-6.0,A,Pensacola,United States
"2018-10-04",1227,1211,16,1417,1423,-6,F9,N309FR,641,PNS,DEN,152,170,1179,0,0,PNS,Pensacola Regional Airport,30.473400115967,-87.186599731445,121,-6.0,A,Pensacola,United States
"2018-10-04",1224,1231,-7,1345,1355,-10,MQ,N675AE,3663,TLH,MIA,66,81,402,0,0,TLH,Tallahassee Regional Airport,30.396499633789062,-84.35030364990234,81,-5.0,A,Tallahassee,United States
"2018-10-04",1235,1234,1,1332,1348,-16,DL,N922DL,489,TLH,ATL,41,57,223,0,0,TLH,Tallahassee Regional Airport,30.396499633789062,-84.35030364990234,81,-5.0,A,Tallahassee,United States
"2018-10-04",1241,1248,-7,1441,1506,-25,EV,N611QX,2876,ECP,DFW,90,120,685,0,0,ECP,Northwest Florida Beaches International Airport,30.357106,-85.795414,69,-6.0,A,Panama City,United States
"2018-10-04",1244,1248,-4,1418,1432,-14,G4,"274NV",1902,VPS,BLV,75,94,587,0,0,VPS,Destin-Ft Walton Beach Airport,30.4832,-86.525398,87,-6.0,A,Valparaiso,United States
"2018-10-04",1327,1331,-4,1536,1545,-9,DL,N915DE,1353,PNS,ATL,48,69,271,0,0,PNS,Pensacola Regional Airport,30.473400115967,-87.186599731445,121,-6.0,A,Pensacola,United States
"2018-10-04",1323,1333,-10,1505,1534,-29,MQ,N232NN,3488,PNS,DFW,88,102,604,0,0,PNS,Pensacola Regional Airport,30.473400115967,-87.186599731445,121,-6.0,A,Pensacola,United States
"2018-10-04",1436,1436,0,1643,1643,0,DL,N911DE,2506,ECP,ATL,41,67,240,0,0,ECP,Northwest Florida Beaches International Airport,30.357106,-85.795414,69,-6.0,A,Panama City,United States
"2018-10-04",1508,1515,-7,1648,1703,-15,EV,N11536,4142,PNS,IAH,85,100,489,0,0,PNS,Pensacola Regional Airport,30.473400115967,-87.186599731445,121,-6.0,A,Pensacola,United States
"2018-10-04",1528,1527,1,1656,1705,-9,OH,N575NN,5662,TLH,CLT,61,88,386,0,0,TLH,Tallahassee Regional Airport,30.396499633789062,-84.35030364990234,81,-5.0,A,Tallahassee,United States
"2018-10-04",1523,1528,-5,1727,1734,-7,AA,N964TW,2389,PNS,DFW,95,124,604,0,0,PNS,Pensacola Regional Airport,30.473400115967,-87.186599731445,121,-6.0,A,Pensacola,United States
"2018-10-04",1547,1555,-8,1804,1813,-9,DL,N965DL,1270,PNS,ATL,47,77,271,0,0,PNS,Pensacola Regional Airport,30.473400115967,-87.186599731445,121,-6.0,A,Pensacola,United States
"2018-10-04",1555,1600,-5,1805,1813,-8,DL,N974DL,2802,VPS,ATL,45,70,250,0,0,VPS,Destin-Ft Walton Beach Airport,30.4832,-86.525398,87,-6.0,A,Valparaiso,United States
"2018-10-04",1643,1640,3,1745,1805,-20,MQ,N233NN,4069,TLH,DFW,108,122,767,0,0,TLH,Tallahassee Regional Airport,30.396499633789062,-84.35030364990234,81,-5.0,A,Tallahassee,United States
"2018-10-04",1737,1743,-6,2018,2030,-12,MQ,N902BC,3427,PNS,MIA,88,101,530,0,0,PNS,Pensacola Regional Airport,30.473400115967,-87.186599731445,121,-6.0,A,Pensacola,United States
"2018-10-04",1757,1806,-9,2026,2030,-4,DL,N909DE,1167,VPS,ATL,49,89,250,0,0,VPS,Destin-Ft Walton Beach Airport,30.4832,-86.525398,87,-6.0,A,Valparaiso,United States
"2018-10-04",1806,1808,-2,1933,1940,-7,OH,N584NN,5248,TLH,CLT,60,87,386,0,0,TLH,Tallahassee Regional Airport,30.396499633789062,-84.35030364990234,81,-5.0,A,Tallahassee,United States
"2018-10-04",1809,1821,-12,1936,1938,-2,G4,"224NV",1910,VPS,BNA,62,87,389,0,0,VPS,Destin-Ft Walton Beach Airport,30.4832,-86.525398,87,-6.0,A,Valparaiso,United States
"2018-10-04",1833,1845,-12,2028,2044,-16,EV,N13538,4260,VPS,IAH,89,115,528,0,0,VPS,Destin-Ft Walton Beach Airport,30.4832,-86.525398,87,-6.0,A,Valparaiso,United States
"2018-10-04",1842,1852,-10,2122,2135,-13,OH,N539EA,5463,PNS,CLT,77,100,488,0,0,PNS,Pensacola Regional Airport,30.473400115967,-87.186599731445,121,-6.0,A,Pensacola,United States
"2018-10-04",1928,1919,9,2132,2130,2,YV,N904FJ,5906,VPS,DFW,93,124,641,0,0,VPS,Destin-Ft Walton Beach Airport,30.4832,-86.525398,87,-6.0,A,Valparaiso,United States
"2018-10-04",1919,1928,-9,2041,2050,-9,MQ,N697AB,3844,TLH,MIA,64,82,402,0,0,TLH,Tallahassee Regional Airport,30.396499633789062,-84.35030364990234,81,-5.0,A,Tallahassee,United States
"2018-10-04",1929,1935,-6,2041,2055,-14,WN,N7712G,2008,ECP,BNA,60,72,401,0,0,ECP,Northwest Florida Beaches International Airport,30.357106,-85.795414,69,-6.0,A,Panama City,United States
"2018-10-04",554,600,-6,753,808,-15,DL,N896DN,1237,ECP,ATL,41,59,240,0,0,ECP,Northwest Florida Beaches International Airport,30.357106,-85.795414,69,-6.0,A,Panama City,United States
"2018-10-04",618,624,-6,739,746,-7,MQ,N667GB,3570,TLH,MIA,64,81,402,0,0,TLH,Tallahassee Regional Airport,30.396499633789062,-84.35030364990234,81,-5.0,A,Tallahassee,United States
"2018-10-04",624,630,-6,842,839,3,DL,N970DL,1234,PNS,ATL,46,78,271,0,0,PNS,Pensacola Regional Airport,30.473400115967,-87.186599731445,121,-6.0,A,Pensacola,United States
"2018-10-04",640,644,-4,835,850,-15,OH,N501AE,5150,TLH,DCA,101,115,716,0,0,TLH,Tallahassee Regional Airport,30.396499633789062,-84.35030364990234,81,-5.0,A,Tallahassee,United States
"2018-10-04",653,700,-7,836,855,-19,EV,N14570,3979,ECP,IAH,84,103,572,0,0,ECP,Northwest Florida Beaches International Airport,30.357106,-85.795414,69,-6.0,A,Panama City,United States
"2018-10-04",657,700,-3,803,803,0,DL,N924DL,496,TLH,ATL,44,66,223,0,0,TLH,Tallahassee Regional Airport,30.396499633789062,-84.35030364990234,81,-5.0,A,Tallahassee,United States
"2018-10-04",,701,,,920,,EV,N615QX,2889,ECP,DFW,,,685,1,0,ECP,Northwest Florida Beaches International Airport,30.357106,-85.795414,69,-6.0,A,Panama City,United States
"2018-10-04",744,749,-5,854,916,-22,MQ,N248NN,4116,TLH,DFW,105,130,767,0,0,TLH,Tallahassee Regional Airport,30.396499633789062,-84.35030364990234,81,-5.0,A,Tallahassee,United States
"2018-10-04",749,750,-1,901,910,-9,WN,N7877H,716,ECP,BNA,61,72,401,0,0,ECP,Northwest Florida Beaches International Airport,30.357106,-85.795414,69,-6.0,A,Panama City,United States
"2018-10-04",743,750,-7,857,910,-13,WN,N467WN,1615,PNS,BNA,61,74,391,0,0,PNS,Pensacola Regional Airport,30.473400115967,-87.186599731445,121,-6.0,A,Pensacola,United States
"2018-10-04",858,907,-9,1128,1156,-28,OH,N599NN,5237,PNS,CLT,72,90,488,0,0,PNS,Pensacola Regional Airport,30.473400115967,-87.186599731445,121,-6.0,A,Pensacola,United States
"2018-10-04",909,916,-7,1118,1127,-9,DL,N935DL,2212,PNS,ATL,43,69,271,0,0,PNS,Pensacola Regional Airport,30.473400115967,-87.186599731445,121,-6.0,A,Pensacola,United States
"2018-10-04",935,933,2,1136,1144,-8,YV,N909FJ,5725,VPS,DFW,92,121,641,0,0,VPS,Destin-Ft Walton Beach Airport,30.4832,-86.525398,87,-6.0,A,Valparaiso,United States
"2018-10-04",933,935,-2,1105,1110,-5,WN,N796SW,2229,PNS,HOU,77,92,488,0,0,PNS,Pensacola Regional Airport,30.473400115967,-87.186599731445,121,-6.0,A,Pensacola,United States
"2018-10-04",931,941,-10,1212,1225,-13,OH,N586NN,5564,VPS,CLT,71,101,460,0,0,VPS,Destin-Ft Walton Beach Airport,30.4832,-86.525398,87,-6.0,A,Valparaiso,United States
"2018-10-04",940,947,-7,1148,1149,-1,DL,N960DL,2029,ECP,ATL,42,68,240,0,0,ECP,Northwest Florida Beaches International Airport,30.357106,-85.795414,69,-6.0,A,Panama City,United States
"2018-10-04",1012,1020,-8,1130,1128,2,"9E",N538CA,3281,TLH,ATL,44,78,223,0,0,TLH,Tallahassee Regional Airport,30.396499633789062,-84.35030364990234,81,-5.0,A,Tallahassee,United States
"2018-10-04",1026,1034,-8,1248,1249,-1,DL,N955DL,2716,VPS,ATL,48,82,250,0,0,VPS,Destin-Ft Walton Beach Airport,30.4832,-86.525398,87,-6.0,A,Valparaiso,United States
"2018-10-04",1043,1054,-11,1407,1408,-1,YX,N416YX,4609,VPS,DCA,125,144,789,0,0,VPS,Destin-Ft Walton Beach Airport,30.4832,-86.525398,87,-6.0,A,Valparaiso,United States
"2018-10-04",1153,1200,-7,1407,1412,-5,DL,N951DL,1733,ECP,ATL,44,74,240,0,0,ECP,Northwest Florida Beaches International Airport,30.357106,-85.795414,69,-6.0,A,Panama City,United States
"2018-10-04",1241,1244,-3,1605,1559,6,MQ,N236NN,3822,PNS,DCA,126,144,816,0,0,PNS,Pensacola Regional Airport,30.473400115967,-87.186599731445,121,-6.0,A,Pensacola,United States
"2018-10-04",1322,1245,37,1547,1531,16,OH,N580NN,5298,PNS,CLT,71,85,488,0,0,PNS,Pensacola Regional Airport,30.473400115967,-87.186599731445,121,-6.0,A,Pensacola,United States
"2018-10-04",1309,1318,-9,1536,1600,-24,G4,"224NV",1918,VPS,SDF,71,87,532,0,0,VPS,Destin-Ft Walton Beach Airport,30.4832,-86.525398,87,-6.0,A,Valparaiso,United States
"2018-10-04",1313,1320,-7,1459,1515,-16,EV,N12567,4134,ECP,IAH,88,106,572,0,0,ECP,Northwest Florida Beaches International Airport,30.357106,-85.795414,69,-6.0,A,Panama City,United States
"2018-10-04",1321,1327,-6,1522,1536,-14,YV,N953LR,5740,VPS,DFW,92,121,641,0,0,VPS,Destin-Ft Walton Beach Airport,30.4832,-86.525398,87,-6.0,A,Valparaiso,United States
"2018-10-04",1442,1426,16,1701,1635,26,DL,N903DE,2873,VPS,ATL,46,79,250,0,0,VPS,Destin-Ft Walton Beach Airport,30.4832,-86.525398,87,-6.0,A,Valparaiso,United States
"2018-10-04",1423,1428,-5,1700,1714,-14,OH,N586NN,5500,VPS,CLT,74,97,460,0,0,VPS,Destin-Ft Walton Beach Airport,30.4832,-86.525398,87,-6.0,A,Valparaiso,United States
"2018-10-04",1422,1430,-8,1658,1705,-7,EV,N27200,4274,PNS,ORD,128,156,794,0,0,PNS,Pensacola Regional Airport,30.473400115967,-87.186599731445,121,-6.0,A,Pensacola,United States
"2018-10-04",1453,1457,-4,1715,1744,-29,EV,N738EV,2880,ECP,CLT,68,82,437,0,0,ECP,Northwest Florida Beaches International Airport,30.357106,-85.795414,69,-6.0,A,Panama City,United States
"2018-10-04",1450,1500,-10,1638,1655,-17,EV,N14568,4447,VPS,IAH,91,108,528,0,0,VPS,Destin-Ft Walton Beach Airport,30.4832,-86.525398,87,-6.0,A,Valparaiso,United States
"2018-10-04",1729,1558,91,1833,1707,86,DL,N940AT,1399,TLH,ATL,44,64,223,0,0,TLH,Tallahassee Regional Airport,30.396499633789062,-84.35030364990234,81,-5.0,A,Tallahassee,United States
"2018-10-04",1607,1614,-7,1846,1859,-13,YX,N110HQ,4553,PNS,CLT,77,99,488,0,0,PNS,Pensacola Regional Airport,30.473400115967,-87.186599731445,121,-6.0,A,Pensacola,United States
"2018-10-04",1649,1627,22,2036,2004,32,YX,N135HQ,4537,PNS,PHL,135,167,935,0,0,PNS,Pensacola Regional Airport,30.473400115967,-87.186599731445,121,-6.0,A,Pensacola,United States
"2018-10-04",1659,1702,-3,1852,1827,25,MQ,N675AE,3861,TLH,MIA,79,113,402,0,0,TLH,Tallahassee Regional Airport,30.396499633789062,-84.35030364990234,81,-5.0,A,Tallahassee,United States
"2018-10-04",1659,1705,-6,1859,1900,-1,EV,N13975,4037,ECP,IAH,91,120,572,0,0,ECP,Northwest Florida Beaches International Airport,30.357106,-85.795414,69,-6.0,A,Panama City,United States
"2018-10-04",1740,1751,-11,1920,1944,-24,G4,"274NV",1912,VPS,SGF,83,100,610,0,0,VPS,Destin-Ft Walton Beach Airport,30.4832,-86.525398,87,-6.0,A,Valparaiso,United States
"2018-10-04",1759,1756,3,1910,1903,7,DL,N958DL,1786,TLH,ATL,44,71,223,0,0,TLH,Tallahassee Regional Airport,30.396499633789062,-84.35030364990234,81,-5.0,A,Tallahassee,United States
"2018-10-04",1749,1759,-10,1958,2016,-18,DL,N902DE,1814,PNS,ATL,46,69,271,0,0,PNS,Pensacola Regional Airport,30.473400115967,-87.186599731445,121,-6.0,A,Pensacola,United States
"2018-10-04",1804,1811,-7,2025,2030,-5,DL,N944DL,1403,ECP,ATL,46,81,240,0,0,ECP,Northwest Florida Beaches International Airport,30.357106,-85.795414,69,-6.0,A,Panama City,United States
"2018-10-04",1921,1850,31,2057,2029,28,YV,N88328,6036,PNS,IAH,77,96,489,0,0,PNS,Pensacola Regional Airport,30.473400115967,-87.186599731445,121,-6.0,A,Pensacola,United States
"2018-10-04",1848,1855,-7,2126,2135,-9,OH,N561NN,5709,VPS,CLT,70,98,460,0,0,VPS,Destin-Ft Walton Beach Airport,30.4832,-86.525398,87,-6.0,A,Valparaiso,United States
"2018-10-04",1915,1915,0,2106,2120,-14,MQ,N235NN,3877,PNS,DFW,90,111,604,0,0,PNS,Pensacola Regional Airport,30.473400115967,-87.186599731445,121,-6.0,A,Pensacola,United States
"2018-10-04",1925,1920,5,2043,2040,3,WN,N7847A,976,PNS,BNA,61,78,391,0,0,PNS,Pensacola Regional Airport,30.473400115967,-87.186599731445,121,-6.0,A,Pensacola,United States
"2018-10-04",2015,1945,30,2118,2056,22,DL,N965AT,678,TLH,ATL,45,63,223,0,0,TLH,Tallahassee Regional Airport,30.396499633789062,-84.35030364990234,81,-5.0,A,Tallahassee,United States
"2018-10-04",2007,2011,-4,2134,2142,-8,YX,N123HQ,4660,TLH,CLT,62,87,386,0,0,TLH,Tallahassee Regional Airport,30.396499633789062,-84.35030364990234,81,-5.0,A,Tallahassee,United States
"2018-10-05",557,600,-3,759,808,-9,DL,N896DN,1237,ECP,ATL,40,62,240,0,0,ECP,Northwest Florida Beaches International Airport,30.357106,-85.795414,69,-6.0,A,Panama City,United States
"2018-10-05",525,530,-5,739,735,4,DL,N998DL,856,PNS,ATL,50,74,271,0,0,PNS,Pensacola Regional Airport,30.473400115967,-87.186599731445,121,-6.0,A,Pensacola,United States
"2018-10-05",536,545,-9,634,650,-16,DL,N989DL,708,TLH,ATL,38,58,223,0,0,TLH,Tallahassee Regional Airport,30.396499633789062,-84.35030364990234,81,-5.0,A,Tallahassee,United States
"2018-10-05",627,630,-3,831,839,-8,DL,N976DL,1234,PNS,ATL,43,64,271,0,0,PNS,Pensacola Regional Airport,30.473400115967,-87.186599731445,121,-6.0,A,Pensacola,United States
"2018-10-05",555,600,-5,805,807,-2,DL,N992DL,2714,VPS,ATL,43,70,250,0,0,VPS,Destin-Ft Walton Beach Airport,30.4832,-86.525398,87,-6.0,A,Valparaiso,United States
"2018-10-05",552,600,-8,715,725,-10,OH,N547NN,5584,TLH,CLT,61,83,386,0,0,TLH,Tallahassee Regional Airport,30.396499633789062,-84.35030364990234,81,-5.0,A,Tallahassee,United States
"2018-10-05",556,601,-5,840,844,-4,OH,N597NN,5353,PNS,CLT,74,104,488,0,0,PNS,Pensacola Regional Airport,30.473400115967,-87.186599731445,121,-6.0,A,Pensacola,United States
"2018-10-05",612,602,10,850,847,3,MQ,N925AE,3508,PNS,MIA,80,98,530,0,0,PNS,Pensacola Regional Airport,30.473400115967,-87.186599731445,121,-6.0,A,Pensacola,United States
"2018-10-05",601,609,-8,831,851,-20,EV,N717EV,2899,ECP,CLT,67,90,437,0,0,ECP,Northwest Florida Beaches International Airport,30.357106,-85.795414,69,-6.0,A,Panama City,United States
"2018-10-05",608,614,-6,920,929,-9,OH,N534EA,5082,PNS,DCA,119,132,816,0,0,PNS,Pensacola Regional Airport,30.473400115967,-87.186599731445,121,-6.0,A,Pensacola,United States
"2018-10-05",655,700,-5,839,855,-16,EV,N16981,3979,ECP,IAH,86,104,572,0,0,ECP,Northwest Florida Beaches International Airport,30.357106,-85.795414,69,-6.0,A,Panama City,United States
"2018-10-05",629,634,-5,910,915,-5,OH,N569NN,5623,VPS,CLT,68,101,460,0,0,VPS,Destin-Ft Walton Beach Airport,30.4832,-86.525398,87,-6.0,A,Valparaiso,United States
"2018-10-05",659,700,-1,947,952,-5,G4,"274NV",1916,VPS,LCK,91,108,675,0,0,VPS,Destin-Ft Walton Beach Airport,30.4832,-86.525398,87,-6.0,A,Valparaiso,United States
"2018-10-05",655,700,-5,757,803,-6,DL,N975DL,496,TLH,ATL,41,62,223,0,0,TLH,Tallahassee Regional Airport,30.396499633789062,-84.35030364990234,81,-5.0,A,Tallahassee,United States
"2018-10-05",648,700,-12,835,908,-33,AA,N9619V,2453,PNS,DFW,85,107,604,0,0,PNS,Pensacola Regional Airport,30.473400115967,-87.186599731445,121,-6.0,A,Pensacola,United States
"2018-10-05",647,701,-14,847,920,-33,EV,N738EV,2889,ECP,DFW,97,120,685,0,0,ECP,Northwest Florida Beaches International Airport,30.357106,-85.795414,69,-6.0,A,Panama City,United States
"2018-10-05",657,700,-3,859,919,-20,AA,N961TW,1538,VPS,DFW,92,122,641,0,0,VPS,Destin-Ft Walton Beach Airport,30.4832,-86.525398,87,-6.0,A,Valparaiso,United States
"2018-10-05",711,715,-4,838,853,-15,YV,N89313,6262,PNS,IAH,71,87,489,0,0,PNS,Pensacola Regional Airport,30.473400115967,-87.186599731445,121,-6.0,A,Pensacola,United States
"2018-10-05",710,715,-5,924,926,-2,DL,N978DL,955,VPS,ATL,45,74,250,0,0,VPS,Destin-Ft Walton Beach Airport,30.4832,-86.525398,87,-6.0,A,Valparaiso,United States
"2018-10-05",713,715,-2,910,925,-15,DL,N375DA,2430,ECP,ATL,40,57,240,0,0,ECP,Northwest Florida Beaches International Airport,30.357106,-85.795414,69,-6.0,A,Panama City,United States
"2018-10-05",711,721,-10,915,929,-14,YX,N419YX,4626,TLH,DCA,100,124,716,0,0,TLH,Tallahassee Regional Airport,30.396499633789062,-84.35030364990234,81,-5.0,A,Tallahassee,United States
"2018-10-05",732,735,-3,935,947,-12,DL,N920DE,1078,PNS,ATL,47,63,271,0,0,PNS,Pensacola Regional Airport,30.473400115967,-87.186599731445,121,-6.0,A,Pensacola,United States
"2018-10-05",748,750,-2,901,910,-9,WN,N723SW,1615,PNS,BNA,60,73,391,0,0,PNS,Pensacola Regional Airport,30.473400115967,-87.186599731445,121,-6.0,A,Pensacola,United States
"2018-10-05",745,749,-4,855,916,-21,MQ,N230NN,4116,TLH,DFW,110,130,767,0,0,TLH,Tallahassee Regional Airport,30.396499633789062,-84.35030364990234,81,-5.0,A,Tallahassee,United States
"2018-10-05",747,750,-3,859,910,-11,WN,N724SW,716,ECP,BNA,60,72,401,0,0,ECP,Northwest Florida Beaches International Airport,30.357106,-85.795414,69,-6.0,A,Panama City,United States
"2018-10-05",850,900,-10,1038,1055,-17,EV,N15572,4064,VPS,IAH,89,108,528,0,0,VPS,Destin-Ft Walton Beach Airport,30.4832,-86.525398,87,-6.0,A,Valparaiso,United States
"2018-10-05",912,907,5,1204,1156,8,OH,N600NN,5237,PNS,CLT,72,112,488,0,0,PNS,Pensacola Regional Airport,30.473400115967,-87.186599731445,121,-6.0,A,Pensacola,United States
"2018-10-05",930,930,0,1104,1115,-11,WN,N748SW,1281,ECP,HOU,80,94,571,0,0,ECP,Northwest Florida Beaches International Airport,30.357106,-85.795414,69,-6.0,A,Panama City,United States
"2018-10-05",909,916,-7,1128,1127,1,DL,N957DL,2212,PNS,ATL,52,79,271,0,0,PNS,Pensacola Regional Airport,30.473400115967,-87.186599731445,121,-6.0,A,Pensacola,United States
"2018-10-05",,933,,,1144,,YV,N919FJ,5725,VPS,DFW,,,641,1,0,VPS,Destin-Ft Walton Beach Airport,30.4832,-86.525398,87,-6.0,A,Valparaiso,United States
"2018-10-05",936,935,1,1104,1110,-6,WN,N416WN,2229,PNS,HOU,72,88,488,0,0,PNS,Pensacola Regional Airport,30.473400115967,-87.186599731445,121,-6.0,A,Pensacola,United States
"2018-10-05",949,935,14,1139,1123,16,EV,N16571,4298,PNS,IAH,84,110,489,0,0,PNS,Pensacola Regional Airport,30.473400115967,-87.186599731445,121,-6.0,A,Pensacola,United States
"2018-10-05",1034,941,53,1309,1225,44,OH,N589NN,5564,VPS,CLT,68,95,460,0,0,VPS,Destin-Ft Walton Beach Airport,30.4832,-86.525398,87,-6.0,A,Valparaiso,United States
"2018-10-05",943,947,-4,1143,1149,-6,DL,N975DL,2029,ECP,ATL,41,60,240,0,0,ECP,Northwest Florida Beaches International Airport,30.357106,-85.795414,69,-6.0,A,Panama City,United States
"2018-10-05",1012,1020,-8,1126,1128,-2,"9E",N181PQ,3281,TLH,ATL,47,74,223,0,0,TLH,Tallahassee Regional Airport,30.396499633789062,-84.35030364990234,81,-5.0,A,Tallahassee,United States
"2018-10-05",1027,1034,-7,1243,1249,-6,DL,N943DL,2716,VPS,ATL,45,76,250,0,0,VPS,Destin-Ft Walton Beach Airport,30.4832,-86.525398,87,-6.0,A,Valparaiso,United States
"2018-10-05",1037,1038,-1,1349,1320,29,MQ,N900AE,3733,PNS,MIA,91,132,530,0,0,PNS,Pensacola Regional Airport,30.473400115967,-87.186599731445,121,-6.0,A,Pensacola,United States
"2018-10-05",1048,1054,-6,1413,1408,5,YX,N407YX,4609,VPS,DCA,114,145,789,0,0,VPS,Destin-Ft Walton Beach Airport,30.4832,-86.525398,87,-6.0,A,Valparaiso,United States
"2018-10-05",1048,1055,-7,1216,1228,-12,OH,N584NN,5272,TLH,CLT,63,88,386,0,0,TLH,Tallahassee Regional Airport,30.396499633789062,-84.35030364990234,81,-5.0,A,Tallahassee,United States
"2018-10-05",1103,1105,-2,1307,1322,-15,DL,N951DL,2179,PNS,ATL,45,64,271,0,0,PNS,Pensacola Regional Airport,30.473400115967,-87.186599731445,121,-6.0,A,Pensacola,United States
"2018-10-05",1133,1151,-18,1316,1340,-24,YX,N856RW,3682,PNS,IAH,83,103,489,0,0,PNS,Pensacola Regional Airport,30.473400115967,-87.186599731445,121,-6.0,A,Pensacola,United States
"2018-10-05",1154,1200,-6,1357,1412,-15,DL,N944DL,1733,ECP,ATL,44,63,240,0,0,ECP,Northwest Florida Beaches International Airport,30.357106,-85.795414,69,-6.0,A,Panama City,United States
"2018-10-05",1216,1225,-9,1515,1513,2,G4,"274NV",1900,VPS,CVG,89,119,600,0,0,VPS,Destin-Ft Walton Beach Airport,30.4832,-86.525398,87,-6.0,A,Valparaiso,United States
"2018-10-05",1224,1228,-4,1322,1341,-19,DL,N983AT,489,TLH,ATL,43,58,223,0,0,TLH,Tallahassee Regional Airport,30.396499633789062,-84.35030364990234,81,-5.0,A,Tallahassee,United States
"2018-10-05",1222,1231,-9,1349,1355,-6,MQ,N681AE,3663,TLH,MIA,68,87,402,0,0,TLH,Tallahassee Regional Airport,30.396499633789062,-84.35030364990234,81,-5.0,A,Tallahassee,United States
"2018-10-05",1235,1244,-9,1547,1559,-12,MQ,N250NN,3822,PNS,DCA,114,132,816,0,0,PNS,Pensacola Regional Airport,30.473400115967,-87.186599731445,121,-6.0,A,Pensacola,United States
"2018-10-05",1241,1245,-4,1517,1531,-14,OH,N551NN,5298,PNS,CLT,75,96,488,0,0,PNS,Pensacola Regional Airport,30.473400115967,-87.186599731445,121,-6.0,A,Pensacola,United States
"2018-10-05",1240,1248,-8,1435,1506,-31,EV,N605QX,2876,ECP,DFW,93,115,685,0,0,ECP,Northwest Florida Beaches International Airport,30.357106,-85.795414,69,-6.0,A,Panama City,United States
"2018-10-05",,1320,,,1515,,EV,N18557,4134,ECP,IAH,,,572,1,0,ECP,Northwest Florida Beaches International Airport,30.357106,-85.795414,69,-6.0,A,Panama City,United States
"2018-10-05",1320,1327,-7,1516,1536,-20,YV,N957LR,5740,VPS,DFW,91,116,641,0,0,VPS,Destin-Ft Walton Beach Airport,30.4832,-86.525398,87,-6.0,A,Valparaiso,United States
"2018-10-05",1328,1331,-3,1542,1545,-3,DL,N973DL,1353,PNS,ATL,46,74,271,0,0,PNS,Pensacola Regional Airport,30.473400115967,-87.186599731445,121,-6.0,A,Pensacola,United States
"2018-10-05",1329,1333,-4,1525,1534,-9,MQ,N228NN,3488,PNS,DFW,92,116,604,0,0,PNS,Pensacola Regional Airport,30.473400115967,-87.186599731445,121,-6.0,A,Pensacola,United States
"2018-10-05",1425,1428,-3,1713,1714,-1,OH,N594NN,5500,VPS,CLT,74,108,460,0,0,VPS,Destin-Ft Walton Beach Airport,30.4832,-86.525398,87,-6.0,A,Valparaiso,United States
"2018-10-05",1445,1432,13,1652,1644,8,DL,N935DL,2873,VPS,ATL,46,67,250,0,0,VPS,Destin-Ft Walton Beach Airport,30.4832,-86.525398,87,-6.0,A,Valparaiso,United States
"2018-10-06",1848,1845,3,2025,2035,-10,WN,N8501V,5270,ECP,HOU,81,97,571,0,0,ECP,Northwest Florida Beaches International Airport,30.357106,-85.795414,69,-6.0,A,Panama City,United States
"2018-10-05",1430,1436,-6,1634,1643,-9,DL,N906DE,2506,ECP,ATL,42,64,240,0,0,ECP,Northwest Florida Beaches International Airport,30.357106,-85.795414,69,-6.0,A,Panama City,United States
"2018-10-05",1447,1500,-13,1656,1655,1,EV,N16571,4447,VPS,IAH,96,129,528,0,0,VPS,Destin-Ft Walton Beach Airport,30.4832,-86.525398,87,-6.0,A,Valparaiso,United States
"2018-10-05",1606,1555,11,1815,1813,2,DL,N916DE,1270,PNS,ATL,45,69,271,0,0,PNS,Pensacola Regional Airport,30.473400115967,-87.186599731445,121,-6.0,A,Pensacola,United States
"2018-10-05",1551,1600,-9,1759,1813,-14,DL,N988DL,2802,VPS,ATL,42,68,250,0,0,VPS,Destin-Ft Walton Beach Airport,30.4832,-86.525398,87,-6.0,A,Valparaiso,United States
"2018-10-05",1652,1640,12,1758,1805,-7,MQ,N243NN,4069,TLH,DFW,104,126,767,0,0,TLH,Tallahassee Regional Airport,30.396499633789062,-84.35030364990234,81,-5.0,A,Tallahassee,United States
"2018-10-05",1809,1756,13,1904,1903,1,DL,N913DL,1786,TLH,ATL,41,55,223,0,0,TLH,Tallahassee Regional Airport,30.396499633789062,-84.35030364990234,81,-5.0,A,Tallahassee,United States
"2018-10-05",1809,1808,1,1923,1940,-17,OH,N571NN,5248,TLH,CLT,56,74,386,0,0,TLH,Tallahassee Regional Airport,30.396499633789062,-84.35030364990234,81,-5.0,A,Tallahassee,United States
"2018-10-05",1847,1850,-3,2036,2029,7,YV,N88335,6036,PNS,IAH,87,109,489,0,0,PNS,Pensacola Regional Airport,30.473400115967,-87.186599731445,121,-6.0,A,Pensacola,United States
"2018-10-05",1913,1855,18,2146,2135,11,OH,N582NN,5709,VPS,CLT,66,93,460,0,0,VPS,Destin-Ft Walton Beach Airport,30.4832,-86.525398,87,-6.0,A,Valparaiso,United States
"2018-10-05",1911,1920,-9,2028,2040,-12,WN,N705SW,976,PNS,BNA,59,77,391,0,0,PNS,Pensacola Regional Airport,30.473400115967,-87.186599731445,121,-6.0,A,Pensacola,United States
"2018-10-05",1916,1928,-12,2043,2050,-7,MQ,N680AE,3844,TLH,MIA,63,87,402,0,0,TLH,Tallahassee Regional Airport,30.396499633789062,-84.35030364990234,81,-5.0,A,Tallahassee,United States
"2018-10-05",1947,1935,12,2056,2055,1,WN,N756SA,2008,ECP,BNA,57,69,401,0,0,ECP,Northwest Florida Beaches International Airport,30.357106,-85.795414,69,-6.0,A,Panama City,United States
"2018-10-05",1937,1945,-8,2043,2056,-13,DL,N988DN,678,TLH,ATL,41,66,223,0,0,TLH,Tallahassee Regional Airport,30.396499633789062,-84.35030364990234,81,-5.0,A,Tallahassee,United States
"2018-10-05",2005,2011,-6,2124,2142,-18,YX,N126HQ,4660,TLH,CLT,59,79,386,0,0,TLH,Tallahassee Regional Airport,30.396499633789062,-84.35030364990234,81,-5.0,A,Tallahassee,United States
"2018-10-06",556,600,-4,752,806,-14,DL,N987DL,1237,ECP,ATL,41,56,240,0,0,ECP,Northwest Florida Beaches International Airport,30.357106,-85.795414,69,-6.0,A,Panama City,United States
"2018-10-06",555,600,-5,759,806,-7,DL,N912DE,2714,VPS,ATL,45,64,250,0,0,VPS,Destin-Ft Walton Beach Airport,30.4832,-86.525398,87,-6.0,A,Valparaiso,United States
"2018-10-06",600,600,0,717,725,-8,OH,N709PS,5584,TLH,CLT,58,77,386,0,0,TLH,Tallahassee Regional Airport,30.396499633789062,-84.35030364990234,81,-5.0,A,Tallahassee,United States
"2018-10-06",609,601,8,849,844,5,OH,N592NN,5353,PNS,CLT,75,100,488,0,0,PNS,Pensacola Regional Airport,30.473400115967,-87.186599731445,121,-6.0,A,Pensacola,United States
"2018-10-06",559,602,-3,846,847,-1,MQ,N675AE,3508,PNS,MIA,88,107,530,0,0,PNS,Pensacola Regional Airport,30.473400115967,-87.186599731445,121,-6.0,A,Pensacola,United States
"2018-10-06",608,614,-6,908,929,-21,OH,N545PB,5082,PNS,DCA,106,120,816,0,0,PNS,Pensacola Regional Airport,30.473400115967,-87.186599731445,121,-6.0,A,Pensacola,United States
"2018-10-06",629,630,-1,831,837,-6,DL,N915DL,1234,PNS,ATL,47,62,271,0,0,PNS,Pensacola Regional Airport,30.473400115967,-87.186599731445,121,-6.0,A,Pensacola,United States
"2018-10-06",625,630,-5,722,734,-12,DL,N917DL,1520,TLH,ATL,40,57,223,0,0,TLH,Tallahassee Regional Airport,30.396499633789062,-84.35030364990234,81,-5.0,A,Tallahassee,United States
"2018-10-06",655,700,-5,830,844,-14,G4,"274NV",1902,VPS,BLV,78,95,587,0,0,VPS,Destin-Ft Walton Beach Airport,30.4832,-86.525398,87,-6.0,A,Valparaiso,United States
"2018-10-06",652,700,-8,856,919,-23,AA,N970TW,1538,VPS,DFW,98,124,641,0,0,VPS,Destin-Ft Walton Beach Airport,30.4832,-86.525398,87,-6.0,A,Valparaiso,United States
"2018-10-06",653,700,-7,838,908,-30,AA,N9624T,2453,PNS,DFW,87,105,604,0,0,PNS,Pensacola Regional Airport,30.473400115967,-87.186599731445,121,-6.0,A,Pensacola,United States
"2018-10-06",658,701,-3,906,920,-14,EV,N720EV,2889,ECP,DFW,103,128,685,0,0,ECP,Northwest Florida Beaches International Airport,30.357106,-85.795414,69,-6.0,A,Panama City,United States
"2018-10-06",732,735,-3,841,843,-2,DL,N963DL,763,TLH,ATL,45,69,223,0,0,TLH,Tallahassee Regional Airport,30.396499633789062,-84.35030364990234,81,-5.0,A,Tallahassee,United States
"2018-10-06",729,735,-6,930,947,-17,DL,N992DL,1078,PNS,ATL,43,61,271,0,0,PNS,Pensacola Regional Airport,30.473400115967,-87.186599731445,121,-6.0,A,Pensacola,United States
"2018-10-06",739,749,-10,903,916,-13,MQ,N232NN,4116,TLH,DFW,109,144,767,0,0,TLH,Tallahassee Regional Airport,30.396499633789062,-84.35030364990234,81,-5.0,A,Tallahassee,United States
"2018-10-06",820,829,-9,1053,1115,-22,OH,N594NN,5623,VPS,CLT,78,93,460,0,0,VPS,Destin-Ft Walton Beach Airport,30.4832,-86.525398,87,-6.0,A,Valparaiso,United States
"2018-10-06",908,915,-7,1018,1035,-17,WN,N7876A,3623,ECP,BNA,57,70,401,0,0,ECP,Northwest Florida Beaches International Airport,30.357106,-85.795414,69,-6.0,A,Panama City,United States
"2018-10-06",909,915,-6,1027,1035,-8,WN,N490WN,2809,PNS,BNA,58,78,391,0,0,PNS,Pensacola Regional Airport,30.473400115967,-87.186599731445,121,-6.0,A,Pensacola,United States
"2018-10-06",938,933,5,1209,1144,25,YV,N920FJ,5725,VPS,DFW,118,151,641,0,0,VPS,Destin-Ft Walton Beach Airport,30.4832,-86.525398,87,-6.0,A,Valparaiso,United States
"2018-10-06",925,935,-10,1104,1121,-17,YV,N88328,6041,PNS,IAH,82,99,489,0,0,PNS,Pensacola Regional Airport,30.473400115967,-87.186599731445,121,-6.0,A,Pensacola,United States
"2018-10-06",934,941,-7,1221,1225,-4,OH,N576NN,5564,VPS,CLT,70,107,460,0,0,VPS,Destin-Ft Walton Beach Airport,30.4832,-86.525398,87,-6.0,A,Valparaiso,United States
"2018-10-06",1100,1100,0,1305,1315,-10,DL,N909DE,2179,PNS,ATL,44,65,271,0,0,PNS,Pensacola Regional Airport,30.473400115967,-87.186599731445,121,-6.0,A,Pensacola,United States
"2018-10-06",1107,1105,2,1248,1300,-12,WN,N7854B,4137,ECP,DAL,91,101,674,0,0,ECP,Northwest Florida Beaches International Airport,30.357106,-85.795414,69,-6.0,A,Panama City,United States
"2018-10-06",1144,1150,-6,1310,1325,-15,WN,N432WN,3029,PNS,HOU,73,86,488,0,0,PNS,Pensacola Regional Airport,30.473400115967,-87.186599731445,121,-6.0,A,Pensacola,United States
"2018-10-06",1139,1151,-12,1327,1338,-11,YV,N86309,6217,PNS,IAH,82,108,489,0,0,PNS,Pensacola Regional Airport,30.473400115967,-87.186599731445,121,-6.0,A,Pensacola,United States
"2018-10-06",1157,1200,-3,1401,1412,-11,DL,N913DE,1733,ECP,ATL,38,64,240,0,0,ECP,Northwest Florida Beaches International Airport,30.357106,-85.795414,69,-6.0,A,Panama City,United States
"2018-10-06",1202,1203,-1,1445,1451,-6,G4,"274NV",1900,VPS,CVG,86,103,600,0,0,VPS,Destin-Ft Walton Beach Airport,30.4832,-86.525398,87,-6.0,A,Valparaiso,United States
"2018-10-06",1236,1245,-9,1517,1531,-14,OH,N554NN,5298,PNS,CLT,73,101,488,0,0,PNS,Pensacola Regional Airport,30.473400115967,-87.186599731445,121,-6.0,A,Pensacola,United States
"2018-10-06",1253,1245,8,1409,1405,4,WN,N266WN,2635,ECP,BNA,60,76,401,0,0,ECP,Northwest Florida Beaches International Airport,30.357106,-85.795414,69,-6.0,A,Panama City,United States
"2018-10-06",1243,1245,-2,1347,1358,-11,DL,N980DL,387,TLH,ATL,40,64,223,0,0,TLH,Tallahassee Regional Airport,30.396499633789062,-84.35030364990234,81,-5.0,A,Tallahassee,United States
"2018-10-06",1252,1248,4,1452,1506,-14,EV,N738EV,2876,ECP,DFW,92,120,685,0,0,ECP,Northwest Florida Beaches International Airport,30.357106,-85.795414,69,-6.0,A,Panama City,United States
"2018-10-06",1332,1320,12,1524,1512,12,YV,N88327,6021,ECP,IAH,92,112,572,0,0,ECP,Northwest Florida Beaches International Airport,30.357106,-85.795414,69,-6.0,A,Panama City,United States
"2018-10-06",1320,1327,-7,1518,1536,-18,YV,N245LR,5740,VPS,DFW,89,118,641,0,0,VPS,Destin-Ft Walton Beach Airport,30.4832,-86.525398,87,-6.0,A,Valparaiso,United States
"2018-10-06",1753,1416,217,2047,1651,236,OO,N464SW,5800,PNS,ORD,144,174,794,0,0,PNS,Pensacola Regional Airport,30.473400115967,-87.186599731445,121,-6.0,A,Pensacola,United States
"2018-10-06",1422,1428,-6,1711,1714,-3,OH,N575NN,5500,VPS,CLT,70,109,460,0,0,VPS,Destin-Ft Walton Beach Airport,30.4832,-86.525398,87,-6.0,A,Valparaiso,United States
"2018-10-06",1424,1432,-8,1627,1642,-15,DL,N990DL,2873,VPS,ATL,41,63,250,0,0,VPS,Destin-Ft Walton Beach Airport,30.4832,-86.525398,87,-6.0,A,Valparaiso,United States
"2018-10-06",1625,1435,110,2003,1746,137,G4,"224NV",1946,VPS,BWI,111,158,819,0,0,VPS,Destin-Ft Walton Beach Airport,30.4832,-86.525398,87,-6.0,A,Valparaiso,United States
"2018-10-06",1435,1443,-8,1642,1649,-7,DL,N945DL,2506,ECP,ATL,42,67,240,0,0,ECP,Northwest Florida Beaches International Airport,30.357106,-85.795414,69,-6.0,A,Panama City,United States
"2018-10-06",1525,1527,-2,1654,1705,-11,OH,N576NN,5662,TLH,CLT,59,89,386,0,0,TLH,Tallahassee Regional Airport,30.396499633789062,-84.35030364990234,81,-5.0,A,Tallahassee,United States
"2018-10-06",1520,1528,-8,1715,1734,-19,AA,N964TW,2389,PNS,DFW,89,115,604,0,0,PNS,Pensacola Regional Airport,30.473400115967,-87.186599731445,121,-6.0,A,Pensacola,United States
"2018-10-06",1551,1558,-7,1653,1709,-16,DL,N924AT,1399,TLH,ATL,38,62,223,0,0,TLH,Tallahassee Regional Airport,30.396499633789062,-84.35030364990234,81,-5.0,A,Tallahassee,United States
"2018-10-06",1647,1655,-8,1902,1911,-9,DL,N992AT,1702,VPS,ATL,43,75,250,0,0,VPS,Destin-Ft Walton Beach Airport,30.4832,-86.525398,87,-6.0,A,Valparaiso,United States
"2018-10-06",1652,1700,-8,1800,1820,-20,WN,N249WN,3902,PNS,BNA,58,68,391,0,0,PNS,Pensacola Regional Airport,30.473400115967,-87.186599731445,121,-6.0,A,Pensacola,United States
"2018-10-06",1651,1700,-9,1846,1859,-13,EV,N12167,4260,VPS,IAH,90,115,528,0,0,VPS,Destin-Ft Walton Beach Airport,30.4832,-86.525398,87,-6.0,A,Valparaiso,United States
"2018-10-06",1842,1850,-8,2020,2029,-9,YV,N80343,6036,PNS,IAH,75,98,489,0,0,PNS,Pensacola Regional Airport,30.473400115967,-87.186599731445,121,-6.0,A,Pensacola,United States
"2018-10-06",1857,1852,5,2142,2135,7,OH,N706PS,5463,PNS,CLT,80,105,488,0,0,PNS,Pensacola Regional Airport,30.473400115967,-87.186599731445,121,-6.0,A,Pensacola,United States
"2018-10-06",1917,1855,22,2158,2135,23,OH,N540EA,5709,VPS,CLT,71,101,460,0,0,VPS,Destin-Ft Walton Beach Airport,30.4832,-86.525398,87,-6.0,A,Valparaiso,United States
"2018-10-05",1447,1457,-10,1722,1744,-22,EV,N720EV,2880,ECP,CLT,68,95,437,0,0,ECP,Northwest Florida Beaches International Airport,30.357106,-85.795414,69,-6.0,A,Panama City,United States
"2018-10-05",1510,1515,-5,1704,1703,1,EV,N12567,4142,PNS,IAH,84,114,489,0,0,PNS,Pensacola Regional Airport,30.473400115967,-87.186599731445,121,-6.0,A,Pensacola,United States
"2018-10-05",1600,1527,33,1717,1705,12,OH,N590NN,5662,TLH,CLT,60,77,386,0,0,TLH,Tallahassee Regional Airport,30.396499633789062,-84.35030364990234,81,-5.0,A,Tallahassee,United States
"2018-10-05",1517,1528,-11,1712,1734,-22,AA,N971TW,2389,PNS,DFW,89,115,604,0,0,PNS,Pensacola Regional Airport,30.473400115967,-87.186599731445,121,-6.0,A,Pensacola,United States
"2018-10-05",1552,1558,-6,1649,1707,-18,DL,N980AT,1399,TLH,ATL,45,57,223,0,0,TLH,Tallahassee Regional Airport,30.396499633789062,-84.35030364990234,81,-5.0,A,Tallahassee,United States
"2018-10-05",1614,1614,0,1853,1859,-6,YX,N131HQ,4553,PNS,CLT,73,99,488,0,0,PNS,Pensacola Regional Airport,30.473400115967,-87.186599731445,121,-6.0,A,Pensacola,United States
"2018-10-05",1621,1627,-6,1953,2004,-11,YX,N128HQ,4537,PNS,PHL,132,152,935,0,0,PNS,Pensacola Regional Airport,30.473400115967,-87.186599731445,121,-6.0,A,Pensacola,United States
"2018-10-05",1652,1702,-10,1815,1827,-12,MQ,N667GB,3861,TLH,MIA,66,83,402,0,0,TLH,Tallahassee Regional Airport,30.396499633789062,-84.35030364990234,81,-5.0,A,Tallahassee,United States
"2018-10-05",1648,1702,-14,1820,1846,-26,G4,"224NV",1902,VPS,BLV,74,92,587,0,0,VPS,Destin-Ft Walton Beach Airport,30.4832,-86.525398,87,-6.0,A,Valparaiso,United States
"2018-10-05",1711,1705,6,1902,1900,2,EV,N14568,4037,ECP,IAH,90,111,572,0,0,ECP,Northwest Florida Beaches International Airport,30.357106,-85.795414,69,-6.0,A,Panama City,United States
"2018-10-05",1721,1735,-14,1920,1947,-27,G4,"274NV",1914,VPS,MCI,102,119,764,0,0,VPS,Destin-Ft Walton Beach Airport,30.4832,-86.525398,87,-6.0,A,Valparaiso,United States
"2018-10-05",1750,1743,7,2031,2030,1,MQ,N662EH,3427,PNS,MIA,86,101,530,0,0,PNS,Pensacola Regional Airport,30.473400115967,-87.186599731445,121,-6.0,A,Pensacola,United States
"2018-10-05",1754,1759,-5,1953,2013,-20,DL,N999DN,1403,ECP,ATL,45,59,240,0,0,ECP,Northwest Florida Beaches International Airport,30.357106,-85.795414,69,-6.0,A,Panama City,United States
"2018-10-05",1912,1759,73,2123,2016,67,DL,N554NW,1814,PNS,ATL,44,71,271,0,0,PNS,Pensacola Regional Airport,30.473400115967,-87.186599731445,121,-6.0,A,Pensacola,United States
"2018-10-05",2017,1806,131,2219,2030,109,DL,N962DL,1167,VPS,ATL,40,62,250,0,0,VPS,Destin-Ft Walton Beach Airport,30.4832,-86.525398,87,-6.0,A,Valparaiso,United States
"2018-10-05",1845,1845,0,2038,2044,-6,EV,N11565,4260,VPS,IAH,89,113,528,0,0,VPS,Destin-Ft Walton Beach Airport,30.4832,-86.525398,87,-6.0,A,Valparaiso,United States
"2018-10-05",1904,1852,12,2128,2135,-7,OH,N725PS,5463,PNS,CLT,70,84,488,0,0,PNS,Pensacola Regional Airport,30.473400115967,-87.186599731445,121,-6.0,A,Pensacola,United States
"2018-10-05",1912,1915,-3,2107,2120,-13,MQ,N236NN,3877,PNS,DFW,84,115,604,0,0,PNS,Pensacola Regional Airport,30.473400115967,-87.186599731445,121,-6.0,A,Pensacola,United States
"2018-10-05",1919,1919,0,2121,2130,-9,YV,N912FJ,5906,VPS,DFW,93,122,641,0,0,VPS,Destin-Ft Walton Beach Airport,30.4832,-86.525398,87,-6.0,A,Valparaiso,United States
"2018-10-06",524,530,-6,731,734,-3,DL,N936DL,856,PNS,ATL,45,67,271,0,0,PNS,Pensacola Regional Airport,30.473400115967,-87.186599731445,121,-6.0,A,Pensacola,United States
"2018-10-06",558,609,-11,835,851,-16,EV,N617QX,2899,ECP,CLT,68,97,437,0,0,ECP,Northwest Florida Beaches International Airport,30.357106,-85.795414,69,-6.0,A,Panama City,United States
"2018-10-06",651,700,-9,840,855,-15,EV,N14905,3979,ECP,IAH,81,109,572,0,0,ECP,Northwest Florida Beaches International Airport,30.357106,-85.795414,69,-6.0,A,Panama City,United States
"2018-10-06",654,700,-6,857,855,2,EV,N13989,4064,VPS,IAH,88,123,528,0,0,VPS,Destin-Ft Walton Beach Airport,30.4832,-86.525398,87,-6.0,A,Valparaiso,United States
"2018-10-06",707,710,-3,911,919,-8,DL,N3768,2430,ECP,ATL,42,64,240,0,0,ECP,Northwest Florida Beaches International Airport,30.357106,-85.795414,69,-6.0,A,Panama City,United States
"2018-10-06",712,715,-3,917,924,-7,DL,N961DL,955,VPS,ATL,44,65,250,0,0,VPS,Destin-Ft Walton Beach Airport,30.4832,-86.525398,87,-6.0,A,Valparaiso,United States
"2018-10-06",718,730,-12,1100,1100,0,G4,"224NV",1990,VPS,EWR,131,162,988,0,0,VPS,Destin-Ft Walton Beach Airport,30.4832,-86.525398,87,-6.0,A,Valparaiso,United States
"2018-10-06",844,854,-10,1044,1059,-15,YX,N407YX,4626,TLH,DCA,106,120,716,0,0,TLH,Tallahassee Regional Airport,30.396499633789062,-84.35030364990234,81,-5.0,A,Tallahassee,United States
"2018-10-06",910,916,-6,1115,1124,-9,DL,N999DN,2212,PNS,ATL,42,65,271,0,0,PNS,Pensacola Regional Airport,30.473400115967,-87.186599731445,121,-6.0,A,Pensacola,United States
"2018-10-06",942,947,-5,1148,1149,-1,DL,N912DE,2029,ECP,ATL,39,66,240,0,0,ECP,Northwest Florida Beaches International Airport,30.357106,-85.795414,69,-6.0,A,Panama City,United States
"2018-10-06",1036,1034,2,1237,1245,-8,DL,N948DL,2716,VPS,ATL,41,61,250,0,0,VPS,Destin-Ft Walton Beach Airport,30.4832,-86.525398,87,-6.0,A,Valparaiso,United States
"2018-10-06",1027,1038,-11,1306,1320,-14,MQ,N649PP,3733,PNS,MIA,85,99,530,0,0,PNS,Pensacola Regional Airport,30.473400115967,-87.186599731445,121,-6.0,A,Pensacola,United States
"2018-10-06",1046,1054,-8,1403,1408,-5,YX,N404YX,4609,VPS,DCA,110,137,789,0,0,VPS,Destin-Ft Walton Beach Airport,30.4832,-86.525398,87,-6.0,A,Valparaiso,United States
"2018-10-06",1046,1055,-9,1224,1228,-4,OH,N571NN,5272,TLH,CLT,62,98,386,0,0,TLH,Tallahassee Regional Airport,30.396499633789062,-84.35030364990234,81,-5.0,A,Tallahassee,United States
"2018-10-06",1235,1244,-9,1553,1559,-6,MQ,N239NN,3822,PNS,DCA,115,138,816,0,0,PNS,Pensacola Regional Airport,30.473400115967,-87.186599731445,121,-6.0,A,Pensacola,United States
"2018-10-06",1326,1331,-5,1527,1544,-17,DL,N999DN,1353,PNS,ATL,43,61,271,0,0,PNS,Pensacola Regional Airport,30.473400115967,-87.186599731445,121,-6.0,A,Pensacola,United States
"2018-10-06",1328,1333,-5,1509,1534,-25,MQ,N262NN,3488,PNS,DFW,84,101,604,0,0,PNS,Pensacola Regional Airport,30.473400115967,-87.186599731445,121,-6.0,A,Pensacola,United States
"2018-10-06",1459,1437,22,1824,1722,62,F9,N948FR,1285,PNS,ORD,132,205,794,0,0,PNS,Pensacola Regional Airport,30.473400115967,-87.186599731445,121,-6.0,A,Pensacola,United States
"2018-10-06",1558,1445,73,1750,1655,55,WN,N418WN,4592,PNS,MDW,103,112,781,0,0,PNS,Pensacola Regional Airport,30.473400115967,-87.186599731445,121,-6.0,A,Pensacola,United States
"2018-10-06",1446,1457,-11,1725,1744,-19,EV,N604QX,2880,ECP,CLT,64,99,437,0,0,ECP,Northwest Florida Beaches International Airport,30.357106,-85.795414,69,-6.0,A,Panama City,United States
"2018-10-06",1450,1500,-10,1641,1655,-14,EV,N12900,4447,VPS,IAH,90,111,528,0,0,VPS,Destin-Ft Walton Beach Airport,30.4832,-86.525398,87,-6.0,A,Valparaiso,United States
"2018-10-06",1505,1515,-10,1649,1703,-14,EV,N22909,4142,PNS,IAH,85,104,489,0,0,PNS,Pensacola Regional Airport,30.473400115967,-87.186599731445,121,-6.0,A,Pensacola,United States
"2018-10-06",1605,1610,-5,1734,1805,-31,WN,N934WN,3347,ECP,STL,80,89,634,0,0,ECP,Northwest Florida Beaches International Airport,30.357106,-85.795414,69,-6.0,A,Panama City,United States
"2018-10-06",1604,1614,-10,1846,1859,-13,YX,N131HQ,4553,PNS,CLT,79,102,488,0,0,PNS,Pensacola Regional Airport,30.473400115967,-87.186599731445,121,-6.0,A,Pensacola,United States
"2018-10-06",1614,1627,-13,1941,2004,-23,YX,N136HQ,4537,PNS,PHL,130,147,935,0,0,PNS,Pensacola Regional Airport,30.473400115967,-87.186599731445,121,-6.0,A,Pensacola,United States
"2018-10-06",1638,1640,-2,1747,1805,-18,MQ,N237NN,4069,TLH,DFW,104,129,767,0,0,TLH,Tallahassee Regional Airport,30.396499633789062,-84.35030364990234,81,-5.0,A,Tallahassee,United States
"2018-10-06",1638,1645,-7,1848,1857,-9,DL,N947DL,342,PNS,ATL,44,70,271,0,0,PNS,Pensacola Regional Airport,30.473400115967,-87.186599731445,121,-6.0,A,Pensacola,United States
"2018-10-06",1701,1650,11,1808,1810,-2,WN,N737JW,4933,ECP,BNA,58,67,401,0,0,ECP,Northwest Florida Beaches International Airport,30.357106,-85.795414,69,-6.0,A,Panama City,United States
"2018-10-06",1656,1702,-6,1816,1827,-11,MQ,N662EH,3861,TLH,MIA,63,80,402,0,0,TLH,Tallahassee Regional Airport,30.396499633789062,-84.35030364990234,81,-5.0,A,Tallahassee,United States
"2018-10-06",1702,1705,-3,1907,1857,10,YV,N85351,6245,ECP,IAH,95,125,572,0,0,ECP,Northwest Florida Beaches International Airport,30.357106,-85.795414,69,-6.0,A,Panama City,United States
"2018-10-06",1726,1713,13,2001,1955,6,G4,"274NV",1918,VPS,SDF,74,95,532,0,0,VPS,Destin-Ft Walton Beach Airport,30.4832,-86.525398,87,-6.0,A,Valparaiso,United States
"2018-10-06",1738,1743,-5,2043,2030,13,MQ,N675AE,3427,PNS,MIA,84,125,530,0,0,PNS,Pensacola Regional Airport,30.473400115967,-87.186599731445,121,-6.0,A,Pensacola,United States
"2018-10-06",1750,1759,-9,1946,2011,-25,DL,N996DL,1403,ECP,ATL,40,56,240,0,0,ECP,Northwest Florida Beaches International Airport,30.357106,-85.795414,69,-6.0,A,Panama City,United States
"2018-10-06",1750,1759,-9,1914,1914,0,DL,N952AT,1786,TLH,ATL,44,84,223,0,0,TLH,Tallahassee Regional Airport,30.396499633789062,-84.35030364990234,81,-5.0,A,Tallahassee,United States
"2018-10-06",1910,1805,65,2208,2106,62,G4,"327NV",1425,VPS,PIT,101,118,775,0,0,VPS,Destin-Ft Walton Beach Airport,30.4832,-86.525398,87,-6.0,A,Valparaiso,United States
"2018-10-06",1801,1806,-5,1959,2028,-29,DL,N960DL,1167,VPS,ATL,42,58,250,0,0,VPS,Destin-Ft Walton Beach Airport,30.4832,-86.525398,87,-6.0,A,Valparaiso,United States
"2018-10-06",1910,1928,-18,2030,2050,-20,MQ,N667GB,3844,TLH,MIA,62,80,402,0,0,TLH,Tallahassee Regional Airport,30.396499633789062,-84.35030364990234,81,-5.0,A,Tallahassee,United States
"2018-10-07",555,600,-5,801,808,-7,DL,N808DN,1237,ECP,ATL,40,66,240,0,0,ECP,Northwest Florida Beaches International Airport,30.357106,-85.795414,69,-6.0,A,Panama City,United States
"2018-10-07",526,530,-4,727,735,-8,DL,N900DE,856,PNS,ATL,43,61,271,0,0,PNS,Pensacola Regional Airport,30.473400115967,-87.186599731445,121,-6.0,A,Pensacola,United States
"2018-10-07",610,600,10,811,807,4,DL,N948DL,2714,VPS,ATL,41,61,250,0,0,VPS,Destin-Ft Walton Beach Airport,30.4832,-86.525398,87,-6.0,A,Valparaiso,United States
"2018-10-07",616,600,16,730,725,5,OH,N720PS,5584,TLH,CLT,61,74,386,0,0,TLH,Tallahassee Regional Airport,30.396499633789062,-84.35030364990234,81,-5.0,A,Tallahassee,United States
"2018-10-07",604,601,3,852,844,8,OH,N569NN,5353,PNS,CLT,93,108,488,0,0,PNS,Pensacola Regional Airport,30.473400115967,-87.186599731445,121,-6.0,A,Pensacola,United States
"2018-10-07",555,602,-7,833,847,-14,MQ,N698CB,3508,PNS,MIA,83,98,530,0,0,PNS,Pensacola Regional Airport,30.473400115967,-87.186599731445,121,-6.0,A,Pensacola,United States
"2018-10-07",559,609,-10,849,851,-2,EV,N605QX,2899,ECP,CLT,84,110,437,0,0,ECP,Northwest Florida Beaches International Airport,30.357106,-85.795414,69,-6.0,A,Panama City,United States
"2018-10-07",607,614,-7,920,929,-9,OH,N703PS,5082,PNS,DCA,110,133,816,0,0,PNS,Pensacola Regional Airport,30.473400115967,-87.186599731445,121,-6.0,A,Pensacola,United States
"2018-10-07",631,634,-3,914,915,-1,OH,N551NN,5623,VPS,CLT,72,103,460,0,0,VPS,Destin-Ft Walton Beach Airport,30.4832,-86.525398,87,-6.0,A,Valparaiso,United States
"2018-10-07",624,630,-6,830,839,-9,DL,N918DE,1234,PNS,ATL,47,66,271,0,0,PNS,Pensacola Regional Airport,30.473400115967,-87.186599731445,121,-6.0,A,Pensacola,United States
"2018-10-07",706,700,6,856,852,4,YV,N87303,6043,ECP,IAH,92,110,572,0,0,ECP,Northwest Florida Beaches International Airport,30.357106,-85.795414,69,-6.0,A,Panama City,United States
"2018-10-07",626,630,-4,723,734,-11,DL,N906DL,1520,TLH,ATL,41,57,223,0,0,TLH,Tallahassee Regional Airport,30.396499633789062,-84.35030364990234,81,-5.0,A,Tallahassee,United States
"2018-10-07",656,700,-4,844,901,-17,G4,"274NV",1992,VPS,AUS,90,108,666,0,0,VPS,Destin-Ft Walton Beach Airport,30.4832,-86.525398,87,-6.0,A,Valparaiso,United States
"2018-10-07",650,700,-10,833,908,-35,AA,N7541A,2453,PNS,DFW,85,103,604,0,0,PNS,Pensacola Regional Airport,30.473400115967,-87.186599731445,121,-6.0,A,Pensacola,United States
"2018-10-07",650,701,-11,847,920,-33,EV,N604QX,2889,ECP,DFW,93,117,685,0,0,ECP,Northwest Florida Beaches International Airport,30.357106,-85.795414,69,-6.0,A,Panama City,United States
"2018-10-07",728,735,-7,932,947,-15,DL,N990DL,1078,PNS,ATL,42,64,271,0,0,PNS,Pensacola Regional Airport,30.473400115967,-87.186599731445,121,-6.0,A,Pensacola,United States
"2018-10-07",709,715,-6,852,853,-1,YV,N89357,6262,PNS,IAH,80,103,489,0,0,PNS,Pensacola Regional Airport,30.473400115967,-87.186599731445,121,-6.0,A,Pensacola,United States
"2018-10-07",708,715,-7,914,926,-12,DL,N953DL,955,VPS,ATL,41,66,250,0,0,VPS,Destin-Ft Walton Beach Airport,30.4832,-86.525398,87,-6.0,A,Valparaiso,United States
"2018-10-07",712,715,-3,914,925,-11,DL,N399DA,2430,ECP,ATL,41,62,240,0,0,ECP,Northwest Florida Beaches International Airport,30.357106,-85.795414,69,-6.0,A,Panama City,United States
"2018-10-07",725,721,4,917,929,-12,YX,N403YX,4626,TLH,DCA,97,112,716,0,0,TLH,Tallahassee Regional Airport,30.396499633789062,-84.35030364990234,81,-5.0,A,Tallahassee,United States
"2018-10-07",718,730,-12,915,937,-22,G4,"224NV",1908,VPS,OKC,101,117,726,0,0,VPS,Destin-Ft Walton Beach Airport,30.4832,-86.525398,87,-6.0,A,Valparaiso,United States
"2018-10-07",746,750,-4,854,859,-5,DL,N994DL,763,TLH,ATL,41,68,223,0,0,TLH,Tallahassee Regional Airport,30.396499633789062,-84.35030364990234,81,-5.0,A,Tallahassee,United States
"2018-10-07",745,749,-4,901,916,-15,MQ,N228NN,4116,TLH,DFW,110,136,767,0,0,TLH,Tallahassee Regional Airport,30.396499633789062,-84.35030364990234,81,-5.0,A,Tallahassee,United States
"2018-10-07",854,900,-6,1048,1055,-7,EV,N13975,4064,VPS,IAH,94,114,528,0,0,VPS,Destin-Ft Walton Beach Airport,30.4832,-86.525398,87,-6.0,A,Valparaiso,United States
"2018-10-07",902,907,-5,1149,1156,-7,OH,N552NN,5237,PNS,CLT,71,107,488,0,0,PNS,Pensacola Regional Airport,30.473400115967,-87.186599731445,121,-6.0,A,Pensacola,United States
"2018-10-07",910,915,-5,1020,1035,-15,WN,N443WN,5031,PNS,BNA,58,70,391,0,0,PNS,Pensacola Regional Airport,30.473400115967,-87.186599731445,121,-6.0,A,Pensacola,United States
"2018-10-07",911,916,-5,1116,1127,-11,DL,N954DL,2212,PNS,ATL,44,65,271,0,0,PNS,Pensacola Regional Airport,30.473400115967,-87.186599731445,121,-6.0,A,Pensacola,United States
"2018-10-07",921,925,-4,1034,1045,-11,WN,N906WN,3679,ECP,BNA,60,73,401,0,0,ECP,Northwest Florida Beaches International Airport,30.357106,-85.795414,69,-6.0,A,Panama City,United States
"2018-10-07",928,933,-5,1130,1149,-19,AA,N980TW,1538,VPS,DFW,98,122,641,0,0,VPS,Destin-Ft Walton Beach Airport,30.4832,-86.525398,87,-6.0,A,Valparaiso,United States
"2018-10-07",929,938,-9,1105,1123,-18,YV,N85356,6041,PNS,IAH,84,96,489,0,0,PNS,Pensacola Regional Airport,30.473400115967,-87.186599731445,121,-6.0,A,Pensacola,United States
"2018-10-07",941,941,0,1225,1225,0,OH,N579NN,5564,VPS,CLT,75,104,460,0,0,VPS,Destin-Ft Walton Beach Airport,30.4832,-86.525398,87,-6.0,A,Valparaiso,United States
"2018-10-07",941,947,-6,1140,1149,-9,DL,N902DE,2029,ECP,ATL,39,59,240,0,0,ECP,Northwest Florida Beaches International Airport,30.357106,-85.795414,69,-6.0,A,Panama City,United States
"2018-10-07",1029,1034,-5,1238,1249,-11,DL,N916DL,2716,VPS,ATL,46,69,250,0,0,VPS,Destin-Ft Walton Beach Airport,30.4832,-86.525398,87,-6.0,A,Valparaiso,United States
"2018-10-07",1027,1038,-11,1300,1320,-20,MQ,N681AE,3733,PNS,MIA,78,93,530,0,0,PNS,Pensacola Regional Airport,30.473400115967,-87.186599731445,121,-6.0,A,Pensacola,United States
"2018-10-07",1107,1055,12,1228,1228,0,OH,N593NN,5272,TLH,CLT,60,81,386,0,0,TLH,Tallahassee Regional Airport,30.396499633789062,-84.35030364990234,81,-5.0,A,Tallahassee,United States
"2018-10-07",1046,1054,-8,1405,1408,-3,YX,N433YX,4609,VPS,DCA,115,139,789,0,0,VPS,Destin-Ft Walton Beach Airport,30.4832,-86.525398,87,-6.0,A,Valparaiso,United States
"2018-10-07",1109,1115,-6,1311,1332,-21,DL,N6700,2179,PNS,ATL,43,62,271,0,0,PNS,Pensacola Regional Airport,30.473400115967,-87.186599731445,121,-6.0,A,Pensacola,United States
"2018-10-07",1107,1105,2,1253,1300,-7,WN,N7828A,5084,ECP,DAL,93,106,674,0,0,ECP,Northwest Florida Beaches International Airport,30.357106,-85.795414,69,-6.0,A,Panama City,United States
"2018-10-07",1119,1120,-1,1247,1255,-8,WN,N751SW,2565,PNS,HOU,73,88,488,0,0,PNS,Pensacola Regional Airport,30.473400115967,-87.186599731445,121,-6.0,A,Pensacola,United States
"2018-10-07",1145,1151,-6,1336,1340,-4,YX,N653RW,3682,PNS,IAH,96,111,489,0,0,PNS,Pensacola Regional Airport,30.473400115967,-87.186599731445,121,-6.0,A,Pensacola,United States
"2018-10-07",1153,1200,-7,1402,1409,-7,DL,N959DL,1733,ECP,ATL,42,69,240,0,0,ECP,Northwest Florida Beaches International Airport,30.357106,-85.795414,69,-6.0,A,Panama City,United States
"2018-10-07",1219,1211,8,1429,1423,6,F9,N303FR,641,PNS,DEN,165,190,1179,0,0,PNS,Pensacola Regional Airport,30.473400115967,-87.186599731445,121,-6.0,A,Pensacola,United States
"2018-10-07",1313,1231,42,1432,1355,37,MQ,N657AE,3663,TLH,MIA,67,79,402,0,0,TLH,Tallahassee Regional Airport,30.396499633789062,-84.35030364990234,81,-5.0,A,Tallahassee,United States
"2018-10-07",1240,1245,-5,1524,1531,-7,OH,N548NN,5298,PNS,CLT,71,104,488,0,0,PNS,Pensacola Regional Airport,30.473400115967,-87.186599731445,121,-6.0,A,Pensacola,United States
"2018-10-07",1231,1245,-14,1335,1359,-24,DL,N977AT,489,TLH,ATL,43,64,223,0,0,TLH,Tallahassee Regional Airport,30.396499633789062,-84.35030364990234,81,-5.0,A,Tallahassee,United States
"2018-10-07",1233,1244,-11,1540,1559,-19,MQ,N234JW,3822,PNS,DCA,111,127,816,0,0,PNS,Pensacola Regional Airport,30.473400115967,-87.186599731445,121,-6.0,A,Pensacola,United States
"2018-10-07",1246,1248,-2,1450,1506,-16,EV,N615QX,2876,ECP,DFW,95,124,685,0,0,ECP,Northwest Florida Beaches International Airport,30.357106,-85.795414,69,-6.0,A,Panama City,United States
"2018-10-07",1237,1248,-11,1419,1432,-13,G4,"274NV",1902,VPS,BLV,83,102,587,0,0,VPS,Destin-Ft Walton Beach Airport,30.4832,-86.525398,87,-6.0,A,Valparaiso,United States
"2018-10-07",1303,1318,-15,1540,1600,-20,G4,"224NV",1918,VPS,SDF,74,97,532,0,0,VPS,Destin-Ft Walton Beach Airport,30.4832,-86.525398,87,-6.0,A,Valparaiso,United States
"2018-10-07",1310,1320,-10,1508,1515,-7,EV,N19554,4134,ECP,IAH,102,118,572,0,0,ECP,Northwest Florida Beaches International Airport,30.357106,-85.795414,69,-6.0,A,Panama City,United States
"2018-10-07",1324,1331,-7,1545,1545,0,DL,N991DL,1353,PNS,ATL,45,81,271,0,0,PNS,Pensacola Regional Airport,30.473400115967,-87.186599731445,121,-6.0,A,Pensacola,United States
"2018-10-07",1319,1327,-8,1534,1536,-2,YV,N247LR,5740,VPS,DFW,99,135,641,0,0,VPS,Destin-Ft Walton Beach Airport,30.4832,-86.525398,87,-6.0,A,Valparaiso,United States
"2018-10-07",1323,1333,-10,1517,1534,-17,MQ,N255NN,3488,PNS,DFW,89,114,604,0,0,PNS,Pensacola Regional Airport,30.473400115967,-87.186599731445,121,-6.0,A,Pensacola,United States
"2018-10-07",1421,1425,-4,1604,1615,-11,WN,N210WN,4226,ECP,HOU,87,103,571,0,0,ECP,Northwest Florida Beaches International Airport,30.357106,-85.795414,69,-6.0,A,Panama City,United States
"2018-10-07",1425,1428,-3,1704,1714,-10,OH,N592NN,5500,VPS,CLT,70,99,460,0,0,VPS,Destin-Ft Walton Beach Airport,30.4832,-86.525398,87,-6.0,A,Valparaiso,United States
"2018-10-07",1433,1432,1,1637,1643,-6,DL,N950DL,2873,VPS,ATL,41,64,250,0,0,VPS,Destin-Ft Walton Beach Airport,30.4832,-86.525398,87,-6.0,A,Valparaiso,United States
"2018-10-07",1821,1436,225,2029,1640,229,DL,N960DL,2506,ECP,ATL,42,68,240,0,0,ECP,Northwest Florida Beaches International Airport,30.357106,-85.795414,69,-6.0,A,Panama City,United States
"2018-10-07",1507,1457,10,1740,1744,-4,EV,N717EV,2880,ECP,CLT,66,93,437,0,0,ECP,Northwest Florida Beaches International Airport,30.357106,-85.795414,69,-6.0,A,Panama City,United States
"2018-10-07",1510,1515,-5,1709,1703,6,EV,N12567,4142,PNS,IAH,101,119,489,0,0,PNS,Pensacola Regional Airport,30.473400115967,-87.186599731445,121,-6.0,A,Pensacola,United States
"2018-10-07",1450,1500,-10,1646,1655,-9,EV,N12540,4447,VPS,IAH,90,116,528,0,0,VPS,Destin-Ft Walton Beach Airport,30.4832,-86.525398,87,-6.0,A,Valparaiso,United States
"2018-10-07",1524,1527,-3,1656,1705,-9,OH,N547NN,5662,TLH,CLT,61,92,386,0,0,TLH,Tallahassee Regional Airport,30.396499633789062,-84.35030364990234,81,-5.0,A,Tallahassee,United States
"2018-10-07",1532,1528,4,1738,1734,4,AA,N7541A,2389,PNS,DFW,104,126,604,0,0,PNS,Pensacola Regional Airport,30.473400115967,-87.186599731445,121,-6.0,A,Pensacola,United States
"2018-10-07",1605,1605,0,1721,1725,-4,WN,N7829B,5989,ECP,BNA,58,76,401,0,0,ECP,Northwest Florida Beaches International Airport,30.357106,-85.795414,69,-6.0,A,Panama City,United States
"2018-10-07",1611,1614,-3,1850,1859,-9,YX,N109HQ,4553,PNS,CLT,71,99,488,0,0,PNS,Pensacola Regional Airport,30.473400115967,-87.186599731445,121,-6.0,A,Pensacola,United States
"2018-10-07",1618,1627,-9,1941,2004,-23,YX,N133HQ,4537,PNS,PHL,128,143,935,0,0,PNS,Pensacola Regional Airport,30.473400115967,-87.186599731445,121,-6.0,A,Pensacola,United States
"2018-10-07",1745,1751,-6,1928,1944,-16,G4,"274NV",1912,VPS,SGF,80,103,610,0,0,VPS,Destin-Ft Walton Beach Airport,30.4832,-86.525398,87,-6.0,A,Valparaiso,United States
"2018-10-07",1755,1756,-1,1919,1903,16,DL,N935DL,1786,TLH,ATL,42,84,223,0,0,TLH,Tallahassee Regional Airport,30.396499633789062,-84.35030364990234,81,-5.0,A,Tallahassee,United States
"2018-10-07",1801,1759,2,2005,2013,-8,DL,N944DL,1403,ECP,ATL,43,64,240,0,0,ECP,Northwest Florida Beaches International Airport,30.357106,-85.795414,69,-6.0,A,Panama City,United States
"2018-10-07",1753,1759,-6,1959,2016,-17,DL,N6714Q,1814,PNS,ATL,43,66,271,0,0,PNS,Pensacola Regional Airport,30.473400115967,-87.186599731445,121,-6.0,A,Pensacola,United States
"2018-10-07",1802,1806,-4,2024,2030,-6,DL,N943DL,1167,VPS,ATL,41,82,250,0,0,VPS,Destin-Ft Walton Beach Airport,30.4832,-86.525398,87,-6.0,A,Valparaiso,United States
"2018-10-07",1850,1850,0,2035,2029,6,YV,N82333,6036,PNS,IAH,84,105,489,0,0,PNS,Pensacola Regional Airport,30.473400115967,-87.186599731445,121,-6.0,A,Pensacola,United States
"2018-10-07",1848,1855,-7,2124,2135,-11,OH,N547NN,5709,VPS,CLT,68,96,460,0,0,VPS,Destin-Ft Walton Beach Airport,30.4832,-86.525398,87,-6.0,A,Valparaiso,United States
"2018-10-07",1919,1915,4,2115,2120,-5,MQ,N228NN,3877,PNS,DFW,90,116,604,0,0,PNS,Pensacola Regional Airport,30.473400115967,-87.186599731445,121,-6.0,A,Pensacola,United States
"2018-10-07",1945,1945,0,2052,2056,-4,DL,N910AT,678,TLH,ATL,40,67,223,0,0,TLH,Tallahassee Regional Airport,30.396499633789062,-84.35030364990234,81,-5.0,A,Tallahassee,United States
"2018-10-08",554,600,-6,807,807,0,DL,N904DE,2714,VPS,ATL,45,73,250,0,0,VPS,Destin-Ft Walton Beach Airport,30.4832,-86.525398,87,-6.0,A,Valparaiso,United States
"2018-10-08",602,602,0,856,847,9,MQ,N668HH,3508,PNS,MIA,93,114,530,0,0,PNS,Pensacola Regional Airport,30.473400115967,-87.186599731445,121,-6.0,A,Pensacola,United States
"2018-10-08",609,609,0,907,851,16,EV,N717EV,2899,ECP,CLT,63,118,437,0,0,ECP,Northwest Florida Beaches International Airport,30.357106,-85.795414,69,-6.0,A,Panama City,United States
"2018-10-08",623,630,-7,845,839,6,DL,N976DL,1234,PNS,ATL,51,82,271,0,0,PNS,Pensacola Regional Airport,30.473400115967,-87.186599731445,121,-6.0,A,Pensacola,United States
"2018-10-08",634,634,0,913,915,-2,OH,N548NN,5623,VPS,CLT,69,99,460,0,0,VPS,Destin-Ft Walton Beach Airport,30.4832,-86.525398,87,-6.0,A,Valparaiso,United States
"2018-10-08",654,700,-6,850,855,-5,EV,N17560,3979,ECP,IAH,94,116,572,0,0,ECP,Northwest Florida Beaches International Airport,30.357106,-85.795414,69,-6.0,A,Panama City,United States
"2018-10-08",658,700,-2,855,919,-24,AA,N964TW,1538,VPS,DFW,91,117,641,0,0,VPS,Destin-Ft Walton Beach Airport,30.4832,-86.525398,87,-6.0,A,Valparaiso,United States
"2018-10-08",654,700,-6,840,908,-28,AA,N9619V,2453,PNS,DFW,85,106,604,0,0,PNS,Pensacola Regional Airport,30.473400115967,-87.186599731445,121,-6.0,A,Pensacola,United States
"2018-10-08",756,701,55,950,920,30,EV,N611QX,2889,ECP,DFW,94,114,685,0,0,ECP,Northwest Florida Beaches International Airport,30.357106,-85.795414,69,-6.0,A,Panama City,United States
"2018-10-08",715,715,0,854,853,1,YV,N87318,6262,PNS,IAH,81,99,489,0,0,PNS,Pensacola Regional Airport,30.473400115967,-87.186599731445,121,-6.0,A,Pensacola,United States
"2018-10-08",720,715,5,928,926,2,DL,N956DL,955,VPS,ATL,45,68,250,0,0,VPS,Destin-Ft Walton Beach Airport,30.4832,-86.525398,87,-6.0,A,Valparaiso,United States
"2018-10-08",714,715,-1,931,925,6,DL,N384DA,2430,ECP,ATL,45,77,240,0,0,ECP,Northwest Florida Beaches International Airport,30.357106,-85.795414,69,-6.0,A,Panama City,United States
"2018-10-08",721,721,0,935,929,6,YX,N437YX,4626,TLH,DCA,119,134,716,0,0,TLH,Tallahassee Regional Airport,30.396499633789062,-84.35030364990234,81,-5.0,A,Tallahassee,United States
"2018-10-08",748,749,-1,904,916,-12,MQ,N241NN,4116,TLH,DFW,109,136,767,0,0,TLH,Tallahassee Regional Airport,30.396499633789062,-84.35030364990234,81,-5.0,A,Tallahassee,United States
"2018-10-08",856,907,-11,1140,1156,-16,OH,N555NN,5237,PNS,CLT,68,104,488,0,0,PNS,Pensacola Regional Airport,30.473400115967,-87.186599731445,121,-6.0,A,Pensacola,United States
"2018-10-08",929,933,-4,1135,1144,-9,YV,N953LR,5725,VPS,DFW,97,126,641,0,0,VPS,Destin-Ft Walton Beach Airport,30.4832,-86.525398,87,-6.0,A,Valparaiso,United States
"2018-10-08",939,947,-8,1149,1149,0,DL,N994DL,2029,ECP,ATL,39,70,240,0,0,ECP,Northwest Florida Beaches International Airport,30.357106,-85.795414,69,-6.0,A,Panama City,United States
"2018-10-08",1010,1020,-10,1137,1128,9,"9E",N326PQ,3281,TLH,ATL,48,87,223,0,0,TLH,Tallahassee Regional Airport,30.396499633789062,-84.35030364990234,81,-5.0,A,Tallahassee,United States
"2018-10-08",1028,1034,-6,1230,1249,-19,DL,N924DL,2716,VPS,ATL,43,62,250,0,0,VPS,Destin-Ft Walton Beach Airport,30.4832,-86.525398,87,-6.0,A,Valparaiso,United States
"2018-10-08",1049,1054,-5,1408,1408,0,YX,N424YX,4609,VPS,DCA,113,139,789,0,0,VPS,Destin-Ft Walton Beach Airport,30.4832,-86.525398,87,-6.0,A,Valparaiso,United States
"2018-10-08",1112,1055,17,1229,1228,1,OH,N598NN,5272,TLH,CLT,59,77,386,0,0,TLH,Tallahassee Regional Airport,30.396499633789062,-84.35030364990234,81,-5.0,A,Tallahassee,United States
"2018-10-08",1059,1100,-1,1210,1220,-10,WN,N8321D,5774,ECP,BNA,56,71,401,0,0,ECP,Northwest Florida Beaches International Airport,30.357106,-85.795414,69,-6.0,A,Panama City,United States
"2018-10-08",1155,1200,-5,1349,1412,-23,DL,N995DL,1733,ECP,ATL,41,54,240,0,0,ECP,Northwest Florida Beaches International Airport,30.357106,-85.795414,69,-6.0,A,Panama City,United States
"2018-10-08",1253,1231,22,1421,1355,26,MQ,N900AE,3663,TLH,MIA,69,88,402,0,0,TLH,Tallahassee Regional Airport,30.396499633789062,-84.35030364990234,81,-5.0,A,Tallahassee,United States
"2018-10-08",1233,1234,-1,1344,1348,-4,DL,N906DL,489,TLH,ATL,42,71,223,0,0,TLH,Tallahassee Regional Airport,30.396499633789062,-84.35030364990234,81,-5.0,A,Tallahassee,United States
"2018-10-07",1547,1555,-8,1814,1813,1,DL,N904DL,1270,PNS,ATL,52,87,271,0,0,PNS,Pensacola Regional Airport,30.473400115967,-87.186599731445,121,-6.0,A,Pensacola,United States
"2018-10-07",1551,1558,-7,1708,1707,1,DL,N996AT,1399,TLH,ATL,44,77,223,0,0,TLH,Tallahassee Regional Airport,30.396499633789062,-84.35030364990234,81,-5.0,A,Tallahassee,United States
"2018-10-07",1557,1600,-3,1817,1813,4,DL,N984DL,2802,VPS,ATL,42,80,250,0,0,VPS,Destin-Ft Walton Beach Airport,30.4832,-86.525398,87,-6.0,A,Valparaiso,United States
"2018-10-07",1704,1640,24,1824,1805,19,MQ,N232NN,4069,TLH,DFW,113,140,767,0,0,TLH,Tallahassee Regional Airport,30.396499633789062,-84.35030364990234,81,-5.0,A,Tallahassee,United States
"2018-10-07",1748,1702,46,1908,1827,41,MQ,N925AE,3861,TLH,MIA,65,80,402,0,0,TLH,Tallahassee Regional Airport,30.396499633789062,-84.35030364990234,81,-5.0,A,Tallahassee,United States
"2018-10-07",1654,1705,-11,1852,1900,-8,EV,N17560,4037,ECP,IAH,96,118,572,0,0,ECP,Northwest Florida Beaches International Airport,30.357106,-85.795414,69,-6.0,A,Panama City,United States
"2018-10-07",1741,1743,-2,2026,2030,-4,MQ,N663AR,3427,PNS,MIA,82,105,530,0,0,PNS,Pensacola Regional Airport,30.473400115967,-87.186599731445,121,-6.0,A,Pensacola,United States
"2018-10-07",1813,1821,-8,1935,1938,-3,G4,"224NV",1910,VPS,BNA,57,82,389,0,0,VPS,Destin-Ft Walton Beach Airport,30.4832,-86.525398,87,-6.0,A,Valparaiso,United States
"2018-10-07",1838,1845,-7,2034,2044,-10,EV,N14905,4260,VPS,IAH,95,116,528,0,0,VPS,Destin-Ft Walton Beach Airport,30.4832,-86.525398,87,-6.0,A,Valparaiso,United States
"2018-10-07",1840,1852,-12,2128,2135,-7,OH,N507AE,5463,PNS,CLT,72,108,488,0,0,PNS,Pensacola Regional Airport,30.473400115967,-87.186599731445,121,-6.0,A,Pensacola,United States
"2018-10-07",1935,1900,35,2059,2020,39,WN,N7834A,5317,PNS,BNA,61,84,391,0,0,PNS,Pensacola Regional Airport,30.473400115967,-87.186599731445,121,-6.0,A,Pensacola,United States
"2018-10-07",1912,1910,2,2021,2030,-9,WN,N7819A,3780,ECP,BNA,57,69,401,0,0,ECP,Northwest Florida Beaches International Airport,30.357106,-85.795414,69,-6.0,A,Panama City,United States
"2018-10-07",2209,1919,170,2356,2130,146,YV,N919FJ,5906,VPS,DFW,88,107,641,0,0,VPS,Destin-Ft Walton Beach Airport,30.4832,-86.525398,87,-6.0,A,Valparaiso,United States
"2018-10-07",1926,1928,-2,2050,2050,0,MQ,N681AE,3844,TLH,MIA,66,84,402,0,0,TLH,Tallahassee Regional Airport,30.396499633789062,-84.35030364990234,81,-5.0,A,Tallahassee,United States
"2018-10-07",2053,2011,42,2214,2142,32,YX,N123HQ,4660,TLH,CLT,56,81,386,0,0,TLH,Tallahassee Regional Airport,30.396499633789062,-84.35030364990234,81,-5.0,A,Tallahassee,United States
"2018-10-08",525,530,-5,727,735,-8,DL,N992DL,856,PNS,ATL,46,62,271,0,0,PNS,Pensacola Regional Airport,30.473400115967,-87.186599731445,121,-6.0,A,Pensacola,United States
"2018-10-08",544,545,-1,646,650,-4,DL,N966DL,708,TLH,ATL,40,62,223,0,0,TLH,Tallahassee Regional Airport,30.396499633789062,-84.35030364990234,81,-5.0,A,Tallahassee,United States
"2018-10-08",602,600,2,801,805,-4,DL,N837DN,1237,ECP,ATL,41,59,240,0,0,ECP,Northwest Florida Beaches International Airport,30.357106,-85.795414,69,-6.0,A,Panama City,United States
"2018-10-08",600,600,0,712,725,-13,OH,N712PS,5584,TLH,CLT,57,72,386,0,0,TLH,Tallahassee Regional Airport,30.396499633789062,-84.35030364990234,81,-5.0,A,Tallahassee,United States
"2018-10-08",656,601,55,921,844,37,OH,N561NN,5353,PNS,CLT,70,85,488,0,0,PNS,Pensacola Regional Airport,30.473400115967,-87.186599731445,121,-6.0,A,Pensacola,United States
"2018-10-08",610,614,-4,954,929,25,OH,N505AE,5082,PNS,DCA,150,164,816,0,0,PNS,Pensacola Regional Airport,30.473400115967,-87.186599731445,121,-6.0,A,Pensacola,United States
"2018-10-08",652,700,-8,939,952,-13,G4,"224NV",1916,VPS,LCK,92,107,675,0,0,VPS,Destin-Ft Walton Beach Airport,30.4832,-86.525398,87,-6.0,A,Valparaiso,United States
"2018-10-08",654,700,-6,756,803,-7,DL,N994DL,496,TLH,ATL,41,62,223,0,0,TLH,Tallahassee Regional Airport,30.396499633789062,-84.35030364990234,81,-5.0,A,Tallahassee,United States
"2018-10-08",729,735,-6,1002,947,15,DL,N910DE,1078,PNS,ATL,44,93,271,0,0,PNS,Pensacola Regional Airport,30.473400115967,-87.186599731445,121,-6.0,A,Pensacola,United States
"2018-10-08",743,750,-7,852,910,-18,WN,N761RR,716,ECP,BNA,59,69,401,0,0,ECP,Northwest Florida Beaches International Airport,30.357106,-85.795414,69,-6.0,A,Panama City,United States
"2018-10-08",748,750,-2,902,910,-8,WN,N701GS,1615,PNS,BNA,58,74,391,0,0,PNS,Pensacola Regional Airport,30.473400115967,-87.186599731445,121,-6.0,A,Pensacola,United States
"2018-10-08",853,900,-7,1045,1055,-10,EV,N18557,4064,VPS,IAH,93,112,528,0,0,VPS,Destin-Ft Walton Beach Airport,30.4832,-86.525398,87,-6.0,A,Valparaiso,United States
"2018-10-08",909,916,-7,1131,1127,4,DL,N952DL,2212,PNS,ATL,46,82,271,0,0,PNS,Pensacola Regional Airport,30.473400115967,-87.186599731445,121,-6.0,A,Pensacola,United States
"2018-10-08",927,930,-3,1109,1115,-6,WN,N7874B,1281,ECP,HOU,88,102,571,0,0,ECP,Northwest Florida Beaches International Airport,30.357106,-85.795414,69,-6.0,A,Panama City,United States
"2018-10-08",936,935,1,1105,1110,-5,WN,N297WN,2229,PNS,HOU,74,89,488,0,0,PNS,Pensacola Regional Airport,30.473400115967,-87.186599731445,121,-6.0,A,Pensacola,United States
"2018-10-08",925,935,-10,1107,1123,-16,EV,N13975,4298,PNS,IAH,85,102,489,0,0,PNS,Pensacola Regional Airport,30.473400115967,-87.186599731445,121,-6.0,A,Pensacola,United States
"2018-10-08",940,941,-1,1216,1225,-9,OH,N562NN,5564,VPS,CLT,68,96,460,0,0,VPS,Destin-Ft Walton Beach Airport,30.4832,-86.525398,87,-6.0,A,Valparaiso,United States
"2018-10-08",1059,1038,21,1335,1320,15,MQ,N925AE,3733,PNS,MIA,84,96,530,0,0,PNS,Pensacola Regional Airport,30.473400115967,-87.186599731445,121,-6.0,A,Pensacola,United States
"2018-10-08",1107,1115,-8,1325,1332,-7,DL,N686DA,2179,PNS,ATL,42,78,271,0,0,PNS,Pensacola Regional Airport,30.473400115967,-87.186599731445,121,-6.0,A,Pensacola,United States
"2018-10-08",1147,1151,-4,1340,1340,0,YX,N731YX,3682,PNS,IAH,96,113,489,0,0,PNS,Pensacola Regional Airport,30.473400115967,-87.186599731445,121,-6.0,A,Pensacola,United States
"2018-10-08",1208,1225,-17,1454,1513,-19,G4,"224NV",1900,VPS,CVG,84,106,600,0,0,VPS,Destin-Ft Walton Beach Airport,30.4832,-86.525398,87,-6.0,A,Valparaiso,United States
"2018-10-08",1235,1244,-9,1537,1559,-22,MQ,N247NN,3822,PNS,DCA,109,122,816,0,0,PNS,Pensacola Regional Airport,30.473400115967,-87.186599731445,121,-6.0,A,Pensacola,United States
"2018-10-08",1243,1245,-2,1525,1531,-6,OH,N571NN,5298,PNS,CLT,81,102,488,0,0,PNS,Pensacola Regional Airport,30.473400115967,-87.186599731445,121,-6.0,A,Pensacola,United States
"2018-10-08",1243,1248,-5,1448,1506,-18,EV,N604QX,2876,ECP,DFW,95,125,685,0,0,ECP,Northwest Florida Beaches International Airport,30.357106,-85.795414,69,-6.0,A,Panama City,United States
"2018-10-08",1314,1320,-6,1506,1515,-9,EV,N15986,4134,ECP,IAH,93,112,572,0,0,ECP,Northwest Florida Beaches International Airport,30.357106,-85.795414,69,-6.0,A,Panama City,United States
"2018-10-08",1319,1327,-8,1603,1536,27,YV,N947LR,5740,VPS,DFW,99,164,641,0,0,VPS,Destin-Ft Walton Beach Airport,30.4832,-86.525398,87,-6.0,A,Valparaiso,United States
"2018-10-08",1326,1331,-5,1550,1545,5,DL,N913DL,1353,PNS,ATL,48,84,271,0,0,PNS,Pensacola Regional Airport,30.473400115967,-87.186599731445,121,-6.0,A,Pensacola,United States
"2018-10-08",1321,1333,-12,1528,1534,-6,MQ,N258NN,3488,PNS,DFW,89,127,604,0,0,PNS,Pensacola Regional Airport,30.473400115967,-87.186599731445,121,-6.0,A,Pensacola,United States
"2018-10-08",1428,1436,-8,1634,1643,-9,DL,N999DN,2506,ECP,ATL,41,66,240,0,0,ECP,Northwest Florida Beaches International Airport,30.357106,-85.795414,69,-6.0,A,Panama City,United States
"2018-10-08",1425,1428,-3,1652,1714,-22,OH,N583NN,5500,VPS,CLT,69,87,460,0,0,VPS,Destin-Ft Walton Beach Airport,30.4832,-86.525398,87,-6.0,A,Valparaiso,United States
"2018-10-08",1427,1432,-5,1635,1644,-9,DL,N912DL,2873,VPS,ATL,41,68,250,0,0,VPS,Destin-Ft Walton Beach Airport,30.4832,-86.525398,87,-6.0,A,Valparaiso,United States
"2018-10-08",2012,1457,315,2243,1744,299,EV,N719EV,2880,ECP,CLT,60,91,437,0,0,ECP,Northwest Florida Beaches International Airport,30.357106,-85.795414,69,-6.0,A,Panama City,United States
"2018-10-08",1508,1515,-7,1655,1703,-8,EV,N19554,4142,PNS,IAH,83,107,489,0,0,PNS,Pensacola Regional Airport,30.473400115967,-87.186599731445,121,-6.0,A,Pensacola,United States
"2018-10-08",1453,1500,-7,1645,1655,-10,EV,N22909,4447,VPS,IAH,90,112,528,0,0,VPS,Destin-Ft Walton Beach Airport,30.4832,-86.525398,87,-6.0,A,Valparaiso,United States
"2018-10-08",1527,1528,-1,1804,1734,30,AA,N9624T,2389,PNS,DFW,97,157,604,0,0,PNS,Pensacola Regional Airport,30.473400115967,-87.186599731445,121,-6.0,A,Pensacola,United States
"2018-10-08",1525,1527,-2,1657,1705,-8,OH,N512AE,5662,TLH,CLT,66,92,386,0,0,TLH,Tallahassee Regional Airport,30.396499633789062,-84.35030364990234,81,-5.0,A,Tallahassee,United States
"2018-10-08",1601,1614,-13,1849,1859,-10,YX,N115HQ,4553,PNS,CLT,74,108,488,0,0,PNS,Pensacola Regional Airport,30.473400115967,-87.186599731445,121,-6.0,A,Pensacola,United States
"2018-10-08",1546,1555,-9,1753,1813,-20,DL,N943DL,1270,PNS,ATL,43,67,271,0,0,PNS,Pensacola Regional Airport,30.473400115967,-87.186599731445,121,-6.0,A,Pensacola,United States
"2018-10-08",1552,1558,-6,1701,1707,-6,DL,N974AT,1399,TLH,ATL,41,69,223,0,0,TLH,Tallahassee Regional Airport,30.396499633789062,-84.35030364990234,81,-5.0,A,Tallahassee,United States
"2018-10-08",1556,1600,-4,1808,1813,-5,DL,N995DL,2802,VPS,ATL,40,72,250,0,0,VPS,Destin-Ft Walton Beach Airport,30.4832,-86.525398,87,-6.0,A,Valparaiso,United States
"2018-10-08",1620,1627,-7,2002,2004,-2,YX,N133HQ,4537,PNS,PHL,132,162,935,0,0,PNS,Pensacola Regional Airport,30.473400115967,-87.186599731445,121,-6.0,A,Pensacola,United States
"2018-10-08",1657,1640,17,1817,1805,12,MQ,N225NN,4069,TLH,DFW,107,140,767,0,0,TLH,Tallahassee Regional Airport,30.396499633789062,-84.35030364990234,81,-5.0,A,Tallahassee,United States
"2018-10-08",1709,1702,7,1833,1827,6,MQ,N697AB,3861,TLH,MIA,67,84,402,0,0,TLH,Tallahassee Regional Airport,30.396499633789062,-84.35030364990234,81,-5.0,A,Tallahassee,United States
"2018-10-08",1649,1702,-13,1827,1846,-19,G4,"274NV",1902,VPS,BLV,83,98,587,0,0,VPS,Destin-Ft Walton Beach Airport,30.4832,-86.525398,87,-6.0,A,Valparaiso,United States
"2018-10-08",1744,1705,39,1937,1900,37,EV,N14562,4037,ECP,IAH,93,113,572,0,0,ECP,Northwest Florida Beaches International Airport,30.357106,-85.795414,69,-6.0,A,Panama City,United States
"2018-10-08",1729,1735,-6,1945,1947,-2,G4,"224NV",1914,VPS,MCI,102,136,764,0,0,VPS,Destin-Ft Walton Beach Airport,30.4832,-86.525398,87,-6.0,A,Valparaiso,United States
"2018-10-08",1735,1743,-8,2013,2030,-17,MQ,N942LL,3427,PNS,MIA,84,98,530,0,0,PNS,Pensacola Regional Airport,30.473400115967,-87.186599731445,121,-6.0,A,Pensacola,United States
"2018-10-08",1754,1756,-2,1915,1903,12,DL,N974DL,1786,TLH,ATL,43,81,223,0,0,TLH,Tallahassee Regional Airport,30.396499633789062,-84.35030364990234,81,-5.0,A,Tallahassee,United States
"2018-10-08",1753,1757,-4,2009,2014,-5,DL,N669DN,1814,PNS,ATL,44,76,271,0,0,PNS,Pensacola Regional Airport,30.473400115967,-87.186599731445,121,-6.0,A,Pensacola,United States
"2018-10-08",1755,1759,-4,2007,2013,-6,DL,N944DL,1403,ECP,ATL,42,72,240,0,0,ECP,Northwest Florida Beaches International Airport,30.357106,-85.795414,69,-6.0,A,Panama City,United States
"2018-10-08",1816,1806,10,2046,2030,16,DL,N910DE,1167,VPS,ATL,47,90,250,0,0,VPS,Destin-Ft Walton Beach Airport,30.4832,-86.525398,87,-6.0,A,Valparaiso,United States
"2018-10-08",1813,1808,5,1941,1940,1,OH,N571NN,5248,TLH,CLT,63,88,386,0,0,TLH,Tallahassee Regional Airport,30.396499633789062,-84.35030364990234,81,-5.0,A,Tallahassee,United States
"2018-10-08",1855,1852,3,2135,2135,0,OH,N706PS,5463,PNS,CLT,71,100,488,0,0,PNS,Pensacola Regional Airport,30.473400115967,-87.186599731445,121,-6.0,A,Pensacola,United States
"2018-10-08",1856,1845,11,2056,2044,12,EV,N13538,4260,VPS,IAH,94,120,528,0,0,VPS,Destin-Ft Walton Beach Airport,30.4832,-86.525398,87,-6.0,A,Valparaiso,United States
"2018-10-08",1843,1850,-7,2021,2029,-8,YV,N89321,6036,PNS,IAH,79,98,489,0,0,PNS,Pensacola Regional Airport,30.473400115967,-87.186599731445,121,-6.0,A,Pensacola,United States
"2018-10-08",2025,1915,70,2225,2120,65,MQ,N234JW,3877,PNS,DFW,94,120,604,0,0,PNS,Pensacola Regional Airport,30.473400115967,-87.186599731445,121,-6.0,A,Pensacola,United States
"2018-10-08",1851,1855,-4,2139,2135,4,OH,N582NN,5709,VPS,CLT,65,108,460,0,0,VPS,Destin-Ft Walton Beach Airport,30.4832,-86.525398,87,-6.0,A,Valparaiso,United States
"2018-10-08",2040,1919,81,2241,2130,71,YV,N914FJ,5906,VPS,DFW,97,121,641,0,0,VPS,Destin-Ft Walton Beach Airport,30.4832,-86.525398,87,-6.0,A,Valparaiso,United States
"2018-10-08",1918,1920,-2,2031,2040,-9,WN,N728SW,976,PNS,BNA,57,73,391,0,0,PNS,Pensacola Regional Airport,30.473400115967,-87.186599731445,121,-6.0,A,Pensacola,United States
"2018-10-08",1926,1928,-2,2046,2050,-4,MQ,N681AE,3844,TLH,MIA,64,80,402,0,0,TLH,Tallahassee Regional Airport,30.396499633789062,-84.35030364990234,81,-5.0,A,Tallahassee,United States
"2018-10-08",1940,1945,-5,2101,2056,5,DL,N936AT,678,TLH,ATL,44,81,223,0,0,TLH,Tallahassee Regional Airport,30.396499633789062,-84.35030364990234,81,-5.0,A,Tallahassee,United States
"2018-10-08",2057,1935,82,2210,2055,75,WN,N8560Z,2008,ECP,BNA,58,73,401,0,0,ECP,Northwest Florida Beaches International Airport,30.357106,-85.795414,69,-6.0,A,Panama City,United States
"2018-10-08",2017,2011,6,2137,2142,-5,YX,N110HQ,4660,TLH,CLT,59,80,386,0,0,TLH,Tallahassee Regional Airport,30.396499633789062,-84.35030364990234,81,-5.0,A,Tallahassee,United States
"2018-10-09",527,530,-3,739,735,4,DL,N999DN,856,PNS,ATL,44,72,271,0,0,PNS,Pensacola Regional Airport,30.473400115967,-87.186599731445,121,-6.0,A,Pensacola,United States
"2018-10-09",541,545,-4,639,650,-11,DL,N978DL,708,TLH,ATL,40,58,223,0,0,TLH,Tallahassee Regional Airport,30.396499633789062,-84.35030364990234,81,-5.0,A,Tallahassee,United States
"2018-10-09",600,600,0,716,725,-9,OH,N510AE,5584,TLH,CLT,58,76,386,0,0,TLH,Tallahassee Regional Airport,30.396499633789062,-84.35030364990234,81,-5.0,A,Tallahassee,United States
"2018-10-09",604,601,3,844,844,0,OH,N554NN,5353,PNS,CLT,73,100,488,0,0,PNS,Pensacola Regional Airport,30.473400115967,-87.186599731445,121,-6.0,A,Pensacola,United States
"2018-10-09",613,614,-1,934,929,5,OH,N505AE,5082,PNS,DCA,127,141,816,0,0,PNS,Pensacola Regional Airport,30.473400115967,-87.186599731445,121,-6.0,A,Pensacola,United States
"2018-10-09",634,634,0,904,915,-11,OH,N582NN,5623,VPS,CLT,65,90,460,0,0,VPS,Destin-Ft Walton Beach Airport,30.4832,-86.525398,87,-6.0,A,Valparaiso,United States
"2018-10-09",657,700,-3,759,803,-4,DL,N962DL,496,TLH,ATL,40,62,223,0,0,TLH,Tallahassee Regional Airport,30.396499633789062,-84.35030364990234,81,-5.0,A,Tallahassee,United States
"2018-10-09",,701,,,920,,EV,N717EV,2889,ECP,DFW,,,685,1,0,ECP,Northwest Florida Beaches International Airport,30.357106,-85.795414,69,-6.0,A,Panama City,United States
"2018-10-09",,750,,,910,,WN,N207WN,716,ECP,BNA,,,401,1,0,ECP,Northwest Florida Beaches International Airport,30.357106,-85.795414,69,-6.0,A,Panama City,United States
"2018-10-09",743,750,-7,857,910,-13,WN,N937WN,1615,PNS,BNA,62,74,391,0,0,PNS,Pensacola Regional Airport,30.473400115967,-87.186599731445,121,-6.0,A,Pensacola,United States
"2018-10-09",853,900,-7,1051,1055,-4,EV,N12569,4064,VPS,IAH,97,118,528,0,0,VPS,Destin-Ft Walton Beach Airport,30.4832,-86.525398,87,-6.0,A,Valparaiso,United States
"2018-10-09",910,900,10,1155,1148,7,G4,"274NV",1900,VPS,CVG,83,105,600,0,0,VPS,Destin-Ft Walton Beach Airport,30.4832,-86.525398,87,-6.0,A,Valparaiso,United States
"2018-10-09",904,907,-3,1142,1156,-14,OH,N709PS,5237,PNS,CLT,70,98,488,0,0,PNS,Pensacola Regional Airport,30.473400115967,-87.186599731445,121,-6.0,A,Pensacola,United States
"2018-10-09",,930,,,1115,,WN,N739GB,1281,ECP,HOU,,,571,1,0,ECP,Northwest Florida Beaches International Airport,30.357106,-85.795414,69,-6.0,A,Panama City,United States
"2018-10-09",950,947,3,1205,1149,16,DL,N938DN,2029,ECP,ATL,41,75,240,0,0,ECP,Northwest Florida Beaches International Airport,30.357106,-85.795414,69,-6.0,A,Panama City,United States
"2018-10-09",1017,1020,-3,1129,1128,1,"9E",N133EV,3281,TLH,ATL,46,72,223,0,0,TLH,Tallahassee Regional Airport,30.396499633789062,-84.35030364990234,81,-5.0,A,Tallahassee,United States
"2018-10-09",1112,1115,-3,1319,1332,-13,DL,N669DN,2179,PNS,ATL,44,67,271,0,0,PNS,Pensacola Regional Airport,30.473400115967,-87.186599731445,121,-6.0,A,Pensacola,United States
"2018-10-09",1221,1231,-10,1344,1355,-11,MQ,N689EC,3663,TLH,MIA,67,83,402,0,0,TLH,Tallahassee Regional Airport,30.396499633789062,-84.35030364990234,81,-5.0,A,Tallahassee,United States
"2018-10-09",,1248,,,1506,,EV,N611QX,2876,ECP,DFW,,,685,1,0,ECP,Northwest Florida Beaches International Airport,30.357106,-85.795414,69,-6.0,A,Panama City,United States
"2018-10-09",556,600,-4,800,807,-7,DL,N902DE,2714,VPS,ATL,42,64,250,0,0,VPS,Destin-Ft Walton Beach Airport,30.4832,-86.525398,87,-6.0,A,Valparaiso,United States
"2018-10-09",557,600,-3,753,808,-15,DL,N863DN,1237,ECP,ATL,41,56,240,0,0,ECP,Northwest Florida Beaches International Airport,30.357106,-85.795414,69,-6.0,A,Panama City,United States
"2018-10-09",614,602,12,852,847,5,MQ,N649PP,3508,PNS,MIA,83,98,530,0,0,PNS,Pensacola Regional Airport,30.473400115967,-87.186599731445,121,-6.0,A,Pensacola,United States
"2018-10-09",,609,,,851,,EV,N719EV,2899,ECP,CLT,,,437,1,0,ECP,Northwest Florida Beaches International Airport,30.357106,-85.795414,69,-6.0,A,Panama City,United States
"2018-10-09",629,630,-1,830,839,-9,DL,N964DL,1234,PNS,ATL,40,61,271,0,0,PNS,Pensacola Regional Airport,30.473400115967,-87.186599731445,121,-6.0,A,Pensacola,United States
"2018-10-09",653,700,-7,855,855,0,EV,N15574,3979,ECP,IAH,104,122,572,0,0,ECP,Northwest Florida Beaches International Airport,30.357106,-85.795414,69,-6.0,A,Panama City,United States
"2018-10-09",700,700,0,1242,919,,AA,N979TW,1538,VPS,DFW,,,641,0,1,VPS,Destin-Ft Walton Beach Airport,30.4832,-86.525398,87,-6.0,A,Valparaiso,United States
"2018-10-09",658,700,-2,845,908,-23,AA,N9626F,2453,PNS,DFW,84,107,604,0,0,PNS,Pensacola Regional Airport,30.473400115967,-87.186599731445,121,-6.0,A,Pensacola,United States
"2018-10-09",708,715,-7,859,853,6,YV,N86322,6262,PNS,IAH,93,111,489,0,0,PNS,Pensacola Regional Airport,30.473400115967,-87.186599731445,121,-6.0,A,Pensacola,United States
"2018-10-09",725,715,10,927,925,2,DL,N3772H,2430,ECP,ATL,43,62,240,0,0,ECP,Northwest Florida Beaches International Airport,30.357106,-85.795414,69,-6.0,A,Panama City,United States
"2018-10-09",710,715,-5,930,926,4,DL,N924DL,955,VPS,ATL,48,80,250,0,0,VPS,Destin-Ft Walton Beach Airport,30.4832,-86.525398,87,-6.0,A,Valparaiso,United States
"2018-10-09",715,721,-6,920,929,-9,YX,N446YX,4626,TLH,DCA,112,125,716,0,0,TLH,Tallahassee Regional Airport,30.396499633789062,-84.35030364990234,81,-5.0,A,Tallahassee,United States
"2018-10-09",731,735,-4,940,947,-7,DL,N988DL,1078,PNS,ATL,45,69,271,0,0,PNS,Pensacola Regional Airport,30.473400115967,-87.186599731445,121,-6.0,A,Pensacola,United States
"2018-10-09",743,749,-6,853,916,-23,MQ,N253NN,4116,TLH,DFW,102,130,767,0,0,TLH,Tallahassee Regional Airport,30.396499633789062,-84.35030364990234,81,-5.0,A,Tallahassee,United States
"2018-10-09",917,916,1,1131,1127,4,DL,N903DE,2212,PNS,ATL,44,74,271,0,0,PNS,Pensacola Regional Airport,30.473400115967,-87.186599731445,121,-6.0,A,Pensacola,United States
"2018-10-09",928,935,-7,1128,1123,5,EV,N13553,4298,PNS,IAH,89,120,489,0,0,PNS,Pensacola Regional Airport,30.473400115967,-87.186599731445,121,-6.0,A,Pensacola,United States
"2018-10-09",941,935,6,1110,1110,0,WN,N451WN,2229,PNS,HOU,77,89,488,0,0,PNS,Pensacola Regional Airport,30.473400115967,-87.186599731445,121,-6.0,A,Pensacola,United States
"2018-10-09",941,941,0,1215,1225,-10,OH,N589NN,5564,VPS,CLT,70,94,460,0,0,VPS,Destin-Ft Walton Beach Airport,30.4832,-86.525398,87,-6.0,A,Valparaiso,United States
"2018-10-09",1029,1034,-5,1240,1249,-9,DL,N909DE,2716,VPS,ATL,43,71,250,0,0,VPS,Destin-Ft Walton Beach Airport,30.4832,-86.525398,87,-6.0,A,Valparaiso,United States
"2018-10-09",1111,1038,33,1351,1320,31,MQ,N650AE,3733,PNS,MIA,88,100,530,0,0,PNS,Pensacola Regional Airport,30.473400115967,-87.186599731445,121,-6.0,A,Pensacola,United States
"2018-10-09",1040,1054,-14,1353,1408,-15,YX,N414YX,4609,VPS,DCA,112,133,789,0,0,VPS,Destin-Ft Walton Beach Airport,30.4832,-86.525398,87,-6.0,A,Valparaiso,United States
"2018-10-09",1053,1055,-2,1215,1228,-13,OH,N564NN,5272,TLH,CLT,61,82,386,0,0,TLH,Tallahassee Regional Airport,30.396499633789062,-84.35030364990234,81,-5.0,A,Tallahassee,United States
"2018-10-09",1144,1151,-7,1332,1340,-8,YX,N727YX,3682,PNS,IAH,88,108,489,0,0,PNS,Pensacola Regional Airport,30.473400115967,-87.186599731445,121,-6.0,A,Pensacola,United States
"2018-10-09",1154,1200,-6,1358,1412,-14,DL,N949DN,1733,ECP,ATL,40,64,240,0,0,ECP,Northwest Florida Beaches International Airport,30.357106,-85.795414,69,-6.0,A,Panama City,United States
"2018-10-09",1212,1211,1,1430,1423,7,F9,N312FR,641,PNS,DEN,155,198,1179,0,0,PNS,Pensacola Regional Airport,30.473400115967,-87.186599731445,121,-6.0,A,Pensacola,United States
"2018-10-09",1239,1234,5,1352,1348,4,DL,N962DN,489,TLH,ATL,43,73,223,0,0,TLH,Tallahassee Regional Airport,30.396499633789062,-84.35030364990234,81,-5.0,A,Tallahassee,United States
"2018-10-09",1536,1244,172,1847,1559,168,MQ,N232NN,3822,PNS,DCA,117,131,816,0,0,PNS,Pensacola Regional Airport,30.473400115967,-87.186599731445,121,-6.0,A,Pensacola,United States
"2018-10-09",1238,1245,-7,1520,1531,-11,OH,N599NN,5298,PNS,CLT,70,102,488,0,0,PNS,Pensacola Regional Airport,30.473400115967,-87.186599731445,121,-6.0,A,Pensacola,United States
"2018-10-09",1330,1331,-1,1552,1545,7,DL,N972DL,1353,PNS,ATL,47,82,271,0,0,PNS,Pensacola Regional Airport,30.473400115967,-87.186599731445,121,-6.0,A,Pensacola,United States
"2018-10-09",1315,1320,-5,1514,1515,-1,EV,N18557,4134,ECP,IAH,98,119,572,0,0,ECP,Northwest Florida Beaches International Airport,30.357106,-85.795414,69,-6.0,A,Panama City,United States
"2018-10-09",,1327,,,1536,,YV,N248LR,5740,VPS,DFW,,,641,1,0,VPS,Destin-Ft Walton Beach Airport,30.4832,-86.525398,87,-6.0,A,Valparaiso,United States
"2018-10-09",1334,1333,1,1528,1534,-6,MQ,N261NN,3488,PNS,DFW,94,114,604,0,0,PNS,Pensacola Regional Airport,30.473400115967,-87.186599731445,121,-6.0,A,Pensacola,United States
"2018-10-09",1425,1410,15,1658,1652,6,G4,"274NV",1918,VPS,SDF,73,93,532,0,0,VPS,Destin-Ft Walton Beach Airport,30.4832,-86.525398,87,-6.0,A,Valparaiso,United States
"2018-10-09",1503,1428,35,1734,1714,20,OH,N593NN,5500,VPS,CLT,65,91,460,0,0,VPS,Destin-Ft Walton Beach Airport,30.4832,-86.525398,87,-6.0,A,Valparaiso,United States
"2018-10-09",1434,1432,2,1641,1644,-3,DL,N938DN,2873,VPS,ATL,49,67,250,0,0,VPS,Destin-Ft Walton Beach Airport,30.4832,-86.525398,87,-6.0,A,Valparaiso,United States
"2018-10-09",1431,1436,-5,1649,1643,6,DL,N924DL,2506,ECP,ATL,45,78,240,0,0,ECP,Northwest Florida Beaches International Airport,30.357106,-85.795414,69,-6.0,A,Panama City,United States
"2018-10-09",,1457,,,1744,,EV,N617QX,2880,ECP,CLT,,,437,1,0,ECP,Northwest Florida Beaches International Airport,30.357106,-85.795414,69,-6.0,A,Panama City,United States
"2018-10-09",1454,1500,-6,1636,1655,-19,EV,N15980,4447,VPS,IAH,86,102,528,0,0,VPS,Destin-Ft Walton Beach Airport,30.4832,-86.525398,87,-6.0,A,Valparaiso,United States
"2018-10-09",1526,1527,-1,1657,1705,-8,OH,N562NN,5662,TLH,CLT,64,91,386,0,0,TLH,Tallahassee Regional Airport,30.396499633789062,-84.35030364990234,81,-5.0,A,Tallahassee,United States
"2018-10-09",1505,1515,-10,1643,1703,-20,EV,N14568,4142,PNS,IAH,81,98,489,0,0,PNS,Pensacola Regional Airport,30.473400115967,-87.186599731445,121,-6.0,A,Pensacola,United States
"2018-10-09",1938,1528,250,2152,1734,258,AA,N968TW,2389,PNS,DFW,96,134,604,0,0,PNS,Pensacola Regional Airport,30.473400115967,-87.186599731445,121,-6.0,A,Pensacola,United States
"2018-10-09",1640,1555,45,1905,1813,52,DL,N943DN,1270,PNS,ATL,45,85,271,0,0,PNS,Pensacola Regional Airport,30.473400115967,-87.186599731445,121,-6.0,A,Pensacola,United States
"2018-10-09",1553,1558,-5,1713,1710,3,DL,N952AT,1399,TLH,ATL,41,80,223,0,0,TLH,Tallahassee Regional Airport,30.396499633789062,-84.35030364990234,81,-5.0,A,Tallahassee,United States
"2018-10-09",1554,1600,-6,1810,1813,-3,DL,N949DN,2802,VPS,ATL,43,76,250,0,0,VPS,Destin-Ft Walton Beach Airport,30.4832,-86.525398,87,-6.0,A,Valparaiso,United States
"2018-10-09",1623,1614,9,1850,1859,-9,YX,N105HQ,4553,PNS,CLT,68,87,488,0,0,PNS,Pensacola Regional Airport,30.473400115967,-87.186599731445,121,-6.0,A,Pensacola,United States
"2018-10-09",1855,1640,135,2023,1805,138,MQ,N249NN,4069,TLH,DFW,125,148,767,0,0,TLH,Tallahassee Regional Airport,30.396499633789062,-84.35030364990234,81,-5.0,A,Tallahassee,United States
"2018-10-09",1619,1627,-8,1932,2004,-32,YX,N104HQ,4537,PNS,PHL,121,133,935,0,0,PNS,Pensacola Regional Airport,30.473400115967,-87.186599731445,121,-6.0,A,Pensacola,United States
"2018-10-09",1715,1702,13,1837,1827,10,MQ,N900AE,3861,TLH,MIA,65,82,402,0,0,TLH,Tallahassee Regional Airport,30.396499633789062,-84.35030364990234,81,-5.0,A,Tallahassee,United States
"2018-10-09",,1705,,,1900,,EV,N18556,4037,ECP,IAH,,,572,1,0,ECP,Northwest Florida Beaches International Airport,30.357106,-85.795414,69,-6.0,A,Panama City,United States
"2018-10-09",1743,1743,0,2020,2030,-10,MQ,N662EH,3427,PNS,MIA,88,97,530,0,0,PNS,Pensacola Regional Airport,30.473400115967,-87.186599731445,121,-6.0,A,Pensacola,United States
"2018-10-09",1754,1756,-2,1909,1903,6,DL,N904DL,1786,TLH,ATL,45,75,223,0,0,TLH,Tallahassee Regional Airport,30.396499633789062,-84.35030364990234,81,-5.0,A,Tallahassee,United States
"2018-10-09",1752,1757,-5,2001,2014,-13,DL,N682DA,1814,PNS,ATL,43,69,271,0,0,PNS,Pensacola Regional Airport,30.473400115967,-87.186599731445,121,-6.0,A,Pensacola,United States
"2018-10-09",1804,1759,5,2002,2013,-11,DL,N978DL,1403,ECP,ATL,39,58,240,0,0,ECP,Northwest Florida Beaches International Airport,30.357106,-85.795414,69,-6.0,A,Panama City,United States
"2018-10-09",1807,1806,1,2021,2030,-9,DL,N938DN,1167,VPS,ATL,46,74,250,0,0,VPS,Destin-Ft Walton Beach Airport,30.4832,-86.525398,87,-6.0,A,Valparaiso,United States
"2018-10-09",,1808,,,1940,,OH,N572NN,5248,TLH,CLT,,,386,1,0,TLH,Tallahassee Regional Airport,30.396499633789062,-84.35030364990234,81,-5.0,A,Tallahassee,United States
"2018-10-09",1856,1845,11,2137,2044,53,EV,N11539,4260,VPS,IAH,111,161,528,0,0,VPS,Destin-Ft Walton Beach Airport,30.4832,-86.525398,87,-6.0,A,Valparaiso,United States
"2018-10-09",1847,1852,-5,2127,2135,-8,OH,N510AE,5463,PNS,CLT,69,100,488,0,0,PNS,Pensacola Regional Airport,30.473400115967,-87.186599731445,121,-6.0,A,Pensacola,United States
"2018-10-09",2010,1850,80,2200,2029,91,YV,N88359,6036,PNS,IAH,87,110,489,0,0,PNS,Pensacola Regional Airport,30.473400115967,-87.186599731445,121,-6.0,A,Pensacola,United States
"2018-10-09",,1919,,,2130,,YV,N246LR,5906,VPS,DFW,,,641,1,0,VPS,Destin-Ft Walton Beach Airport,30.4832,-86.525398,87,-6.0,A,Valparaiso,United States
"2018-10-09",1849,1855,-6,2133,2135,-2,OH,N556NN,5709,VPS,CLT,74,104,460,0,0,VPS,Destin-Ft Walton Beach Airport,30.4832,-86.525398,87,-6.0,A,Valparaiso,United States
"2018-10-09",1922,1915,7,2124,2120,4,MQ,N228NN,3877,PNS,DFW,87,122,604,0,0,PNS,Pensacola Regional Airport,30.473400115967,-87.186599731445,121,-6.0,A,Pensacola,United States
"2018-10-09",,1928,,,2050,,MQ,N942LL,3844,TLH,MIA,,,402,1,0,TLH,Tallahassee Regional Airport,30.396499633789062,-84.35030364990234,81,-5.0,A,Tallahassee,United States
"2018-10-09",2125,1920,125,2234,2040,114,WN,N965WN,976,PNS,BNA,57,69,391,0,0,PNS,Pensacola Regional Airport,30.473400115967,-87.186599731445,121,-6.0,A,Pensacola,United States
"2018-10-09",,1935,,,2055,,WN,N964WN,2008,ECP,BNA,,,401,1,0,ECP,Northwest Florida Beaches International Airport,30.357106,-85.795414,69,-6.0,A,Panama City,United States
"2018-10-09",,2011,,,2142,,YX,N128HQ,4660,TLH,CLT,,,386,1,0,TLH,Tallahassee Regional Airport,30.396499633789062,-84.35030364990234,81,-5.0,A,Tallahassee,United States
"2018-10-09",1938,1945,-7,2109,2056,13,DL,N952AT,678,TLH,ATL,44,91,223,0,0,TLH,Tallahassee Regional Airport,30.396499633789062,-84.35030364990234,81,-5.0,A,Tallahassee,United States
"2018-10-10",,530,,,735,,DL,N994DL,856,PNS,ATL,,,271,1,0,PNS,Pensacola Regional Airport,30.473400115967,-87.186599731445,121,-6.0,A,Pensacola,United States
"2018-10-10",,545,,,650,,DL,N904DL,708,TLH,ATL,,,223,1,0,TLH,Tallahassee Regional Airport,30.396499633789062,-84.35030364990234,81,-5.0,A,Tallahassee,United States
"2018-10-10",,600,,,807,,DL,N985DL,2714,VPS,ATL,,,250,1,0,VPS,Destin-Ft Walton Beach Airport,30.4832,-86.525398,87,-6.0,A,Valparaiso,United States
"2018-10-10",,600,,,725,,OH,"",5584,TLH,CLT,,,386,1,0,TLH,Tallahassee Regional Airport,30.396499633789062,-84.35030364990234,81,-5.0,A,Tallahassee,United States
"2018-10-10",,601,,,844,,OH,"",5353,PNS,CLT,,,488,1,0,PNS,Pensacola Regional Airport,30.473400115967,-87.186599731445,121,-6.0,A,Pensacola,United States
"2018-10-10",,602,,,847,,MQ,N942LL,3508,PNS,MIA,,,530,1,0,PNS,Pensacola Regional Airport,30.473400115967,-87.186599731445,121,-6.0,A,Pensacola,United States
"2018-10-10",,609,,,851,,EV,N611QX,2899,ECP,CLT,,,437,1,0,ECP,Northwest Florida Beaches International Airport,30.357106,-85.795414,69,-6.0,A,Panama City,United States
"2018-10-10",,614,,,929,,OH,"",5082,PNS,DCA,,,816,1,0,PNS,Pensacola Regional Airport,30.473400115967,-87.186599731445,121,-6.0,A,Pensacola,United States
"2018-10-10",,630,,,839,,DL,N989DL,1234,PNS,ATL,,,271,1,0,PNS,Pensacola Regional Airport,30.473400115967,-87.186599731445,121,-6.0,A,Pensacola,United States
"2018-10-10",,634,,,915,,OH,"",5623,VPS,CLT,,,460,1,0,VPS,Destin-Ft Walton Beach Airport,30.4832,-86.525398,87,-6.0,A,Valparaiso,United States
"2018-10-10",,700,,,844,,G4,"",1902,VPS,BLV,,,587,1,0,VPS,Destin-Ft Walton Beach Airport,30.4832,-86.525398,87,-6.0,A,Valparaiso,United States
"2018-10-10",,701,,,920,,EV,N617QX,2889,ECP,DFW,,,685,1,0,ECP,Northwest Florida Beaches International Airport,30.357106,-85.795414,69,-6.0,A,Panama City,United States
"2018-10-10",,715,,,926,,DL,N906DL,955,VPS,ATL,,,250,1,0,VPS,Destin-Ft Walton Beach Airport,30.4832,-86.525398,87,-6.0,A,Valparaiso,United States
"2018-10-10",,715,,,925,,DL,N395DN,2430,ECP,ATL,,,240,1,0,ECP,Northwest Florida Beaches International Airport,30.357106,-85.795414,69,-6.0,A,Panama City,United States
"2018-10-10",,715,,,853,,YV,N88301,6262,PNS,IAH,,,489,1,0,PNS,Pensacola Regional Airport,30.473400115967,-87.186599731445,121,-6.0,A,Pensacola,United States
"2018-10-10",,721,,,929,,YX,"",4626,TLH,DCA,,,716,1,0,TLH,Tallahassee Regional Airport,30.396499633789062,-84.35030364990234,81,-5.0,A,Tallahassee,United States
"2018-10-10",,730,,,1100,,G4,"",1990,VPS,EWR,,,988,1,0,VPS,Destin-Ft Walton Beach Airport,30.4832,-86.525398,87,-6.0,A,Valparaiso,United States
"2018-10-10",,750,,,910,,WN,"",716,ECP,BNA,,,401,1,0,ECP,Northwest Florida Beaches International Airport,30.357106,-85.795414,69,-6.0,A,Panama City,United States
"2018-10-10",,750,,,910,,WN,"",1615,PNS,BNA,,,391,1,0,PNS,Pensacola Regional Airport,30.473400115967,-87.186599731445,121,-6.0,A,Pensacola,United States
"2018-10-10",,900,,,1055,,EV,N13975,4064,VPS,IAH,,,528,1,0,VPS,Destin-Ft Walton Beach Airport,30.4832,-86.525398,87,-6.0,A,Valparaiso,United States
"2018-10-10",,930,,,1115,,WN,"",1281,ECP,HOU,,,571,1,0,ECP,Northwest Florida Beaches International Airport,30.357106,-85.795414,69,-6.0,A,Panama City,United States
"2018-10-10",,947,,,1149,,DL,N985DL,2029,ECP,ATL,,,240,1,0,ECP,Northwest Florida Beaches International Airport,30.357106,-85.795414,69,-6.0,A,Panama City,United States
"2018-10-10",,1020,,,1128,,"9E",N295PQ,3281,TLH,ATL,,,223,1,0,TLH,Tallahassee Regional Airport,30.396499633789062,-84.35030364990234,81,-5.0,A,Tallahassee,United States
"2018-10-10",,1034,,,1249,,DL,N907DL,2716,VPS,ATL,,,250,1,0,VPS,Destin-Ft Walton Beach Airport,30.4832,-86.525398,87,-6.0,A,Valparaiso,United States
"2018-10-10",,1115,,,1332,,DL,N6703D,2179,PNS,ATL,,,271,1,0,PNS,Pensacola Regional Airport,30.473400115967,-87.186599731445,121,-6.0,A,Pensacola,United States
"2018-10-10",,1151,,,1340,,YX,N634RW,3682,PNS,IAH,,,489,1,0,PNS,Pensacola Regional Airport,30.473400115967,-87.186599731445,121,-6.0,A,Pensacola,United States
"2018-10-10",,1200,,,1412,,DL,N907DE,1733,ECP,ATL,,,240,1,0,ECP,Northwest Florida Beaches International Airport,30.357106,-85.795414,69,-6.0,A,Panama City,United States
"2018-10-10",,1203,,,1451,,G4,"",1900,VPS,CVG,,,600,1,0,VPS,Destin-Ft Walton Beach Airport,30.4832,-86.525398,87,-6.0,A,Valparaiso,United States
"2018-10-10",,1231,,,1355,,MQ,N657AE,3663,TLH,MIA,,,402,1,0,TLH,Tallahassee Regional Airport,30.396499633789062,-84.35030364990234,81,-5.0,A,Tallahassee,United States
"2018-10-10",,1234,,,1348,,DL,N973DL,489,TLH,ATL,,,223,1,0,TLH,Tallahassee Regional Airport,30.396499633789062,-84.35030364990234,81,-5.0,A,Tallahassee,United States
"2018-10-10",,1248,,,1506,,EV,N717EV,2876,ECP,DFW,,,685,1,0,ECP,Northwest Florida Beaches International Airport,30.357106,-85.795414,69,-6.0,A,Panama City,United States
"2018-10-10",,1327,,,1536,,YV,"",5740,VPS,DFW,,,641,1,0,VPS,Destin-Ft Walton Beach Airport,30.4832,-86.525398,87,-6.0,A,Valparaiso,United States
"2018-10-10",,1333,,,1534,,MQ,N236NN,3488,PNS,DFW,,,604,1,0,PNS,Pensacola Regional Airport,30.473400115967,-87.186599731445,121,-6.0,A,Pensacola,United States
"2018-10-10",,600,,,808,,DL,N851DN,1237,ECP,ATL,,,240,1,0,ECP,Northwest Florida Beaches International Airport,30.357106,-85.795414,69,-6.0,A,Panama City,United States
"2018-10-10",,700,,,855,,EV,N15980,3979,ECP,IAH,,,572,1,0,ECP,Northwest Florida Beaches International Airport,30.357106,-85.795414,69,-6.0,A,Panama City,United States
"2018-10-10",,700,,,803,,DL,N999DN,496,TLH,ATL,,,223,1,0,TLH,Tallahassee Regional Airport,30.396499633789062,-84.35030364990234,81,-5.0,A,Tallahassee,United States
"2018-10-10",,700,,,919,,AA,N9629H,1538,VPS,DFW,,,641,1,0,VPS,Destin-Ft Walton Beach Airport,30.4832,-86.525398,87,-6.0,A,Valparaiso,United States
"2018-10-10",,700,,,908,,AA,N983TW,2453,PNS,DFW,,,604,1,0,PNS,Pensacola Regional Airport,30.473400115967,-87.186599731445,121,-6.0,A,Pensacola,United States
"2018-10-10",,735,,,947,,DL,N995DL,1078,PNS,ATL,,,271,1,0,PNS,Pensacola Regional Airport,30.473400115967,-87.186599731445,121,-6.0,A,Pensacola,United States
"2018-10-10",,749,,,916,,MQ,N254NN,4116,TLH,DFW,,,767,1,0,TLH,Tallahassee Regional Airport,30.396499633789062,-84.35030364990234,81,-5.0,A,Tallahassee,United States
"2018-10-10",,850,,,1151,,G4,"326NV",1425,VPS,PIT,,,775,1,0,VPS,Destin-Ft Walton Beach Airport,30.4832,-86.525398,87,-6.0,A,Valparaiso,United States
"2018-10-10",,907,,,1156,,OH,"",5237,PNS,CLT,,,488,1,0,PNS,Pensacola Regional Airport,30.473400115967,-87.186599731445,121,-6.0,A,Pensacola,United States
"2018-10-10",,916,,,1127,,DL,N938DL,2212,PNS,ATL,,,271,1,0,PNS,Pensacola Regional Airport,30.473400115967,-87.186599731445,121,-6.0,A,Pensacola,United States
"2018-10-10",,935,,,1123,,EV,N16911,4298,PNS,IAH,,,489,1,0,PNS,Pensacola Regional Airport,30.473400115967,-87.186599731445,121,-6.0,A,Pensacola,United States
"2018-10-10",,935,,,1110,,WN,"",2229,PNS,HOU,,,488,1,0,PNS,Pensacola Regional Airport,30.473400115967,-87.186599731445,121,-6.0,A,Pensacola,United States
"2018-10-10",,941,,,1225,,OH,"",5564,VPS,CLT,,,460,1,0,VPS,Destin-Ft Walton Beach Airport,30.4832,-86.525398,87,-6.0,A,Valparaiso,United States
"2018-10-10",,1038,,,1320,,MQ,N918AE,3733,PNS,MIA,,,530,1,0,PNS,Pensacola Regional Airport,30.473400115967,-87.186599731445,121,-6.0,A,Pensacola,United States
"2018-10-10",,1054,,,1408,,YX,"",4609,VPS,DCA,,,789,1,0,VPS,Destin-Ft Walton Beach Airport,30.4832,-86.525398,87,-6.0,A,Valparaiso,United States
"2018-10-10",,1055,,,1228,,OH,"",5272,TLH,CLT,,,386,1,0,TLH,Tallahassee Regional Airport,30.396499633789062,-84.35030364990234,81,-5.0,A,Tallahassee,United States
"2018-10-10",,1244,,,1559,,MQ,N241NN,3822,PNS,DCA,,,816,1,0,PNS,Pensacola Regional Airport,30.473400115967,-87.186599731445,121,-6.0,A,Pensacola,United States
"2018-10-10",,1245,,,1531,,OH,"",5298,PNS,CLT,,,488,1,0,PNS,Pensacola Regional Airport,30.473400115967,-87.186599731445,121,-6.0,A,Pensacola,United States
"2018-10-10",,1320,,,1515,,EV,N11544,4134,ECP,IAH,,,572,1,0,ECP,Northwest Florida Beaches International Airport,30.357106,-85.795414,69,-6.0,A,Panama City,United States
"2018-10-10",,1331,,,1545,,DL,N990DL,1353,PNS,ATL,,,271,1,0,PNS,Pensacola Regional Airport,30.473400115967,-87.186599731445,121,-6.0,A,Pensacola,United States
"2018-10-10",,1428,,,1714,,OH,"",5500,VPS,CLT,,,460,1,0,VPS,Destin-Ft Walton Beach Airport,30.4832,-86.525398,87,-6.0,A,Valparaiso,United States
"2018-10-10",,1436,,,1643,,DL,N979DL,2506,ECP,ATL,,,240,1,0,ECP,Northwest Florida Beaches International Airport,30.357106,-85.795414,69,-6.0,A,Panama City,United States
"2018-10-10",,1432,,,1644,,DL,N954DL,2873,VPS,ATL,,,250,1,0,VPS,Destin-Ft Walton Beach Airport,30.4832,-86.525398,87,-6.0,A,Valparaiso,United States
"2018-10-10",,1435,,,1746,,G4,"",1946,VPS,BWI,,,819,1,0,VPS,Destin-Ft Walton Beach Airport,30.4832,-86.525398,87,-6.0,A,Valparaiso,United States
"2018-10-10",,1437,,,1722,,F9,"",1285,PNS,ORD,,,794,1,0,PNS,Pensacola Regional Airport,30.473400115967,-87.186599731445,121,-6.0,A,Pensacola,United States
"2018-10-10",,1457,,,1744,,EV,N616QX,2880,ECP,CLT,,,437,1,0,ECP,Northwest Florida Beaches International Airport,30.357106,-85.795414,69,-6.0,A,Panama City,United States
"2018-10-10",,1500,,,1655,,EV,N18557,4447,VPS,IAH,,,528,1,0,VPS,Destin-Ft Walton Beach Airport,30.4832,-86.525398,87,-6.0,A,Valparaiso,United States
"2018-10-10",,1515,,,1703,,EV,N13566,4142,PNS,IAH,,,489,1,0,PNS,Pensacola Regional Airport,30.473400115967,-87.186599731445,121,-6.0,A,Pensacola,United States
"2018-10-10",,1527,,,1705,,OH,"",5662,TLH,CLT,,,386,1,0,TLH,Tallahassee Regional Airport,30.396499633789062,-84.35030364990234,81,-5.0,A,Tallahassee,United States
"2018-10-10",,1528,,,1734,,AA,N9617R,2389,PNS,DFW,,,604,1,0,PNS,Pensacola Regional Airport,30.473400115967,-87.186599731445,121,-6.0,A,Pensacola,United States
"2018-10-10",,1600,,,1813,,DL,N973DL,2802,VPS,ATL,,,250,1,0,VPS,Destin-Ft Walton Beach Airport,30.4832,-86.525398,87,-6.0,A,Valparaiso,United States
"2018-10-10",,1555,,,1813,,DL,N916DE,1270,PNS,ATL,,,271,1,0,PNS,Pensacola Regional Airport,30.473400115967,-87.186599731445,121,-6.0,A,Pensacola,United States
"2018-10-10",,1614,,,1859,,YX,"",4553,PNS,CLT,,,488,1,0,PNS,Pensacola Regional Airport,30.473400115967,-87.186599731445,121,-6.0,A,Pensacola,United States
"2018-10-10",,1558,,,1710,,DL,N608AT,1399,TLH,ATL,,,223,1,0,TLH,Tallahassee Regional Airport,30.396499633789062,-84.35030364990234,81,-5.0,A,Tallahassee,United States
"2018-10-10",,1640,,,1805,,MQ,N253NN,4069,TLH,DFW,,,767,1,0,TLH,Tallahassee Regional Airport,30.396499633789062,-84.35030364990234,81,-5.0,A,Tallahassee,United States
"2018-10-10",,1627,,,2004,,YX,"",4537,PNS,PHL,,,935,1,0,PNS,Pensacola Regional Airport,30.473400115967,-87.186599731445,121,-6.0,A,Pensacola,United States
"2018-10-10",,1702,,,1827,,MQ,N668HH,3861,TLH,MIA,,,402,1,0,TLH,Tallahassee Regional Airport,30.396499633789062,-84.35030364990234,81,-5.0,A,Tallahassee,United States
"2018-10-10",,1705,,,1900,,EV,N15986,4037,ECP,IAH,,,572,1,0,ECP,Northwest Florida Beaches International Airport,30.357106,-85.795414,69,-6.0,A,Panama City,United States
"2018-10-10",,1743,,,2030,,MQ,N900AE,3427,PNS,MIA,,,530,1,0,PNS,Pensacola Regional Airport,30.473400115967,-87.186599731445,121,-6.0,A,Pensacola,United States
"2018-10-10",,1756,,,1903,,DL,N916DL,1786,TLH,ATL,,,223,1,0,TLH,Tallahassee Regional Airport,30.396499633789062,-84.35030364990234,81,-5.0,A,Tallahassee,United States
"2018-10-10",,1759,,,2013,,DL,N976DL,1403,ECP,ATL,,,240,1,0,ECP,Northwest Florida Beaches International Airport,30.357106,-85.795414,69,-6.0,A,Panama City,United States
"2018-10-10",1753,1757,-4,2037,2014,23,DL,N676DL,1814,PNS,ATL,71,104,271,0,0,PNS,Pensacola Regional Airport,30.473400115967,-87.186599731445,121,-6.0,A,Pensacola,United States
"2018-10-10",,1806,,,2030,,DL,N969DL,1167,VPS,ATL,,,250,1,0,VPS,Destin-Ft Walton Beach Airport,30.4832,-86.525398,87,-6.0,A,Valparaiso,United States
"2018-10-10",,1808,,,1940,,OH,"",5248,TLH,CLT,,,386,1,0,TLH,Tallahassee Regional Airport,30.396499633789062,-84.35030364990234,81,-5.0,A,Tallahassee,United States
"2018-10-10",,1850,,,2029,,YV,N87353,6036,PNS,IAH,,,489,1,0,PNS,Pensacola Regional Airport,30.473400115967,-87.186599731445,121,-6.0,A,Pensacola,United States
"2018-10-10",,1845,,,2044,,EV,N11539,4260,VPS,IAH,,,528,1,0,VPS,Destin-Ft Walton Beach Airport,30.4832,-86.525398,87,-6.0,A,Valparaiso,United States
"2018-10-10",,1915,,,2120,,MQ,N254NN,3877,PNS,DFW,,,604,1,0,PNS,Pensacola Regional Airport,30.473400115967,-87.186599731445,121,-6.0,A,Pensacola,United States
"2018-10-10",,1852,,,2135,,OH,"",5463,PNS,CLT,,,488,1,0,PNS,Pensacola Regional Airport,30.473400115967,-87.186599731445,121,-6.0,A,Pensacola,United States
"2018-10-10",,1855,,,2135,,OH,"",5709,VPS,CLT,,,460,1,0,VPS,Destin-Ft Walton Beach Airport,30.4832,-86.525398,87,-6.0,A,Valparaiso,United States
"2018-10-10",,1928,,,2050,,MQ,N697AB,3844,TLH,MIA,,,402,1,0,TLH,Tallahassee Regional Airport,30.396499633789062,-84.35030364990234,81,-5.0,A,Tallahassee,United States
"2018-10-10",,1919,,,2130,,YV,"",5906,VPS,DFW,,,641,1,0,VPS,Destin-Ft Walton Beach Airport,30.4832,-86.525398,87,-6.0,A,Valparaiso,United States
"2018-10-10",,1920,,,2040,,WN,"",976,PNS,BNA,,,391,1,0,PNS,Pensacola Regional Airport,30.473400115967,-87.186599731445,121,-6.0,A,Pensacola,United States
"2018-10-10",,1935,,,2055,,WN,"",2008,ECP,BNA,,,401,1,0,ECP,Northwest Florida Beaches International Airport,30.357106,-85.795414,69,-6.0,A,Panama City,United States
"2018-10-10",,1945,,,2056,,DL,N946AT,678,TLH,ATL,,,223,1,0,TLH,Tallahassee Regional Airport,30.396499633789062,-84.35030364990234,81,-5.0,A,Tallahassee,United States
"2018-10-10",,2011,,,2142,,YX,"",4660,TLH,CLT,,,386,1,0,TLH,Tallahassee Regional Airport,30.396499633789062,-84.35030364990234,81,-5.0,A,Tallahassee,United States
"2018-10-11",523,530,-7,740,735,5,DL,N969DL,856,PNS,ATL,54,77,271,0,0,PNS,Pensacola Regional Airport,30.473400115967,-87.186599731445,121,-6.0,A,Pensacola,United States
"2018-10-11",,545,,,650,,DL,N913DE,708,TLH,ATL,,,223,1,0,TLH,Tallahassee Regional Airport,30.396499633789062,-84.35030364990234,81,-5.0,A,Tallahassee,United States
"2018-10-11",,600,,,808,,DL,N894DN,1237,ECP,ATL,,,240,1,0,ECP,Northwest Florida Beaches International Airport,30.357106,-85.795414,69,-6.0,A,Panama City,United States
"2018-10-11",,601,,,844,,OH,"",5353,PNS,CLT,,,488,1,0,PNS,Pensacola Regional Airport,30.473400115967,-87.186599731445,121,-6.0,A,Pensacola,United States
"2018-10-11",,600,,,807,,DL,N912DE,2714,VPS,ATL,,,250,1,0,VPS,Destin-Ft Walton Beach Airport,30.4832,-86.525398,87,-6.0,A,Valparaiso,United States
"2018-10-11",,600,,,725,,OH,"",5584,TLH,CLT,,,386,1,0,TLH,Tallahassee Regional Airport,30.396499633789062,-84.35030364990234,81,-5.0,A,Tallahassee,United States
"2018-10-11",,602,,,847,,MQ,N696AE,3508,PNS,MIA,,,530,1,0,PNS,Pensacola Regional Airport,30.473400115967,-87.186599731445,121,-6.0,A,Pensacola,United States
"2018-10-11",,609,,,851,,EV,N616QX,2899,ECP,CLT,,,437,1,0,ECP,Northwest Florida Beaches International Airport,30.357106,-85.795414,69,-6.0,A,Panama City,United States
"2018-10-11",,614,,,929,,OH,"",5082,PNS,DCA,,,816,1,0,PNS,Pensacola Regional Airport,30.473400115967,-87.186599731445,121,-6.0,A,Pensacola,United States
"2018-10-11",630,630,0,846,839,7,DL,N960DL,1234,PNS,ATL,52,76,271,0,0,PNS,Pensacola Regional Airport,30.473400115967,-87.186599731445,121,-6.0,A,Pensacola,United States
"2018-10-11",,634,,,915,,OH,"",5623,VPS,CLT,,,460,1,0,VPS,Destin-Ft Walton Beach Airport,30.4832,-86.525398,87,-6.0,A,Valparaiso,United States
"2018-10-11",,700,,,803,,DL,N998DL,496,TLH,ATL,,,223,1,0,TLH,Tallahassee Regional Airport,30.396499633789062,-84.35030364990234,81,-5.0,A,Tallahassee,United States
"2018-10-11",,700,,,901,,G4,"",1992,VPS,AUS,,,666,1,0,VPS,Destin-Ft Walton Beach Airport,30.4832,-86.525398,87,-6.0,A,Valparaiso,United States
"2018-10-11",,701,,,920,,EV,N720EV,2889,ECP,DFW,,,685,1,0,ECP,Northwest Florida Beaches International Airport,30.357106,-85.795414,69,-6.0,A,Panama City,United States
"2018-10-11",726,735,-9,940,947,-7,DL,N989DL,1078,PNS,ATL,46,74,271,0,0,PNS,Pensacola Regional Airport,30.473400115967,-87.186599731445,121,-6.0,A,Pensacola,United States
"2018-10-11",,749,,,916,,MQ,N242NN,4116,TLH,DFW,,,767,1,0,TLH,Tallahassee Regional Airport,30.396499633789062,-84.35030364990234,81,-5.0,A,Tallahassee,United States
"2018-10-11",,750,,,910,,WN,"",716,ECP,BNA,,,401,1,0,ECP,Northwest Florida Beaches International Airport,30.357106,-85.795414,69,-6.0,A,Panama City,United States
"2018-10-11",,750,,,910,,WN,"",1615,PNS,BNA,,,391,1,0,PNS,Pensacola Regional Airport,30.473400115967,-87.186599731445,121,-6.0,A,Pensacola,United States
"2018-10-11",,907,,,1156,,OH,N585NN,5237,PNS,CLT,,,488,1,0,PNS,Pensacola Regional Airport,30.473400115967,-87.186599731445,121,-6.0,A,Pensacola,United States
"2018-10-11",909,916,-7,1114,1127,-13,DL,N965DL,2212,PNS,ATL,50,65,271,0,0,PNS,Pensacola Regional Airport,30.473400115967,-87.186599731445,121,-6.0,A,Pensacola,United States
"2018-10-11",,930,,,1115,,WN,"",1281,ECP,HOU,,,571,1,0,ECP,Northwest Florida Beaches International Airport,30.357106,-85.795414,69,-6.0,A,Panama City,United States
"2018-10-11",924,933,-9,1131,1144,-13,YV,N925FJ,5725,VPS,DFW,95,127,641,0,0,VPS,Destin-Ft Walton Beach Airport,30.4832,-86.525398,87,-6.0,A,Valparaiso,United States
"2018-10-11",1002,935,27,1128,1110,18,WN,N7747C,2229,PNS,HOU,76,86,488,0,0,PNS,Pensacola Regional Airport,30.473400115967,-87.186599731445,121,-6.0,A,Pensacola,United States
"2018-10-11",925,935,-10,1110,1123,-13,EV,N14904,4298,PNS,IAH,88,105,489,0,0,PNS,Pensacola Regional Airport,30.473400115967,-87.186599731445,121,-6.0,A,Pensacola,United States
"2018-10-11",,941,,,1225,,OH,N551NN,5564,VPS,CLT,,,460,1,0,VPS,Destin-Ft Walton Beach Airport,30.4832,-86.525398,87,-6.0,A,Valparaiso,United States
"2018-10-11",,947,,,1149,,DL,N912DE,2029,ECP,ATL,,,240,1,0,ECP,Northwest Florida Beaches International Airport,30.357106,-85.795414,69,-6.0,A,Panama City,United States
"2018-10-11",1052,1020,32,1213,1128,45,"9E",N295PQ,3281,TLH,ATL,47,81,223,0,0,TLH,Tallahassee Regional Airport,30.396499633789062,-84.35030364990234,81,-5.0,A,Tallahassee,United States
"2018-10-11",1032,1034,-2,1244,1249,-5,DL,N906DL,2716,VPS,ATL,47,72,250,0,0,VPS,Destin-Ft Walton Beach Airport,30.4832,-86.525398,87,-6.0,A,Valparaiso,United States
"2018-10-11",,1200,,,1412,,DL,N974DL,1733,ECP,ATL,,,240,1,0,ECP,Northwest Florida Beaches International Airport,30.357106,-85.795414,69,-6.0,A,Panama City,United States
"2018-10-11",1207,1211,-4,1417,1423,-6,F9,N230FR,641,PNS,DEN,165,190,1179,0,0,PNS,Pensacola Regional Airport,30.473400115967,-87.186599731445,121,-6.0,A,Pensacola,United States
"2018-10-11",1243,1244,-1,1602,1559,3,MQ,N232NN,3822,PNS,DCA,114,139,816,0,0,PNS,Pensacola Regional Airport,30.473400115967,-87.186599731445,121,-6.0,A,Pensacola,United States
"2018-10-11",,1248,,,1506,,EV,N716EV,2876,ECP,DFW,,,685,1,0,ECP,Northwest Florida Beaches International Airport,30.357106,-85.795414,69,-6.0,A,Panama City,United States
"2018-10-11",1238,1248,-10,1412,1432,-20,G4,"217NV",1902,VPS,BLV,73,94,587,0,0,VPS,Destin-Ft Walton Beach Airport,30.4832,-86.525398,87,-6.0,A,Valparaiso,United States
"2018-10-11",1313,1318,-5,1540,1600,-20,G4,"229NV",1918,VPS,SDF,70,87,532,0,0,VPS,Destin-Ft Walton Beach Airport,30.4832,-86.525398,87,-6.0,A,Valparaiso,United States
"2018-10-11",,1320,,,1515,,EV,N14905,4134,ECP,IAH,,,572,1,0,ECP,Northwest Florida Beaches International Airport,30.357106,-85.795414,69,-6.0,A,Panama City,United States
"2018-10-11",1321,1327,-6,1524,1536,-12,YV,N955LR,5740,VPS,DFW,97,123,641,0,0,VPS,Destin-Ft Walton Beach Airport,30.4832,-86.525398,87,-6.0,A,Valparaiso,United States
"2018-10-11",1327,1333,-6,1527,1534,-7,MQ,N254NN,3488,PNS,DFW,90,120,604,0,0,PNS,Pensacola Regional Airport,30.473400115967,-87.186599731445,121,-6.0,A,Pensacola,United States
"2018-10-11",1429,1432,-3,1637,1644,-7,DL,N936DL,2873,VPS,ATL,44,68,250,0,0,VPS,Destin-Ft Walton Beach Airport,30.4832,-86.525398,87,-6.0,A,Valparaiso,United States
"2018-10-11",,1436,,,1643,,DL,N920DE,2506,ECP,ATL,,,240,1,0,ECP,Northwest Florida Beaches International Airport,30.357106,-85.795414,69,-6.0,A,Panama City,United States
"2018-10-11",,700,,,855,,EV,N17115,3979,ECP,IAH,,,572,1,0,ECP,Northwest Florida Beaches International Airport,30.357106,-85.795414,69,-6.0,A,Panama City,United States
"2018-10-11",,700,,,919,,AA,N9629H,1538,VPS,DFW,,,641,1,0,VPS,Destin-Ft Walton Beach Airport,30.4832,-86.525398,87,-6.0,A,Valparaiso,United States
"2018-10-11",,700,,,908,,AA,N7541A,2453,PNS,DFW,,,604,1,0,PNS,Pensacola Regional Airport,30.473400115967,-87.186599731445,121,-6.0,A,Pensacola,United States
"2018-10-11",,715,,,926,,DL,N963DL,955,VPS,ATL,,,250,1,0,VPS,Destin-Ft Walton Beach Airport,30.4832,-86.525398,87,-6.0,A,Valparaiso,United States
"2018-10-11",,715,,,853,,YV,N85355,6262,PNS,IAH,,,489,1,0,PNS,Pensacola Regional Airport,30.473400115967,-87.186599731445,121,-6.0,A,Pensacola,United States
"2018-10-11",,715,,,925,,DL,N375DA,2430,ECP,ATL,,,240,1,0,ECP,Northwest Florida Beaches International Airport,30.357106,-85.795414,69,-6.0,A,Panama City,United States
"2018-10-11",,721,,,929,,YX,"",4626,TLH,DCA,,,716,1,0,TLH,Tallahassee Regional Airport,30.396499633789062,-84.35030364990234,81,-5.0,A,Tallahassee,United States
"2018-10-11",,730,,,937,,G4,"",1908,VPS,OKC,,,726,1,0,VPS,Destin-Ft Walton Beach Airport,30.4832,-86.525398,87,-6.0,A,Valparaiso,United States
"2018-10-11",,900,,,1055,,EV,N15980,4064,VPS,IAH,,,528,1,0,VPS,Destin-Ft Walton Beach Airport,30.4832,-86.525398,87,-6.0,A,Valparaiso,United States
"2018-10-11",1035,1038,-3,1333,1320,13,MQ,N697AB,3733,PNS,MIA,96,118,530,0,0,PNS,Pensacola Regional Airport,30.473400115967,-87.186599731445,121,-6.0,A,Pensacola,United States
"2018-10-11",1056,1054,2,1408,1408,0,YX,N405YX,4609,VPS,DCA,109,132,789,0,0,VPS,Destin-Ft Walton Beach Airport,30.4832,-86.525398,87,-6.0,A,Valparaiso,United States
"2018-10-11",,1055,,,1228,,OH,"",5272,TLH,CLT,,,386,1,0,TLH,Tallahassee Regional Airport,30.396499633789062,-84.35030364990234,81,-5.0,A,Tallahassee,United States
"2018-10-11",1110,1115,-5,1320,1332,-12,DL,N682DA,2179,PNS,ATL,46,70,271,0,0,PNS,Pensacola Regional Airport,30.473400115967,-87.186599731445,121,-6.0,A,Pensacola,United States
"2018-10-11",,1151,,,1340,,YX,N644RW,3682,PNS,IAH,,,489,1,0,PNS,Pensacola Regional Airport,30.473400115967,-87.186599731445,121,-6.0,A,Pensacola,United States
"2018-10-11",1344,1231,73,1537,1355,102,MQ,N681AE,3663,TLH,MIA,98,113,402,0,0,TLH,Tallahassee Regional Airport,30.396499633789062,-84.35030364990234,81,-5.0,A,Tallahassee,United States
"2018-10-11",1330,1245,45,1558,1531,27,OH,N581NN,5298,PNS,CLT,66,88,488,0,0,PNS,Pensacola Regional Airport,30.473400115967,-87.186599731445,121,-6.0,A,Pensacola,United States
"2018-10-11",1251,1245,6,1409,1359,10,"9E",N135EV,5363,TLH,ATL,52,78,223,0,0,TLH,Tallahassee Regional Airport,30.396499633789062,-84.35030364990234,81,-5.0,A,Tallahassee,United States
"2018-10-11",1331,1331,0,1547,1545,2,DL,N997DL,1353,PNS,ATL,46,76,271,0,0,PNS,Pensacola Regional Airport,30.473400115967,-87.186599731445,121,-6.0,A,Pensacola,United States
"2018-10-11",1530,1428,62,1816,1714,62,OH,N596NN,5500,VPS,CLT,61,106,460,0,0,VPS,Destin-Ft Walton Beach Airport,30.4832,-86.525398,87,-6.0,A,Valparaiso,United States
"2018-10-11",1509,1515,-6,1656,1703,-7,EV,N12167,4142,PNS,IAH,81,107,489,0,0,PNS,Pensacola Regional Airport,30.473400115967,-87.186599731445,121,-6.0,A,Pensacola,United States
"2018-10-11",,1457,,,1744,,EV,N738EV,2880,ECP,CLT,,,437,1,0,ECP,Northwest Florida Beaches International Airport,30.357106,-85.795414,69,-6.0,A,Panama City,United States
"2018-10-11",1451,1500,-9,1640,1655,-15,EV,N14904,4447,VPS,IAH,93,109,528,0,0,VPS,Destin-Ft Walton Beach Airport,30.4832,-86.525398,87,-6.0,A,Valparaiso,United States
"2018-10-11",1611,1527,44,1814,1705,69,OH,N588NN,5662,TLH,CLT,62,123,386,0,0,TLH,Tallahassee Regional Airport,30.396499633789062,-84.35030364990234,81,-5.0,A,Tallahassee,United States
"2018-10-11",1517,1528,-11,1711,1734,-23,AA,N968TW,2389,PNS,DFW,93,114,604,0,0,PNS,Pensacola Regional Airport,30.473400115967,-87.186599731445,121,-6.0,A,Pensacola,United States
"2018-10-11",1547,1555,-8,1753,1813,-20,DL,N910DE,1270,PNS,ATL,42,66,271,0,0,PNS,Pensacola Regional Airport,30.473400115967,-87.186599731445,121,-6.0,A,Pensacola,United States
"2018-10-11",1554,1600,-6,1803,1813,-10,DL,N960DL,2802,VPS,ATL,43,69,250,0,0,VPS,Destin-Ft Walton Beach Airport,30.4832,-86.525398,87,-6.0,A,Valparaiso,United States
"2018-10-11",1546,1558,-12,1704,1710,-6,"9E",N307PQ,5145,TLH,ATL,45,78,223,0,0,TLH,Tallahassee Regional Airport,30.396499633789062,-84.35030364990234,81,-5.0,A,Tallahassee,United States
"2018-10-11",,1614,,,1859,,YX,"",4553,PNS,CLT,,,488,1,0,PNS,Pensacola Regional Airport,30.473400115967,-87.186599731445,121,-6.0,A,Pensacola,United States
"2018-10-11",1645,1640,5,1752,1805,-13,MQ,N257NN,4069,TLH,DFW,113,127,767,0,0,TLH,Tallahassee Regional Airport,30.396499633789062,-84.35030364990234,81,-5.0,A,Tallahassee,United States
"2018-10-11",1726,1627,59,2129,2004,85,YX,N122HQ,4537,PNS,PHL,150,183,935,0,0,PNS,Pensacola Regional Airport,30.473400115967,-87.186599731445,121,-6.0,A,Pensacola,United States
"2018-10-11",1700,1702,-2,1828,1827,1,MQ,N942LL,3861,TLH,MIA,69,88,402,0,0,TLH,Tallahassee Regional Airport,30.396499633789062,-84.35030364990234,81,-5.0,A,Tallahassee,United States
"2018-10-11",,1705,,,1900,,EV,N13538,4037,ECP,IAH,,,572,1,0,ECP,Northwest Florida Beaches International Airport,30.357106,-85.795414,69,-6.0,A,Panama City,United States
"2018-10-11",1734,1751,-17,1916,1944,-28,G4,"217NV",1912,VPS,SGF,84,102,610,0,0,VPS,Destin-Ft Walton Beach Airport,30.4832,-86.525398,87,-6.0,A,Valparaiso,United States
"2018-10-11",1737,1743,-6,2016,2030,-14,MQ,N932AE,3427,PNS,MIA,85,99,530,0,0,PNS,Pensacola Regional Airport,30.473400115967,-87.186599731445,121,-6.0,A,Pensacola,United States
"2018-10-11",1752,1756,-4,1907,1903,4,DL,N981DL,1786,TLH,ATL,40,75,223,0,0,TLH,Tallahassee Regional Airport,30.396499633789062,-84.35030364990234,81,-5.0,A,Tallahassee,United States
"2018-10-11",1754,1757,-3,2023,2014,9,DL,N697DL,1814,PNS,ATL,46,89,271,0,0,PNS,Pensacola Regional Airport,30.473400115967,-87.186599731445,121,-6.0,A,Pensacola,United States
"2018-10-11",,1759,,,2013,,DL,N994DL,1403,ECP,ATL,,,240,1,0,ECP,Northwest Florida Beaches International Airport,30.357106,-85.795414,69,-6.0,A,Panama City,United States
"2018-10-11",1806,1806,0,2020,2030,-10,DL,N916DE,1167,VPS,ATL,48,74,250,0,0,VPS,Destin-Ft Walton Beach Airport,30.4832,-86.525398,87,-6.0,A,Valparaiso,United States
"2018-10-11",1841,1808,33,1953,1940,13,OH,N590NN,5248,TLH,CLT,56,72,386,0,0,TLH,Tallahassee Regional Airport,30.396499633789062,-84.35030364990234,81,-5.0,A,Tallahassee,United States
"2018-10-11",1802,1821,-19,1918,1938,-20,G4,"229NV",1910,VPS,BNA,59,76,389,0,0,VPS,Destin-Ft Walton Beach Airport,30.4832,-86.525398,87,-6.0,A,Valparaiso,United States
"2018-10-11",2112,1850,142,2256,2029,147,YV,N86324,6036,PNS,IAH,83,104,489,0,0,PNS,Pensacola Regional Airport,30.473400115967,-87.186599731445,121,-6.0,A,Pensacola,United States
"2018-10-11",1835,1845,-10,2039,2044,-5,EV,N11539,4260,VPS,IAH,99,124,528,0,0,VPS,Destin-Ft Walton Beach Airport,30.4832,-86.525398,87,-6.0,A,Valparaiso,United States
"2018-10-11",1903,1915,-12,2104,2120,-16,MQ,N235NN,3877,PNS,DFW,97,121,604,0,0,PNS,Pensacola Regional Airport,30.473400115967,-87.186599731445,121,-6.0,A,Pensacola,United States
"2018-10-11",2026,1852,94,2256,2135,81,OH,N508AE,5463,PNS,CLT,68,90,488,0,0,PNS,Pensacola Regional Airport,30.473400115967,-87.186599731445,121,-6.0,A,Pensacola,United States
"2018-10-11",1934,1855,39,2201,2135,26,OH,N594NN,5709,VPS,CLT,60,87,460,0,0,VPS,Destin-Ft Walton Beach Airport,30.4832,-86.525398,87,-6.0,A,Valparaiso,United States
"2018-10-11",1939,1945,-6,2045,2057,-12,"9E",N307PQ,5203,TLH,ATL,44,66,223,0,0,TLH,Tallahassee Regional Airport,30.396499633789062,-84.35030364990234,81,-5.0,A,Tallahassee,United States
"2018-10-11",1914,1919,-5,2121,2130,-9,YV,N922FJ,5906,VPS,DFW,105,127,641,0,0,VPS,Destin-Ft Walton Beach Airport,30.4832,-86.525398,87,-6.0,A,Valparaiso,United States
"2018-10-11",1915,1920,-5,2027,2040,-13,WN,N206WN,976,PNS,BNA,57,72,391,0,0,PNS,Pensacola Regional Airport,30.473400115967,-87.186599731445,121,-6.0,A,Pensacola,United States
"2018-10-11",1936,1928,8,2054,2050,4,MQ,N681AE,3844,TLH,MIA,64,78,402,0,0,TLH,Tallahassee Regional Airport,30.396499633789062,-84.35030364990234,81,-5.0,A,Tallahassee,United States
"2018-10-11",,1935,,,2055,,WN,N7831B,2008,ECP,BNA,,,401,1,0,ECP,Northwest Florida Beaches International Airport,30.357106,-85.795414,69,-6.0,A,Panama City,United States
"2018-10-11",,2011,,,2142,,YX,"",4660,TLH,CLT,,,386,1,0,TLH,Tallahassee Regional Airport,30.396499633789062,-84.35030364990234,81,-5.0,A,Tallahassee,United States
"2018-10-12",524,530,-6,724,735,-11,DL,N986DL,856,PNS,ATL,44,60,271,0,0,PNS,Pensacola Regional Airport,30.473400115967,-87.186599731445,121,-6.0,A,Pensacola,United States
"2018-10-12",,600,,,808,,DL,N865DN,1237,ECP,ATL,,,240,1,0,ECP,Northwest Florida Beaches International Airport,30.357106,-85.795414,69,-6.0,A,Panama City,United States
"2018-10-12",540,545,-5,640,650,-10,DL,N906DL,708,TLH,ATL,42,60,223,0,0,TLH,Tallahassee Regional Airport,30.396499633789062,-84.35030364990234,81,-5.0,A,Tallahassee,United States
"2018-10-12",556,600,-4,802,807,-5,DL,N948DL,2714,VPS,ATL,44,66,250,0,0,VPS,Destin-Ft Walton Beach Airport,30.4832,-86.525398,87,-6.0,A,Valparaiso,United States
"2018-10-12",,600,,,725,,OH,"",5584,TLH,CLT,,,386,1,0,TLH,Tallahassee Regional Airport,30.396499633789062,-84.35030364990234,81,-5.0,A,Tallahassee,United States
"2018-10-12",601,601,0,842,844,-2,OH,N567NN,5353,PNS,CLT,77,101,488,0,0,PNS,Pensacola Regional Airport,30.473400115967,-87.186599731445,121,-6.0,A,Pensacola,United States
"2018-10-12",612,602,10,854,847,7,MQ,N649PP,3508,PNS,MIA,81,102,530,0,0,PNS,Pensacola Regional Airport,30.473400115967,-87.186599731445,121,-6.0,A,Pensacola,United States
"2018-10-12",643,614,29,949,929,20,OH,N537EA,5082,PNS,DCA,105,126,816,0,0,PNS,Pensacola Regional Airport,30.473400115967,-87.186599731445,121,-6.0,A,Pensacola,United States
"2018-10-12",,609,,,851,,EV,N719EV,2899,ECP,CLT,,,437,1,0,ECP,Northwest Florida Beaches International Airport,30.357106,-85.795414,69,-6.0,A,Panama City,United States
"2018-10-12",,700,,,855,,EV,N19554,3979,ECP,IAH,,,572,1,0,ECP,Northwest Florida Beaches International Airport,30.357106,-85.795414,69,-6.0,A,Panama City,United States
"2018-10-12",649,700,-11,946,952,-6,G4,"229NV",1916,VPS,LCK,100,117,675,0,0,VPS,Destin-Ft Walton Beach Airport,30.4832,-86.525398,87,-6.0,A,Valparaiso,United States
"2018-10-12",,701,,,920,,EV,N738EV,2889,ECP,DFW,,,685,1,0,ECP,Northwest Florida Beaches International Airport,30.357106,-85.795414,69,-6.0,A,Panama City,United States
"2018-10-12",,715,,,925,,DL,N3739P,2430,ECP,ATL,,,240,1,0,ECP,Northwest Florida Beaches International Airport,30.357106,-85.795414,69,-6.0,A,Panama City,United States
"2018-10-12",,721,,,929,,YX,"",4626,TLH,DCA,,,716,1,0,TLH,Tallahassee Regional Airport,30.396499633789062,-84.35030364990234,81,-5.0,A,Tallahassee,United States
"2018-10-12",732,735,-3,939,947,-8,DL,N920DE,1078,PNS,ATL,45,67,271,0,0,PNS,Pensacola Regional Airport,30.473400115967,-87.186599731445,121,-6.0,A,Pensacola,United States
"2018-10-12",748,750,-2,905,910,-5,WN,N7857B,1615,PNS,BNA,63,77,391,0,0,PNS,Pensacola Regional Airport,30.473400115967,-87.186599731445,121,-6.0,A,Pensacola,United States
"2018-10-12",,930,,,1115,,WN,N945WN,1281,ECP,HOU,,,571,1,0,ECP,Northwest Florida Beaches International Airport,30.357106,-85.795414,69,-6.0,A,Panama City,United States
"2018-10-12",1050,935,75,1239,1123,76,EV,N14916,4298,PNS,IAH,85,109,489,0,0,PNS,Pensacola Regional Airport,30.473400115967,-87.186599731445,121,-6.0,A,Pensacola,United States
"2018-10-12",944,935,9,1113,1110,3,WN,N797MX,2229,PNS,HOU,77,89,488,0,0,PNS,Pensacola Regional Airport,30.473400115967,-87.186599731445,121,-6.0,A,Pensacola,United States
"2018-10-12",934,941,-7,1207,1225,-18,OH,N558NN,5564,VPS,CLT,66,93,460,0,0,VPS,Destin-Ft Walton Beach Airport,30.4832,-86.525398,87,-6.0,A,Valparaiso,United States
"2018-10-12",,944,,,1146,,DL,N982DL,2029,ECP,ATL,,,240,1,0,ECP,Northwest Florida Beaches International Airport,30.357106,-85.795414,69,-6.0,A,Panama City,United States
"2018-10-12",1026,1038,-12,1314,1320,-6,MQ,N662EH,3733,PNS,MIA,90,108,530,0,0,PNS,Pensacola Regional Airport,30.473400115967,-87.186599731445,121,-6.0,A,Pensacola,United States
"2018-10-12",,1100,,,1220,,WN,N8714Q,5774,ECP,BNA,,,401,1,0,ECP,Northwest Florida Beaches International Airport,30.357106,-85.795414,69,-6.0,A,Panama City,United States
"2018-10-12",1100,1105,-5,1302,1322,-20,DL,N935DL,2179,PNS,ATL,43,62,271,0,0,PNS,Pensacola Regional Airport,30.473400115967,-87.186599731445,121,-6.0,A,Pensacola,United States
"2018-10-12",1149,1151,-2,1338,1340,-2,YX,N723YX,3682,PNS,IAH,86,109,489,0,0,PNS,Pensacola Regional Airport,30.473400115967,-87.186599731445,121,-6.0,A,Pensacola,United States
"2018-10-12",1250,1200,50,1527,1412,75,DL,N947DL,1733,ECP,ATL,45,97,240,0,0,ECP,Northwest Florida Beaches International Airport,30.357106,-85.795414,69,-6.0,A,Panama City,United States
"2018-10-12",1237,1231,6,1403,1355,8,MQ,N925AE,3663,TLH,MIA,70,86,402,0,0,TLH,Tallahassee Regional Airport,30.396499633789062,-84.35030364990234,81,-5.0,A,Tallahassee,United States
"2018-10-12",1226,1234,-8,1327,1348,-21,DL,N956DL,489,TLH,ATL,41,61,223,0,0,TLH,Tallahassee Regional Airport,30.396499633789062,-84.35030364990234,81,-5.0,A,Tallahassee,United States
"2018-10-12",1238,1245,-7,1521,1531,-10,OH,N598NN,5298,PNS,CLT,68,103,488,0,0,PNS,Pensacola Regional Airport,30.473400115967,-87.186599731445,121,-6.0,A,Pensacola,United States
"2018-10-12",1330,1331,-1,1539,1545,-6,DL,N907DE,1353,PNS,ATL,41,69,271,0,0,PNS,Pensacola Regional Airport,30.473400115967,-87.186599731445,121,-6.0,A,Pensacola,United States
"2018-10-12",1502,1428,34,1726,1714,12,OH,N597NN,5500,VPS,CLT,63,84,460,0,0,VPS,Destin-Ft Walton Beach Airport,30.4832,-86.525398,87,-6.0,A,Valparaiso,United States
"2018-10-12",1436,1436,0,1633,1643,-10,DL,N904DL,2506,ECP,ATL,40,57,240,0,0,ECP,Northwest Florida Beaches International Airport,30.357106,-85.795414,69,-6.0,A,Panama City,United States
"2018-10-12",1445,1500,-15,1635,1655,-20,EV,N26545,4447,VPS,IAH,90,110,528,0,0,VPS,Destin-Ft Walton Beach Airport,30.4832,-86.525398,87,-6.0,A,Valparaiso,United States
"2018-10-12",711,630,41,914,839,35,DL,N983DL,1234,PNS,ATL,43,63,271,0,0,PNS,Pensacola Regional Airport,30.473400115967,-87.186599731445,121,-6.0,A,Pensacola,United States
"2018-10-12",632,634,-2,901,915,-14,OH,N573NN,5623,VPS,CLT,68,89,460,0,0,VPS,Destin-Ft Walton Beach Airport,30.4832,-86.525398,87,-6.0,A,Valparaiso,United States
"2018-10-12",653,700,-7,852,919,-27,AA,N9621A,1538,VPS,DFW,95,119,641,0,0,VPS,Destin-Ft Walton Beach Airport,30.4832,-86.525398,87,-6.0,A,Valparaiso,United States
"2018-10-12",719,700,19,929,908,21,AA,N980TW,2453,PNS,DFW,100,130,604,0,0,PNS,Pensacola Regional Airport,30.473400115967,-87.186599731445,121,-6.0,A,Pensacola,United States
"2018-10-12",654,700,-6,800,803,-3,DL,N902DE,496,TLH,ATL,44,66,223,0,0,TLH,Tallahassee Regional Airport,30.396499633789062,-84.35030364990234,81,-5.0,A,Tallahassee,United States
"2018-10-12",1315,715,360,1457,853,364,YV,N87302,6262,PNS,IAH,83,102,489,0,0,PNS,Pensacola Regional Airport,30.473400115967,-87.186599731445,121,-6.0,A,Pensacola,United States
"2018-10-12",723,715,8,929,926,3,DL,N937DL,955,VPS,ATL,42,66,250,0,0,VPS,Destin-Ft Walton Beach Airport,30.4832,-86.525398,87,-6.0,A,Valparaiso,United States
"2018-10-12",,749,,,916,,MQ,N260NN,4116,TLH,DFW,,,767,1,0,TLH,Tallahassee Regional Airport,30.396499633789062,-84.35030364990234,81,-5.0,A,Tallahassee,United States
"2018-10-12",,750,,,910,,WN,"",716,ECP,BNA,,,401,1,0,ECP,Northwest Florida Beaches International Airport,30.357106,-85.795414,69,-6.0,A,Panama City,United States
"2018-10-12",847,900,-13,1038,1055,-17,EV,N16911,4064,VPS,IAH,94,111,528,0,0,VPS,Destin-Ft Walton Beach Airport,30.4832,-86.525398,87,-6.0,A,Valparaiso,United States
"2018-10-12",856,907,-11,1147,1156,-9,OH,N572NN,5237,PNS,CLT,70,111,488,0,0,PNS,Pensacola Regional Airport,30.473400115967,-87.186599731445,121,-6.0,A,Pensacola,United States
"2018-10-12",1004,916,48,1212,1127,45,DL,N905DE,2212,PNS,ATL,43,68,271,0,0,PNS,Pensacola Regional Airport,30.473400115967,-87.186599731445,121,-6.0,A,Pensacola,United States
"2018-10-12",920,933,-13,1136,1144,-8,YV,N947LR,5725,VPS,DFW,106,136,641,0,0,VPS,Destin-Ft Walton Beach Airport,30.4832,-86.525398,87,-6.0,A,Valparaiso,United States
"2018-10-12",1015,1020,-5,1128,1128,0,"9E",N921XJ,3281,TLH,ATL,48,73,223,0,0,TLH,Tallahassee Regional Airport,30.396499633789062,-84.35030364990234,81,-5.0,A,Tallahassee,United States
"2018-10-12",1033,1034,-1,1236,1249,-13,DL,N998DL,2716,VPS,ATL,42,63,250,0,0,VPS,Destin-Ft Walton Beach Airport,30.4832,-86.525398,87,-6.0,A,Valparaiso,United States
"2018-10-12",1051,1054,-3,1419,1408,11,YX,N437YX,4609,VPS,DCA,99,148,789,0,0,VPS,Destin-Ft Walton Beach Airport,30.4832,-86.525398,87,-6.0,A,Valparaiso,United States
"2018-10-12",1101,1055,6,1223,1228,-5,OH,N569NN,5272,TLH,CLT,59,82,386,0,0,TLH,Tallahassee Regional Airport,30.396499633789062,-84.35030364990234,81,-5.0,A,Tallahassee,United States
"2018-10-12",1208,1225,-17,1504,1513,-9,G4,"229NV",1900,VPS,CVG,87,116,600,0,0,VPS,Destin-Ft Walton Beach Airport,30.4832,-86.525398,87,-6.0,A,Valparaiso,United States
"2018-10-12",1237,1244,-7,1543,1559,-16,MQ,N249NN,3822,PNS,DCA,102,126,816,0,0,PNS,Pensacola Regional Airport,30.473400115967,-87.186599731445,121,-6.0,A,Pensacola,United States
"2018-10-12",1331,1248,43,1615,1506,69,EV,N719EV,2876,ECP,DFW,114,164,685,0,0,ECP,Northwest Florida Beaches International Airport,30.357106,-85.795414,69,-6.0,A,Panama City,United States
"2018-10-12",,1320,,,1515,,EV,N16976,4134,ECP,IAH,,,572,1,0,ECP,Northwest Florida Beaches International Airport,30.357106,-85.795414,69,-6.0,A,Panama City,United States
"2018-10-12",1322,1327,-5,1541,1536,5,YV,N905J,5740,VPS,DFW,110,139,641,0,0,VPS,Destin-Ft Walton Beach Airport,30.4832,-86.525398,87,-6.0,A,Valparaiso,United States
"2018-10-12",1332,1333,-1,1542,1534,8,MQ,N239NN,3488,PNS,DFW,104,130,604,0,0,PNS,Pensacola Regional Airport,30.473400115967,-87.186599731445,121,-6.0,A,Pensacola,United States
"2018-10-12",1437,1432,5,1642,1644,-2,DL,N990DL,2873,VPS,ATL,42,65,250,0,0,VPS,Destin-Ft Walton Beach Airport,30.4832,-86.525398,87,-6.0,A,Valparaiso,United States
"2018-10-12",1449,1457,-8,1727,1744,-17,EV,N611QX,2880,ECP,CLT,65,98,437,0,0,ECP,Northwest Florida Beaches International Airport,30.357106,-85.795414,69,-6.0,A,Panama City,United States
"2018-10-12",1732,1527,125,1908,1705,123,OH,N551NN,5662,TLH,CLT,57,96,386,0,0,TLH,Tallahassee Regional Airport,30.396499633789062,-84.35030364990234,81,-5.0,A,Tallahassee,United States
"2018-10-12",1505,1515,-10,1702,1703,-1,EV,N15980,4142,PNS,IAH,93,117,489,0,0,PNS,Pensacola Regional Airport,30.473400115967,-87.186599731445,121,-6.0,A,Pensacola,United States
"2018-10-12",1537,1528,9,1742,1734,8,AA,N501AA,2389,PNS,DFW,99,125,604,0,0,PNS,Pensacola Regional Airport,30.473400115967,-87.186599731445,121,-6.0,A,Pensacola,United States
"2018-10-12",1606,1600,6,1809,1813,-4,DL,N936DL,2802,VPS,ATL,45,63,250,0,0,VPS,Destin-Ft Walton Beach Airport,30.4832,-86.525398,87,-6.0,A,Valparaiso,United States
"2018-10-12",1552,1555,-3,1805,1813,-8,DL,N908DL,1270,PNS,ATL,44,73,271,0,0,PNS,Pensacola Regional Airport,30.473400115967,-87.186599731445,121,-6.0,A,Pensacola,United States
"2018-10-12",1555,1558,-3,1659,1707,-8,DL,N953AT,1399,TLH,ATL,42,64,223,0,0,TLH,Tallahassee Regional Airport,30.396499633789062,-84.35030364990234,81,-5.0,A,Tallahassee,United States
"2018-10-12",1623,1614,9,1907,1859,8,YX,N110HQ,4553,PNS,CLT,72,104,488,0,0,PNS,Pensacola Regional Airport,30.473400115967,-87.186599731445,121,-6.0,A,Pensacola,United States
"2018-10-12",1633,1627,6,1951,2004,-13,YX,N118HQ,4537,PNS,PHL,127,138,935,0,0,PNS,Pensacola Regional Airport,30.473400115967,-87.186599731445,121,-6.0,A,Pensacola,United States
"2018-10-12",1655,1640,15,1821,1805,16,MQ,N235NN,4069,TLH,DFW,118,146,767,0,0,TLH,Tallahassee Regional Airport,30.396499633789062,-84.35030364990234,81,-5.0,A,Tallahassee,United States
"2018-10-12",1656,1702,-6,1824,1827,-3,MQ,N681AE,3861,TLH,MIA,67,88,402,0,0,TLH,Tallahassee Regional Airport,30.396499633789062,-84.35030364990234,81,-5.0,A,Tallahassee,United States
"2018-10-12",1656,1702,-6,1840,1846,-6,G4,"217NV",1902,VPS,BLV,79,104,587,0,0,VPS,Destin-Ft Walton Beach Airport,30.4832,-86.525398,87,-6.0,A,Valparaiso,United States
"2018-10-12",1723,1735,-12,1936,1947,-11,G4,"229NV",1914,VPS,MCI,113,133,764,0,0,VPS,Destin-Ft Walton Beach Airport,30.4832,-86.525398,87,-6.0,A,Valparaiso,United States
"2018-10-12",,1705,,,1900,,EV,N12569,4037,ECP,IAH,,,572,1,0,ECP,Northwest Florida Beaches International Airport,30.357106,-85.795414,69,-6.0,A,Panama City,United States
"2018-10-12",1736,1743,-7,2021,2030,-9,MQ,N650AE,3427,PNS,MIA,83,105,530,0,0,PNS,Pensacola Regional Airport,30.473400115967,-87.186599731445,121,-6.0,A,Pensacola,United States
"2018-10-12",1751,1756,-5,1858,1903,-5,DL,N978DL,1786,TLH,ATL,47,67,223,0,0,TLH,Tallahassee Regional Airport,30.396499633789062,-84.35030364990234,81,-5.0,A,Tallahassee,United States
"2018-10-12",1753,1757,-4,2010,2014,-4,DL,N660DL,1814,PNS,ATL,45,77,271,0,0,PNS,Pensacola Regional Airport,30.473400115967,-87.186599731445,121,-6.0,A,Pensacola,United States
"2018-10-12",1755,1759,-4,1958,2013,-15,DL,N912DL,1403,ECP,ATL,40,63,240,0,0,ECP,Northwest Florida Beaches International Airport,30.357106,-85.795414,69,-6.0,A,Panama City,United States
"2018-10-12",1800,1806,-6,2014,2030,-16,DL,N917DL,1167,VPS,ATL,45,74,250,0,0,VPS,Destin-Ft Walton Beach Airport,30.4832,-86.525398,87,-6.0,A,Valparaiso,United States
"2018-10-12",1807,1808,-1,1953,1940,13,OH,N589NN,5248,TLH,CLT,57,106,386,0,0,TLH,Tallahassee Regional Airport,30.396499633789062,-84.35030364990234,81,-5.0,A,Tallahassee,United States
"2018-10-12",1835,1845,-10,2041,2044,-3,EV,N13989,4260,VPS,IAH,100,126,528,0,0,VPS,Destin-Ft Walton Beach Airport,30.4832,-86.525398,87,-6.0,A,Valparaiso,United States
"2018-10-12",1916,1850,26,2123,2029,54,YV,N89342,6036,PNS,IAH,83,127,489,0,0,PNS,Pensacola Regional Airport,30.473400115967,-87.186599731445,121,-6.0,A,Pensacola,United States
"2018-10-12",1846,1852,-6,2120,2135,-15,OH,N544AE,5463,PNS,CLT,70,94,488,0,0,PNS,Pensacola Regional Airport,30.473400115967,-87.186599731445,121,-6.0,A,Pensacola,United States
"2018-10-12",1850,1855,-5,2111,2135,-24,OH,N584NN,5709,VPS,CLT,65,81,460,0,0,VPS,Destin-Ft Walton Beach Airport,30.4832,-86.525398,87,-6.0,A,Valparaiso,United States
"2018-10-12",2127,1919,128,2327,2130,117,YV,N245LR,5906,VPS,DFW,100,120,641,0,0,VPS,Destin-Ft Walton Beach Airport,30.4832,-86.525398,87,-6.0,A,Valparaiso,United States
"2018-10-12",2130,1915,135,2321,2120,121,MQ,N255NN,3877,PNS,DFW,88,111,604,0,0,PNS,Pensacola Regional Airport,30.473400115967,-87.186599731445,121,-6.0,A,Pensacola,United States
"2018-10-12",2014,1920,54,2123,2040,43,WN,N7845A,976,PNS,BNA,57,69,391,0,0,PNS,Pensacola Regional Airport,30.473400115967,-87.186599731445,121,-6.0,A,Pensacola,United States
"2018-10-12",1910,1928,-18,2029,2050,-21,MQ,N942LL,3844,TLH,MIA,63,79,402,0,0,TLH,Tallahassee Regional Airport,30.396499633789062,-84.35030364990234,81,-5.0,A,Tallahassee,United States
"2018-10-12",,1935,,,2055,,WN,N459WN,2008,ECP,BNA,,,401,1,0,ECP,Northwest Florida Beaches International Airport,30.357106,-85.795414,69,-6.0,A,Panama City,United States
"2018-10-12",1942,1945,-3,2042,2056,-14,DL,N943AT,678,TLH,ATL,44,60,223,0,0,TLH,Tallahassee Regional Airport,30.396499633789062,-84.35030364990234,81,-5.0,A,Tallahassee,United States
"2018-10-12",1956,2011,-15,2127,2142,-15,YX,N129HQ,4660,TLH,CLT,56,91,386,0,0,TLH,Tallahassee Regional Airport,30.396499633789062,-84.35030364990234,81,-5.0,A,Tallahassee,United States
"2018-10-13",604,600,4,805,806,-1,DL,N996DL,2714,VPS,ATL,41,61,250,0,0,VPS,Destin-Ft Walton Beach Airport,30.4832,-86.525398,87,-6.0,A,Valparaiso,United States
"2018-10-13",525,530,-5,746,734,12,DL,N908DE,856,PNS,ATL,43,81,271,0,0,PNS,Pensacola Regional Airport,30.473400115967,-87.186599731445,121,-6.0,A,Pensacola,United States
"2018-10-13",558,600,-2,720,725,-5,OH,N501AE,5584,TLH,CLT,58,82,386,0,0,TLH,Tallahassee Regional Airport,30.396499633789062,-84.35030364990234,81,-5.0,A,Tallahassee,United States
"2018-10-13",1016,600,256,1216,806,250,DL,N987DL,1237,ECP,ATL,41,60,240,0,0,ECP,Northwest Florida Beaches International Airport,30.357106,-85.795414,69,-6.0,A,Panama City,United States
"2018-10-13",556,601,-5,846,844,2,OH,N565NN,5353,PNS,CLT,70,110,488,0,0,PNS,Pensacola Regional Airport,30.473400115967,-87.186599731445,121,-6.0,A,Pensacola,United States
"2018-10-13",608,602,6,851,847,4,MQ,N694AE,3508,PNS,MIA,85,103,530,0,0,PNS,Pensacola Regional Airport,30.473400115967,-87.186599731445,121,-6.0,A,Pensacola,United States
"2018-10-13",,609,,,851,,EV,N600QX,2899,ECP,CLT,,,437,1,0,ECP,Northwest Florida Beaches International Airport,30.357106,-85.795414,69,-6.0,A,Panama City,United States
"2018-10-13",644,630,14,906,837,29,DL,N991DL,1234,PNS,ATL,43,82,271,0,0,PNS,Pensacola Regional Airport,30.473400115967,-87.186599731445,121,-6.0,A,Pensacola,United States
"2018-10-13",607,614,-7,907,929,-22,OH,N514AE,5082,PNS,DCA,103,120,816,0,0,PNS,Pensacola Regional Airport,30.473400115967,-87.186599731445,121,-6.0,A,Pensacola,United States
"2018-10-13",625,630,-5,729,734,-5,DL,N906DE,1520,TLH,ATL,43,64,223,0,0,TLH,Tallahassee Regional Airport,30.396499633789062,-84.35030364990234,81,-5.0,A,Tallahassee,United States
"2018-10-13",,700,,,855,,EV,N13988,3979,ECP,IAH,,,572,1,0,ECP,Northwest Florida Beaches International Airport,30.357106,-85.795414,69,-6.0,A,Panama City,United States
"2018-10-13",650,700,-10,857,855,2,EV,N14907,4064,VPS,IAH,104,127,528,0,0,VPS,Destin-Ft Walton Beach Airport,30.4832,-86.525398,87,-6.0,A,Valparaiso,United States
"2018-10-13",656,700,-4,916,919,-3,AA,N9677W,1538,VPS,DFW,113,140,641,0,0,VPS,Destin-Ft Walton Beach Airport,30.4832,-86.525398,87,-6.0,A,Valparaiso,United States
"2018-10-13",646,700,-14,827,844,-17,G4,"217NV",1902,VPS,BLV,81,101,587,0,0,VPS,Destin-Ft Walton Beach Airport,30.4832,-86.525398,87,-6.0,A,Valparaiso,United States
"2018-10-13",657,700,-3,930,908,22,AA,N963TW,2453,PNS,DFW,100,153,604,0,0,PNS,Pensacola Regional Airport,30.473400115967,-87.186599731445,121,-6.0,A,Pensacola,United States
"2018-10-13",,701,,,920,,EV,N611QX,2889,ECP,DFW,,,685,1,0,ECP,Northwest Florida Beaches International Airport,30.357106,-85.795414,69,-6.0,A,Panama City,United States
"2018-10-13",1244,710,334,1443,919,324,DL,N915DL,2430,ECP,ATL,41,59,240,0,0,ECP,Northwest Florida Beaches International Airport,30.357106,-85.795414,69,-6.0,A,Panama City,United States
"2018-10-13",732,735,-3,849,843,6,DL,N954DL,763,TLH,ATL,46,77,223,0,0,TLH,Tallahassee Regional Airport,30.396499633789062,-84.35030364990234,81,-5.0,A,Tallahassee,United States
"2018-10-13",733,735,-2,943,947,-4,DL,N989DL,1078,PNS,ATL,47,70,271,0,0,PNS,Pensacola Regional Airport,30.473400115967,-87.186599731445,121,-6.0,A,Pensacola,United States
"2018-10-13",843,854,-11,1039,1059,-20,YX,N431YX,4626,TLH,DCA,97,116,716,0,0,TLH,Tallahassee Regional Airport,30.396499633789062,-84.35030364990234,81,-5.0,A,Tallahassee,United States
"2018-10-13",,915,,,1035,,WN,"",3623,ECP,BNA,,,401,1,0,ECP,Northwest Florida Beaches International Airport,30.357106,-85.795414,69,-6.0,A,Panama City,United States
"2018-10-13",909,915,-6,1018,1035,-17,WN,N249WN,2809,PNS,BNA,58,69,391,0,0,PNS,Pensacola Regional Airport,30.473400115967,-87.186599731445,121,-6.0,A,Pensacola,United States
"2018-10-13",911,916,-5,1143,1124,19,DL,N981DL,2212,PNS,ATL,50,92,271,0,0,PNS,Pensacola Regional Airport,30.473400115967,-87.186599731445,121,-6.0,A,Pensacola,United States
"2018-10-13",1058,933,85,1314,1144,90,YV,N947LR,5725,VPS,DFW,100,136,641,0,0,VPS,Destin-Ft Walton Beach Airport,30.4832,-86.525398,87,-6.0,A,Valparaiso,United States
"2018-10-13",1040,935,65,1224,1121,63,YV,N82333,6041,PNS,IAH,91,104,489,0,0,PNS,Pensacola Regional Airport,30.473400115967,-87.186599731445,121,-6.0,A,Pensacola,United States
"2018-10-13",941,941,0,1217,1225,-8,OH,N555NN,5564,VPS,CLT,67,96,460,0,0,VPS,Destin-Ft Walton Beach Airport,30.4832,-86.525398,87,-6.0,A,Valparaiso,United States
"2018-10-13",1034,1034,0,1235,1245,-10,DL,N937DL,2716,VPS,ATL,43,61,250,0,0,VPS,Destin-Ft Walton Beach Airport,30.4832,-86.525398,87,-6.0,A,Valparaiso,United States
"2018-10-13",1044,1054,-10,1357,1408,-11,YX,N412YX,4609,VPS,DCA,100,133,789,0,0,VPS,Destin-Ft Walton Beach Airport,30.4832,-86.525398,87,-6.0,A,Valparaiso,United States
"2018-10-13",1053,1100,-7,1255,1315,-20,DL,N905DL,2179,PNS,ATL,45,62,271,0,0,PNS,Pensacola Regional Airport,30.473400115967,-87.186599731445,121,-6.0,A,Pensacola,United States
"2018-10-13",,1244,,,1559,,MQ,N260NN,3822,PNS,DCA,,,816,1,0,PNS,Pensacola Regional Airport,30.473400115967,-87.186599731445,121,-6.0,A,Pensacola,United States
"2018-10-13",1553,1248,185,1831,1506,205,EV,N608QX,2876,ECP,DFW,126,158,685,0,0,ECP,Northwest Florida Beaches International Airport,30.357106,-85.795414,69,-6.0,A,Panama City,United States
"2018-10-13",1326,1320,6,1520,1512,8,YV,N93305,6021,ECP,IAH,99,114,572,0,0,ECP,Northwest Florida Beaches International Airport,30.357106,-85.795414,69,-6.0,A,Panama City,United States
"2018-10-13",,1327,,,1536,,YV,N916FJ,5740,VPS,DFW,,,641,1,0,VPS,Destin-Ft Walton Beach Airport,30.4832,-86.525398,87,-6.0,A,Valparaiso,United States
"2018-10-13",1417,1416,1,1657,1651,6,OO,N952SW,5800,PNS,ORD,133,160,794,0,0,PNS,Pensacola Regional Airport,30.473400115967,-87.186599731445,121,-6.0,A,Pensacola,United States
"2018-10-13",1425,1428,-3,1702,1714,-12,OH,N559NN,5500,VPS,CLT,63,97,460,0,0,VPS,Destin-Ft Walton Beach Airport,30.4832,-86.525398,87,-6.0,A,Valparaiso,United States
"2018-10-13",1429,1432,-3,1632,1642,-10,DL,N997DL,2873,VPS,ATL,41,63,250,0,0,VPS,Destin-Ft Walton Beach Airport,30.4832,-86.525398,87,-6.0,A,Valparaiso,United States
"2018-10-13",1436,1443,-7,1640,1649,-9,DL,N917DL,2506,ECP,ATL,43,64,240,0,0,ECP,Northwest Florida Beaches International Airport,30.357106,-85.795414,69,-6.0,A,Panama City,United States
"2018-10-13",1456,1445,11,1700,1655,5,WN,N218WN,4592,PNS,MDW,112,124,781,0,0,PNS,Pensacola Regional Airport,30.473400115967,-87.186599731445,121,-6.0,A,Pensacola,United States
"2018-10-13",1450,1500,-10,1654,1655,-1,EV,N15980,4447,VPS,IAH,100,124,528,0,0,VPS,Destin-Ft Walton Beach Airport,30.4832,-86.525398,87,-6.0,A,Valparaiso,United States
"2018-10-13",1504,1515,-11,1658,1703,-5,EV,N22909,4142,PNS,IAH,92,114,489,0,0,PNS,Pensacola Regional Airport,30.473400115967,-87.186599731445,121,-6.0,A,Pensacola,United States
"2018-10-13",1532,1534,-2,1835,1845,-10,G4,"229NV",1946,VPS,BWI,103,123,819,0,0,VPS,Destin-Ft Walton Beach Airport,30.4832,-86.525398,87,-6.0,A,Valparaiso,United States
"2018-10-13",1637,1645,-8,1848,1857,-9,DL,N983DL,342,PNS,ATL,43,71,271,0,0,PNS,Pensacola Regional Airport,30.473400115967,-87.186599731445,121,-6.0,A,Pensacola,United States
"2018-10-13",1649,1655,-6,1915,1911,4,DL,N955AT,1702,VPS,ATL,42,86,250,0,0,VPS,Destin-Ft Walton Beach Airport,30.4832,-86.525398,87,-6.0,A,Valparaiso,United States
"2018-10-13",1725,1700,25,1835,1820,15,WN,N487WN,3902,PNS,BNA,57,70,391,0,0,PNS,Pensacola Regional Airport,30.473400115967,-87.186599731445,121,-6.0,A,Pensacola,United States
"2018-10-13",1648,1700,-12,1849,1859,-10,EV,N19554,4260,VPS,IAH,98,121,528,0,0,VPS,Destin-Ft Walton Beach Airport,30.4832,-86.525398,87,-6.0,A,Valparaiso,United States
"2018-10-13",714,715,-1,921,924,-3,DL,N999DN,955,VPS,ATL,41,67,250,0,0,VPS,Destin-Ft Walton Beach Airport,30.4832,-86.525398,87,-6.0,A,Valparaiso,United States
"2018-10-13",725,730,-5,1048,1100,-12,G4,"229NV",1990,VPS,EWR,126,143,988,0,0,VPS,Destin-Ft Walton Beach Airport,30.4832,-86.525398,87,-6.0,A,Valparaiso,United States
"2018-10-13",744,749,-5,907,916,-9,MQ,N240NN,4116,TLH,DFW,129,143,767,0,0,TLH,Tallahassee Regional Airport,30.396499633789062,-84.35030364990234,81,-5.0,A,Tallahassee,United States
"2018-10-13",826,829,-3,1052,1115,-23,OH,N597NN,5623,VPS,CLT,63,86,460,0,0,VPS,Destin-Ft Walton Beach Airport,30.4832,-86.525398,87,-6.0,A,Valparaiso,United States
"2018-10-13",942,947,-5,1145,1149,-4,DL,N994DL,2029,ECP,ATL,46,63,240,0,0,ECP,Northwest Florida Beaches International Airport,30.357106,-85.795414,69,-6.0,A,Panama City,United States
"2018-10-13",1033,1038,-5,1307,1320,-13,MQ,N688AE,3733,PNS,MIA,85,94,530,0,0,PNS,Pensacola Regional Airport,30.473400115967,-87.186599731445,121,-6.0,A,Pensacola,United States
"2018-10-13",1043,1055,-12,1220,1228,-8,OH,N571NN,5272,TLH,CLT,63,97,386,0,0,TLH,Tallahassee Regional Airport,30.396499633789062,-84.35030364990234,81,-5.0,A,Tallahassee,United States
"2018-10-13",,1105,,,1300,,WN,"",4137,ECP,DAL,,,674,1,0,ECP,Northwest Florida Beaches International Airport,30.357106,-85.795414,69,-6.0,A,Panama City,United States
"2018-10-13",1212,1150,22,1349,1325,24,WN,N279WN,3029,PNS,HOU,79,97,488,0,0,PNS,Pensacola Regional Airport,30.473400115967,-87.186599731445,121,-6.0,A,Pensacola,United States
"2018-10-13",1151,1151,0,1346,1338,8,YV,N89349,6217,PNS,IAH,92,115,489,0,0,PNS,Pensacola Regional Airport,30.473400115967,-87.186599731445,121,-6.0,A,Pensacola,United States
"2018-10-13",1150,1200,-10,1413,1412,1,DL,N977DL,1733,ECP,ATL,44,83,240,0,0,ECP,Northwest Florida Beaches International Airport,30.357106,-85.795414,69,-6.0,A,Panama City,United States
"2018-10-13",1248,1203,45,1529,1451,38,G4,"217NV",1900,VPS,CVG,80,101,600,0,0,VPS,Destin-Ft Walton Beach Airport,30.4832,-86.525398,87,-6.0,A,Valparaiso,United States
"2018-10-13",1235,1245,-10,1333,1358,-25,DL,N952AT,387,TLH,ATL,44,58,223,0,0,TLH,Tallahassee Regional Airport,30.396499633789062,-84.35030364990234,81,-5.0,A,Tallahassee,United States
"2018-10-13",1258,1245,13,1530,1531,-1,OH,N563NN,5298,PNS,CLT,73,92,488,0,0,PNS,Pensacola Regional Airport,30.473400115967,-87.186599731445,121,-6.0,A,Pensacola,United States
"2018-10-13",,1245,,,1405,,WN,N7843A,2635,ECP,BNA,,,401,1,0,ECP,Northwest Florida Beaches International Airport,30.357106,-85.795414,69,-6.0,A,Panama City,United States
"2018-10-13",1329,1331,-2,1539,1544,-5,DL,N945DL,1353,PNS,ATL,46,70,271,0,0,PNS,Pensacola Regional Airport,30.473400115967,-87.186599731445,121,-6.0,A,Pensacola,United States
"2018-10-13",1455,1333,82,1718,1534,104,MQ,N252NN,3488,PNS,DFW,119,143,604,0,0,PNS,Pensacola Regional Airport,30.473400115967,-87.186599731445,121,-6.0,A,Pensacola,United States
"2018-10-13",1444,1437,7,1712,1722,-10,F9,N927FR,1285,PNS,ORD,113,148,794,0,0,PNS,Pensacola Regional Airport,30.473400115967,-87.186599731445,121,-6.0,A,Pensacola,United States
"2018-10-13",1807,1457,190,2045,1744,181,EV,N600QX,2880,ECP,CLT,73,98,437,0,0,ECP,Northwest Florida Beaches International Airport,30.357106,-85.795414,69,-6.0,A,Panama City,United States
"2018-10-13",1526,1527,-1,1651,1705,-14,OH,N553NN,5662,TLH,CLT,59,85,386,0,0,TLH,Tallahassee Regional Airport,30.396499633789062,-84.35030364990234,81,-5.0,A,Tallahassee,United States
"2018-10-13",1826,1528,178,2100,1734,206,AA,N961TW,2389,PNS,DFW,116,154,604,0,0,PNS,Pensacola Regional Airport,30.473400115967,-87.186599731445,121,-6.0,A,Pensacola,United States
"2018-10-13",1552,1558,-6,1701,1709,-8,DL,N905DL,1399,TLH,ATL,45,69,223,0,0,TLH,Tallahassee Regional Airport,30.396499633789062,-84.35030364990234,81,-5.0,A,Tallahassee,United States
"2018-10-13",,1610,,,1805,,WN,"",3347,ECP,STL,,,634,1,0,ECP,Northwest Florida Beaches International Airport,30.357106,-85.795414,69,-6.0,A,Panama City,United States
"2018-10-13",1601,1614,-13,1836,1859,-23,YX,N126HQ,4553,PNS,CLT,70,95,488,0,0,PNS,Pensacola Regional Airport,30.473400115967,-87.186599731445,121,-6.0,A,Pensacola,United States
"2018-10-13",1616,1627,-11,1943,2004,-21,YX,N113HQ,4537,PNS,PHL,133,147,935,0,0,PNS,Pensacola Regional Airport,30.473400115967,-87.186599731445,121,-6.0,A,Pensacola,United States
"2018-10-13",,1640,,,1805,,MQ,N235NN,4069,TLH,DFW,,,767,1,0,TLH,Tallahassee Regional Airport,30.396499633789062,-84.35030364990234,81,-5.0,A,Tallahassee,United States
"2018-10-13",,1650,,,1810,,WN,N285WN,4933,ECP,BNA,,,401,1,0,ECP,Northwest Florida Beaches International Airport,30.357106,-85.795414,69,-6.0,A,Panama City,United States
"2018-10-13",1653,1702,-9,1812,1827,-15,MQ,N657AE,3861,TLH,MIA,63,79,402,0,0,TLH,Tallahassee Regional Airport,30.396499633789062,-84.35030364990234,81,-5.0,A,Tallahassee,United States
"2018-10-13",1715,1705,10,1925,1857,28,YV,N85352,6245,ECP,IAH,96,130,572,0,0,ECP,Northwest Florida Beaches International Airport,30.357106,-85.795414,69,-6.0,A,Panama City,United States
"2018-10-13",1738,1713,25,2009,1955,14,G4,"217NV",1918,VPS,SDF,73,91,532,0,0,VPS,Destin-Ft Walton Beach Airport,30.4832,-86.525398,87,-6.0,A,Valparaiso,United States
"2018-10-13",1729,1743,-14,2010,2030,-20,MQ,N649PP,3427,PNS,MIA,79,101,530,0,0,PNS,Pensacola Regional Airport,30.473400115967,-87.186599731445,121,-6.0,A,Pensacola,United States
"2018-10-13",,1845,,,2035,,WN,"",5270,ECP,HOU,,,571,1,0,ECP,Northwest Florida Beaches International Airport,30.357106,-85.795414,69,-6.0,A,Panama City,United States
"2018-10-13",1747,1759,-12,1946,2011,-25,DL,N982DL,1403,ECP,ATL,42,59,240,0,0,ECP,Northwest Florida Beaches International Airport,30.357106,-85.795414,69,-6.0,A,Panama City,United States
"2018-10-13",1749,1759,-10,1850,1914,-24,DL,N603AT,1786,TLH,ATL,43,61,223,0,0,TLH,Tallahassee Regional Airport,30.396499633789062,-84.35030364990234,81,-5.0,A,Tallahassee,United States
"2018-10-13",1755,1805,-10,2053,2106,-13,G4,"327NV",1425,VPS,PIT,100,118,775,0,0,VPS,Destin-Ft Walton Beach Airport,30.4832,-86.525398,87,-6.0,A,Valparaiso,United States
"2018-10-13",1756,1806,-10,2008,2028,-20,DL,N986AT,1167,VPS,ATL,42,72,250,0,0,VPS,Destin-Ft Walton Beach Airport,30.4832,-86.525398,87,-6.0,A,Valparaiso,United States
"2018-10-13",1841,1850,-9,2018,2029,-11,YV,N89315,6036,PNS,IAH,81,97,489,0,0,PNS,Pensacola Regional Airport,30.473400115967,-87.186599731445,121,-6.0,A,Pensacola,United States
"2018-10-13",1841,1855,-14,2102,2135,-33,OH,N507AE,5709,VPS,CLT,65,81,460,0,0,VPS,Destin-Ft Walton Beach Airport,30.4832,-86.525398,87,-6.0,A,Valparaiso,United States
"2018-10-13",1841,1852,-11,2107,2135,-28,OH,N546FF,5463,PNS,CLT,71,86,488,0,0,PNS,Pensacola Regional Airport,30.473400115967,-87.186599731445,121,-6.0,A,Pensacola,United States
"2018-10-13",1924,1928,-4,2039,2050,-11,MQ,N694AE,3844,TLH,MIA,59,75,402,0,0,TLH,Tallahassee Regional Airport,30.396499633789062,-84.35030364990234,81,-5.0,A,Tallahassee,United States
"2018-10-14",527,530,-3,729,735,-6,DL,N979DL,856,PNS,ATL,43,62,271,0,0,PNS,Pensacola Regional Airport,30.473400115967,-87.186599731445,121,-6.0,A,Pensacola,United States
"2018-10-14",1014,600,254,1226,808,258,DL,N938DL,1237,ECP,ATL,42,72,240,0,0,ECP,Northwest Florida Beaches International Airport,30.357106,-85.795414,69,-6.0,A,Panama City,United States
"2018-10-14",,609,,,851,,EV,N600QX,2899,ECP,CLT,,,437,1,0,ECP,Northwest Florida Beaches International Airport,30.357106,-85.795414,69,-6.0,A,Panama City,United States
"2018-10-14",557,600,-3,759,807,-8,DL,N973DL,2714,VPS,ATL,38,62,250,0,0,VPS,Destin-Ft Walton Beach Airport,30.4832,-86.525398,87,-6.0,A,Valparaiso,United States
"2018-10-14",601,600,1,715,725,-10,OH,N501AE,5584,TLH,CLT,55,74,386,0,0,TLH,Tallahassee Regional Airport,30.396499633789062,-84.35030364990234,81,-5.0,A,Tallahassee,United States
"2018-10-14",555,601,-6,838,844,-6,OH,N594NN,5353,PNS,CLT,74,103,488,0,0,PNS,Pensacola Regional Airport,30.473400115967,-87.186599731445,121,-6.0,A,Pensacola,United States
"2018-10-14",555,602,-7,847,847,0,MQ,N681AE,3508,PNS,MIA,84,112,530,0,0,PNS,Pensacola Regional Airport,30.473400115967,-87.186599731445,121,-6.0,A,Pensacola,United States
"2018-10-14",630,634,-4,854,915,-21,OH,N586NN,5623,VPS,CLT,61,84,460,0,0,VPS,Destin-Ft Walton Beach Airport,30.4832,-86.525398,87,-6.0,A,Valparaiso,United States
"2018-10-14",612,614,-2,915,929,-14,OH,N514AE,5082,PNS,DCA,104,123,816,0,0,PNS,Pensacola Regional Airport,30.473400115967,-87.186599731445,121,-6.0,A,Pensacola,United States
"2018-10-14",620,630,-10,831,839,-8,DL,N992DL,1234,PNS,ATL,43,71,271,0,0,PNS,Pensacola Regional Airport,30.473400115967,-87.186599731445,121,-6.0,A,Pensacola,United States
"2018-10-14",623,630,-7,721,734,-13,DL,N986DL,1520,TLH,ATL,40,58,223,0,0,TLH,Tallahassee Regional Airport,30.396499633789062,-84.35030364990234,81,-5.0,A,Tallahassee,United States
"2018-10-14",700,700,0,901,901,0,G4,"229NV",1992,VPS,AUS,97,121,666,0,0,VPS,Destin-Ft Walton Beach Airport,30.4832,-86.525398,87,-6.0,A,Valparaiso,United States
"2018-10-14",733,700,33,935,908,27,AA,N963TW,2453,PNS,DFW,92,122,604,0,0,PNS,Pensacola Regional Airport,30.473400115967,-87.186599731445,121,-6.0,A,Pensacola,United States
"2018-10-14",,700,,,852,,YV,N89321,6043,ECP,IAH,,,572,1,0,ECP,Northwest Florida Beaches International Airport,30.357106,-85.795414,69,-6.0,A,Panama City,United States
"2018-10-14",,701,,,920,,EV,N716EV,2889,ECP,DFW,,,685,1,0,ECP,Northwest Florida Beaches International Airport,30.357106,-85.795414,69,-6.0,A,Panama City,United States
"2018-10-14",711,715,-4,836,853,-17,YV,N85320,6262,PNS,IAH,73,85,489,0,0,PNS,Pensacola Regional Airport,30.473400115967,-87.186599731445,121,-6.0,A,Pensacola,United States
"2018-10-14",712,715,-3,917,926,-9,DL,N904DE,955,VPS,ATL,45,65,250,0,0,VPS,Destin-Ft Walton Beach Airport,30.4832,-86.525398,87,-6.0,A,Valparaiso,United States
"2018-10-14",1254,715,339,1506,925,341,DL,N953DL,2430,ECP,ATL,42,72,240,0,0,ECP,Northwest Florida Beaches International Airport,30.357106,-85.795414,69,-6.0,A,Panama City,United States
"2018-10-14",712,721,-9,918,929,-11,YX,N418YX,4626,TLH,DCA,91,126,716,0,0,TLH,Tallahassee Regional Airport,30.396499633789062,-84.35030364990234,81,-5.0,A,Tallahassee,United States
"2018-10-14",735,735,0,935,947,-12,DL,N962DL,1078,PNS,ATL,41,60,271,0,0,PNS,Pensacola Regional Airport,30.473400115967,-87.186599731445,121,-6.0,A,Pensacola,United States
"2018-10-14",723,730,-7,935,937,-2,G4,"258NV",1908,VPS,OKC,115,132,726,0,0,VPS,Destin-Ft Walton Beach Airport,30.4832,-86.525398,87,-6.0,A,Valparaiso,United States
"2018-10-14",745,750,-5,912,859,13,DL,N916DL,763,TLH,ATL,41,87,223,0,0,TLH,Tallahassee Regional Airport,30.396499633789062,-84.35030364990234,81,-5.0,A,Tallahassee,United States
"2018-10-14",745,749,-4,906,916,-10,MQ,N225NN,4116,TLH,DFW,116,141,767,0,0,TLH,Tallahassee Regional Airport,30.396499633789062,-84.35030364990234,81,-5.0,A,Tallahassee,United States
"2018-10-14",850,900,-10,1037,1055,-18,EV,N17560,4064,VPS,IAH,90,107,528,0,0,VPS,Destin-Ft Walton Beach Airport,30.4832,-86.525398,87,-6.0,A,Valparaiso,United States
"2018-10-14",901,907,-6,1149,1156,-7,OH,N569NN,5237,PNS,CLT,68,108,488,0,0,PNS,Pensacola Regional Airport,30.473400115967,-87.186599731445,121,-6.0,A,Pensacola,United States
"2018-10-14",910,915,-5,1046,1035,11,WN,N568WN,5031,PNS,BNA,82,96,391,0,0,PNS,Pensacola Regional Airport,30.473400115967,-87.186599731445,121,-6.0,A,Pensacola,United States
"2018-10-14",934,916,18,1140,1127,13,DL,N922DL,2212,PNS,ATL,40,66,271,0,0,PNS,Pensacola Regional Airport,30.473400115967,-87.186599731445,121,-6.0,A,Pensacola,United States
"2018-10-14",,925,,,1045,,WN,"",3679,ECP,BNA,,,401,1,0,ECP,Northwest Florida Beaches International Airport,30.357106,-85.795414,69,-6.0,A,Panama City,United States
"2018-10-14",931,933,-2,1140,1149,-9,AA,N980TW,1538,VPS,DFW,105,129,641,0,0,VPS,Destin-Ft Walton Beach Airport,30.4832,-86.525398,87,-6.0,A,Valparaiso,United States
"2018-10-14",938,941,-3,1212,1225,-13,OH,N550NN,5564,VPS,CLT,67,94,460,0,0,VPS,Destin-Ft Walton Beach Airport,30.4832,-86.525398,87,-6.0,A,Valparaiso,United States
"2018-10-14",926,938,-12,1058,1123,-25,YV,N88330,6041,PNS,IAH,75,92,489,0,0,PNS,Pensacola Regional Airport,30.473400115967,-87.186599731445,121,-6.0,A,Pensacola,United States
"2018-10-14",945,947,-2,1145,1149,-4,DL,N944DL,2029,ECP,ATL,41,60,240,0,0,ECP,Northwest Florida Beaches International Airport,30.357106,-85.795414,69,-6.0,A,Panama City,United States
"2018-10-14",1114,1038,36,1349,1320,29,MQ,N673AE,3733,PNS,MIA,80,95,530,0,0,PNS,Pensacola Regional Airport,30.473400115967,-87.186599731445,121,-6.0,A,Pensacola,United States
"2018-10-14",1029,1034,-5,1238,1249,-11,DL,N972DL,2716,VPS,ATL,41,69,250,0,0,VPS,Destin-Ft Walton Beach Airport,30.4832,-86.525398,87,-6.0,A,Valparaiso,United States
"2018-10-14",1048,1054,-6,1404,1408,-4,YX,N431YX,4609,VPS,DCA,113,136,789,0,0,VPS,Destin-Ft Walton Beach Airport,30.4832,-86.525398,87,-6.0,A,Valparaiso,United States
"2018-10-14",1052,1055,-3,1216,1228,-12,OH,N570NN,5272,TLH,CLT,61,84,386,0,0,TLH,Tallahassee Regional Airport,30.396499633789062,-84.35030364990234,81,-5.0,A,Tallahassee,United States
"2018-10-14",1113,1105,8,1311,1300,11,WN,N7812G,5084,ECP,DAL,104,118,674,0,0,ECP,Northwest Florida Beaches International Airport,30.357106,-85.795414,69,-6.0,A,Panama City,United States
"2018-10-14",1110,1115,-5,1315,1332,-17,DL,N697DL,2179,PNS,ATL,42,65,271,0,0,PNS,Pensacola Regional Airport,30.473400115967,-87.186599731445,121,-6.0,A,Pensacola,United States
"2018-10-14",1120,1120,0,1248,1255,-7,WN,N551WN,2565,PNS,HOU,76,88,488,0,0,PNS,Pensacola Regional Airport,30.473400115967,-87.186599731445,121,-6.0,A,Pensacola,United States
"2018-10-14",1142,1151,-9,1316,1340,-24,YX,N656RW,3682,PNS,IAH,76,94,489,0,0,PNS,Pensacola Regional Airport,30.473400115967,-87.186599731445,121,-6.0,A,Pensacola,United States
"2018-10-14",1155,1200,-5,1409,1409,0,DL,N981DL,1733,ECP,ATL,41,74,240,0,0,ECP,Northwest Florida Beaches International Airport,30.357106,-85.795414,69,-6.0,A,Panama City,United States
"2018-10-14",1301,1211,50,1514,1423,51,F9,N230FR,641,PNS,DEN,175,193,1179,0,0,PNS,Pensacola Regional Airport,30.473400115967,-87.186599731445,121,-6.0,A,Pensacola,United States
"2018-10-14",1236,1244,-8,1554,1559,-5,MQ,N238NN,3822,PNS,DCA,115,138,816,0,0,PNS,Pensacola Regional Airport,30.473400115967,-87.186599731445,121,-6.0,A,Pensacola,United States
"2018-10-14",1244,1248,-4,1453,1506,-13,EV,N617QX,2876,ECP,DFW,106,129,685,0,0,ECP,Northwest Florida Beaches International Airport,30.357106,-85.795414,69,-6.0,A,Panama City,United States
"2018-10-14",1234,1248,-14,1420,1432,-12,G4,"229NV",1902,VPS,BLV,88,106,587,0,0,VPS,Destin-Ft Walton Beach Airport,30.4832,-86.525398,87,-6.0,A,Valparaiso,United States
"2018-10-14",1300,1318,-18,1536,1600,-24,G4,"258NV",1918,VPS,SDF,74,96,532,0,0,VPS,Destin-Ft Walton Beach Airport,30.4832,-86.525398,87,-6.0,A,Valparaiso,United States
"2018-10-14",1306,1320,-14,1504,1515,-11,EV,N14568,4134,ECP,IAH,98,118,572,0,0,ECP,Northwest Florida Beaches International Airport,30.357106,-85.795414,69,-6.0,A,Panama City,United States
"2018-10-14",1323,1327,-4,1529,1536,-7,YV,N909FJ,5740,VPS,DFW,101,126,641,0,0,VPS,Destin-Ft Walton Beach Airport,30.4832,-86.525398,87,-6.0,A,Valparaiso,United States
"2018-10-14",1437,1425,12,1619,1615,4,WN,N555LV,4226,ECP,HOU,89,102,571,0,0,ECP,Northwest Florida Beaches International Airport,30.357106,-85.795414,69,-6.0,A,Panama City,United States
"2018-10-14",1421,1426,-5,1617,1630,-13,DL,N984DL,2506,ECP,ATL,42,56,240,0,0,ECP,Northwest Florida Beaches International Airport,30.357106,-85.795414,69,-6.0,A,Panama City,United States
"2018-10-14",1426,1432,-6,1633,1643,-10,DL,N972DL,2873,VPS,ATL,44,67,250,0,0,VPS,Destin-Ft Walton Beach Airport,30.4832,-86.525398,87,-6.0,A,Valparaiso,United States
"2018-10-14",1520,1457,23,1751,1744,7,EV,N720EV,2880,ECP,CLT,67,91,437,0,0,ECP,Northwest Florida Beaches International Airport,30.357106,-85.795414,69,-6.0,A,Panama City,United States
"2018-10-14",1450,1500,-10,1640,1655,-15,EV,N13989,4447,VPS,IAH,92,110,528,0,0,VPS,Destin-Ft Walton Beach Airport,30.4832,-86.525398,87,-6.0,A,Valparaiso,United States
"2018-10-14",1544,1555,-11,1800,1813,-13,DL,N981DL,1270,PNS,ATL,44,76,271,0,0,PNS,Pensacola Regional Airport,30.473400115967,-87.186599731445,121,-6.0,A,Pensacola,United States
"2018-10-14",1554,1600,-6,1758,1813,-15,DL,N959DL,2802,VPS,ATL,43,64,250,0,0,VPS,Destin-Ft Walton Beach Airport,30.4832,-86.525398,87,-6.0,A,Valparaiso,United States
"2018-10-14",1641,1640,1,1803,1805,-2,MQ,N250NN,4069,TLH,DFW,116,142,767,0,0,TLH,Tallahassee Regional Airport,30.396499633789062,-84.35030364990234,81,-5.0,A,Tallahassee,United States
"2018-10-14",1653,1702,-9,1810,1827,-17,MQ,N649PP,3861,TLH,MIA,62,77,402,0,0,TLH,Tallahassee Regional Airport,30.396499633789062,-84.35030364990234,81,-5.0,A,Tallahassee,United States
"2018-10-14",1655,1705,-10,1851,1900,-9,EV,N11547,4037,ECP,IAH,94,116,572,0,0,ECP,Northwest Florida Beaches International Airport,30.357106,-85.795414,69,-6.0,A,Panama City,United States
"2018-10-14",1741,1751,-10,1928,1944,-16,G4,"229NV",1912,VPS,SGF,91,107,610,0,0,VPS,Destin-Ft Walton Beach Airport,30.4832,-86.525398,87,-6.0,A,Valparaiso,United States
"2018-10-14",1801,1759,2,2012,2013,-1,DL,N979DL,1403,ECP,ATL,43,71,240,0,0,ECP,Northwest Florida Beaches International Airport,30.357106,-85.795414,69,-6.0,A,Panama City,United States
"2018-10-14",1757,1759,-2,2012,2016,-4,DL,N671DN,1814,PNS,ATL,42,75,271,0,0,PNS,Pensacola Regional Airport,30.473400115967,-87.186599731445,121,-6.0,A,Pensacola,United States
"2018-10-14",1804,1821,-17,1935,1938,-3,G4,"258NV",1910,VPS,BNA,64,91,389,0,0,VPS,Destin-Ft Walton Beach Airport,30.4832,-86.525398,87,-6.0,A,Valparaiso,United States
"2018-10-14",1843,1852,-9,2126,2135,-9,OH,N706PS,5463,PNS,CLT,72,103,488,0,0,PNS,Pensacola Regional Airport,30.473400115967,-87.186599731445,121,-6.0,A,Pensacola,United States
"2018-10-14",1859,1855,4,2141,2135,6,OH,N587NN,5709,VPS,CLT,69,102,460,0,0,VPS,Destin-Ft Walton Beach Airport,30.4832,-86.525398,87,-6.0,A,Valparaiso,United States
"2018-10-14",1916,1915,1,2154,2120,34,MQ,N240NN,3877,PNS,DFW,138,158,604,0,0,PNS,Pensacola Regional Airport,30.473400115967,-87.186599731445,121,-6.0,A,Pensacola,United States
"2018-10-14",1219,1231,-12,1342,1355,-13,MQ,N681AE,3663,TLH,MIA,63,83,402,0,0,TLH,Tallahassee Regional Airport,30.396499633789062,-84.35030364990234,81,-5.0,A,Tallahassee,United States
"2018-10-14",1252,1245,7,1524,1531,-7,OH,N592NN,5298,PNS,CLT,68,92,488,0,0,PNS,Pensacola Regional Airport,30.473400115967,-87.186599731445,121,-6.0,A,Pensacola,United States
"2018-10-14",1233,1245,-12,1330,1400,-30,"9E",N601LR,5363,TLH,ATL,40,57,223,0,0,TLH,Tallahassee Regional Airport,30.396499633789062,-84.35030364990234,81,-5.0,A,Tallahassee,United States
"2018-10-14",1323,1331,-8,1536,1545,-9,DL,N943DL,1353,PNS,ATL,43,73,271,0,0,PNS,Pensacola Regional Airport,30.473400115967,-87.186599731445,121,-6.0,A,Pensacola,United States
"2018-10-14",1324,1333,-9,1521,1534,-13,MQ,N247NN,3488,PNS,DFW,91,117,604,0,0,PNS,Pensacola Regional Airport,30.473400115967,-87.186599731445,121,-6.0,A,Pensacola,United States
"2018-10-14",1428,1428,0,1708,1714,-6,OH,N578NN,5500,VPS,CLT,66,100,460,0,0,VPS,Destin-Ft Walton Beach Airport,30.4832,-86.525398,87,-6.0,A,Valparaiso,United States
"2018-10-14",1459,1515,-16,1640,1703,-23,EV,N15555,4142,PNS,IAH,80,101,489,0,0,PNS,Pensacola Regional Airport,30.473400115967,-87.186599731445,121,-6.0,A,Pensacola,United States
"2018-10-14",1524,1527,-3,1704,1705,-1,OH,N587NN,5662,TLH,CLT,60,100,386,0,0,TLH,Tallahassee Regional Airport,30.396499633789062,-84.35030364990234,81,-5.0,A,Tallahassee,United States
"2018-10-14",1521,1528,-7,1715,1734,-19,AA,N980TW,2389,PNS,DFW,92,114,604,0,0,PNS,Pensacola Regional Airport,30.473400115967,-87.186599731445,121,-6.0,A,Pensacola,United States
"2018-10-14",1550,1558,-8,1657,1707,-10,DL,N943AT,1399,TLH,ATL,43,67,223,0,0,TLH,Tallahassee Regional Airport,30.396499633789062,-84.35030364990234,81,-5.0,A,Tallahassee,United States
"2018-10-14",1616,1605,11,1738,1725,13,WN,N7727A,5989,ECP,BNA,69,82,401,0,0,ECP,Northwest Florida Beaches International Airport,30.357106,-85.795414,69,-6.0,A,Panama City,United States
"2018-10-14",1607,1614,-7,1847,1859,-12,YX,N137HQ,4553,PNS,CLT,68,100,488,0,0,PNS,Pensacola Regional Airport,30.473400115967,-87.186599731445,121,-6.0,A,Pensacola,United States
"2018-10-14",1624,1627,-3,1947,2004,-17,YX,N130HQ,4537,PNS,PHL,125,143,935,0,0,PNS,Pensacola Regional Airport,30.473400115967,-87.186599731445,121,-6.0,A,Pensacola,United States
"2018-10-14",1740,1743,-3,2022,2030,-8,MQ,N657AE,3427,PNS,MIA,82,102,530,0,0,PNS,Pensacola Regional Airport,30.473400115967,-87.186599731445,121,-6.0,A,Pensacola,United States
"2018-10-14",1750,1756,-6,1902,1903,-1,DL,N912DL,1786,TLH,ATL,39,72,223,0,0,TLH,Tallahassee Regional Airport,30.396499633789062,-84.35030364990234,81,-5.0,A,Tallahassee,United States
"2018-10-14",1801,1806,-5,2010,2030,-20,DL,N916DE,1167,VPS,ATL,42,69,250,0,0,VPS,Destin-Ft Walton Beach Airport,30.4832,-86.525398,87,-6.0,A,Valparaiso,United States
"2018-10-14",1908,1845,23,2119,2044,35,EV,N17560,4260,VPS,IAH,96,131,528,0,0,VPS,Destin-Ft Walton Beach Airport,30.4832,-86.525398,87,-6.0,A,Valparaiso,United States
"2018-10-14",1832,1850,-18,2015,2029,-14,YV,N89349,6036,PNS,IAH,86,103,489,0,0,PNS,Pensacola Regional Airport,30.473400115967,-87.186599731445,121,-6.0,A,Pensacola,United States
"2018-10-14",1855,1900,-5,2012,2020,-8,WN,N292WN,5317,PNS,BNA,65,77,391,0,0,PNS,Pensacola Regional Airport,30.473400115967,-87.186599731445,121,-6.0,A,Pensacola,United States
"2018-10-14",,1910,,,2030,,WN,N555LV,3780,ECP,BNA,,,401,1,0,ECP,Northwest Florida Beaches International Airport,30.357106,-85.795414,69,-6.0,A,Panama City,United States
"2018-10-14",1909,1919,-10,2202,2130,32,YV,N946LR,5906,VPS,DFW,148,173,641,0,0,VPS,Destin-Ft Walton Beach Airport,30.4832,-86.525398,87,-6.0,A,Valparaiso,United States
"2018-10-14",1924,1928,-4,2040,2050,-10,MQ,N673AE,3844,TLH,MIA,62,76,402,0,0,TLH,Tallahassee Regional Airport,30.396499633789062,-84.35030364990234,81,-5.0,A,Tallahassee,United States
"2018-10-14",1935,1945,-10,2054,2056,-2,DL,N924AT,678,TLH,ATL,41,79,223,0,0,TLH,Tallahassee Regional Airport,30.396499633789062,-84.35030364990234,81,-5.0,A,Tallahassee,United States
"2018-10-14",2001,2011,-10,2127,2142,-15,YX,N101HQ,4660,TLH,CLT,64,86,386,0,0,TLH,Tallahassee Regional Airport,30.396499633789062,-84.35030364990234,81,-5.0,A,Tallahassee,United States
"2018-10-15",553,600,-7,710,725,-15,OH,N540EA,5584,TLH,CLT,55,77,386,0,0,TLH,Tallahassee Regional Airport,30.396499633789062,-84.35030364990234,81,-5.0,A,Tallahassee,United States
"2018-10-15",525,530,-5,751,735,16,DL,N976DL,856,PNS,ATL,45,86,271,0,0,PNS,Pensacola Regional Airport,30.473400115967,-87.186599731445,121,-6.0,A,Pensacola,United States
"2018-10-15",536,545,-9,634,650,-16,DL,N956DL,708,TLH,ATL,40,58,223,0,0,TLH,Tallahassee Regional Airport,30.396499633789062,-84.35030364990234,81,-5.0,A,Tallahassee,United States
"2018-10-15",1315,600,435,1541,805,456,DL,N995DL,1237,ECP,ATL,46,86,240,0,0,ECP,Northwest Florida Beaches International Airport,30.357106,-85.795414,69,-6.0,A,Panama City,United States
"2018-10-15",555,601,-6,848,844,4,OH,N557NN,5353,PNS,CLT,83,113,488,0,0,PNS,Pensacola Regional Airport,30.473400115967,-87.186599731445,121,-6.0,A,Pensacola,United States
"2018-10-15",556,602,-6,841,847,-6,MQ,N685AE,3508,PNS,MIA,83,105,530,0,0,PNS,Pensacola Regional Airport,30.473400115967,-87.186599731445,121,-6.0,A,Pensacola,United States
"2018-10-15",554,600,-6,800,807,-7,DL,N938DL,2714,VPS,ATL,41,66,250,0,0,VPS,Destin-Ft Walton Beach Airport,30.4832,-86.525398,87,-6.0,A,Valparaiso,United States
"2018-10-15",,609,,,851,,EV,N608QX,2899,ECP,CLT,,,437,1,0,ECP,Northwest Florida Beaches International Airport,30.357106,-85.795414,69,-6.0,A,Panama City,United States
"2018-10-15",606,614,-8,1257,929,,OH,N505AE,5082,PNS,DCA,,,816,0,1,PNS,Pensacola Regional Airport,30.473400115967,-87.186599731445,121,-6.0,A,Pensacola,United States
"2018-10-15",627,630,-3,839,839,0,DL,N909DE,1234,PNS,ATL,45,72,271,0,0,PNS,Pensacola Regional Airport,30.473400115967,-87.186599731445,121,-6.0,A,Pensacola,United States
"2018-10-15",700,700,0,801,803,-2,DL,N969DL,496,TLH,ATL,42,61,223,0,0,TLH,Tallahassee Regional Airport,30.396499633789062,-84.35030364990234,81,-5.0,A,Tallahassee,United States
"2018-10-15",634,634,0,918,915,3,OH,N590NN,5623,VPS,CLT,70,104,460,0,0,VPS,Destin-Ft Walton Beach Airport,30.4832,-86.525398,87,-6.0,A,Valparaiso,United States
"2018-10-15",,700,,,855,,EV,N16571,3979,ECP,IAH,,,572,1,0,ECP,Northwest Florida Beaches International Airport,30.357106,-85.795414,69,-6.0,A,Panama City,United States
"2018-10-15",700,700,0,952,952,0,G4,"217NV",1916,VPS,LCK,93,112,675,0,0,VPS,Destin-Ft Walton Beach Airport,30.4832,-86.525398,87,-6.0,A,Valparaiso,United States
"2018-10-15",654,700,-6,910,919,-9,AA,N9626F,1538,VPS,DFW,106,136,641,0,0,VPS,Destin-Ft Walton Beach Airport,30.4832,-86.525398,87,-6.0,A,Valparaiso,United States
"2018-10-15",651,700,-9,923,908,15,AA,N964TW,2453,PNS,DFW,98,152,604,0,0,PNS,Pensacola Regional Airport,30.473400115967,-87.186599731445,121,-6.0,A,Pensacola,United States
"2018-10-15",,701,,,920,,EV,N611QX,2889,ECP,DFW,,,685,1,0,ECP,Northwest Florida Beaches International Airport,30.357106,-85.795414,69,-6.0,A,Panama City,United States
"2018-10-15",709,715,-6,848,853,-5,YV,N88310,6262,PNS,IAH,80,99,489,0,0,PNS,Pensacola Regional Airport,30.473400115967,-87.186599731445,121,-6.0,A,Pensacola,United States
"2018-10-15",754,715,39,1048,926,82,DL,N902DE,955,VPS,ATL,65,114,250,0,0,VPS,Destin-Ft Walton Beach Airport,30.4832,-86.525398,87,-6.0,A,Valparaiso,United States
"2018-10-15",727,735,-8,935,947,-12,DL,N997DL,1078,PNS,ATL,43,68,271,0,0,PNS,Pensacola Regional Airport,30.473400115967,-87.186599731445,121,-6.0,A,Pensacola,United States
"2018-10-15",1032,715,197,1241,925,196,DL,N924DL,2430,ECP,ATL,48,69,240,0,0,ECP,Northwest Florida Beaches International Airport,30.357106,-85.795414,69,-6.0,A,Panama City,United States
"2018-10-15",710,721,-11,1116,929,,YX,N102HQ,4626,TLH,DCA,,,716,0,1,TLH,Tallahassee Regional Airport,30.396499633789062,-84.35030364990234,81,-5.0,A,Tallahassee,United States
"2018-10-15",743,749,-6,859,916,-17,MQ,N231AN,4116,TLH,DFW,114,136,767,0,0,TLH,Tallahassee Regional Airport,30.396499633789062,-84.35030364990234,81,-5.0,A,Tallahassee,United States
"2018-10-15",,750,,,910,,WN,"",716,ECP,BNA,,,401,1,0,ECP,Northwest Florida Beaches International Airport,30.357106,-85.795414,69,-6.0,A,Panama City,United States
"2018-10-15",747,750,-3,901,910,-9,WN,N7879A,1615,PNS,BNA,62,74,391,0,0,PNS,Pensacola Regional Airport,30.473400115967,-87.186599731445,121,-6.0,A,Pensacola,United States
"2018-10-15",853,900,-7,1128,1055,33,EV,N48901,4064,VPS,IAH,89,155,528,0,0,VPS,Destin-Ft Walton Beach Airport,30.4832,-86.525398,87,-6.0,A,Valparaiso,United States
"2018-10-15",859,907,-8,1155,1156,-1,OH,N584NN,5237,PNS,CLT,74,116,488,0,0,PNS,Pensacola Regional Airport,30.473400115967,-87.186599731445,121,-6.0,A,Pensacola,United States
"2018-10-15",914,916,-2,1125,1127,-2,DL,N960DL,2212,PNS,ATL,46,71,271,0,0,PNS,Pensacola Regional Airport,30.473400115967,-87.186599731445,121,-6.0,A,Pensacola,United States
"2018-10-15",944,933,11,1157,1144,13,YV,N908FJ,5725,VPS,DFW,104,133,641,0,0,VPS,Destin-Ft Walton Beach Airport,30.4832,-86.525398,87,-6.0,A,Valparaiso,United States
"2018-10-15",1023,930,53,1219,1115,64,WN,N7733B,1281,ECP,HOU,103,116,571,0,0,ECP,Northwest Florida Beaches International Airport,30.357106,-85.795414,69,-6.0,A,Panama City,United States
"2018-10-15",933,941,-8,1226,1225,1,OH,N585NN,5564,VPS,CLT,79,113,460,0,0,VPS,Destin-Ft Walton Beach Airport,30.4832,-86.525398,87,-6.0,A,Valparaiso,United States
"2018-10-15",949,935,14,1322,1110,,WN,N733SA,2229,PNS,HOU,,,488,0,1,PNS,Pensacola Regional Airport,30.473400115967,-87.186599731445,121,-6.0,A,Pensacola,United States
"2018-10-15",937,935,2,1139,1123,16,EV,N16561,4298,PNS,IAH,85,122,489,0,0,PNS,Pensacola Regional Airport,30.473400115967,-87.186599731445,121,-6.0,A,Pensacola,United States
"2018-10-15",940,947,-7,1146,1149,-3,DL,N963DL,2029,ECP,ATL,42,66,240,0,0,ECP,Northwest Florida Beaches International Airport,30.357106,-85.795414,69,-6.0,A,Panama City,United States
"2018-10-15",1015,1020,-5,1132,1128,4,"9E",N197PQ,3281,TLH,ATL,41,77,223,0,0,TLH,Tallahassee Regional Airport,30.396499633789062,-84.35030364990234,81,-5.0,A,Tallahassee,United States
"2018-10-15",1102,1034,28,1305,1249,16,DL,N944DL,2716,VPS,ATL,44,63,250,0,0,VPS,Destin-Ft Walton Beach Airport,30.4832,-86.525398,87,-6.0,A,Valparaiso,United States
"2018-10-15",1034,1038,-4,1313,1320,-7,MQ,N931AE,3733,PNS,MIA,83,99,530,0,0,PNS,Pensacola Regional Airport,30.473400115967,-87.186599731445,121,-6.0,A,Pensacola,United States
"2018-10-15",1048,1055,-7,1217,1228,-11,OH,N588NN,5272,TLH,CLT,71,89,386,0,0,TLH,Tallahassee Regional Airport,30.396499633789062,-84.35030364990234,81,-5.0,A,Tallahassee,United States
"2018-10-15",1125,1054,31,1450,1408,42,YX,N407YX,4609,VPS,DCA,106,145,789,0,0,VPS,Destin-Ft Walton Beach Airport,30.4832,-86.525398,87,-6.0,A,Valparaiso,United States
"2018-10-15",1109,1115,-6,1322,1332,-10,DL,N949DL,2179,PNS,ATL,46,73,271,0,0,PNS,Pensacola Regional Airport,30.473400115967,-87.186599731445,121,-6.0,A,Pensacola,United States
"2018-10-15",1057,1100,-3,1219,1220,-1,WN,N8303R,5774,ECP,BNA,72,82,401,0,0,ECP,Northwest Florida Beaches International Airport,30.357106,-85.795414,69,-6.0,A,Panama City,United States
"2018-10-15",1201,1151,10,1336,1340,-4,YX,N857RW,3682,PNS,IAH,77,95,489,0,0,PNS,Pensacola Regional Airport,30.473400115967,-87.186599731445,121,-6.0,A,Pensacola,United States
"2018-10-15",1220,1225,-5,1457,1513,-16,G4,"217NV",1900,VPS,CVG,81,97,600,0,0,VPS,Destin-Ft Walton Beach Airport,30.4832,-86.525398,87,-6.0,A,Valparaiso,United States
"2018-10-15",1218,1231,-13,1339,1355,-16,MQ,N688AE,3663,TLH,MIA,64,81,402,0,0,TLH,Tallahassee Regional Airport,30.396499633789062,-84.35030364990234,81,-5.0,A,Tallahassee,United States
"2018-10-15",1240,1245,-5,1520,1531,-11,OH,N556NN,5298,PNS,CLT,77,100,488,0,0,PNS,Pensacola Regional Airport,30.473400115967,-87.186599731445,121,-6.0,A,Pensacola,United States
"2018-10-15",1321,1331,-10,1540,1545,-5,DL,N922DL,1353,PNS,ATL,47,79,271,0,0,PNS,Pensacola Regional Airport,30.473400115967,-87.186599731445,121,-6.0,A,Pensacola,United States
"2018-10-15",1332,1333,-1,1533,1534,-1,MQ,N254NN,3488,PNS,DFW,94,121,604,0,0,PNS,Pensacola Regional Airport,30.473400115967,-87.186599731445,121,-6.0,A,Pensacola,United States
"2018-10-15",1424,1428,-4,1651,1714,-23,OH,N548NN,5500,VPS,CLT,71,87,460,0,0,VPS,Destin-Ft Walton Beach Airport,30.4832,-86.525398,87,-6.0,A,Valparaiso,United States
"2018-10-15",1430,1436,-6,1644,1643,1,DL,N951DL,2506,ECP,ATL,48,74,240,0,0,ECP,Northwest Florida Beaches International Airport,30.357106,-85.795414,69,-6.0,A,Panama City,United States
"2018-10-15",1527,1527,0,1652,1705,-13,OH,N566NN,5662,TLH,CLT,65,85,386,0,0,TLH,Tallahassee Regional Airport,30.396499633789062,-84.35030364990234,81,-5.0,A,Tallahassee,United States
"2018-10-15",1541,1528,13,1738,1734,4,AA,N965TW,2389,PNS,DFW,95,117,604,0,0,PNS,Pensacola Regional Airport,30.473400115967,-87.186599731445,121,-6.0,A,Pensacola,United States
"2018-10-15",1551,1555,-4,1757,1813,-16,DL,N969DL,1270,PNS,ATL,46,66,271,0,0,PNS,Pensacola Regional Airport,30.473400115967,-87.186599731445,121,-6.0,A,Pensacola,United States
"2018-10-15",1554,1600,-6,1802,1813,-11,DL,N904DL,2802,VPS,ATL,46,68,250,0,0,VPS,Destin-Ft Walton Beach Airport,30.4832,-86.525398,87,-6.0,A,Valparaiso,United States
"2018-10-15",1648,1640,8,1810,1805,5,MQ,N253NN,4069,TLH,DFW,119,142,767,0,0,TLH,Tallahassee Regional Airport,30.396499633789062,-84.35030364990234,81,-5.0,A,Tallahassee,United States
"2018-10-15",1733,1705,28,1934,1900,34,EV,N14905,4037,ECP,IAH,91,121,572,0,0,ECP,Northwest Florida Beaches International Airport,30.357106,-85.795414,69,-6.0,A,Panama City,United States
"2018-10-15",1734,1735,-1,1940,1947,-7,G4,"217NV",1914,VPS,MCI,106,126,764,0,0,VPS,Destin-Ft Walton Beach Airport,30.4832,-86.525398,87,-6.0,A,Valparaiso,United States
"2018-10-15",1742,1743,-1,2024,2030,-6,MQ,N662EH,3427,PNS,MIA,84,102,530,0,0,PNS,Pensacola Regional Airport,30.473400115967,-87.186599731445,121,-6.0,A,Pensacola,United States
"2018-10-15",1804,1806,-2,2006,2030,-24,DL,N908DL,1167,VPS,ATL,41,62,250,0,0,VPS,Destin-Ft Walton Beach Airport,30.4832,-86.525398,87,-6.0,A,Valparaiso,United States
"2018-10-15",1804,1808,-4,1927,1940,-13,OH,N582NN,5248,TLH,CLT,65,83,386,0,0,TLH,Tallahassee Regional Airport,30.396499633789062,-84.35030364990234,81,-5.0,A,Tallahassee,United States
"2018-10-15",2013,1845,88,2152,2044,68,EV,N12540,4260,VPS,IAH,85,99,528,0,0,VPS,Destin-Ft Walton Beach Airport,30.4832,-86.525398,87,-6.0,A,Valparaiso,United States
"2018-10-15",2206,1852,194,17,2135,162,OH,N705PS,5463,PNS,CLT,62,71,488,0,0,PNS,Pensacola Regional Airport,30.473400115967,-87.186599731445,121,-6.0,A,Pensacola,United States
"2018-10-15",1914,1915,-1,2120,2120,0,MQ,N258NN,3877,PNS,DFW,92,126,604,0,0,PNS,Pensacola Regional Airport,30.473400115967,-87.186599731445,121,-6.0,A,Pensacola,United States
"2018-10-15",,1935,,,2055,,WN,"",2008,ECP,BNA,,,401,1,0,ECP,Northwest Florida Beaches International Airport,30.357106,-85.795414,69,-6.0,A,Panama City,United States
"2018-10-15",1152,1200,-8,1406,1412,-6,DL,N982DL,1733,ECP,ATL,46,74,240,0,0,ECP,Northwest Florida Beaches International Airport,30.357106,-85.795414,69,-6.0,A,Panama City,United States
"2018-10-15",1255,1234,21,1357,1348,9,DL,N997DL,489,TLH,ATL,45,62,223,0,0,TLH,Tallahassee Regional Airport,30.396499633789062,-84.35030364990234,81,-5.0,A,Tallahassee,United States
"2018-10-15",1303,1244,19,1606,1559,7,MQ,N250NN,3822,PNS,DCA,108,123,816,0,0,PNS,Pensacola Regional Airport,30.473400115967,-87.186599731445,121,-6.0,A,Pensacola,United States
"2018-10-15",1319,1248,31,1545,1506,39,EV,N720EV,2876,ECP,DFW,99,146,685,0,0,ECP,Northwest Florida Beaches International Airport,30.357106,-85.795414,69,-6.0,A,Panama City,United States
"2018-10-15",1703,1320,223,1857,1515,222,EV,N15980,4134,ECP,IAH,98,114,572,0,0,ECP,Northwest Florida Beaches International Airport,30.357106,-85.795414,69,-6.0,A,Panama City,United States
"2018-10-15",1731,1327,244,1946,1536,250,YV,N930LR,5740,VPS,DFW,96,135,641,0,0,VPS,Destin-Ft Walton Beach Airport,30.4832,-86.525398,87,-6.0,A,Valparaiso,United States
"2018-10-15",1620,1432,108,1828,1644,104,DL,N900DE,2873,VPS,ATL,41,68,250,0,0,VPS,Destin-Ft Walton Beach Airport,30.4832,-86.525398,87,-6.0,A,Valparaiso,United States
"2018-10-15",1705,1457,128,2016,1744,152,EV,N600QX,2880,ECP,CLT,65,131,437,0,0,ECP,Northwest Florida Beaches International Airport,30.357106,-85.795414,69,-6.0,A,Panama City,United States
"2018-10-15",1547,1500,47,1756,1655,61,EV,N16561,4447,VPS,IAH,96,129,528,0,0,VPS,Destin-Ft Walton Beach Airport,30.4832,-86.525398,87,-6.0,A,Valparaiso,United States
"2018-10-15",1538,1515,23,1727,1703,24,EV,N11164,4142,PNS,IAH,86,109,489,0,0,PNS,Pensacola Regional Airport,30.473400115967,-87.186599731445,121,-6.0,A,Pensacola,United States
"2018-10-15",1550,1558,-8,1655,1707,-12,DL,N952AT,1399,TLH,ATL,43,65,223,0,0,TLH,Tallahassee Regional Airport,30.396499633789062,-84.35030364990234,81,-5.0,A,Tallahassee,United States
"2018-10-15",1610,1614,-4,1902,1859,3,YX,N107HQ,4553,PNS,CLT,77,112,488,0,0,PNS,Pensacola Regional Airport,30.473400115967,-87.186599731445,121,-6.0,A,Pensacola,United States
"2018-10-15",1727,1627,60,2113,2004,69,YX,N136HQ,4537,PNS,PHL,126,166,935,0,0,PNS,Pensacola Regional Airport,30.473400115967,-87.186599731445,121,-6.0,A,Pensacola,United States
"2018-10-15",1652,1702,-10,1808,1827,-19,MQ,N650AE,3861,TLH,MIA,60,76,402,0,0,TLH,Tallahassee Regional Airport,30.396499633789062,-84.35030364990234,81,-5.0,A,Tallahassee,United States
"2018-10-15",1654,1702,-8,1832,1846,-14,G4,"229NV",1902,VPS,BLV,79,98,587,0,0,VPS,Destin-Ft Walton Beach Airport,30.4832,-86.525398,87,-6.0,A,Valparaiso,United States
"2018-10-15",1800,1756,4,1900,1903,-3,DL,N915DL,1786,TLH,ATL,43,60,223,0,0,TLH,Tallahassee Regional Airport,30.396499633789062,-84.35030364990234,81,-5.0,A,Tallahassee,United States
"2018-10-15",1756,1759,-3,1957,2013,-16,DL,N976DL,1403,ECP,ATL,41,61,240,0,0,ECP,Northwest Florida Beaches International Airport,30.357106,-85.795414,69,-6.0,A,Panama City,United States
"2018-10-15",1758,1759,-1,2010,2016,-6,DL,N990DL,1814,PNS,ATL,45,72,271,0,0,PNS,Pensacola Regional Airport,30.473400115967,-87.186599731445,121,-6.0,A,Pensacola,United States
"2018-10-15",1848,1850,-2,2032,2029,3,YV,N86350,6036,PNS,IAH,82,104,489,0,0,PNS,Pensacola Regional Airport,30.473400115967,-87.186599731445,121,-6.0,A,Pensacola,United States
"2018-10-15",1847,1855,-8,2126,2135,-9,OH,N573NN,5709,VPS,CLT,76,99,460,0,0,VPS,Destin-Ft Walton Beach Airport,30.4832,-86.525398,87,-6.0,A,Valparaiso,United States
"2018-10-15",,1919,,,2130,,YV,N920FJ,5906,VPS,DFW,,,641,1,0,VPS,Destin-Ft Walton Beach Airport,30.4832,-86.525398,87,-6.0,A,Valparaiso,United States
"2018-10-15",2031,1920,71,2146,2040,66,WN,N426WN,976,PNS,BNA,60,75,391,0,0,PNS,Pensacola Regional Airport,30.473400115967,-87.186599731445,121,-6.0,A,Pensacola,United States
"2018-10-15",1921,1928,-7,2046,2050,-4,MQ,N657AE,3844,TLH,MIA,69,85,402,0,0,TLH,Tallahassee Regional Airport,30.396499633789062,-84.35030364990234,81,-5.0,A,Tallahassee,United States
"2018-10-15",1944,1945,-1,2050,2056,-6,DL,N960AT,678,TLH,ATL,43,66,223,0,0,TLH,Tallahassee Regional Airport,30.396499633789062,-84.35030364990234,81,-5.0,A,Tallahassee,United States
"2018-10-15",2003,2011,-8,2135,2142,-7,YX,N103HQ,4660,TLH,CLT,63,92,386,0,0,TLH,Tallahassee Regional Airport,30.396499633789062,-84.35030364990234,81,-5.0,A,Tallahassee,United States
"2018-10-16",1200,600,360,1411,808,363,DL,N986DL,1237,ECP,ATL,41,71,240,0,0,ECP,Northwest Florida Beaches International Airport,30.357106,-85.795414,69,-6.0,A,Panama City,United States
"2018-10-16",522,530,-8,732,735,-3,DL,N957DL,856,PNS,ATL,44,70,271,0,0,PNS,Pensacola Regional Airport,30.473400115967,-87.186599731445,121,-6.0,A,Pensacola,United States
"2018-10-16",541,545,-4,640,650,-10,DL,N910DE,708,TLH,ATL,41,59,223,0,0,TLH,Tallahassee Regional Airport,30.396499633789062,-84.35030364990234,81,-5.0,A,Tallahassee,United States
"2018-10-16",655,700,-5,754,803,-9,DL,N920DE,496,TLH,ATL,46,59,223,0,0,TLH,Tallahassee Regional Airport,30.396499633789062,-84.35030364990234,81,-5.0,A,Tallahassee,United States
"2018-10-16",555,600,-5,802,807,-5,DL,N980DL,2714,VPS,ATL,48,67,250,0,0,VPS,Destin-Ft Walton Beach Airport,30.4832,-86.525398,87,-6.0,A,Valparaiso,United States
"2018-10-16",611,600,11,736,725,11,OH,N587NN,5584,TLH,CLT,53,85,386,0,0,TLH,Tallahassee Regional Airport,30.396499633789062,-84.35030364990234,81,-5.0,A,Tallahassee,United States
"2018-10-16",606,601,5,848,844,4,OH,N548NN,5353,PNS,CLT,68,102,488,0,0,PNS,Pensacola Regional Airport,30.473400115967,-87.186599731445,121,-6.0,A,Pensacola,United States
"2018-10-16",556,602,-6,829,847,-18,MQ,N931AE,3508,PNS,MIA,78,93,530,0,0,PNS,Pensacola Regional Airport,30.473400115967,-87.186599731445,121,-6.0,A,Pensacola,United States
"2018-10-16",,609,,,851,,EV,N600QX,2899,ECP,CLT,,,437,1,0,ECP,Northwest Florida Beaches International Airport,30.357106,-85.795414,69,-6.0,A,Panama City,United States
"2018-10-16",611,614,-3,921,929,-8,OH,N514AE,5082,PNS,DCA,104,130,816,0,0,PNS,Pensacola Regional Airport,30.473400115967,-87.186599731445,121,-6.0,A,Pensacola,United States
"2018-10-16",626,630,-4,837,839,-2,DL,N945DL,1234,PNS,ATL,48,71,271,0,0,PNS,Pensacola Regional Airport,30.473400115967,-87.186599731445,121,-6.0,A,Pensacola,United States
"2018-10-16",630,634,-4,1009,915,54,OH,N588NN,5623,VPS,CLT,63,159,460,0,0,VPS,Destin-Ft Walton Beach Airport,30.4832,-86.525398,87,-6.0,A,Valparaiso,United States
"2018-10-16",1012,700,192,1233,855,218,EV,N22909,3979,ECP,IAH,105,141,572,0,0,ECP,Northwest Florida Beaches International Airport,30.357106,-85.795414,69,-6.0,A,Panama City,United States
"2018-10-16",708,715,-7,902,853,9,YV,N89342,6262,PNS,IAH,84,114,489,0,0,PNS,Pensacola Regional Airport,30.473400115967,-87.186599731445,121,-6.0,A,Pensacola,United States
"2018-10-16",700,700,0,925,919,6,AA,N9681B,1538,VPS,DFW,99,145,641,0,0,VPS,Destin-Ft Walton Beach Airport,30.4832,-86.525398,87,-6.0,A,Valparaiso,United States
"2018-10-16",949,700,169,1154,908,166,AA,N970TW,2453,PNS,DFW,100,125,604,0,0,PNS,Pensacola Regional Airport,30.473400115967,-87.186599731445,121,-6.0,A,Pensacola,United States
"2018-10-16",,701,,,920,,EV,N717EV,2889,ECP,DFW,,,685,1,0,ECP,Northwest Florida Beaches International Airport,30.357106,-85.795414,69,-6.0,A,Panama City,United States
"2018-10-16",709,715,-6,918,926,-8,DL,N972DL,955,VPS,ATL,46,69,250,0,0,VPS,Destin-Ft Walton Beach Airport,30.4832,-86.525398,87,-6.0,A,Valparaiso,United States
"2018-10-16",1308,715,353,1507,925,342,DL,N912DE,2430,ECP,ATL,41,59,240,0,0,ECP,Northwest Florida Beaches International Airport,30.357106,-85.795414,69,-6.0,A,Panama City,United States
"2018-10-16",730,735,-5,950,947,3,DL,N962DL,1078,PNS,ATL,49,80,271,0,0,PNS,Pensacola Regional Airport,30.473400115967,-87.186599731445,121,-6.0,A,Pensacola,United States
"2018-10-16",718,721,-3,911,929,-18,YX,N418YX,4626,TLH,DCA,93,113,716,0,0,TLH,Tallahassee Regional Airport,30.396499633789062,-84.35030364990234,81,-5.0,A,Tallahassee,United States
"2018-10-16",805,749,16,945,916,29,MQ,N263NN,4116,TLH,DFW,134,160,767,0,0,TLH,Tallahassee Regional Airport,30.396499633789062,-84.35030364990234,81,-5.0,A,Tallahassee,United States
"2018-10-16",,750,,,910,,WN,"",716,ECP,BNA,,,401,1,0,ECP,Northwest Florida Beaches International Airport,30.357106,-85.795414,69,-6.0,A,Panama City,United States
"2018-10-16",746,750,-4,857,910,-13,WN,N233LV,1615,PNS,BNA,59,71,391,0,0,PNS,Pensacola Regional Airport,30.473400115967,-87.186599731445,121,-6.0,A,Pensacola,United States
"2018-10-16",951,907,44,1227,1156,31,OH,N504AE,5237,PNS,CLT,70,96,488,0,0,PNS,Pensacola Regional Airport,30.473400115967,-87.186599731445,121,-6.0,A,Pensacola,United States
"2018-10-16",854,900,-6,1044,1055,-11,EV,N16571,4064,VPS,IAH,94,110,528,0,0,VPS,Destin-Ft Walton Beach Airport,30.4832,-86.525398,87,-6.0,A,Valparaiso,United States
"2018-10-16",858,900,-2,1045,1044,1,G4,"229NV",1902,VPS,BLV,81,107,587,0,0,VPS,Destin-Ft Walton Beach Airport,30.4832,-86.525398,87,-6.0,A,Valparaiso,United States
"2018-10-16",1103,916,107,1307,1127,100,DL,N905DL,2212,PNS,ATL,44,64,271,0,0,PNS,Pensacola Regional Airport,30.473400115967,-87.186599731445,121,-6.0,A,Pensacola,United States
"2018-10-16",928,935,-7,1201,1217,-16,G4,"217NV",1918,VPS,SDF,73,93,532,0,0,VPS,Destin-Ft Walton Beach Airport,30.4832,-86.525398,87,-6.0,A,Valparaiso,United States
"2018-10-16",1207,930,157,1406,1115,171,WN,N7814B,1281,ECP,HOU,103,119,571,0,0,ECP,Northwest Florida Beaches International Airport,30.357106,-85.795414,69,-6.0,A,Panama City,United States
"2018-10-16",1156,935,141,1337,1110,147,WN,N905WN,2229,PNS,HOU,90,101,488,0,0,PNS,Pensacola Regional Airport,30.473400115967,-87.186599731445,121,-6.0,A,Pensacola,United States
"2018-10-16",940,935,5,1126,1123,3,EV,N18556,4298,PNS,IAH,85,106,489,0,0,PNS,Pensacola Regional Airport,30.473400115967,-87.186599731445,121,-6.0,A,Pensacola,United States
"2018-10-16",1006,941,25,1236,1225,11,OH,N589NN,5564,VPS,CLT,65,90,460,0,0,VPS,Destin-Ft Walton Beach Airport,30.4832,-86.525398,87,-6.0,A,Valparaiso,United States
"2018-10-16",1141,947,114,1357,1149,128,DL,N953DL,2029,ECP,ATL,45,76,240,0,0,ECP,Northwest Florida Beaches International Airport,30.357106,-85.795414,69,-6.0,A,Panama City,United States
"2018-10-16",1015,1020,-5,1134,1128,6,"9E",N294PQ,3281,TLH,ATL,49,79,223,0,0,TLH,Tallahassee Regional Airport,30.396499633789062,-84.35030364990234,81,-5.0,A,Tallahassee,United States
"2018-10-16",1029,1034,-5,1234,1249,-15,DL,N994DL,2716,VPS,ATL,43,65,250,0,0,VPS,Destin-Ft Walton Beach Airport,30.4832,-86.525398,87,-6.0,A,Valparaiso,United States
"2018-10-16",1031,1038,-7,1318,1320,-2,MQ,N650AE,3733,PNS,MIA,89,107,530,0,0,PNS,Pensacola Regional Airport,30.473400115967,-87.186599731445,121,-6.0,A,Pensacola,United States
"2018-10-16",1103,1054,9,1420,1408,12,YX,N408YX,4609,VPS,DCA,103,137,789,0,0,VPS,Destin-Ft Walton Beach Airport,30.4832,-86.525398,87,-6.0,A,Valparaiso,United States
"2018-10-16",1052,1055,-3,1222,1228,-6,OH,N571NN,5272,TLH,CLT,55,90,386,0,0,TLH,Tallahassee Regional Airport,30.396499633789062,-84.35030364990234,81,-5.0,A,Tallahassee,United States
"2018-10-16",1114,1115,-1,1318,1332,-14,DL,N554NW,2179,PNS,ATL,46,64,271,0,0,PNS,Pensacola Regional Airport,30.473400115967,-87.186599731445,121,-6.0,A,Pensacola,United States
"2018-10-16",1142,1151,-9,1332,1340,-8,YX,N642RW,3682,PNS,IAH,88,110,489,0,0,PNS,Pensacola Regional Airport,30.473400115967,-87.186599731445,121,-6.0,A,Pensacola,United States
"2018-10-16",1228,1211,17,1444,1423,21,F9,N338FR,641,PNS,DEN,176,196,1179,0,0,PNS,Pensacola Regional Airport,30.473400115967,-87.186599731445,121,-6.0,A,Pensacola,United States
"2018-10-16",1241,1200,41,1437,1412,25,DL,N907DL,1733,ECP,ATL,41,56,240,0,0,ECP,Northwest Florida Beaches International Airport,30.357106,-85.795414,69,-6.0,A,Panama City,United States
"2018-10-16",1226,1231,-5,1343,1355,-12,MQ,N662EH,3663,TLH,MIA,64,77,402,0,0,TLH,Tallahassee Regional Airport,30.396499633789062,-84.35030364990234,81,-5.0,A,Tallahassee,United States
"2018-10-16",1230,1234,-4,1341,1348,-7,DL,N909DE,489,TLH,ATL,46,71,223,0,0,TLH,Tallahassee Regional Airport,30.396499633789062,-84.35030364990234,81,-5.0,A,Tallahassee,United States
"2018-10-16",1238,1248,-10,1447,1506,-19,EV,N616QX,2876,ECP,DFW,98,129,685,0,0,ECP,Northwest Florida Beaches International Airport,30.357106,-85.795414,69,-6.0,A,Panama City,United States
"2018-10-16",,1327,,,1536,,YV,N942LR,5740,VPS,DFW,,,641,1,0,VPS,Destin-Ft Walton Beach Airport,30.4832,-86.525398,87,-6.0,A,Valparaiso,United States
"2018-10-16",1341,1333,8,1546,1534,12,MQ,N235NN,3488,PNS,DFW,93,125,604,0,0,PNS,Pensacola Regional Airport,30.473400115967,-87.186599731445,121,-6.0,A,Pensacola,United States
"2018-10-16",1459,1403,56,1755,1651,64,G4,"229NV",1900,VPS,CVG,87,116,600,0,0,VPS,Destin-Ft Walton Beach Airport,30.4832,-86.525398,87,-6.0,A,Valparaiso,United States
"2018-10-16",1422,1428,-6,1700,1714,-14,OH,N572NN,5500,VPS,CLT,64,98,460,0,0,VPS,Destin-Ft Walton Beach Airport,30.4832,-86.525398,87,-6.0,A,Valparaiso,United States
"2018-10-16",1437,1432,5,1640,1644,-4,DL,N989DL,2873,VPS,ATL,43,63,250,0,0,VPS,Destin-Ft Walton Beach Airport,30.4832,-86.525398,87,-6.0,A,Valparaiso,United States
"2018-10-16",1420,1433,-13,1625,1640,-15,G4,"217NV",1908,VPS,OKC,107,125,726,0,0,VPS,Destin-Ft Walton Beach Airport,30.4832,-86.525398,87,-6.0,A,Valparaiso,United States
"2018-10-16",1628,1457,91,1901,1744,77,EV,N617QX,2880,ECP,CLT,65,93,437,0,0,ECP,Northwest Florida Beaches International Airport,30.357106,-85.795414,69,-6.0,A,Panama City,United States
"2018-10-16",1514,1527,-13,1645,1705,-20,OH,N595NN,5662,TLH,CLT,63,91,386,0,0,TLH,Tallahassee Regional Airport,30.396499633789062,-84.35030364990234,81,-5.0,A,Tallahassee,United States
"2018-10-16",1523,1528,-5,1722,1734,-12,AA,N9624T,2389,PNS,DFW,94,119,604,0,0,PNS,Pensacola Regional Airport,30.473400115967,-87.186599731445,121,-6.0,A,Pensacola,United States
"2018-10-16",1551,1555,-4,1758,1813,-15,DL,N947DL,1270,PNS,ATL,47,67,271,0,0,PNS,Pensacola Regional Airport,30.473400115967,-87.186599731445,121,-6.0,A,Pensacola,United States
"2018-10-16",1551,1558,-7,1648,1707,-19,DL,N955AT,1399,TLH,ATL,40,57,223,0,0,TLH,Tallahassee Regional Airport,30.396499633789062,-84.35030364990234,81,-5.0,A,Tallahassee,United States
"2018-10-16",1638,1627,11,2011,2004,7,YX,N116HQ,4537,PNS,PHL,136,153,935,0,0,PNS,Pensacola Regional Airport,30.473400115967,-87.186599731445,121,-6.0,A,Pensacola,United States
"2018-10-20",,701,,,920,,EV,N615QX,2889,ECP,DFW,,,685,1,0,ECP,Northwest Florida Beaches International Airport,30.357106,-85.795414,69,-6.0,A,Panama City,United States
"2018-10-16",1657,1702,-5,1813,1827,-14,MQ,N688AE,3861,TLH,MIA,61,76,402,0,0,TLH,Tallahassee Regional Airport,30.396499633789062,-84.35030364990234,81,-5.0,A,Tallahassee,United States
"2018-10-16",1708,1705,3,1911,1900,11,EV,N17560,4037,ECP,IAH,97,123,572,0,0,ECP,Northwest Florida Beaches International Airport,30.357106,-85.795414,69,-6.0,A,Panama City,United States
"2018-10-16",1754,1759,-5,2001,2016,-15,DL,N678DL,1814,PNS,ATL,44,67,271,0,0,PNS,Pensacola Regional Airport,30.473400115967,-87.186599731445,121,-6.0,A,Pensacola,United States
"2018-10-16",1801,1806,-5,2017,2030,-13,DL,N943DL,1167,VPS,ATL,43,76,250,0,0,VPS,Destin-Ft Walton Beach Airport,30.4832,-86.525398,87,-6.0,A,Valparaiso,United States
"2018-10-16",1910,1850,20,2053,2029,24,YV,N86316,6036,PNS,IAH,83,103,489,0,0,PNS,Pensacola Regional Airport,30.473400115967,-87.186599731445,121,-6.0,A,Pensacola,United States
"2018-10-16",1850,1852,-2,2116,2135,-19,OH,N545PB,5463,PNS,CLT,70,86,488,0,0,PNS,Pensacola Regional Airport,30.473400115967,-87.186599731445,121,-6.0,A,Pensacola,United States
"2018-10-16",1853,1855,-2,2124,2135,-11,OH,N591NN,5709,VPS,CLT,70,91,460,0,0,VPS,Destin-Ft Walton Beach Airport,30.4832,-86.525398,87,-6.0,A,Valparaiso,United States
"2018-10-16",1912,1919,-7,2116,2130,-14,YV,N926LR,5906,VPS,DFW,95,124,641,0,0,VPS,Destin-Ft Walton Beach Airport,30.4832,-86.525398,87,-6.0,A,Valparaiso,United States
"2018-10-16",1957,1920,37,2109,2040,29,WN,N916WN,976,PNS,BNA,58,72,391,0,0,PNS,Pensacola Regional Airport,30.473400115967,-87.186599731445,121,-6.0,A,Pensacola,United States
"2018-10-16",,1935,,,2055,,WN,"",2008,ECP,BNA,,,401,1,0,ECP,Northwest Florida Beaches International Airport,30.357106,-85.795414,69,-6.0,A,Panama City,United States
"2018-10-16",1938,1945,-7,2043,2056,-13,DL,N997AT,678,TLH,ATL,41,65,223,0,0,TLH,Tallahassee Regional Airport,30.396499633789062,-84.35030364990234,81,-5.0,A,Tallahassee,United States
"2018-10-16",2028,2011,17,2149,2142,7,YX,N131HQ,4660,TLH,CLT,57,81,386,0,0,TLH,Tallahassee Regional Airport,30.396499633789062,-84.35030364990234,81,-5.0,A,Tallahassee,United States
"2018-10-16",1244,1244,0,1552,1559,-7,MQ,N263NN,3822,PNS,DCA,102,128,816,0,0,PNS,Pensacola Regional Airport,30.473400115967,-87.186599731445,121,-6.0,A,Pensacola,United States
"2018-10-16",1241,1245,-4,1456,1531,-35,OH,N582NN,5298,PNS,CLT,65,75,488,0,0,PNS,Pensacola Regional Airport,30.473400115967,-87.186599731445,121,-6.0,A,Pensacola,United States
"2018-10-16",1310,1320,-10,1529,1515,14,EV,N12166,4134,ECP,IAH,99,139,572,0,0,ECP,Northwest Florida Beaches International Airport,30.357106,-85.795414,69,-6.0,A,Panama City,United States
"2018-10-16",1324,1331,-7,1529,1545,-16,DL,N913DL,1353,PNS,ATL,42,65,271,0,0,PNS,Pensacola Regional Airport,30.473400115967,-87.186599731445,121,-6.0,A,Pensacola,United States
"2018-10-16",1438,1436,2,1639,1643,-4,DL,N924DL,2506,ECP,ATL,41,61,240,0,0,ECP,Northwest Florida Beaches International Airport,30.357106,-85.795414,69,-6.0,A,Panama City,United States
"2018-10-16",1450,1500,-10,1657,1655,2,EV,N18556,4447,VPS,IAH,101,127,528,0,0,VPS,Destin-Ft Walton Beach Airport,30.4832,-86.525398,87,-6.0,A,Valparaiso,United States
"2018-10-16",1502,1515,-13,1655,1703,-8,EV,N19554,4142,PNS,IAH,91,113,489,0,0,PNS,Pensacola Regional Airport,30.473400115967,-87.186599731445,121,-6.0,A,Pensacola,United States
"2018-10-16",1558,1600,-2,1759,1813,-14,DL,N945DL,2802,VPS,ATL,45,61,250,0,0,VPS,Destin-Ft Walton Beach Airport,30.4832,-86.525398,87,-6.0,A,Valparaiso,United States
"2018-10-16",1610,1614,-4,1850,1859,-9,YX,N137HQ,4553,PNS,CLT,72,100,488,0,0,PNS,Pensacola Regional Airport,30.473400115967,-87.186599731445,121,-6.0,A,Pensacola,United States
"2018-10-16",1639,1640,-1,1756,1805,-9,MQ,N260NN,4069,TLH,DFW,112,137,767,0,0,TLH,Tallahassee Regional Airport,30.396499633789062,-84.35030364990234,81,-5.0,A,Tallahassee,United States
"2018-10-16",1733,1743,-10,2009,2030,-21,MQ,N656AE,3427,PNS,MIA,81,96,530,0,0,PNS,Pensacola Regional Airport,30.473400115967,-87.186599731445,121,-6.0,A,Pensacola,United States
"2018-10-16",1751,1756,-5,1853,1903,-10,DL,N948DL,1786,TLH,ATL,43,62,223,0,0,TLH,Tallahassee Regional Airport,30.396499633789062,-84.35030364990234,81,-5.0,A,Tallahassee,United States
"2018-10-16",1753,1759,-6,2025,2013,12,DL,N913DL,1403,ECP,ATL,43,92,240,0,0,ECP,Northwest Florida Beaches International Airport,30.357106,-85.795414,69,-6.0,A,Panama City,United States
"2018-10-16",1802,1808,-6,1938,1940,-2,OH,N570NN,5248,TLH,CLT,59,96,386,0,0,TLH,Tallahassee Regional Airport,30.396499633789062,-84.35030364990234,81,-5.0,A,Tallahassee,United States
"2018-10-16",1843,1845,-2,2044,2044,0,EV,N16571,4260,VPS,IAH,99,121,528,0,0,VPS,Destin-Ft Walton Beach Airport,30.4832,-86.525398,87,-6.0,A,Valparaiso,United States
"2018-10-16",1909,1915,-6,2105,2120,-15,MQ,N252NN,3877,PNS,DFW,88,116,604,0,0,PNS,Pensacola Regional Airport,30.473400115967,-87.186599731445,121,-6.0,A,Pensacola,United States
"2018-10-16",1926,1928,-2,2049,2050,-1,MQ,N650AE,3844,TLH,MIA,65,83,402,0,0,TLH,Tallahassee Regional Airport,30.396499633789062,-84.35030364990234,81,-5.0,A,Tallahassee,United States
"2018-10-17",545,545,0,659,650,9,DL,N976DL,708,TLH,ATL,41,74,223,0,0,TLH,Tallahassee Regional Airport,30.396499633789062,-84.35030364990234,81,-5.0,A,Tallahassee,United States
"2018-10-17",524,530,-6,725,735,-10,DL,N957DL,856,PNS,ATL,46,61,271,0,0,PNS,Pensacola Regional Airport,30.473400115967,-87.186599731445,121,-6.0,A,Pensacola,United States
"2018-10-17",601,601,0,836,844,-8,OH,N581NN,5353,PNS,CLT,72,95,488,0,0,PNS,Pensacola Regional Airport,30.473400115967,-87.186599731445,121,-6.0,A,Pensacola,United States
"2018-10-17",1237,600,397,1444,808,396,DL,N900DE,1237,ECP,ATL,43,67,240,0,0,ECP,Northwest Florida Beaches International Airport,30.357106,-85.795414,69,-6.0,A,Panama City,United States
"2018-10-17",552,600,-8,759,807,-8,DL,N901DE,2714,VPS,ATL,42,67,250,0,0,VPS,Destin-Ft Walton Beach Airport,30.4832,-86.525398,87,-6.0,A,Valparaiso,United States
"2018-10-17",557,602,-5,831,847,-16,MQ,N664MS,3508,PNS,MIA,77,94,530,0,0,PNS,Pensacola Regional Airport,30.473400115967,-87.186599731445,121,-6.0,A,Pensacola,United States
"2018-10-17",,609,,,851,,EV,N719EV,2899,ECP,CLT,,,437,1,0,ECP,Northwest Florida Beaches International Airport,30.357106,-85.795414,69,-6.0,A,Panama City,United States
"2018-10-17",557,600,-3,720,725,-5,OH,N545PB,5584,TLH,CLT,58,83,386,0,0,TLH,Tallahassee Regional Airport,30.396499633789062,-84.35030364990234,81,-5.0,A,Tallahassee,United States
"2018-10-17",1118,700,258,1313,855,258,EV,N14148,3979,ECP,IAH,97,115,572,0,0,ECP,Northwest Florida Beaches International Airport,30.357106,-85.795414,69,-6.0,A,Panama City,United States
"2018-10-17",605,614,-9,930,929,1,OH,N723PS,5082,PNS,DCA,104,145,816,0,0,PNS,Pensacola Regional Airport,30.473400115967,-87.186599731445,121,-6.0,A,Pensacola,United States
"2018-10-17",627,630,-3,831,839,-8,DL,N983DL,1234,PNS,ATL,44,64,271,0,0,PNS,Pensacola Regional Airport,30.473400115967,-87.186599731445,121,-6.0,A,Pensacola,United States
"2018-10-17",627,634,-7,904,915,-11,OH,N572NN,5623,VPS,CLT,67,97,460,0,0,VPS,Destin-Ft Walton Beach Airport,30.4832,-86.525398,87,-6.0,A,Valparaiso,United States
"2018-10-17",658,700,-2,903,919,-16,AA,N983TW,1538,VPS,DFW,99,125,641,0,0,VPS,Destin-Ft Walton Beach Airport,30.4832,-86.525398,87,-6.0,A,Valparaiso,United States
"2018-10-17",701,700,1,801,803,-2,DL,N912DE,496,TLH,ATL,43,60,223,0,0,TLH,Tallahassee Regional Airport,30.396499633789062,-84.35030364990234,81,-5.0,A,Tallahassee,United States
"2018-10-17",654,700,-6,838,844,-6,G4,"217NV",1902,VPS,BLV,84,104,587,0,0,VPS,Destin-Ft Walton Beach Airport,30.4832,-86.525398,87,-6.0,A,Valparaiso,United States
"2018-10-17",,701,,,920,,EV,N717EV,2889,ECP,DFW,,,685,1,0,ECP,Northwest Florida Beaches International Airport,30.357106,-85.795414,69,-6.0,A,Panama City,United States
"2018-10-17",653,700,-7,844,908,-24,AA,N9628W,2453,PNS,DFW,87,111,604,0,0,PNS,Pensacola Regional Airport,30.473400115967,-87.186599731445,121,-6.0,A,Pensacola,United States
"2018-10-17",711,715,-4,917,926,-9,DL,N916DE,955,VPS,ATL,42,66,250,0,0,VPS,Destin-Ft Walton Beach Airport,30.4832,-86.525398,87,-6.0,A,Valparaiso,United States
"2018-10-17",1036,715,201,1237,925,192,DL,N997DL,2430,ECP,ATL,44,61,240,0,0,ECP,Northwest Florida Beaches International Airport,30.357106,-85.795414,69,-6.0,A,Panama City,United States
"2018-10-17",708,715,-7,857,853,4,YV,N93305,6262,PNS,IAH,87,109,489,0,0,PNS,Pensacola Regional Airport,30.473400115967,-87.186599731445,121,-6.0,A,Pensacola,United States
"2018-10-17",725,735,-10,926,947,-21,DL,N967DL,1078,PNS,ATL,41,61,271,0,0,PNS,Pensacola Regional Airport,30.473400115967,-87.186599731445,121,-6.0,A,Pensacola,United States
"2018-10-17",716,721,-5,937,929,8,YX,N407YX,4626,TLH,DCA,95,141,716,0,0,TLH,Tallahassee Regional Airport,30.396499633789062,-84.35030364990234,81,-5.0,A,Tallahassee,United States
"2018-10-17",726,730,-4,1045,1100,-15,G4,"220NV",1990,VPS,EWR,119,139,988,0,0,VPS,Destin-Ft Walton Beach Airport,30.4832,-86.525398,87,-6.0,A,Valparaiso,United States
"2018-10-17",750,750,0,903,910,-7,WN,N570WN,1615,PNS,BNA,61,73,391,0,0,PNS,Pensacola Regional Airport,30.473400115967,-87.186599731445,121,-6.0,A,Pensacola,United States
"2018-10-17",737,749,-12,858,916,-18,MQ,N229NN,4116,TLH,DFW,111,141,767,0,0,TLH,Tallahassee Regional Airport,30.396499633789062,-84.35030364990234,81,-5.0,A,Tallahassee,United States
"2018-10-17",1134,750,224,1236,910,206,WN,N8303R,716,ECP,BNA,51,62,401,0,0,ECP,Northwest Florida Beaches International Airport,30.357106,-85.795414,69,-6.0,A,Panama City,United States
"2018-10-17",849,850,-1,1147,1151,-4,G4,"326NV",1425,VPS,PIT,99,118,775,0,0,VPS,Destin-Ft Walton Beach Airport,30.4832,-86.525398,87,-6.0,A,Valparaiso,United States
"2018-10-17",850,900,-10,1051,1055,-4,EV,N14907,4064,VPS,IAH,97,121,528,0,0,VPS,Destin-Ft Walton Beach Airport,30.4832,-86.525398,87,-6.0,A,Valparaiso,United States
"2018-10-17",1018,935,43,1144,1110,34,WN,N285WN,2229,PNS,HOU,75,86,488,0,0,PNS,Pensacola Regional Airport,30.473400115967,-87.186599731445,121,-6.0,A,Pensacola,United States
"2018-10-17",856,907,-11,1128,1156,-28,OH,N540EA,5237,PNS,CLT,68,92,488,0,0,PNS,Pensacola Regional Airport,30.473400115967,-87.186599731445,121,-6.0,A,Pensacola,United States
"2018-10-17",908,916,-8,1106,1127,-21,DL,N907DL,2212,PNS,ATL,44,58,271,0,0,PNS,Pensacola Regional Airport,30.473400115967,-87.186599731445,121,-6.0,A,Pensacola,United States
"2018-10-17",1036,930,66,1224,1115,69,WN,N7703A,1281,ECP,HOU,87,108,571,0,0,ECP,Northwest Florida Beaches International Airport,30.357106,-85.795414,69,-6.0,A,Panama City,United States
"2018-10-17",931,935,-4,1116,1123,-7,EV,N15980,4298,PNS,IAH,89,105,489,0,0,PNS,Pensacola Regional Airport,30.473400115967,-87.186599731445,121,-6.0,A,Pensacola,United States
"2018-10-17",935,941,-6,1211,1225,-14,OH,N576NN,5564,VPS,CLT,70,96,460,0,0,VPS,Destin-Ft Walton Beach Airport,30.4832,-86.525398,87,-6.0,A,Valparaiso,United States
"2018-10-17",1012,1020,-8,1126,1128,-2,"9E",N931XJ,3281,TLH,ATL,46,74,223,0,0,TLH,Tallahassee Regional Airport,30.396499633789062,-84.35030364990234,81,-5.0,A,Tallahassee,United States
"2018-10-17",952,947,5,1149,1149,0,DL,N987DL,2029,ECP,ATL,42,57,240,0,0,ECP,Northwest Florida Beaches International Airport,30.357106,-85.795414,69,-6.0,A,Panama City,United States
"2018-10-17",1029,1034,-5,1240,1249,-9,DL,N909DE,2716,VPS,ATL,44,71,250,0,0,VPS,Destin-Ft Walton Beach Airport,30.4832,-86.525398,87,-6.0,A,Valparaiso,United States
"2018-10-17",1031,1038,-7,1316,1320,-4,MQ,N619AE,3733,PNS,MIA,91,105,530,0,0,PNS,Pensacola Regional Airport,30.473400115967,-87.186599731445,121,-6.0,A,Pensacola,United States
"2018-10-17",1052,1054,-2,1351,1408,-17,YX,N424YX,4609,VPS,DCA,99,119,789,0,0,VPS,Destin-Ft Walton Beach Airport,30.4832,-86.525398,87,-6.0,A,Valparaiso,United States
"2018-10-17",1055,1055,0,1221,1228,-7,OH,N589NN,5272,TLH,CLT,60,86,386,0,0,TLH,Tallahassee Regional Airport,30.396499633789062,-84.35030364990234,81,-5.0,A,Tallahassee,United States
"2018-10-17",1110,1115,-5,1311,1332,-21,DL,N6700,2179,PNS,ATL,44,61,271,0,0,PNS,Pensacola Regional Airport,30.473400115967,-87.186599731445,121,-6.0,A,Pensacola,United States
"2018-10-17",1751,1151,360,1931,1340,351,YX,N722YX,3682,PNS,IAH,83,100,489,0,0,PNS,Pensacola Regional Airport,30.473400115967,-87.186599731445,121,-6.0,A,Pensacola,United States
"2018-10-17",1149,1200,-11,1400,1412,-12,DL,N958DL,1733,ECP,ATL,43,71,240,0,0,ECP,Northwest Florida Beaches International Airport,30.357106,-85.795414,69,-6.0,A,Panama City,United States
"2018-10-17",1147,1203,-16,1440,1451,-11,G4,"217NV",1900,VPS,CVG,87,113,600,0,0,VPS,Destin-Ft Walton Beach Airport,30.4832,-86.525398,87,-6.0,A,Valparaiso,United States
"2018-10-17",1227,1231,-4,1345,1355,-10,MQ,N681AE,3663,TLH,MIA,62,78,402,0,0,TLH,Tallahassee Regional Airport,30.396499633789062,-84.35030364990234,81,-5.0,A,Tallahassee,United States
"2018-10-17",1227,1234,-7,1335,1348,-13,DL,N953DL,489,TLH,ATL,43,68,223,0,0,TLH,Tallahassee Regional Airport,30.396499633789062,-84.35030364990234,81,-5.0,A,Tallahassee,United States
"2018-10-17",1236,1244,-8,1532,1559,-27,MQ,N229NN,3822,PNS,DCA,103,116,816,0,0,PNS,Pensacola Regional Airport,30.473400115967,-87.186599731445,121,-6.0,A,Pensacola,United States
"2018-10-17",1259,1245,14,1531,1531,0,OH,N558NN,5298,PNS,CLT,70,92,488,0,0,PNS,Pensacola Regional Airport,30.473400115967,-87.186599731445,121,-6.0,A,Pensacola,United States
"2018-10-17",1341,1248,53,1553,1506,47,EV,N611QX,2876,ECP,DFW,102,132,685,0,0,ECP,Northwest Florida Beaches International Airport,30.357106,-85.795414,69,-6.0,A,Panama City,United States
"2018-10-17",1739,1320,259,1936,1515,261,EV,N15912,4134,ECP,IAH,93,117,572,0,0,ECP,Northwest Florida Beaches International Airport,30.357106,-85.795414,69,-6.0,A,Panama City,United States
"2018-10-17",1341,1327,14,1549,1536,13,YV,N930LR,5740,VPS,DFW,104,128,641,0,0,VPS,Destin-Ft Walton Beach Airport,30.4832,-86.525398,87,-6.0,A,Valparaiso,United States
"2018-10-17",1328,1331,-3,1533,1545,-12,DL,N950DL,1353,PNS,ATL,45,65,271,0,0,PNS,Pensacola Regional Airport,30.473400115967,-87.186599731445,121,-6.0,A,Pensacola,United States
"2018-10-17",1337,1333,4,1532,1534,-2,MQ,N221NN,3488,PNS,DFW,89,115,604,0,0,PNS,Pensacola Regional Airport,30.473400115967,-87.186599731445,121,-6.0,A,Pensacola,United States
"2018-10-17",1422,1432,-10,1629,1644,-15,DL,N908DL,2873,VPS,ATL,45,67,250,0,0,VPS,Destin-Ft Walton Beach Airport,30.4832,-86.525398,87,-6.0,A,Valparaiso,United States
"2018-10-17",1457,1457,0,1731,1744,-13,EV,N600QX,2880,ECP,CLT,64,94,437,0,0,ECP,Northwest Florida Beaches International Airport,30.357106,-85.795414,69,-6.0,A,Panama City,United States
"2018-10-17",1449,1500,-11,1644,1655,-11,EV,N15980,4447,VPS,IAH,88,115,528,0,0,VPS,Destin-Ft Walton Beach Airport,30.4832,-86.525398,87,-6.0,A,Valparaiso,United States
"2018-10-17",1518,1527,-9,1650,1705,-15,OH,N559NN,5662,TLH,CLT,57,92,386,0,0,TLH,Tallahassee Regional Airport,30.396499633789062,-84.35030364990234,81,-5.0,A,Tallahassee,United States
"2018-10-17",1554,1558,-4,1703,1707,-4,DL,N990AT,1399,TLH,ATL,44,69,223,0,0,TLH,Tallahassee Regional Airport,30.396499633789062,-84.35030364990234,81,-5.0,A,Tallahassee,United States
"2018-10-17",1551,1600,-9,1802,1813,-11,DL,N959DL,2802,VPS,ATL,41,71,250,0,0,VPS,Destin-Ft Walton Beach Airport,30.4832,-86.525398,87,-6.0,A,Valparaiso,United States
"2018-10-17",1613,1614,-1,1847,1859,-12,YX,N108HQ,4553,PNS,CLT,69,94,488,0,0,PNS,Pensacola Regional Airport,30.473400115967,-87.186599731445,121,-6.0,A,Pensacola,United States
"2018-10-17",1621,1627,-6,1939,2004,-25,YX,N107HQ,4537,PNS,PHL,125,138,935,0,0,PNS,Pensacola Regional Airport,30.473400115967,-87.186599731445,121,-6.0,A,Pensacola,United States
"2018-10-17",1654,1702,-8,1806,1827,-21,MQ,N681AE,3861,TLH,MIA,62,72,402,0,0,TLH,Tallahassee Regional Airport,30.396499633789062,-84.35030364990234,81,-5.0,A,Tallahassee,United States
"2018-10-17",1711,1705,6,1925,1900,25,EV,N14568,4037,ECP,IAH,112,134,572,0,0,ECP,Northwest Florida Beaches International Airport,30.357106,-85.795414,69,-6.0,A,Panama City,United States
"2018-10-17",1804,1806,-2,2015,2030,-15,DL,N910DL,1167,VPS,ATL,47,71,250,0,0,VPS,Destin-Ft Walton Beach Airport,30.4832,-86.525398,87,-6.0,A,Valparaiso,United States
"2018-10-17",1934,1845,49,2129,2044,45,EV,N12540,4260,VPS,IAH,85,115,528,0,0,VPS,Destin-Ft Walton Beach Airport,30.4832,-86.525398,87,-6.0,A,Valparaiso,United States
"2018-10-17",1852,1852,0,2132,2135,-3,OH,N510AE,5463,PNS,CLT,73,100,488,0,0,PNS,Pensacola Regional Airport,30.473400115967,-87.186599731445,121,-6.0,A,Pensacola,United States
"2018-10-17",2017,1919,58,2227,2130,57,YV,N959LR,5906,VPS,DFW,97,130,641,0,0,VPS,Destin-Ft Walton Beach Airport,30.4832,-86.525398,87,-6.0,A,Valparaiso,United States
"2018-10-17",1930,1920,10,2039,2040,-1,WN,N720WN,976,PNS,BNA,57,69,391,0,0,PNS,Pensacola Regional Airport,30.473400115967,-87.186599731445,121,-6.0,A,Pensacola,United States
"2018-10-17",2003,2011,-8,2124,2142,-18,YX,N137HQ,4660,TLH,CLT,61,81,386,0,0,TLH,Tallahassee Regional Airport,30.396499633789062,-84.35030364990234,81,-5.0,A,Tallahassee,United States
"2018-10-17",1620,1428,112,1900,1714,106,OH,N569NN,5500,VPS,CLT,69,100,460,0,0,VPS,Destin-Ft Walton Beach Airport,30.4832,-86.525398,87,-6.0,A,Valparaiso,United States
"2018-10-17",1431,1435,-4,1740,1746,-6,G4,"220NV",1946,VPS,BWI,106,129,819,0,0,VPS,Destin-Ft Walton Beach Airport,30.4832,-86.525398,87,-6.0,A,Valparaiso,United States
"2018-10-17",1425,1436,-11,1631,1643,-12,DL,N951DL,2506,ECP,ATL,45,66,240,0,0,ECP,Northwest Florida Beaches International Airport,30.357106,-85.795414,69,-6.0,A,Panama City,United States
"2018-10-17",1427,1437,-10,1650,1722,-32,F9,N938FR,1285,PNS,ORD,120,143,794,0,0,PNS,Pensacola Regional Airport,30.473400115967,-87.186599731445,121,-6.0,A,Pensacola,United States
"2018-10-17",1524,1515,9,1726,1703,23,EV,N14905,4142,PNS,IAH,99,122,489,0,0,PNS,Pensacola Regional Airport,30.473400115967,-87.186599731445,121,-6.0,A,Pensacola,United States
"2018-10-17",1521,1528,-7,1708,1734,-26,AA,N7541A,2389,PNS,DFW,82,107,604,0,0,PNS,Pensacola Regional Airport,30.473400115967,-87.186599731445,121,-6.0,A,Pensacola,United States
"2018-10-17",1547,1555,-8,1747,1813,-26,DL,N988DL,1270,PNS,ATL,42,60,271,0,0,PNS,Pensacola Regional Airport,30.473400115967,-87.186599731445,121,-6.0,A,Pensacola,United States
"2018-10-17",1640,1640,0,1758,1805,-7,MQ,N225NN,4069,TLH,DFW,114,138,767,0,0,TLH,Tallahassee Regional Airport,30.396499633789062,-84.35030364990234,81,-5.0,A,Tallahassee,United States
"2018-10-17",1839,1743,56,2119,2030,49,MQ,N650AE,3427,PNS,MIA,81,100,530,0,0,PNS,Pensacola Regional Airport,30.473400115967,-87.186599731445,121,-6.0,A,Pensacola,United States
"2018-10-17",1754,1756,-2,1858,1903,-5,DL,N916DE,1786,TLH,ATL,46,64,223,0,0,TLH,Tallahassee Regional Airport,30.396499633789062,-84.35030364990234,81,-5.0,A,Tallahassee,United States
"2018-10-17",1749,1759,-10,2001,2013,-12,DL,N999DN,1403,ECP,ATL,43,72,240,0,0,ECP,Northwest Florida Beaches International Airport,30.357106,-85.795414,69,-6.0,A,Panama City,United States
"2018-10-17",1752,1759,-7,2001,2016,-15,DL,N675DL,1814,PNS,ATL,42,69,271,0,0,PNS,Pensacola Regional Airport,30.473400115967,-87.186599731445,121,-6.0,A,Pensacola,United States
"2018-10-17",1845,1808,37,2009,1940,29,OH,N580NN,5248,TLH,CLT,60,84,386,0,0,TLH,Tallahassee Regional Airport,30.396499633789062,-84.35030364990234,81,-5.0,A,Tallahassee,United States
"2018-10-17",2055,1850,125,2241,2029,132,YV,N89315,6036,PNS,IAH,83,106,489,0,0,PNS,Pensacola Regional Airport,30.473400115967,-87.186599731445,121,-6.0,A,Pensacola,United States
"2018-10-17",1848,1855,-7,2133,2135,-2,OH,N565NN,5709,VPS,CLT,71,105,460,0,0,VPS,Destin-Ft Walton Beach Airport,30.4832,-86.525398,87,-6.0,A,Valparaiso,United States
"2018-10-17",2052,1915,97,2239,2120,79,MQ,N242NN,3877,PNS,DFW,87,107,604,0,0,PNS,Pensacola Regional Airport,30.473400115967,-87.186599731445,121,-6.0,A,Pensacola,United States
"2018-10-17",1919,1928,-9,2036,2050,-14,MQ,N619AE,3844,TLH,MIA,63,77,402,0,0,TLH,Tallahassee Regional Airport,30.396499633789062,-84.35030364990234,81,-5.0,A,Tallahassee,United States
"2018-10-17",,1935,,,2055,,WN,"",2008,ECP,BNA,,,401,1,0,ECP,Northwest Florida Beaches International Airport,30.357106,-85.795414,69,-6.0,A,Panama City,United States
"2018-10-17",1936,1945,-9,2036,2056,-20,DL,N924AT,678,TLH,ATL,40,60,223,0,0,TLH,Tallahassee Regional Airport,30.396499633789062,-84.35030364990234,81,-5.0,A,Tallahassee,United States
"2018-10-18",529,530,-1,728,735,-7,DL,N971DL,856,PNS,ATL,44,59,271,0,0,PNS,Pensacola Regional Airport,30.473400115967,-87.186599731445,121,-6.0,A,Pensacola,United States
"2018-10-18",550,600,-10,800,807,-7,DL,N922DL,2714,VPS,ATL,42,70,250,0,0,VPS,Destin-Ft Walton Beach Airport,30.4832,-86.525398,87,-6.0,A,Valparaiso,United States
"2018-10-18",558,545,13,651,650,1,DL,N989DL,708,TLH,ATL,38,53,223,0,0,TLH,Tallahassee Regional Airport,30.396499633789062,-84.35030364990234,81,-5.0,A,Tallahassee,United States
"2018-10-18",1235,600,395,1447,808,399,DL,N972DL,1237,ECP,ATL,48,72,240,0,0,ECP,Northwest Florida Beaches International Airport,30.357106,-85.795414,69,-6.0,A,Panama City,United States
"2018-10-18",554,600,-6,719,725,-6,OH,N500AE,5584,TLH,CLT,59,85,386,0,0,TLH,Tallahassee Regional Airport,30.396499633789062,-84.35030364990234,81,-5.0,A,Tallahassee,United States
"2018-10-18",655,700,-5,755,803,-8,DL,N912DL,496,TLH,ATL,41,60,223,0,0,TLH,Tallahassee Regional Airport,30.396499633789062,-84.35030364990234,81,-5.0,A,Tallahassee,United States
"2018-10-18",602,601,1,839,844,-5,OH,N562NN,5353,PNS,CLT,72,97,488,0,0,PNS,Pensacola Regional Airport,30.473400115967,-87.186599731445,121,-6.0,A,Pensacola,United States
"2018-10-18",555,602,-7,830,847,-17,MQ,N673AE,3508,PNS,MIA,83,95,530,0,0,PNS,Pensacola Regional Airport,30.473400115967,-87.186599731445,121,-6.0,A,Pensacola,United States
"2018-10-18",,609,,,851,,EV,N600QX,2899,ECP,CLT,,,437,1,0,ECP,Northwest Florida Beaches International Airport,30.357106,-85.795414,69,-6.0,A,Panama City,United States
"2018-10-18",609,614,-5,914,929,-15,OH,N708PS,5082,PNS,DCA,112,125,816,0,0,PNS,Pensacola Regional Airport,30.473400115967,-87.186599731445,121,-6.0,A,Pensacola,United States
"2018-10-18",624,630,-6,858,839,19,DL,N904DL,1234,PNS,ATL,44,94,271,0,0,PNS,Pensacola Regional Airport,30.473400115967,-87.186599731445,121,-6.0,A,Pensacola,United States
"2018-10-18",634,634,0,904,915,-11,OH,N596NN,5623,VPS,CLT,66,90,460,0,0,VPS,Destin-Ft Walton Beach Airport,30.4832,-86.525398,87,-6.0,A,Valparaiso,United States
"2018-10-18",1138,700,278,1345,855,290,EV,N11539,3979,ECP,IAH,96,127,572,0,0,ECP,Northwest Florida Beaches International Airport,30.357106,-85.795414,69,-6.0,A,Panama City,United States
"2018-10-18",700,700,0,859,901,-2,G4,"217NV",1992,VPS,AUS,98,119,666,0,0,VPS,Destin-Ft Walton Beach Airport,30.4832,-86.525398,87,-6.0,A,Valparaiso,United States
"2018-10-18",727,715,12,909,853,16,YV,N85354,6262,PNS,IAH,89,102,489,0,0,PNS,Pensacola Regional Airport,30.473400115967,-87.186599731445,121,-6.0,A,Pensacola,United States
"2018-10-18",652,700,-8,848,919,-31,AA,N9681B,1538,VPS,DFW,93,116,641,0,0,VPS,Destin-Ft Walton Beach Airport,30.4832,-86.525398,87,-6.0,A,Valparaiso,United States
"2018-10-18",654,700,-6,845,908,-23,AA,N965TW,2453,PNS,DFW,86,111,604,0,0,PNS,Pensacola Regional Airport,30.473400115967,-87.186599731445,121,-6.0,A,Pensacola,United States
"2018-10-18",,701,,,920,,EV,N615QX,2889,ECP,DFW,,,685,1,0,ECP,Northwest Florida Beaches International Airport,30.357106,-85.795414,69,-6.0,A,Panama City,United States
"2018-10-18",710,715,-5,916,926,-10,DL,N990DL,955,VPS,ATL,42,66,250,0,0,VPS,Destin-Ft Walton Beach Airport,30.4832,-86.525398,87,-6.0,A,Valparaiso,United States
"2018-10-18",1035,715,200,1240,925,195,DL,N981DL,2430,ECP,ATL,44,65,240,0,0,ECP,Northwest Florida Beaches International Airport,30.357106,-85.795414,69,-6.0,A,Panama City,United States
"2018-10-18",715,721,-6,936,929,7,YX,N424YX,4626,TLH,DCA,127,141,716,0,0,TLH,Tallahassee Regional Airport,30.396499633789062,-84.35030364990234,81,-5.0,A,Tallahassee,United States
"2018-10-18",716,730,-14,916,937,-21,G4,"220NV",1908,VPS,OKC,102,120,726,0,0,VPS,Destin-Ft Walton Beach Airport,30.4832,-86.525398,87,-6.0,A,Valparaiso,United States
"2018-10-18",727,735,-8,936,947,-11,DL,N976DL,1078,PNS,ATL,42,69,271,0,0,PNS,Pensacola Regional Airport,30.473400115967,-87.186599731445,121,-6.0,A,Pensacola,United States
"2018-10-18",741,749,-8,856,916,-20,MQ,N260NN,4116,TLH,DFW,110,135,767,0,0,TLH,Tallahassee Regional Airport,30.396499633789062,-84.35030364990234,81,-5.0,A,Tallahassee,United States
"2018-10-18",1118,750,208,1234,910,204,WN,N8318F,716,ECP,BNA,62,76,401,0,0,ECP,Northwest Florida Beaches International Airport,30.357106,-85.795414,69,-6.0,A,Panama City,United States
"2018-10-18",745,750,-5,855,910,-15,WN,N7841A,1615,PNS,BNA,60,70,391,0,0,PNS,Pensacola Regional Airport,30.473400115967,-87.186599731445,121,-6.0,A,Pensacola,United States
"2018-10-18",851,900,-9,1058,1055,3,EV,N16561,4064,VPS,IAH,102,127,528,0,0,VPS,Destin-Ft Walton Beach Airport,30.4832,-86.525398,87,-6.0,A,Valparaiso,United States
"2018-10-18",901,907,-6,1124,1156,-32,OH,N557NN,5237,PNS,CLT,67,83,488,0,0,PNS,Pensacola Regional Airport,30.473400115967,-87.186599731445,121,-6.0,A,Pensacola,United States
"2018-10-18",911,916,-5,1125,1127,-2,DL,N900DE,2212,PNS,ATL,44,74,271,0,0,PNS,Pensacola Regional Airport,30.473400115967,-87.186599731445,121,-6.0,A,Pensacola,United States
"2018-10-18",953,930,23,1143,1115,28,WN,N556WN,1281,ECP,HOU,89,110,571,0,0,ECP,Northwest Florida Beaches International Airport,30.357106,-85.795414,69,-6.0,A,Panama City,United States
"2018-10-18",947,935,12,1119,1110,9,WN,N796SW,2229,PNS,HOU,80,92,488,0,0,PNS,Pensacola Regional Airport,30.473400115967,-87.186599731445,121,-6.0,A,Pensacola,United States
"2018-10-18",933,933,0,1138,1144,-6,YV,N904FJ,5725,VPS,DFW,94,125,641,0,0,VPS,Destin-Ft Walton Beach Airport,30.4832,-86.525398,87,-6.0,A,Valparaiso,United States
"2018-10-18",921,935,-14,1109,1123,-14,EV,N13538,4298,PNS,IAH,93,108,489,0,0,PNS,Pensacola Regional Airport,30.473400115967,-87.186599731445,121,-6.0,A,Pensacola,United States
"2018-10-18",940,941,-1,1213,1225,-12,OH,N568NN,5564,VPS,CLT,70,93,460,0,0,VPS,Destin-Ft Walton Beach Airport,30.4832,-86.525398,87,-6.0,A,Valparaiso,United States
"2018-10-18",943,947,-4,1151,1149,2,DL,N935DL,2029,ECP,ATL,38,68,240,0,0,ECP,Northwest Florida Beaches International Airport,30.357106,-85.795414,69,-6.0,A,Panama City,United States
"2018-10-18",1017,1020,-3,1128,1128,0,"9E",N292PQ,3281,TLH,ATL,44,71,223,0,0,TLH,Tallahassee Regional Airport,30.396499633789062,-84.35030364990234,81,-5.0,A,Tallahassee,United States
"2018-10-18",1029,1034,-5,1240,1249,-9,DL,N903DE,2716,VPS,ATL,40,71,250,0,0,VPS,Destin-Ft Walton Beach Airport,30.4832,-86.525398,87,-6.0,A,Valparaiso,United States
"2018-10-18",1026,1038,-12,1313,1320,-7,MQ,N681AE,3733,PNS,MIA,84,107,530,0,0,PNS,Pensacola Regional Airport,30.473400115967,-87.186599731445,121,-6.0,A,Pensacola,United States
"2018-10-18",1050,1055,-5,1219,1228,-9,OH,N549NN,5272,TLH,CLT,63,89,386,0,0,TLH,Tallahassee Regional Airport,30.396499633789062,-84.35030364990234,81,-5.0,A,Tallahassee,United States
"2018-10-18",1049,1054,-5,1359,1408,-9,YX,N427YX,4609,VPS,DCA,106,130,789,0,0,VPS,Destin-Ft Walton Beach Airport,30.4832,-86.525398,87,-6.0,A,Valparaiso,United States
"2018-10-18",1108,1115,-7,1306,1332,-26,DL,N660DL,2179,PNS,ATL,41,58,271,0,0,PNS,Pensacola Regional Airport,30.473400115967,-87.186599731445,121,-6.0,A,Pensacola,United States
"2018-10-18",1145,1151,-6,1404,1340,24,YX,N653RW,3682,PNS,IAH,86,139,489,0,0,PNS,Pensacola Regional Airport,30.473400115967,-87.186599731445,121,-6.0,A,Pensacola,United States
"2018-10-18",1212,1211,1,1417,1423,-6,F9,N232FR,641,PNS,DEN,158,185,1179,0,0,PNS,Pensacola Regional Airport,30.473400115967,-87.186599731445,121,-6.0,A,Pensacola,United States
"2018-10-18",1158,1200,-2,1405,1412,-7,DL,N997DL,1733,ECP,ATL,39,67,240,0,0,ECP,Northwest Florida Beaches International Airport,30.357106,-85.795414,69,-6.0,A,Panama City,United States
"2018-10-18",1220,1231,-11,1343,1355,-12,MQ,N657AE,3663,TLH,MIA,67,83,402,0,0,TLH,Tallahassee Regional Airport,30.396499633789062,-84.35030364990234,81,-5.0,A,Tallahassee,United States
"2018-10-18",1352,1234,78,1449,1348,61,DL,N982DL,489,TLH,ATL,42,57,223,0,0,TLH,Tallahassee Regional Airport,30.396499633789062,-84.35030364990234,81,-5.0,A,Tallahassee,United States
"2018-10-18",1240,1244,-4,1609,1559,10,MQ,N238NN,3822,PNS,DCA,130,149,816,0,0,PNS,Pensacola Regional Airport,30.473400115967,-87.186599731445,121,-6.0,A,Pensacola,United States
"2018-10-18",1415,1248,87,1630,1506,84,EV,N718EV,2876,ECP,DFW,96,135,685,0,0,ECP,Northwest Florida Beaches International Airport,30.357106,-85.795414,69,-6.0,A,Panama City,United States
"2018-10-18",1241,1248,-7,1426,1432,-6,G4,"217NV",1902,VPS,BLV,80,105,587,0,0,VPS,Destin-Ft Walton Beach Airport,30.4832,-86.525398,87,-6.0,A,Valparaiso,United States
"2018-10-18",1312,1318,-6,1552,1600,-8,G4,"220NV",1918,VPS,SDF,77,100,532,0,0,VPS,Destin-Ft Walton Beach Airport,30.4832,-86.525398,87,-6.0,A,Valparaiso,United States
"2018-10-18",1310,1320,-10,1502,1515,-13,EV,N11547,4134,ECP,IAH,96,112,572,0,0,ECP,Northwest Florida Beaches International Airport,30.357106,-85.795414,69,-6.0,A,Panama City,United States
"2018-10-18",1322,1327,-5,1529,1536,-7,YV,N906FJ,5740,VPS,DFW,97,127,641,0,0,VPS,Destin-Ft Walton Beach Airport,30.4832,-86.525398,87,-6.0,A,Valparaiso,United States
"2018-10-18",1344,1333,11,1536,1534,2,MQ,N259NN,3488,PNS,DFW,91,112,604,0,0,PNS,Pensacola Regional Airport,30.473400115967,-87.186599731445,121,-6.0,A,Pensacola,United States
"2018-10-18",1435,1432,3,1638,1644,-6,DL,N910DE,2873,VPS,ATL,39,63,250,0,0,VPS,Destin-Ft Walton Beach Airport,30.4832,-86.525398,87,-6.0,A,Valparaiso,United States
"2018-10-18",1450,1457,-7,1723,1744,-21,EV,N719EV,2880,ECP,CLT,65,93,437,0,0,ECP,Northwest Florida Beaches International Airport,30.357106,-85.795414,69,-6.0,A,Panama City,United States
"2018-10-18",1447,1500,-13,1644,1655,-11,EV,N14991,4447,VPS,IAH,98,117,528,0,0,VPS,Destin-Ft Walton Beach Airport,30.4832,-86.525398,87,-6.0,A,Valparaiso,United States
"2018-10-18",1501,1515,-14,1653,1703,-10,EV,N16987,4142,PNS,IAH,94,112,489,0,0,PNS,Pensacola Regional Airport,30.473400115967,-87.186599731445,121,-6.0,A,Pensacola,United States
"2018-10-18",1550,1555,-5,1752,1813,-21,DL,N911DE,1270,PNS,ATL,42,62,271,0,0,PNS,Pensacola Regional Airport,30.473400115967,-87.186599731445,121,-6.0,A,Pensacola,United States
"2018-10-18",1553,1558,-5,1655,1707,-12,DL,N989DN,1399,TLH,ATL,43,62,223,0,0,TLH,Tallahassee Regional Airport,30.396499633789062,-84.35030364990234,81,-5.0,A,Tallahassee,United States
"2018-10-18",1652,1640,12,1805,1805,0,MQ,N232NN,4069,TLH,DFW,109,133,767,0,0,TLH,Tallahassee Regional Airport,30.396499633789062,-84.35030364990234,81,-5.0,A,Tallahassee,United States
"2018-10-18",1701,1705,-4,1911,1900,11,EV,N34110,4037,ECP,IAH,100,130,572,0,0,ECP,Northwest Florida Beaches International Airport,30.357106,-85.795414,69,-6.0,A,Panama City,United States
"2018-10-18",1734,1743,-9,2023,2030,-7,MQ,N664MS,3427,PNS,MIA,85,109,530,0,0,PNS,Pensacola Regional Airport,30.473400115967,-87.186599731445,121,-6.0,A,Pensacola,United States
"2018-10-18",1750,1756,-6,1859,1903,-4,DL,N915DL,1786,TLH,ATL,42,69,223,0,0,TLH,Tallahassee Regional Airport,30.396499633789062,-84.35030364990234,81,-5.0,A,Tallahassee,United States
"2018-10-18",1758,1806,-8,2007,2030,-23,DL,N998DL,1167,VPS,ATL,40,69,250,0,0,VPS,Destin-Ft Walton Beach Airport,30.4832,-86.525398,87,-6.0,A,Valparaiso,United States
"2018-10-18",1759,1808,-9,1924,1940,-16,OH,N589NN,5248,TLH,CLT,63,85,386,0,0,TLH,Tallahassee Regional Airport,30.396499633789062,-84.35030364990234,81,-5.0,A,Tallahassee,United States
"2018-10-18",1814,1821,-7,1937,1938,-1,G4,"220NV",1910,VPS,BNA,60,83,389,0,0,VPS,Destin-Ft Walton Beach Airport,30.4832,-86.525398,87,-6.0,A,Valparaiso,United States
"2018-10-18",1835,1845,-10,2026,2044,-18,EV,N16561,4260,VPS,IAH,92,111,528,0,0,VPS,Destin-Ft Walton Beach Airport,30.4832,-86.525398,87,-6.0,A,Valparaiso,United States
"2018-10-18",1936,1852,44,2153,2135,18,OH,N710PS,5463,PNS,CLT,64,77,488,0,0,PNS,Pensacola Regional Airport,30.473400115967,-87.186599731445,121,-6.0,A,Pensacola,United States
"2018-10-18",1854,1855,-1,2124,2135,-11,OH,N560NN,5709,VPS,CLT,67,90,460,0,0,VPS,Destin-Ft Walton Beach Airport,30.4832,-86.525398,87,-6.0,A,Valparaiso,United States
"2018-10-18",1919,1919,0,2140,2130,10,YV,N906FJ,5906,VPS,DFW,100,141,641,0,0,VPS,Destin-Ft Walton Beach Airport,30.4832,-86.525398,87,-6.0,A,Valparaiso,United States
"2018-10-18",1949,1920,29,2221,2040,,WN,N442WN,976,PNS,BNA,,,391,0,1,PNS,Pensacola Regional Airport,30.473400115967,-87.186599731445,121,-6.0,A,Pensacola,United States
"2018-10-18",1920,1928,-8,2036,2050,-14,MQ,N932AE,3844,TLH,MIA,62,76,402,0,0,TLH,Tallahassee Regional Airport,30.396499633789062,-84.35030364990234,81,-5.0,A,Tallahassee,United States
"2018-10-18",,1935,,,2055,,WN,"",2008,ECP,BNA,,,401,1,0,ECP,Northwest Florida Beaches International Airport,30.357106,-85.795414,69,-6.0,A,Panama City,United States
"2018-10-18",1935,1945,-10,2037,2056,-19,DL,N986AT,678,TLH,ATL,39,62,223,0,0,TLH,Tallahassee Regional Airport,30.396499633789062,-84.35030364990234,81,-5.0,A,Tallahassee,United States
"2018-10-18",2012,2011,1,2135,2142,-7,YX,N106HQ,4660,TLH,CLT,60,83,386,0,0,TLH,Tallahassee Regional Airport,30.396499633789062,-84.35030364990234,81,-5.0,A,Tallahassee,United States
"2018-10-18",1241,1245,-4,1511,1531,-20,OH,N561NN,5298,PNS,CLT,70,90,488,0,0,PNS,Pensacola Regional Airport,30.473400115967,-87.186599731445,121,-6.0,A,Pensacola,United States
"2018-10-18",1348,1331,17,1552,1545,7,DL,N950DL,1353,PNS,ATL,44,64,271,0,0,PNS,Pensacola Regional Airport,30.473400115967,-87.186599731445,121,-6.0,A,Pensacola,United States
"2018-10-18",1444,1428,16,1717,1714,3,OH,N581NN,5500,VPS,CLT,66,93,460,0,0,VPS,Destin-Ft Walton Beach Airport,30.4832,-86.525398,87,-6.0,A,Valparaiso,United States
"2018-10-18",1436,1436,0,1636,1643,-7,DL,N938DL,2506,ECP,ATL,40,60,240,0,0,ECP,Northwest Florida Beaches International Airport,30.357106,-85.795414,69,-6.0,A,Panama City,United States
"2018-10-18",1540,1527,13,1709,1705,4,OH,N587NN,5662,TLH,CLT,60,89,386,0,0,TLH,Tallahassee Regional Airport,30.396499633789062,-84.35030364990234,81,-5.0,A,Tallahassee,United States
"2018-10-18",1520,1528,-8,1717,1734,-17,AA,N9617R,2389,PNS,DFW,89,117,604,0,0,PNS,Pensacola Regional Airport,30.473400115967,-87.186599731445,121,-6.0,A,Pensacola,United States
"2018-10-18",1550,1600,-10,1818,1813,5,DL,N907DL,2802,VPS,ATL,40,88,250,0,0,VPS,Destin-Ft Walton Beach Airport,30.4832,-86.525398,87,-6.0,A,Valparaiso,United States
"2018-10-18",1614,1614,0,1841,1859,-18,YX,N115HQ,4553,PNS,CLT,69,87,488,0,0,PNS,Pensacola Regional Airport,30.473400115967,-87.186599731445,121,-6.0,A,Pensacola,United States
"2018-10-18",1616,1627,-11,1953,2004,-11,YX,N108HQ,4537,PNS,PHL,133,157,935,0,0,PNS,Pensacola Regional Airport,30.473400115967,-87.186599731445,121,-6.0,A,Pensacola,United States
"2018-10-18",1658,1702,-4,1826,1827,-1,MQ,N657AE,3861,TLH,MIA,71,88,402,0,0,TLH,Tallahassee Regional Airport,30.396499633789062,-84.35030364990234,81,-5.0,A,Tallahassee,United States
"2018-10-18",1747,1751,-4,1941,1944,-3,G4,"217NV",1912,VPS,SGF,91,114,610,0,0,VPS,Destin-Ft Walton Beach Airport,30.4832,-86.525398,87,-6.0,A,Valparaiso,United States
"2018-10-18",1857,1759,58,2104,2013,51,DL,N985DL,1403,ECP,ATL,40,67,240,0,0,ECP,Northwest Florida Beaches International Airport,30.357106,-85.795414,69,-6.0,A,Panama City,United States
"2018-10-18",1752,1759,-7,2001,2016,-15,DL,N673DL,1814,PNS,ATL,42,69,271,0,0,PNS,Pensacola Regional Airport,30.473400115967,-87.186599731445,121,-6.0,A,Pensacola,United States
"2018-10-18",1912,1850,22,2100,2029,31,YV,N82314,6036,PNS,IAH,89,108,489,0,0,PNS,Pensacola Regional Airport,30.473400115967,-87.186599731445,121,-6.0,A,Pensacola,United States
"2018-10-18",1915,1915,0,2107,2120,-13,MQ,N240NN,3877,PNS,DFW,93,112,604,0,0,PNS,Pensacola Regional Airport,30.473400115967,-87.186599731445,121,-6.0,A,Pensacola,United States
"2018-10-19",528,530,-2,728,735,-7,DL,N957DL,856,PNS,ATL,41,60,271,0,0,PNS,Pensacola Regional Airport,30.473400115967,-87.186599731445,121,-6.0,A,Pensacola,United States
"2018-10-19",538,545,-7,639,650,-11,DL,N937DL,708,TLH,ATL,40,61,223,0,0,TLH,Tallahassee Regional Airport,30.396499633789062,-84.35030364990234,81,-5.0,A,Tallahassee,United States
"2018-10-19",557,600,-3,758,807,-9,DL,N912DE,2714,VPS,ATL,41,61,250,0,0,VPS,Destin-Ft Walton Beach Airport,30.4832,-86.525398,87,-6.0,A,Valparaiso,United States
"2018-10-19",557,600,-3,716,725,-9,OH,N712PS,5584,TLH,CLT,60,79,386,0,0,TLH,Tallahassee Regional Airport,30.396499633789062,-84.35030364990234,81,-5.0,A,Tallahassee,United States
"2018-10-19",1227,600,387,1453,808,405,DL,N983DL,1237,ECP,ATL,58,86,240,0,0,ECP,Northwest Florida Beaches International Airport,30.357106,-85.795414,69,-6.0,A,Panama City,United States
"2018-10-19",557,601,-4,829,844,-15,OH,N558NN,5353,PNS,CLT,67,92,488,0,0,PNS,Pensacola Regional Airport,30.473400115967,-87.186599731445,121,-6.0,A,Pensacola,United States
"2018-10-19",556,602,-6,840,847,-7,MQ,N918AE,3508,PNS,MIA,81,104,530,0,0,PNS,Pensacola Regional Airport,30.473400115967,-87.186599731445,121,-6.0,A,Pensacola,United States
"2018-10-19",,609,,,851,,EV,N605QX,2899,ECP,CLT,,,437,1,0,ECP,Northwest Florida Beaches International Airport,30.357106,-85.795414,69,-6.0,A,Panama City,United States
"2018-10-19",610,614,-4,916,929,-13,OH,N537EA,5082,PNS,DCA,112,126,816,0,0,PNS,Pensacola Regional Airport,30.473400115967,-87.186599731445,121,-6.0,A,Pensacola,United States
"2018-10-19",651,700,-9,952,952,0,G4,"217NV",1916,VPS,LCK,96,121,675,0,0,VPS,Destin-Ft Walton Beach Airport,30.4832,-86.525398,87,-6.0,A,Valparaiso,United States
"2018-10-19",623,630,-7,858,839,19,DL,N904DE,1234,PNS,ATL,52,95,271,0,0,PNS,Pensacola Regional Airport,30.473400115967,-87.186599731445,121,-6.0,A,Pensacola,United States
"2018-10-19",633,634,-1,907,915,-8,OH,N587NN,5623,VPS,CLT,63,94,460,0,0,VPS,Destin-Ft Walton Beach Airport,30.4832,-86.525398,87,-6.0,A,Valparaiso,United States
"2018-10-19",1142,700,282,1351,855,296,EV,N14907,3979,ECP,IAH,107,129,572,0,0,ECP,Northwest Florida Beaches International Airport,30.357106,-85.795414,69,-6.0,A,Panama City,United States
"2018-10-19",654,700,-6,905,908,-3,AA,N9630A,2453,PNS,DFW,94,131,604,0,0,PNS,Pensacola Regional Airport,30.473400115967,-87.186599731445,121,-6.0,A,Pensacola,United States
"2018-10-19",732,700,32,919,803,76,DL,N976DL,496,TLH,ATL,49,107,223,0,0,TLH,Tallahassee Regional Airport,30.396499633789062,-84.35030364990234,81,-5.0,A,Tallahassee,United States
"2018-10-19",,701,,,920,,EV,N738EV,2889,ECP,DFW,,,685,1,0,ECP,Northwest Florida Beaches International Airport,30.357106,-85.795414,69,-6.0,A,Panama City,United States
"2018-10-19",648,700,-12,854,919,-25,AA,N9681B,1538,VPS,DFW,99,126,641,0,0,VPS,Destin-Ft Walton Beach Airport,30.4832,-86.525398,87,-6.0,A,Valparaiso,United States
"2018-10-19",711,715,-4,901,853,8,YV,N86336,6262,PNS,IAH,87,110,489,0,0,PNS,Pensacola Regional Airport,30.473400115967,-87.186599731445,121,-6.0,A,Pensacola,United States
"2018-10-19",1111,715,236,1317,925,232,DL,N956DL,2430,ECP,ATL,43,66,240,0,0,ECP,Northwest Florida Beaches International Airport,30.357106,-85.795414,69,-6.0,A,Panama City,United States
"2018-10-19",749,749,0,928,916,12,MQ,N252NN,4116,TLH,DFW,119,159,767,0,0,TLH,Tallahassee Regional Airport,30.396499633789062,-84.35030364990234,81,-5.0,A,Tallahassee,United States
"2018-10-19",713,715,-2,931,926,5,DL,N984DL,955,VPS,ATL,48,78,250,0,0,VPS,Destin-Ft Walton Beach Airport,30.4832,-86.525398,87,-6.0,A,Valparaiso,United States
"2018-10-19",719,721,-2,915,929,-14,YX,N416YX,4626,TLH,DCA,99,116,716,0,0,TLH,Tallahassee Regional Airport,30.396499633789062,-84.35030364990234,81,-5.0,A,Tallahassee,United States
"2018-10-19",735,735,0,1006,947,19,DL,N989DL,1078,PNS,ATL,57,91,271,0,0,PNS,Pensacola Regional Airport,30.473400115967,-87.186599731445,121,-6.0,A,Pensacola,United States
"2018-10-19",,750,,,910,,WN,"",716,ECP,BNA,,,401,1,0,ECP,Northwest Florida Beaches International Airport,30.357106,-85.795414,69,-6.0,A,Panama City,United States
"2018-10-19",747,750,-3,904,910,-6,WN,N270WN,1615,PNS,BNA,62,77,391,0,0,PNS,Pensacola Regional Airport,30.473400115967,-87.186599731445,121,-6.0,A,Pensacola,United States
"2018-10-19",848,900,-12,1047,1055,-8,EV,N11565,4064,VPS,IAH,96,119,528,0,0,VPS,Destin-Ft Walton Beach Airport,30.4832,-86.525398,87,-6.0,A,Valparaiso,United States
"2018-10-19",901,907,-6,1147,1156,-9,OH,N554NN,5237,PNS,CLT,71,106,488,0,0,PNS,Pensacola Regional Airport,30.473400115967,-87.186599731445,121,-6.0,A,Pensacola,United States
"2018-10-19",1004,930,34,1137,1115,22,WN,N7727A,1281,ECP,HOU,84,93,571,0,0,ECP,Northwest Florida Beaches International Airport,30.357106,-85.795414,69,-6.0,A,Panama City,United States
"2018-10-19",913,916,-3,1132,1127,5,DL,N951DL,2212,PNS,ATL,45,79,271,0,0,PNS,Pensacola Regional Airport,30.473400115967,-87.186599731445,121,-6.0,A,Pensacola,United States
"2018-10-19",1119,933,106,1958,1144,,YV,N908FJ,5725,VPS,DFW,,,641,0,1,VPS,Destin-Ft Walton Beach Airport,30.4832,-86.525398,87,-6.0,A,Valparaiso,United States
"2018-10-19",925,935,-10,1118,1123,-5,EV,N13566,4298,PNS,IAH,88,113,489,0,0,PNS,Pensacola Regional Airport,30.473400115967,-87.186599731445,121,-6.0,A,Pensacola,United States
"2018-10-19",940,935,5,1115,1110,5,WN,N207WN,2229,PNS,HOU,80,95,488,0,0,PNS,Pensacola Regional Airport,30.473400115967,-87.186599731445,121,-6.0,A,Pensacola,United States
"2018-10-19",953,941,12,1229,1225,4,OH,N570NN,5564,VPS,CLT,66,96,460,0,0,VPS,Destin-Ft Walton Beach Airport,30.4832,-86.525398,87,-6.0,A,Valparaiso,United States
"2018-10-19",1020,947,33,1231,1149,42,DL,N920DE,2029,ECP,ATL,39,71,240,0,0,ECP,Northwest Florida Beaches International Airport,30.357106,-85.795414,69,-6.0,A,Panama City,United States
"2018-10-19",1013,1020,-7,1120,1128,-8,"9E",N311PQ,3281,TLH,ATL,42,67,223,0,0,TLH,Tallahassee Regional Airport,30.396499633789062,-84.35030364990234,81,-5.0,A,Tallahassee,United States
"2018-10-19",1032,1034,-2,1300,1249,11,DL,N938DL,2716,VPS,ATL,42,88,250,0,0,VPS,Destin-Ft Walton Beach Airport,30.4832,-86.525398,87,-6.0,A,Valparaiso,United States
"2018-10-19",1028,1038,-10,1307,1320,-13,MQ,N656AE,3733,PNS,MIA,88,99,530,0,0,PNS,Pensacola Regional Airport,30.473400115967,-87.186599731445,121,-6.0,A,Pensacola,United States
"2018-10-19",1046,1054,-8,1403,1408,-5,YX,N417YX,4609,VPS,DCA,120,137,789,0,0,VPS,Destin-Ft Walton Beach Airport,30.4832,-86.525398,87,-6.0,A,Valparaiso,United States
"2018-10-19",1049,1055,-6,1217,1228,-11,OH,N589NN,5272,TLH,CLT,62,88,386,0,0,TLH,Tallahassee Regional Airport,30.396499633789062,-84.35030364990234,81,-5.0,A,Tallahassee,United States
"2018-10-19",1118,1100,18,1237,1220,17,WN,N8306H,5774,ECP,BNA,62,79,401,0,0,ECP,Northwest Florida Beaches International Airport,30.357106,-85.795414,69,-6.0,A,Panama City,United States
"2018-10-19",1114,1115,-1,1328,1332,-4,DL,N676DL,2179,PNS,ATL,42,74,271,0,0,PNS,Pensacola Regional Airport,30.473400115967,-87.186599731445,121,-6.0,A,Pensacola,United States
"2018-10-19",1145,1151,-6,1335,1340,-5,YX,N732YX,3682,PNS,IAH,88,110,489,0,0,PNS,Pensacola Regional Airport,30.473400115967,-87.186599731445,121,-6.0,A,Pensacola,United States
"2018-10-19",1156,1200,-4,1415,1412,3,DL,N960DL,1733,ECP,ATL,43,79,240,0,0,ECP,Northwest Florida Beaches International Airport,30.357106,-85.795414,69,-6.0,A,Panama City,United States
"2018-10-19",1239,1244,-5,1541,1559,-18,MQ,N230NN,3822,PNS,DCA,109,122,816,0,0,PNS,Pensacola Regional Airport,30.473400115967,-87.186599731445,121,-6.0,A,Pensacola,United States
"2018-10-19",1212,1217,-5,1351,1328,23,DL,N967DL,489,TLH,ATL,44,99,223,0,0,TLH,Tallahassee Regional Airport,30.396499633789062,-84.35030364990234,81,-5.0,A,Tallahassee,United States
"2018-10-19",1216,1225,-9,1508,1513,-5,G4,"217NV",1900,VPS,CVG,87,112,600,0,0,VPS,Destin-Ft Walton Beach Airport,30.4832,-86.525398,87,-6.0,A,Valparaiso,United States
"2018-10-19",1219,1231,-12,1337,1355,-18,MQ,N681AE,3663,TLH,MIA,63,78,402,0,0,TLH,Tallahassee Regional Airport,30.396499633789062,-84.35030364990234,81,-5.0,A,Tallahassee,United States
"2018-10-19",1229,1248,-19,1449,1506,-17,EV,N616QX,2876,ECP,DFW,106,140,685,0,0,ECP,Northwest Florida Beaches International Airport,30.357106,-85.795414,69,-6.0,A,Panama City,United States
"2018-10-19",1249,1245,4,1519,1531,-12,OH,N552NN,5298,PNS,CLT,71,90,488,0,0,PNS,Pensacola Regional Airport,30.473400115967,-87.186599731445,121,-6.0,A,Pensacola,United States
"2018-10-19",1318,1320,-2,1517,1515,2,EV,N11547,4134,ECP,IAH,99,119,572,0,0,ECP,Northwest Florida Beaches International Airport,30.357106,-85.795414,69,-6.0,A,Panama City,United States
"2018-10-19",1320,1327,-7,1550,1536,14,YV,N919FJ,5740,VPS,DFW,118,150,641,0,0,VPS,Destin-Ft Walton Beach Airport,30.4832,-86.525398,87,-6.0,A,Valparaiso,United States
"2018-10-19",1327,1333,-6,1535,1534,1,MQ,N240NN,3488,PNS,DFW,100,128,604,0,0,PNS,Pensacola Regional Airport,30.473400115967,-87.186599731445,121,-6.0,A,Pensacola,United States
"2018-10-19",1446,1432,14,1704,1644,20,DL,N913DL,2873,VPS,ATL,41,78,250,0,0,VPS,Destin-Ft Walton Beach Airport,30.4832,-86.525398,87,-6.0,A,Valparaiso,United States
"2018-10-19",1454,1457,-3,1719,1744,-25,EV,N738EV,2880,ECP,CLT,64,85,437,0,0,ECP,Northwest Florida Beaches International Airport,30.357106,-85.795414,69,-6.0,A,Panama City,United States
"2018-10-19",2020,1500,320,2209,1655,314,EV,N13975,4447,VPS,IAH,81,109,528,0,0,VPS,Destin-Ft Walton Beach Airport,30.4832,-86.525398,87,-6.0,A,Valparaiso,United States
"2018-10-19",1509,1515,-6,1652,1703,-11,EV,N26545,4142,PNS,IAH,82,103,489,0,0,PNS,Pensacola Regional Airport,30.473400115967,-87.186599731445,121,-6.0,A,Pensacola,United States
"2018-10-19",1603,1558,5,1728,1707,21,DL,N942AT,1399,TLH,ATL,45,85,223,0,0,TLH,Tallahassee Regional Airport,30.396499633789062,-84.35030364990234,81,-5.0,A,Tallahassee,United States
"2018-10-19",1607,1614,-7,1854,1859,-5,YX,N445YX,4553,PNS,CLT,72,107,488,0,0,PNS,Pensacola Regional Airport,30.473400115967,-87.186599731445,121,-6.0,A,Pensacola,United States
"2018-10-19",1618,1627,-9,1943,2004,-21,YX,N103HQ,4537,PNS,PHL,128,145,935,0,0,PNS,Pensacola Regional Airport,30.473400115967,-87.186599731445,121,-6.0,A,Pensacola,United States
"2018-10-19",1703,1702,1,1820,1827,-7,MQ,N664MS,3861,TLH,MIA,61,77,402,0,0,TLH,Tallahassee Regional Airport,30.396499633789062,-84.35030364990234,81,-5.0,A,Tallahassee,United States
"2018-10-19",1702,1702,0,1852,1846,6,G4,"220NV",1902,VPS,BLV,86,110,587,0,0,VPS,Destin-Ft Walton Beach Airport,30.4832,-86.525398,87,-6.0,A,Valparaiso,United States
"2018-10-19",1733,1735,-2,1941,1947,-6,G4,"217NV",1914,VPS,MCI,110,128,764,0,0,VPS,Destin-Ft Walton Beach Airport,30.4832,-86.525398,87,-6.0,A,Valparaiso,United States
"2018-10-19",1736,1743,-7,2012,2030,-18,MQ,N673AE,3427,PNS,MIA,79,96,530,0,0,PNS,Pensacola Regional Airport,30.473400115967,-87.186599731445,121,-6.0,A,Pensacola,United States
"2018-10-19",1802,1756,6,1901,1903,-2,DL,N977DL,1786,TLH,ATL,41,59,223,0,0,TLH,Tallahassee Regional Airport,30.396499633789062,-84.35030364990234,81,-5.0,A,Tallahassee,United States
"2018-10-19",1801,1806,-5,2046,2030,16,DL,N905DL,1167,VPS,ATL,43,105,250,0,0,VPS,Destin-Ft Walton Beach Airport,30.4832,-86.525398,87,-6.0,A,Valparaiso,United States
"2018-10-19",1808,1808,0,1931,1940,-9,OH,N592NN,5248,TLH,CLT,63,83,386,0,0,TLH,Tallahassee Regional Airport,30.396499633789062,-84.35030364990234,81,-5.0,A,Tallahassee,United States
"2018-10-19",1847,1850,-3,2019,2029,-10,YV,N86316,6036,PNS,IAH,77,92,489,0,0,PNS,Pensacola Regional Airport,30.473400115967,-87.186599731445,121,-6.0,A,Pensacola,United States
"2018-10-19",1853,1855,-2,2138,2135,3,OH,N589NN,5709,VPS,CLT,71,105,460,0,0,VPS,Destin-Ft Walton Beach Airport,30.4832,-86.525398,87,-6.0,A,Valparaiso,United States
"2018-10-19",2109,1919,110,2313,2130,103,YV,N959LR,5906,VPS,DFW,93,124,641,0,0,VPS,Destin-Ft Walton Beach Airport,30.4832,-86.525398,87,-6.0,A,Valparaiso,United States
"2018-10-19",1954,1920,34,2110,2040,30,WN,N7878A,976,PNS,BNA,62,76,391,0,0,PNS,Pensacola Regional Airport,30.473400115967,-87.186599731445,121,-6.0,A,Pensacola,United States
"2018-10-19",1925,1928,-3,2048,2050,-2,MQ,N941LT,3844,TLH,MIA,65,83,402,0,0,TLH,Tallahassee Regional Airport,30.396499633789062,-84.35030364990234,81,-5.0,A,Tallahassee,United States
"2018-10-19",,1935,,,2055,,WN,"",2008,ECP,BNA,,,401,1,0,ECP,Northwest Florida Beaches International Airport,30.357106,-85.795414,69,-6.0,A,Panama City,United States
"2018-10-19",2003,2011,-8,2129,2142,-13,YX,N115HQ,4660,TLH,CLT,61,86,386,0,0,TLH,Tallahassee Regional Airport,30.396499633789062,-84.35030364990234,81,-5.0,A,Tallahassee,United States
"2018-10-19",1326,1331,-5,1559,1545,14,DL,N985DL,1353,PNS,ATL,49,93,271,0,0,PNS,Pensacola Regional Airport,30.473400115967,-87.186599731445,121,-6.0,A,Pensacola,United States
"2018-10-19",1424,1428,-4,1704,1714,-10,OH,N570NN,5500,VPS,CLT,71,100,460,0,0,VPS,Destin-Ft Walton Beach Airport,30.4832,-86.525398,87,-6.0,A,Valparaiso,United States
"2018-10-19",1434,1436,-2,1637,1643,-6,DL,N900DE,2506,ECP,ATL,41,63,240,0,0,ECP,Northwest Florida Beaches International Airport,30.357106,-85.795414,69,-6.0,A,Panama City,United States
"2018-10-19",1522,1527,-5,1701,1705,-4,OH,N589NN,5662,TLH,CLT,66,99,386,0,0,TLH,Tallahassee Regional Airport,30.396499633789062,-84.35030364990234,81,-5.0,A,Tallahassee,United States
"2018-10-19",1539,1528,11,1734,1734,0,AA,N983TW,2389,PNS,DFW,91,115,604,0,0,PNS,Pensacola Regional Airport,30.473400115967,-87.186599731445,121,-6.0,A,Pensacola,United States
"2018-10-19",1623,1555,28,1839,1813,26,DL,N916DL,1270,PNS,ATL,48,76,271,0,0,PNS,Pensacola Regional Airport,30.473400115967,-87.186599731445,121,-6.0,A,Pensacola,United States
"2018-10-19",1605,1600,5,1818,1813,5,DL,N948DL,2802,VPS,ATL,40,73,250,0,0,VPS,Destin-Ft Walton Beach Airport,30.4832,-86.525398,87,-6.0,A,Valparaiso,United States
"2018-10-19",1727,1640,47,1849,1805,44,MQ,N258NN,4069,TLH,DFW,119,142,767,0,0,TLH,Tallahassee Regional Airport,30.396499633789062,-84.35030364990234,81,-5.0,A,Tallahassee,United States
"2018-10-19",1732,1705,27,1936,1900,36,EV,N11551,4037,ECP,IAH,92,124,572,0,0,ECP,Northwest Florida Beaches International Airport,30.357106,-85.795414,69,-6.0,A,Panama City,United States
"2018-10-19",1750,1759,-9,2029,2013,16,DL,N999DN,1403,ECP,ATL,49,99,240,0,0,ECP,Northwest Florida Beaches International Airport,30.357106,-85.795414,69,-6.0,A,Panama City,United States
"2018-10-19",1758,1759,-1,2105,2016,49,DL,N6712B,1814,PNS,ATL,42,127,271,0,0,PNS,Pensacola Regional Airport,30.473400115967,-87.186599731445,121,-6.0,A,Pensacola,United States
"2018-10-19",1835,1845,-10,2025,2044,-19,EV,N10575,4260,VPS,IAH,85,110,528,0,0,VPS,Destin-Ft Walton Beach Airport,30.4832,-86.525398,87,-6.0,A,Valparaiso,United States
"2018-10-19",1843,1852,-9,2120,2135,-15,OH,N709PS,5463,PNS,CLT,77,97,488,0,0,PNS,Pensacola Regional Airport,30.473400115967,-87.186599731445,121,-6.0,A,Pensacola,United States
"2018-10-19",1914,1915,-1,2119,2120,-1,MQ,N242NN,3877,PNS,DFW,91,125,604,0,0,PNS,Pensacola Regional Airport,30.473400115967,-87.186599731445,121,-6.0,A,Pensacola,United States
"2018-10-19",1942,1945,-3,2106,2056,10,DL,N994AT,678,TLH,ATL,43,84,223,0,0,TLH,Tallahassee Regional Airport,30.396499633789062,-84.35030364990234,81,-5.0,A,Tallahassee,United States
"2018-10-20",610,600,10,813,806,7,DL,N904DE,2714,VPS,ATL,44,63,250,0,0,VPS,Destin-Ft Walton Beach Airport,30.4832,-86.525398,87,-6.0,A,Valparaiso,United States
"2018-10-20",528,530,-2,734,734,0,DL,N904DL,856,PNS,ATL,47,66,271,0,0,PNS,Pensacola Regional Airport,30.473400115967,-87.186599731445,121,-6.0,A,Pensacola,United States
"2018-10-20",1248,600,408,1448,806,402,DL,N810DN,1237,ECP,ATL,46,60,240,0,0,ECP,Northwest Florida Beaches International Airport,30.357106,-85.795414,69,-6.0,A,Panama City,United States
"2018-10-20",555,601,-6,836,844,-8,OH,N586NN,5353,PNS,CLT,79,101,488,0,0,PNS,Pensacola Regional Airport,30.473400115967,-87.186599731445,121,-6.0,A,Pensacola,United States
"2018-10-20",559,600,-1,746,725,21,OH,N718PS,5584,TLH,CLT,60,107,386,0,0,TLH,Tallahassee Regional Airport,30.396499633789062,-84.35030364990234,81,-5.0,A,Tallahassee,United States
"2018-10-20",557,602,-5,846,847,-1,MQ,N657AE,3508,PNS,MIA,91,109,530,0,0,PNS,Pensacola Regional Airport,30.473400115967,-87.186599731445,121,-6.0,A,Pensacola,United States
"2018-10-20",625,630,-5,833,837,-4,DL,N983DL,1234,PNS,ATL,46,68,271,0,0,PNS,Pensacola Regional Airport,30.473400115967,-87.186599731445,121,-6.0,A,Pensacola,United States
"2018-10-20",,609,,,851,,EV,N717EV,2899,ECP,CLT,,,437,1,0,ECP,Northwest Florida Beaches International Airport,30.357106,-85.795414,69,-6.0,A,Panama City,United States
"2018-10-20",605,614,-9,904,929,-25,OH,N706PS,5082,PNS,DCA,109,119,816,0,0,PNS,Pensacola Regional Airport,30.473400115967,-87.186599731445,121,-6.0,A,Pensacola,United States
"2018-10-20",623,630,-7,723,734,-11,DL,N976DL,1520,TLH,ATL,40,60,223,0,0,TLH,Tallahassee Regional Airport,30.396499633789062,-84.35030364990234,81,-5.0,A,Tallahassee,United States
"2018-10-20",1134,700,274,1330,855,275,EV,N14991,3979,ECP,IAH,95,116,572,0,0,ECP,Northwest Florida Beaches International Airport,30.357106,-85.795414,69,-6.0,A,Panama City,United States
"2018-10-20",917,700,137,1105,855,130,EV,N13975,4064,VPS,IAH,89,108,528,0,0,VPS,Destin-Ft Walton Beach Airport,30.4832,-86.525398,87,-6.0,A,Valparaiso,United States
"2018-10-20",654,700,-6,841,908,-27,AA,N9619V,2453,PNS,DFW,91,107,604,0,0,PNS,Pensacola Regional Airport,30.473400115967,-87.186599731445,121,-6.0,A,Pensacola,United States
"2018-10-20",657,700,-3,838,844,-6,G4,"217NV",1902,VPS,BLV,86,101,587,0,0,VPS,Destin-Ft Walton Beach Airport,30.4832,-86.525398,87,-6.0,A,Valparaiso,United States
"2018-10-20",653,700,-7,854,919,-25,AA,N969TW,1538,VPS,DFW,98,121,641,0,0,VPS,Destin-Ft Walton Beach Airport,30.4832,-86.525398,87,-6.0,A,Valparaiso,United States
"2018-10-20",735,735,0,852,843,9,DL,N911DE,763,TLH,ATL,50,77,223,0,0,TLH,Tallahassee Regional Airport,30.396499633789062,-84.35030364990234,81,-5.0,A,Tallahassee,United States
"2018-10-20",1133,710,263,1335,919,256,DL,N399DA,2430,ECP,ATL,46,62,240,0,0,ECP,Northwest Florida Beaches International Airport,30.357106,-85.795414,69,-6.0,A,Panama City,United States
"2018-10-20",713,715,-2,925,924,1,DL,N961DL,955,VPS,ATL,51,72,250,0,0,VPS,Destin-Ft Walton Beach Airport,30.4832,-86.525398,87,-6.0,A,Valparaiso,United States
"2018-10-20",719,730,-11,1035,1100,-25,G4,"220NV",1990,VPS,EWR,118,136,988,0,0,VPS,Destin-Ft Walton Beach Airport,30.4832,-86.525398,87,-6.0,A,Valparaiso,United States
"2018-10-20",732,735,-3,943,947,-4,DL,N985DL,1078,PNS,ATL,49,71,271,0,0,PNS,Pensacola Regional Airport,30.473400115967,-87.186599731445,121,-6.0,A,Pensacola,United States
"2018-10-20",747,749,-2,856,916,-20,MQ,N261NN,4116,TLH,DFW,113,129,767,0,0,TLH,Tallahassee Regional Airport,30.396499633789062,-84.35030364990234,81,-5.0,A,Tallahassee,United States
"2018-10-20",844,854,-10,1034,1059,-25,YX,N446YX,4626,TLH,DCA,95,110,716,0,0,TLH,Tallahassee Regional Airport,30.396499633789062,-84.35030364990234,81,-5.0,A,Tallahassee,United States
"2018-10-20",820,829,-9,1116,1115,1,OH,N570NN,5623,VPS,CLT,66,116,460,0,0,VPS,Destin-Ft Walton Beach Airport,30.4832,-86.525398,87,-6.0,A,Valparaiso,United States
"2018-10-20",,915,,,1035,,WN,"",3623,ECP,BNA,,,401,1,0,ECP,Northwest Florida Beaches International Airport,30.357106,-85.795414,69,-6.0,A,Panama City,United States
"2018-10-20",912,915,-3,1027,1035,-8,WN,N770SA,2809,PNS,BNA,59,75,391,0,0,PNS,Pensacola Regional Airport,30.473400115967,-87.186599731445,121,-6.0,A,Pensacola,United States
"2018-10-20",907,916,-9,1113,1124,-11,DL,N994DL,2212,PNS,ATL,46,66,271,0,0,PNS,Pensacola Regional Airport,30.473400115967,-87.186599731445,121,-6.0,A,Pensacola,United States
"2018-10-20",931,935,-4,1104,1121,-17,YV,N87318,6041,PNS,IAH,76,93,489,0,0,PNS,Pensacola Regional Airport,30.473400115967,-87.186599731445,121,-6.0,A,Pensacola,United States
"2018-10-20",923,933,-10,1135,1144,-9,YV,N959LR,5725,VPS,DFW,102,132,641,0,0,VPS,Destin-Ft Walton Beach Airport,30.4832,-86.525398,87,-6.0,A,Valparaiso,United States
"2018-10-20",936,941,-5,1207,1225,-18,OH,N566NN,5564,VPS,CLT,66,91,460,0,0,VPS,Destin-Ft Walton Beach Airport,30.4832,-86.525398,87,-6.0,A,Valparaiso,United States
"2018-10-20",1127,947,100,1331,1149,102,DL,N976DL,2029,ECP,ATL,44,64,240,0,0,ECP,Northwest Florida Beaches International Airport,30.357106,-85.795414,69,-6.0,A,Panama City,United States
"2018-10-20",1125,1034,51,1334,1245,49,DL,N915DL,2716,VPS,ATL,46,69,250,0,0,VPS,Destin-Ft Walton Beach Airport,30.4832,-86.525398,87,-6.0,A,Valparaiso,United States
"2018-10-20",1048,1054,-6,1351,1408,-17,YX,N413YX,4609,VPS,DCA,99,123,789,0,0,VPS,Destin-Ft Walton Beach Airport,30.4832,-86.525398,87,-6.0,A,Valparaiso,United States
"2018-10-20",1026,1038,-12,1306,1320,-14,MQ,N664MS,3733,PNS,MIA,82,100,530,0,0,PNS,Pensacola Regional Airport,30.473400115967,-87.186599731445,121,-6.0,A,Pensacola,United States
"2018-10-20",1056,1055,1,1228,1228,0,OH,N583NN,5272,TLH,CLT,63,92,386,0,0,TLH,Tallahassee Regional Airport,30.396499633789062,-84.35030364990234,81,-5.0,A,Tallahassee,United States
"2018-10-20",1057,1100,-3,1309,1315,-6,DL,N943DL,2179,PNS,ATL,49,72,271,0,0,PNS,Pensacola Regional Airport,30.473400115967,-87.186599731445,121,-6.0,A,Pensacola,United States
"2018-10-20",1111,1105,6,1305,1300,5,WN,N7727A,4137,ECP,DAL,103,114,674,0,0,ECP,Northwest Florida Beaches International Airport,30.357106,-85.795414,69,-6.0,A,Panama City,United States
"2018-10-20",1145,1150,-5,1309,1325,-16,WN,N298WN,3029,PNS,HOU,76,84,488,0,0,PNS,Pensacola Regional Airport,30.473400115967,-87.186599731445,121,-6.0,A,Pensacola,United States
"2018-10-20",1144,1151,-7,1316,1338,-22,YV,N85358,6217,PNS,IAH,78,92,489,0,0,PNS,Pensacola Regional Airport,30.473400115967,-87.186599731445,121,-6.0,A,Pensacola,United States
"2018-10-20",1155,1203,-8,1444,1451,-7,G4,"217NV",1900,VPS,CVG,89,109,600,0,0,VPS,Destin-Ft Walton Beach Airport,30.4832,-86.525398,87,-6.0,A,Valparaiso,United States
"2018-10-20",1210,1200,10,1418,1412,6,DL,N935DL,1733,ECP,ATL,48,68,240,0,0,ECP,Northwest Florida Beaches International Airport,30.357106,-85.795414,69,-6.0,A,Panama City,United States
"2018-10-20",1240,1244,-4,1540,1559,-19,MQ,N239NN,3822,PNS,DCA,104,120,816,0,0,PNS,Pensacola Regional Airport,30.473400115967,-87.186599731445,121,-6.0,A,Pensacola,United States
"2018-10-20",1238,1245,-7,1343,1358,-15,DL,N928AT,387,TLH,ATL,43,65,223,0,0,TLH,Tallahassee Regional Airport,30.396499633789062,-84.35030364990234,81,-5.0,A,Tallahassee,United States
"2018-10-20",1239,1245,-6,1515,1531,-16,OH,N551NN,5298,PNS,CLT,68,96,488,0,0,PNS,Pensacola Regional Airport,30.473400115967,-87.186599731445,121,-6.0,A,Pensacola,United States
"2018-10-20",1243,1245,-2,1401,1405,-4,WN,N7812G,2635,ECP,BNA,67,78,401,0,0,ECP,Northwest Florida Beaches International Airport,30.357106,-85.795414,69,-6.0,A,Panama City,United States
"2018-10-20",1300,1248,12,1506,1506,0,EV,N611QX,2876,ECP,DFW,103,126,685,0,0,ECP,Northwest Florida Beaches International Airport,30.357106,-85.795414,69,-6.0,A,Panama City,United States
"2018-10-20",1324,1320,4,1511,1512,-1,YV,N86309,6021,ECP,IAH,89,107,572,0,0,ECP,Northwest Florida Beaches International Airport,30.357106,-85.795414,69,-6.0,A,Panama City,United States
"2018-10-20",1323,1327,-4,1530,1536,-6,YV,N919FJ,5740,VPS,DFW,97,127,641,0,0,VPS,Destin-Ft Walton Beach Airport,30.4832,-86.525398,87,-6.0,A,Valparaiso,United States
"2018-10-20",1325,1331,-6,1536,1544,-8,DL,N946DL,1353,PNS,ATL,46,71,271,0,0,PNS,Pensacola Regional Airport,30.473400115967,-87.186599731445,121,-6.0,A,Pensacola,United States
"2018-10-20",1327,1333,-6,1521,1534,-13,MQ,N231AN,3488,PNS,DFW,90,114,604,0,0,PNS,Pensacola Regional Airport,30.473400115967,-87.186599731445,121,-6.0,A,Pensacola,United States
"2018-10-20",1415,1416,-1,1706,1651,15,OO,N912SW,5800,PNS,ORD,142,171,794,0,0,PNS,Pensacola Regional Airport,30.473400115967,-87.186599731445,121,-6.0,A,Pensacola,United States
"2018-10-20",1435,1435,0,1739,1746,-7,G4,"220NV",1946,VPS,BWI,106,124,819,0,0,VPS,Destin-Ft Walton Beach Airport,30.4832,-86.525398,87,-6.0,A,Valparaiso,United States
"2018-10-20",1432,1428,4,1706,1714,-8,OH,N583NN,5500,VPS,CLT,66,94,460,0,0,VPS,Destin-Ft Walton Beach Airport,30.4832,-86.525398,87,-6.0,A,Valparaiso,United States
"2018-10-20",1452,1432,20,1712,1642,30,DL,N943DL,2873,VPS,ATL,45,80,250,0,0,VPS,Destin-Ft Walton Beach Airport,30.4832,-86.525398,87,-6.0,A,Valparaiso,United States
"2018-10-20",1633,1437,116,1924,1722,122,F9,N910FR,1285,PNS,ORD,124,171,794,0,0,PNS,Pensacola Regional Airport,30.473400115967,-87.186599731445,121,-6.0,A,Pensacola,United States
"2018-10-20",1441,1443,-2,1656,1649,7,DL,N966DL,2506,ECP,ATL,50,75,240,0,0,ECP,Northwest Florida Beaches International Airport,30.357106,-85.795414,69,-6.0,A,Panama City,United States
"2018-10-20",1457,1500,-3,1659,1655,4,EV,N26545,4447,VPS,IAH,97,122,528,0,0,VPS,Destin-Ft Walton Beach Airport,30.4832,-86.525398,87,-6.0,A,Valparaiso,United States
"2018-10-20",1518,1527,-9,1644,1705,-21,OH,N564NN,5662,TLH,CLT,58,86,386,0,0,TLH,Tallahassee Regional Airport,30.396499633789062,-84.35030364990234,81,-5.0,A,Tallahassee,United States
"2018-10-20",1521,1528,-7,1736,1734,2,AA,N9677W,2389,PNS,DFW,96,135,604,0,0,PNS,Pensacola Regional Airport,30.473400115967,-87.186599731445,121,-6.0,A,Pensacola,United States
"2018-10-20",1552,1558,-6,1659,1709,-10,DL,N985AT,1399,TLH,ATL,47,67,223,0,0,TLH,Tallahassee Regional Airport,30.396499633789062,-84.35030364990234,81,-5.0,A,Tallahassee,United States
"2018-10-20",1634,1645,-11,1836,1857,-21,DL,N905DL,342,PNS,ATL,44,62,271,0,0,PNS,Pensacola Regional Airport,30.473400115967,-87.186599731445,121,-6.0,A,Pensacola,United States
"2018-10-20",1648,1650,-2,1809,1810,-1,WN,N7731A,4933,ECP,BNA,63,81,401,0,0,ECP,Northwest Florida Beaches International Airport,30.357106,-85.795414,69,-6.0,A,Panama City,United States
"2018-10-20",1650,1655,-5,1907,1911,-4,DL,N967AT,1702,VPS,ATL,47,77,250,0,0,VPS,Destin-Ft Walton Beach Airport,30.4832,-86.525398,87,-6.0,A,Valparaiso,United States
"2018-10-20",1651,1700,-9,1840,1859,-19,EV,N16571,4260,VPS,IAH,90,109,528,0,0,VPS,Destin-Ft Walton Beach Airport,30.4832,-86.525398,87,-6.0,A,Valparaiso,United States
"2018-10-20",,1845,,,2035,,WN,N934WN,5270,ECP,HOU,,,571,1,0,ECP,Northwest Florida Beaches International Airport,30.357106,-85.795414,69,-6.0,A,Panama City,United States
"2018-10-20",1856,1855,1,2118,2135,-17,OH,N518AE,5709,VPS,CLT,61,82,460,0,0,VPS,Destin-Ft Walton Beach Airport,30.4832,-86.525398,87,-6.0,A,Valparaiso,United States
"2018-10-21",1333,600,453,1543,808,455,DL,N3734B,1237,ECP,ATL,43,70,240,0,0,ECP,Northwest Florida Beaches International Airport,30.357106,-85.795414,69,-6.0,A,Panama City,United States
"2018-10-21",555,601,-6,839,844,-5,OH,N561NN,5353,PNS,CLT,76,104,488,0,0,PNS,Pensacola Regional Airport,30.473400115967,-87.186599731445,121,-6.0,A,Pensacola,United States
"2018-10-21",556,602,-6,835,847,-12,MQ,N623AE,3508,PNS,MIA,80,99,530,0,0,PNS,Pensacola Regional Airport,30.473400115967,-87.186599731445,121,-6.0,A,Pensacola,United States
"2018-10-21",612,614,-2,917,929,-12,OH,N706PS,5082,PNS,DCA,113,125,816,0,0,PNS,Pensacola Regional Airport,30.473400115967,-87.186599731445,121,-6.0,A,Pensacola,United States
"2018-10-21",623,630,-7,734,734,0,DL,N967DL,1520,TLH,ATL,40,71,223,0,0,TLH,Tallahassee Regional Airport,30.396499633789062,-84.35030364990234,81,-5.0,A,Tallahassee,United States
"2018-10-21",631,634,-3,902,915,-13,OH,N583NN,5623,VPS,CLT,66,91,460,0,0,VPS,Destin-Ft Walton Beach Airport,30.4832,-86.525398,87,-6.0,A,Valparaiso,United States
"2018-10-21",1102,700,242,1302,852,250,YV,N88310,6043,ECP,IAH,102,120,572,0,0,ECP,Northwest Florida Beaches International Airport,30.357106,-85.795414,69,-6.0,A,Panama City,United States
"2018-10-21",655,700,-5,845,908,-23,AA,N969TW,2453,PNS,DFW,89,110,604,0,0,PNS,Pensacola Regional Airport,30.473400115967,-87.186599731445,121,-6.0,A,Pensacola,United States
"2018-10-21",710,715,-5,856,853,3,YV,N87353,6262,PNS,IAH,84,106,489,0,0,PNS,Pensacola Regional Airport,30.473400115967,-87.186599731445,121,-6.0,A,Pensacola,United States
"2018-10-21",712,715,-3,921,926,-5,DL,N971DL,955,VPS,ATL,44,69,250,0,0,VPS,Destin-Ft Walton Beach Airport,30.4832,-86.525398,87,-6.0,A,Valparaiso,United States
"2018-10-21",1051,715,216,1259,925,214,DL,N375DA,2430,ECP,ATL,44,68,240,0,0,ECP,Northwest Florida Beaches International Airport,30.357106,-85.795414,69,-6.0,A,Panama City,United States
"2018-10-21",712,721,-9,909,929,-20,YX,N418YX,4626,TLH,DCA,101,117,716,0,0,TLH,Tallahassee Regional Airport,30.396499633789062,-84.35030364990234,81,-5.0,A,Tallahassee,United States
"2018-10-21",727,730,-3,926,937,-11,G4,"217NV",1908,VPS,OKC,100,119,726,0,0,VPS,Destin-Ft Walton Beach Airport,30.4832,-86.525398,87,-6.0,A,Valparaiso,United States
"2018-10-21",727,735,-8,935,947,-12,DL,N910DE,1078,PNS,ATL,42,68,271,0,0,PNS,Pensacola Regional Airport,30.473400115967,-87.186599731445,121,-6.0,A,Pensacola,United States
"2018-10-21",742,749,-7,905,916,-11,MQ,N231AN,4116,TLH,DFW,121,143,767,0,0,TLH,Tallahassee Regional Airport,30.396499633789062,-84.35030364990234,81,-5.0,A,Tallahassee,United States
"2018-10-21",857,907,-10,1215,1156,19,OH,N580NN,5237,PNS,CLT,70,138,488,0,0,PNS,Pensacola Regional Airport,30.473400115967,-87.186599731445,121,-6.0,A,Pensacola,United States
"2018-10-21",914,915,-1,1030,1035,-5,WN,N282WN,5031,PNS,BNA,62,76,391,0,0,PNS,Pensacola Regional Airport,30.473400115967,-87.186599731445,121,-6.0,A,Pensacola,United States
"2018-10-21",909,916,-7,1114,1127,-13,DL,N913DE,2212,PNS,ATL,43,65,271,0,0,PNS,Pensacola Regional Airport,30.473400115967,-87.186599731445,121,-6.0,A,Pensacola,United States
"2018-10-21",,925,,,1045,,WN,"",3679,ECP,BNA,,,401,1,0,ECP,Northwest Florida Beaches International Airport,30.357106,-85.795414,69,-6.0,A,Panama City,United States
"2018-10-20",1450,1445,5,1704,1655,9,WN,N7842A,4592,PNS,MDW,120,134,781,0,0,PNS,Pensacola Regional Airport,30.473400115967,-87.186599731445,121,-6.0,A,Pensacola,United States
"2018-10-20",1459,1457,2,1734,1744,-10,EV,N616QX,2880,ECP,CLT,64,95,437,0,0,ECP,Northwest Florida Beaches International Airport,30.357106,-85.795414,69,-6.0,A,Panama City,United States
"2018-10-20",1506,1515,-9,1640,1703,-23,EV,N16981,4142,PNS,IAH,77,94,489,0,0,PNS,Pensacola Regional Airport,30.473400115967,-87.186599731445,121,-6.0,A,Pensacola,United States
"2018-10-20",1605,1610,-5,1757,1805,-8,WN,N7725A,3347,ECP,STL,97,112,634,0,0,ECP,Northwest Florida Beaches International Airport,30.357106,-85.795414,69,-6.0,A,Panama City,United States
"2018-10-20",1610,1614,-4,1857,1859,-2,YX,N135HQ,4553,PNS,CLT,69,107,488,0,0,PNS,Pensacola Regional Airport,30.473400115967,-87.186599731445,121,-6.0,A,Pensacola,United States
"2018-10-20",1622,1627,-5,1936,2004,-28,YX,N121HQ,4537,PNS,PHL,118,134,935,0,0,PNS,Pensacola Regional Airport,30.473400115967,-87.186599731445,121,-6.0,A,Pensacola,United States
"2018-10-20",1752,1640,72,1929,1805,84,MQ,N225NN,4069,TLH,DFW,117,157,767,0,0,TLH,Tallahassee Regional Airport,30.396499633789062,-84.35030364990234,81,-5.0,A,Tallahassee,United States
"2018-10-20",1714,1700,14,1825,1820,5,WN,N7729A,3902,PNS,BNA,58,71,391,0,0,PNS,Pensacola Regional Airport,30.473400115967,-87.186599731445,121,-6.0,A,Pensacola,United States
"2018-10-20",1659,1702,-3,1818,1827,-9,MQ,N681AE,3861,TLH,MIA,59,79,402,0,0,TLH,Tallahassee Regional Airport,30.396499633789062,-84.35030364990234,81,-5.0,A,Tallahassee,United States
"2018-10-20",1702,1705,-3,1854,1857,-3,YV,N87302,6245,ECP,IAH,89,112,572,0,0,ECP,Northwest Florida Beaches International Airport,30.357106,-85.795414,69,-6.0,A,Panama City,United States
"2018-10-20",1758,1743,15,2033,2030,3,MQ,N650AE,3427,PNS,MIA,77,95,530,0,0,PNS,Pensacola Regional Airport,30.473400115967,-87.186599731445,121,-6.0,A,Pensacola,United States
"2018-10-20",1752,1759,-7,2001,2011,-10,DL,N946DL,1403,ECP,ATL,43,69,240,0,0,ECP,Northwest Florida Beaches International Airport,30.357106,-85.795414,69,-6.0,A,Panama City,United States
"2018-10-20",1756,1759,-3,1912,1914,-2,DL,N922AT,1786,TLH,ATL,49,76,223,0,0,TLH,Tallahassee Regional Airport,30.396499633789062,-84.35030364990234,81,-5.0,A,Tallahassee,United States
"2018-10-20",1803,1805,-2,2101,2106,-5,G4,"326NV",1425,VPS,PIT,96,118,775,0,0,VPS,Destin-Ft Walton Beach Airport,30.4832,-86.525398,87,-6.0,A,Valparaiso,United States
"2018-10-20",1758,1806,-8,2012,2028,-16,DL,N965AT,1167,VPS,ATL,44,74,250,0,0,VPS,Destin-Ft Walton Beach Airport,30.4832,-86.525398,87,-6.0,A,Valparaiso,United States
"2018-10-20",1842,1850,-8,2014,2029,-15,YV,N87303,6036,PNS,IAH,77,92,489,0,0,PNS,Pensacola Regional Airport,30.473400115967,-87.186599731445,121,-6.0,A,Pensacola,United States
"2018-10-20",1941,1852,49,2157,2135,22,OH,N719PS,5463,PNS,CLT,65,76,488,0,0,PNS,Pensacola Regional Airport,30.473400115967,-87.186599731445,121,-6.0,A,Pensacola,United States
"2018-10-20",1926,1928,-2,2053,2050,3,MQ,N657AE,3844,TLH,MIA,69,87,402,0,0,TLH,Tallahassee Regional Airport,30.396499633789062,-84.35030364990234,81,-5.0,A,Tallahassee,United States
"2018-10-21",527,530,-3,728,735,-7,DL,N936DL,856,PNS,ATL,46,61,271,0,0,PNS,Pensacola Regional Airport,30.473400115967,-87.186599731445,121,-6.0,A,Pensacola,United States
"2018-10-21",554,600,-6,755,807,-12,DL,N922DL,2714,VPS,ATL,42,61,250,0,0,VPS,Destin-Ft Walton Beach Airport,30.4832,-86.525398,87,-6.0,A,Valparaiso,United States
"2018-10-21",600,600,0,717,725,-8,OH,N501AE,5584,TLH,CLT,58,77,386,0,0,TLH,Tallahassee Regional Airport,30.396499633789062,-84.35030364990234,81,-5.0,A,Tallahassee,United States
"2018-10-21",,609,,,851,,EV,N718EV,2899,ECP,CLT,,,437,1,0,ECP,Northwest Florida Beaches International Airport,30.357106,-85.795414,69,-6.0,A,Panama City,United States
"2018-10-21",627,630,-3,831,839,-8,DL,N913DL,1234,PNS,ATL,45,64,271,0,0,PNS,Pensacola Regional Airport,30.473400115967,-87.186599731445,121,-6.0,A,Pensacola,United States
"2018-10-21",657,700,-3,901,901,0,G4,"220NV",1992,VPS,AUS,102,124,666,0,0,VPS,Destin-Ft Walton Beach Airport,30.4832,-86.525398,87,-6.0,A,Valparaiso,United States
"2018-10-21",,701,,,920,,EV,N719EV,2889,ECP,DFW,,,685,1,0,ECP,Northwest Florida Beaches International Airport,30.357106,-85.795414,69,-6.0,A,Panama City,United States
"2018-10-21",745,750,-5,903,859,4,DL,N993DL,763,TLH,ATL,46,78,223,0,0,TLH,Tallahassee Regional Airport,30.396499633789062,-84.35030364990234,81,-5.0,A,Tallahassee,United States
"2018-10-21",852,900,-8,1104,1055,9,EV,N11565,4064,VPS,IAH,111,132,528,0,0,VPS,Destin-Ft Walton Beach Airport,30.4832,-86.525398,87,-6.0,A,Valparaiso,United States
"2018-10-21",931,933,-2,1145,1149,-4,AA,N966TW,1538,VPS,DFW,104,134,641,0,0,VPS,Destin-Ft Walton Beach Airport,30.4832,-86.525398,87,-6.0,A,Valparaiso,United States
"2018-10-21",928,938,-10,1113,1123,-10,YV,N88331,6041,PNS,IAH,88,105,489,0,0,PNS,Pensacola Regional Airport,30.473400115967,-87.186599731445,121,-6.0,A,Pensacola,United States
"2018-10-21",954,941,13,1240,1225,15,OH,N592NN,5564,VPS,CLT,78,106,460,0,0,VPS,Destin-Ft Walton Beach Airport,30.4832,-86.525398,87,-6.0,A,Valparaiso,United States
"2018-10-21",939,947,-8,1132,1149,-17,DL,N936DL,2029,ECP,ATL,40,53,240,0,0,ECP,Northwest Florida Beaches International Airport,30.357106,-85.795414,69,-6.0,A,Panama City,United States
"2018-10-21",1032,1034,-2,1236,1249,-13,DL,N924DL,2716,VPS,ATL,48,64,250,0,0,VPS,Destin-Ft Walton Beach Airport,30.4832,-86.525398,87,-6.0,A,Valparaiso,United States
"2018-10-21",1025,1038,-13,1256,1320,-24,MQ,N623AE,3733,PNS,MIA,74,91,530,0,0,PNS,Pensacola Regional Airport,30.473400115967,-87.186599731445,121,-6.0,A,Pensacola,United States
"2018-10-21",1054,1054,0,1406,1408,-2,YX,N445YX,4609,VPS,DCA,109,132,789,0,0,VPS,Destin-Ft Walton Beach Airport,30.4832,-86.525398,87,-6.0,A,Valparaiso,United States
"2018-10-21",1056,1055,1,1230,1228,2,OH,N567NN,5272,TLH,CLT,61,94,386,0,0,TLH,Tallahassee Regional Airport,30.396499633789062,-84.35030364990234,81,-5.0,A,Tallahassee,United States
"2018-10-21",1107,1105,2,1300,1300,0,WN,N7731A,5084,ECP,DAL,104,113,674,0,0,ECP,Northwest Florida Beaches International Airport,30.357106,-85.795414,69,-6.0,A,Panama City,United States
"2018-10-21",1109,1115,-6,1312,1332,-20,DL,N67171,2179,PNS,ATL,44,63,271,0,0,PNS,Pensacola Regional Airport,30.473400115967,-87.186599731445,121,-6.0,A,Pensacola,United States
"2018-10-21",1316,1120,116,1443,1255,108,WN,N729SW,2565,PNS,HOU,75,87,488,0,0,PNS,Pensacola Regional Airport,30.473400115967,-87.186599731445,121,-6.0,A,Pensacola,United States
"2018-10-21",1141,1151,-10,1329,1340,-11,YX,N645RW,3682,PNS,IAH,85,108,489,0,0,PNS,Pensacola Regional Airport,30.473400115967,-87.186599731445,121,-6.0,A,Pensacola,United States
"2018-10-21",1200,1200,0,1423,1409,14,DL,N961DL,1733,ECP,ATL,43,83,240,0,0,ECP,Northwest Florida Beaches International Airport,30.357106,-85.795414,69,-6.0,A,Panama City,United States
"2018-10-21",1203,1211,-8,1410,1423,-13,F9,N307FR,641,PNS,DEN,163,187,1179,0,0,PNS,Pensacola Regional Airport,30.473400115967,-87.186599731445,121,-6.0,A,Pensacola,United States
"2018-10-21",1224,1231,-7,1340,1355,-15,MQ,N673AE,3663,TLH,MIA,60,76,402,0,0,TLH,Tallahassee Regional Airport,30.396499633789062,-84.35030364990234,81,-5.0,A,Tallahassee,United States
"2018-10-21",1237,1245,-8,1339,1359,-20,DL,N929AT,489,TLH,ATL,50,62,223,0,0,TLH,Tallahassee Regional Airport,30.396499633789062,-84.35030364990234,81,-5.0,A,Tallahassee,United States
"2018-10-21",1237,1244,-7,1539,1559,-20,MQ,N236NN,3822,PNS,DCA,109,122,816,0,0,PNS,Pensacola Regional Airport,30.473400115967,-87.186599731445,121,-6.0,A,Pensacola,United States
"2018-10-21",1248,1245,3,1525,1531,-6,OH,N575NN,5298,PNS,CLT,71,97,488,0,0,PNS,Pensacola Regional Airport,30.473400115967,-87.186599731445,121,-6.0,A,Pensacola,United States
"2018-10-21",1306,1248,18,1530,1506,24,EV,N615QX,2876,ECP,DFW,105,144,685,0,0,ECP,Northwest Florida Beaches International Airport,30.357106,-85.795414,69,-6.0,A,Panama City,United States
"2018-10-21",1247,1248,-1,1434,1432,2,G4,"220NV",1902,VPS,BLV,83,107,587,0,0,VPS,Destin-Ft Walton Beach Airport,30.4832,-86.525398,87,-6.0,A,Valparaiso,United States
"2018-10-21",1326,1331,-5,1531,1545,-14,DL,N904DE,1353,PNS,ATL,45,65,271,0,0,PNS,Pensacola Regional Airport,30.473400115967,-87.186599731445,121,-6.0,A,Pensacola,United States
"2018-10-21",1309,1318,-9,1545,1600,-15,G4,"217NV",1918,VPS,SDF,77,96,532,0,0,VPS,Destin-Ft Walton Beach Airport,30.4832,-86.525398,87,-6.0,A,Valparaiso,United States
"2018-10-21",1301,1320,-19,1459,1515,-16,EV,N14105,4134,ECP,IAH,101,118,572,0,0,ECP,Northwest Florida Beaches International Airport,30.357106,-85.795414,69,-6.0,A,Panama City,United States
"2018-10-21",1321,1327,-6,1535,1536,-1,YV,N948LR,5740,VPS,DFW,106,134,641,0,0,VPS,Destin-Ft Walton Beach Airport,30.4832,-86.525398,87,-6.0,A,Valparaiso,United States
"2018-10-21",1321,1333,-12,1516,1534,-18,MQ,N234JW,3488,PNS,DFW,91,115,604,0,0,PNS,Pensacola Regional Airport,30.473400115967,-87.186599731445,121,-6.0,A,Pensacola,United States
"2018-10-21",1430,1428,2,1710,1714,-4,OH,N592NN,5500,VPS,CLT,66,100,460,0,0,VPS,Destin-Ft Walton Beach Airport,30.4832,-86.525398,87,-6.0,A,Valparaiso,United States
"2018-10-21",1422,1425,-3,1608,1615,-7,WN,N7733B,4226,ECP,HOU,91,106,571,0,0,ECP,Northwest Florida Beaches International Airport,30.357106,-85.795414,69,-6.0,A,Panama City,United States
"2018-10-21",1434,1436,-2,1642,1640,2,DL,N949DL,2506,ECP,ATL,45,68,240,0,0,ECP,Northwest Florida Beaches International Airport,30.357106,-85.795414,69,-6.0,A,Panama City,United States
"2018-10-21",1427,1432,-5,1637,1643,-6,DL,N964DL,2873,VPS,ATL,45,70,250,0,0,VPS,Destin-Ft Walton Beach Airport,30.4832,-86.525398,87,-6.0,A,Valparaiso,United States
"2018-10-21",1456,1457,-1,1730,1744,-14,EV,N720EV,2880,ECP,CLT,66,94,437,0,0,ECP,Northwest Florida Beaches International Airport,30.357106,-85.795414,69,-6.0,A,Panama City,United States
"2018-10-21",1455,1500,-5,1657,1655,2,EV,N13553,4447,VPS,IAH,99,122,528,0,0,VPS,Destin-Ft Walton Beach Airport,30.4832,-86.525398,87,-6.0,A,Valparaiso,United States
"2018-10-21",1500,1515,-15,1629,1703,-34,EV,N13992,4142,PNS,IAH,77,89,489,0,0,PNS,Pensacola Regional Airport,30.473400115967,-87.186599731445,121,-6.0,A,Pensacola,United States
"2018-10-21",1517,1528,-11,1732,1734,-2,AA,N9681B,2389,PNS,DFW,97,135,604,0,0,PNS,Pensacola Regional Airport,30.473400115967,-87.186599731445,121,-6.0,A,Pensacola,United States
"2018-10-21",1550,1558,-8,1653,1707,-14,DL,N982AT,1399,TLH,ATL,42,63,223,0,0,TLH,Tallahassee Regional Airport,30.396499633789062,-84.35030364990234,81,-5.0,A,Tallahassee,United States
"2018-10-21",1525,1527,-2,1650,1705,-15,OH,N548NN,5662,TLH,CLT,60,85,386,0,0,TLH,Tallahassee Regional Airport,30.396499633789062,-84.35030364990234,81,-5.0,A,Tallahassee,United States
"2018-10-21",1552,1555,-3,1814,1813,1,DL,N961DL,1270,PNS,ATL,42,82,271,0,0,PNS,Pensacola Regional Airport,30.473400115967,-87.186599731445,121,-6.0,A,Pensacola,United States
"2018-10-21",1613,1614,-1,1854,1859,-5,YX,N113HQ,4553,PNS,CLT,72,101,488,0,0,PNS,Pensacola Regional Airport,30.473400115967,-87.186599731445,121,-6.0,A,Pensacola,United States
"2018-10-21",1555,1600,-5,1812,1813,-1,DL,N986DL,2802,VPS,ATL,41,77,250,0,0,VPS,Destin-Ft Walton Beach Airport,30.4832,-86.525398,87,-6.0,A,Valparaiso,United States
"2018-10-21",1558,1605,-7,1712,1725,-13,WN,N7814B,5989,ECP,BNA,61,74,401,0,0,ECP,Northwest Florida Beaches International Airport,30.357106,-85.795414,69,-6.0,A,Panama City,United States
"2018-10-21",1625,1627,-2,1952,2004,-12,YX,N107HQ,4537,PNS,PHL,131,147,935,0,0,PNS,Pensacola Regional Airport,30.473400115967,-87.186599731445,121,-6.0,A,Pensacola,United States
"2018-10-21",1635,1640,-5,1808,1805,3,MQ,N221NN,4069,TLH,DFW,122,153,767,0,0,TLH,Tallahassee Regional Airport,30.396499633789062,-84.35030364990234,81,-5.0,A,Tallahassee,United States
"2018-10-21",1701,1702,-1,1814,1827,-13,MQ,N619AE,3861,TLH,MIA,59,73,402,0,0,TLH,Tallahassee Regional Airport,30.396499633789062,-84.35030364990234,81,-5.0,A,Tallahassee,United States
"2018-10-21",1653,1705,-12,1903,1900,3,EV,N11551,4037,ECP,IAH,98,130,572,0,0,ECP,Northwest Florida Beaches International Airport,30.357106,-85.795414,69,-6.0,A,Panama City,United States
"2018-10-21",,1743,,,2030,,MQ,N932AE,3427,PNS,MIA,,,530,1,0,PNS,Pensacola Regional Airport,30.473400115967,-87.186599731445,121,-6.0,A,Pensacola,United States
"2018-10-21",1804,1751,13,2004,1944,20,G4,"220NV",1912,VPS,SGF,98,120,610,0,0,VPS,Destin-Ft Walton Beach Airport,30.4832,-86.525398,87,-6.0,A,Valparaiso,United States
"2018-10-21",1754,1756,-2,1913,1903,10,DL,N916DE,1786,TLH,ATL,40,79,223,0,0,TLH,Tallahassee Regional Airport,30.396499633789062,-84.35030364990234,81,-5.0,A,Tallahassee,United States
"2018-10-21",1803,1759,4,2026,2013,13,DL,N995DL,1403,ECP,ATL,45,83,240,0,0,ECP,Northwest Florida Beaches International Airport,30.357106,-85.795414,69,-6.0,A,Panama City,United States
"2018-10-21",1752,1759,-7,1956,2016,-20,DL,N667DN,1814,PNS,ATL,42,64,271,0,0,PNS,Pensacola Regional Airport,30.473400115967,-87.186599731445,121,-6.0,A,Pensacola,United States
"2018-10-21",1803,1806,-3,2034,2030,4,DL,N904DL,1167,VPS,ATL,47,91,250,0,0,VPS,Destin-Ft Walton Beach Airport,30.4832,-86.525398,87,-6.0,A,Valparaiso,United States
"2018-10-21",1841,1850,-9,2025,2029,-4,YV,N87345,6036,PNS,IAH,85,104,489,0,0,PNS,Pensacola Regional Airport,30.473400115967,-87.186599731445,121,-6.0,A,Pensacola,United States
"2018-10-21",1843,1855,-12,2120,2135,-15,OH,N578NN,5709,VPS,CLT,69,97,460,0,0,VPS,Destin-Ft Walton Beach Airport,30.4832,-86.525398,87,-6.0,A,Valparaiso,United States
"2018-10-21",,1910,,,2030,,WN,N443WN,3780,ECP,BNA,,,401,1,0,ECP,Northwest Florida Beaches International Airport,30.357106,-85.795414,69,-6.0,A,Panama City,United States
"2018-10-21",1913,1919,-6,2125,2130,-5,YV,N902FJ,5906,VPS,DFW,102,132,641,0,0,VPS,Destin-Ft Walton Beach Airport,30.4832,-86.525398,87,-6.0,A,Valparaiso,United States
"2018-10-21",1922,1928,-6,2036,2050,-14,MQ,N664MS,3844,TLH,MIA,61,74,402,0,0,TLH,Tallahassee Regional Airport,30.396499633789062,-84.35030364990234,81,-5.0,A,Tallahassee,United States
"2018-10-21",1940,1945,-5,2047,2056,-9,DL,N982AT,678,TLH,ATL,40,67,223,0,0,TLH,Tallahassee Regional Airport,30.396499633789062,-84.35030364990234,81,-5.0,A,Tallahassee,United States
"2018-10-21",2053,2011,42,2209,2142,27,YX,N127HQ,4660,TLH,CLT,55,76,386,0,0,TLH,Tallahassee Regional Airport,30.396499633789062,-84.35030364990234,81,-5.0,A,Tallahassee,United States
"2018-10-22",528,530,-2,735,734,1,DL,N993DL,856,PNS,ATL,46,67,271,0,0,PNS,Pensacola Regional Airport,30.473400115967,-87.186599731445,121,-6.0,A,Pensacola,United States
"2018-10-22",536,545,-9,635,650,-15,DL,N908DE,708,TLH,ATL,40,59,223,0,0,TLH,Tallahassee Regional Airport,30.396499633789062,-84.35030364990234,81,-5.0,A,Tallahassee,United States
"2018-10-22",1218,600,378,1416,805,371,DL,N943DL,1237,ECP,ATL,41,58,240,0,0,ECP,Northwest Florida Beaches International Airport,30.357106,-85.795414,69,-6.0,A,Panama City,United States
"2018-10-22",557,600,-3,715,725,-10,OH,N544AE,5584,TLH,CLT,60,78,386,0,0,TLH,Tallahassee Regional Airport,30.396499633789062,-84.35030364990234,81,-5.0,A,Tallahassee,United States
"2018-10-22",554,601,-7,841,844,-3,OH,N587NN,5353,PNS,CLT,71,107,488,0,0,PNS,Pensacola Regional Airport,30.473400115967,-87.186599731445,121,-6.0,A,Pensacola,United States
"2018-10-22",608,614,-6,910,929,-19,OH,N520DC,5082,PNS,DCA,106,122,816,0,0,PNS,Pensacola Regional Airport,30.473400115967,-87.186599731445,121,-6.0,A,Pensacola,United States
"2018-10-22",633,634,-1,910,915,-5,OH,N568NN,5623,VPS,CLT,64,97,460,0,0,VPS,Destin-Ft Walton Beach Airport,30.4832,-86.525398,87,-6.0,A,Valparaiso,United States
"2018-10-22",914,700,134,1115,855,140,EV,N12201,3979,ECP,IAH,101,121,572,0,0,ECP,Northwest Florida Beaches International Airport,30.357106,-85.795414,69,-6.0,A,Panama City,United States
"2018-10-22",651,700,-9,958,952,6,G4,"220NV",1916,VPS,LCK,94,127,675,0,0,VPS,Destin-Ft Walton Beach Airport,30.4832,-86.525398,87,-6.0,A,Valparaiso,United States
"2018-10-22",653,700,-7,903,919,-16,AA,N971TW,1538,VPS,DFW,102,130,641,0,0,VPS,Destin-Ft Walton Beach Airport,30.4832,-86.525398,87,-6.0,A,Valparaiso,United States
"2018-10-22",714,700,14,920,908,12,AA,N9615W,2453,PNS,DFW,96,126,604,0,0,PNS,Pensacola Regional Airport,30.473400115967,-87.186599731445,121,-6.0,A,Pensacola,United States
"2018-10-22",656,700,-4,755,803,-8,DL,N989DL,496,TLH,ATL,42,59,223,0,0,TLH,Tallahassee Regional Airport,30.396499633789062,-84.35030364990234,81,-5.0,A,Tallahassee,United States
"2018-10-22",712,715,-3,924,926,-2,DL,N935DL,955,VPS,ATL,44,72,250,0,0,VPS,Destin-Ft Walton Beach Airport,30.4832,-86.525398,87,-6.0,A,Valparaiso,United States
"2018-10-22",1057,715,222,1304,925,219,DL,N912DN,2430,ECP,ATL,42,67,240,0,0,ECP,Northwest Florida Beaches International Airport,30.357106,-85.795414,69,-6.0,A,Panama City,United States
"2018-10-22",747,750,-3,858,910,-12,WN,N7813P,716,ECP,BNA,60,71,401,0,0,ECP,Northwest Florida Beaches International Airport,30.357106,-85.795414,69,-6.0,A,Panama City,United States
"2018-10-22",748,750,-2,903,910,-7,WN,N7886A,1615,PNS,BNA,61,75,391,0,0,PNS,Pensacola Regional Airport,30.473400115967,-87.186599731445,121,-6.0,A,Pensacola,United States
"2018-10-22",930,930,0,1119,1115,4,WN,N7701B,1281,ECP,HOU,94,109,571,0,0,ECP,Northwest Florida Beaches International Airport,30.357106,-85.795414,69,-6.0,A,Panama City,United States
"2018-10-21",1816,1821,-5,1945,1938,7,G4,"217NV",1910,VPS,BNA,61,89,389,0,0,VPS,Destin-Ft Walton Beach Airport,30.4832,-86.525398,87,-6.0,A,Valparaiso,United States
"2018-10-21",1836,1845,-9,2034,2044,-10,EV,N11565,4260,VPS,IAH,93,118,528,0,0,VPS,Destin-Ft Walton Beach Airport,30.4832,-86.525398,87,-6.0,A,Valparaiso,United States
"2018-10-21",1845,1852,-7,2117,2135,-18,OH,N716PS,5463,PNS,CLT,71,92,488,0,0,PNS,Pensacola Regional Airport,30.473400115967,-87.186599731445,121,-6.0,A,Pensacola,United States
"2018-10-21",1913,1900,13,2029,2020,9,WN,N941WN,5317,PNS,BNA,59,76,391,0,0,PNS,Pensacola Regional Airport,30.473400115967,-87.186599731445,121,-6.0,A,Pensacola,United States
"2018-10-21",1913,1915,-2,2114,2120,-6,MQ,N222NS,3877,PNS,DFW,100,121,604,0,0,PNS,Pensacola Regional Airport,30.473400115967,-87.186599731445,121,-6.0,A,Pensacola,United States
"2018-10-22",557,600,-3,802,807,-5,DL,N905DL,2714,VPS,ATL,43,65,250,0,0,VPS,Destin-Ft Walton Beach Airport,30.4832,-86.525398,87,-6.0,A,Valparaiso,United States
"2018-10-22",557,602,-5,824,847,-23,MQ,N685AE,3508,PNS,MIA,75,87,530,0,0,PNS,Pensacola Regional Airport,30.473400115967,-87.186599731445,121,-6.0,A,Pensacola,United States
"2018-10-22",,609,,,851,,EV,N617QX,2899,ECP,CLT,,,437,1,0,ECP,Northwest Florida Beaches International Airport,30.357106,-85.795414,69,-6.0,A,Panama City,United States
"2018-10-22",627,630,-3,839,839,0,DL,N916DL,1234,PNS,ATL,45,72,271,0,0,PNS,Pensacola Regional Airport,30.473400115967,-87.186599731445,121,-6.0,A,Pensacola,United States
"2018-10-22",,701,,,920,,EV,N605QX,2889,ECP,DFW,,,685,1,0,ECP,Northwest Florida Beaches International Airport,30.357106,-85.795414,69,-6.0,A,Panama City,United States
"2018-10-22",715,715,0,853,853,0,YV,N89313,6262,PNS,IAH,80,98,489,0,0,PNS,Pensacola Regional Airport,30.473400115967,-87.186599731445,121,-6.0,A,Pensacola,United States
"2018-10-22",721,721,0,913,929,-16,YX,N404YX,4626,TLH,DCA,97,112,716,0,0,TLH,Tallahassee Regional Airport,30.396499633789062,-84.35030364990234,81,-5.0,A,Tallahassee,United States
"2018-10-22",730,735,-5,938,947,-9,DL,N992DL,1078,PNS,ATL,42,68,271,0,0,PNS,Pensacola Regional Airport,30.473400115967,-87.186599731445,121,-6.0,A,Pensacola,United States
"2018-10-22",742,749,-7,900,916,-16,MQ,N234JW,4116,TLH,DFW,120,138,767,0,0,TLH,Tallahassee Regional Airport,30.396499633789062,-84.35030364990234,81,-5.0,A,Tallahassee,United States
"2018-10-22",848,900,-12,1050,1055,-5,EV,N13988,4064,VPS,IAH,99,122,528,0,0,VPS,Destin-Ft Walton Beach Airport,30.4832,-86.525398,87,-6.0,A,Valparaiso,United States
"2018-10-22",857,907,-10,1132,1156,-24,OH,N586NN,5237,PNS,CLT,69,95,488,0,0,PNS,Pensacola Regional Airport,30.473400115967,-87.186599731445,121,-6.0,A,Pensacola,United States
"2018-10-22",908,916,-8,1104,1127,-23,DL,N908DL,2212,PNS,ATL,41,56,271,0,0,PNS,Pensacola Regional Airport,30.473400115967,-87.186599731445,121,-6.0,A,Pensacola,United States
"2018-10-22",925,933,-8,1148,1144,4,YV,N933LR,5725,VPS,DFW,100,143,641,0,0,VPS,Destin-Ft Walton Beach Airport,30.4832,-86.525398,87,-6.0,A,Valparaiso,United States
"2018-10-22",926,935,-9,1123,1123,0,EV,N16987,4298,PNS,IAH,89,117,489,0,0,PNS,Pensacola Regional Airport,30.473400115967,-87.186599731445,121,-6.0,A,Pensacola,United States
"2018-10-22",938,935,3,1109,1110,-1,WN,N965WN,2229,PNS,HOU,82,91,488,0,0,PNS,Pensacola Regional Airport,30.473400115967,-87.186599731445,121,-6.0,A,Pensacola,United States
"2018-10-22",933,941,-8,1213,1225,-12,OH,N577NN,5564,VPS,CLT,68,100,460,0,0,VPS,Destin-Ft Walton Beach Airport,30.4832,-86.525398,87,-6.0,A,Valparaiso,United States
"2018-10-22",935,947,-12,1132,1149,-17,DL,N948DL,2029,ECP,ATL,39,57,240,0,0,ECP,Northwest Florida Beaches International Airport,30.357106,-85.795414,69,-6.0,A,Panama City,United States
"2018-10-22",1016,1020,-4,1123,1128,-5,"9E",N232PQ,3281,TLH,ATL,42,67,223,0,0,TLH,Tallahassee Regional Airport,30.396499633789062,-84.35030364990234,81,-5.0,A,Tallahassee,United States
"2018-10-22",1029,1034,-5,1231,1249,-18,DL,N998DL,2716,VPS,ATL,39,62,250,0,0,VPS,Destin-Ft Walton Beach Airport,30.4832,-86.525398,87,-6.0,A,Valparaiso,United States
"2018-10-22",1030,1038,-8,1304,1320,-16,MQ,N623AE,3733,PNS,MIA,80,94,530,0,0,PNS,Pensacola Regional Airport,30.473400115967,-87.186599731445,121,-6.0,A,Pensacola,United States
"2018-10-22",1051,1054,-3,1356,1408,-12,YX,N111HQ,4609,VPS,DCA,107,125,789,0,0,VPS,Destin-Ft Walton Beach Airport,30.4832,-86.525398,87,-6.0,A,Valparaiso,United States
"2018-10-22",1058,1055,3,1224,1228,-4,OH,N556NN,5272,TLH,CLT,64,86,386,0,0,TLH,Tallahassee Regional Airport,30.396499633789062,-84.35030364990234,81,-5.0,A,Tallahassee,United States
"2018-10-22",1104,1115,-11,1316,1332,-16,DL,N6714Q,2179,PNS,ATL,43,72,271,0,0,PNS,Pensacola Regional Airport,30.473400115967,-87.186599731445,121,-6.0,A,Pensacola,United States
"2018-10-22",1055,1100,-5,1205,1220,-15,WN,N8322X,5774,ECP,BNA,58,70,401,0,0,ECP,Northwest Florida Beaches International Airport,30.357106,-85.795414,69,-6.0,A,Panama City,United States
"2018-10-22",1145,1151,-6,1332,1340,-8,YX,N979RP,3682,PNS,IAH,86,107,489,0,0,PNS,Pensacola Regional Airport,30.473400115967,-87.186599731445,121,-6.0,A,Pensacola,United States
"2018-10-22",1224,1225,-1,1514,1513,1,G4,"220NV",1900,VPS,CVG,93,110,600,0,0,VPS,Destin-Ft Walton Beach Airport,30.4832,-86.525398,87,-6.0,A,Valparaiso,United States
"2018-10-22",1142,1200,-18,1339,1412,-33,DL,N996DL,1733,ECP,ATL,40,57,240,0,0,ECP,Northwest Florida Beaches International Airport,30.357106,-85.795414,69,-6.0,A,Panama City,United States
"2018-10-22",1225,1231,-6,1340,1355,-15,MQ,N931AE,3663,TLH,MIA,60,75,402,0,0,TLH,Tallahassee Regional Airport,30.396499633789062,-84.35030364990234,81,-5.0,A,Tallahassee,United States
"2018-10-22",1250,1234,16,1343,1348,-5,DL,N994DL,489,TLH,ATL,39,53,223,0,0,TLH,Tallahassee Regional Airport,30.396499633789062,-84.35030364990234,81,-5.0,A,Tallahassee,United States
"2018-10-22",1247,1248,-1,1459,1506,-7,EV,N718EV,2876,ECP,DFW,103,132,685,0,0,ECP,Northwest Florida Beaches International Airport,30.357106,-85.795414,69,-6.0,A,Panama City,United States
"2018-10-22",1234,1244,-10,1536,1559,-23,MQ,N263NN,3822,PNS,DCA,110,122,816,0,0,PNS,Pensacola Regional Airport,30.473400115967,-87.186599731445,121,-6.0,A,Pensacola,United States
"2018-10-22",1247,1245,2,1522,1531,-9,OH,N571NN,5298,PNS,CLT,70,95,488,0,0,PNS,Pensacola Regional Airport,30.473400115967,-87.186599731445,121,-6.0,A,Pensacola,United States
"2018-10-22",1322,1331,-9,1541,1545,-4,DL,N912DL,1353,PNS,ATL,46,79,271,0,0,PNS,Pensacola Regional Airport,30.473400115967,-87.186599731445,121,-6.0,A,Pensacola,United States
"2018-10-22",1313,1320,-7,1520,1515,5,EV,N12564,4134,ECP,IAH,104,127,572,0,0,ECP,Northwest Florida Beaches International Airport,30.357106,-85.795414,69,-6.0,A,Panama City,United States
"2018-10-22",1312,1327,-15,1524,1536,-12,YV,N925FJ,5740,VPS,DFW,104,132,641,0,0,VPS,Destin-Ft Walton Beach Airport,30.4832,-86.525398,87,-6.0,A,Valparaiso,United States
"2018-10-22",1330,1333,-3,1526,1534,-8,MQ,N255NN,3488,PNS,DFW,98,116,604,0,0,PNS,Pensacola Regional Airport,30.473400115967,-87.186599731445,121,-6.0,A,Pensacola,United States
"2018-10-22",1430,1436,-6,1632,1643,-11,DL,N902DE,2506,ECP,ATL,40,62,240,0,0,ECP,Northwest Florida Beaches International Airport,30.357106,-85.795414,69,-6.0,A,Panama City,United States
"2018-10-22",1424,1428,-4,1658,1714,-16,OH,N584NN,5500,VPS,CLT,71,94,460,0,0,VPS,Destin-Ft Walton Beach Airport,30.4832,-86.525398,87,-6.0,A,Valparaiso,United States
"2018-10-22",1429,1432,-3,1634,1644,-10,DL,N982DL,2873,VPS,ATL,42,65,250,0,0,VPS,Destin-Ft Walton Beach Airport,30.4832,-86.525398,87,-6.0,A,Valparaiso,United States
"2018-10-22",1447,1457,-10,1724,1744,-20,EV,N608QX,2880,ECP,CLT,66,97,437,0,0,ECP,Northwest Florida Beaches International Airport,30.357106,-85.795414,69,-6.0,A,Panama City,United States
"2018-10-22",1449,1500,-11,1648,1655,-7,EV,N16987,4447,VPS,IAH,100,119,528,0,0,VPS,Destin-Ft Walton Beach Airport,30.4832,-86.525398,87,-6.0,A,Valparaiso,United States
"2018-10-22",1507,1515,-8,1700,1703,-3,EV,N15574,4142,PNS,IAH,92,113,489,0,0,PNS,Pensacola Regional Airport,30.473400115967,-87.186599731445,121,-6.0,A,Pensacola,United States
"2018-10-22",1524,1527,-3,1701,1705,-4,OH,N566NN,5662,TLH,CLT,64,97,386,0,0,TLH,Tallahassee Regional Airport,30.396499633789062,-84.35030364990234,81,-5.0,A,Tallahassee,United States
"2018-10-22",1832,1528,184,2021,1734,167,AA,N984TW,2389,PNS,DFW,90,109,604,0,0,PNS,Pensacola Regional Airport,30.473400115967,-87.186599731445,121,-6.0,A,Pensacola,United States
"2018-10-22",1548,1555,-7,1750,1813,-23,DL,N903DE,1270,PNS,ATL,42,62,271,0,0,PNS,Pensacola Regional Airport,30.473400115967,-87.186599731445,121,-6.0,A,Pensacola,United States
"2018-10-22",1553,1558,-5,1652,1707,-15,DL,N939AT,1399,TLH,ATL,40,59,223,0,0,TLH,Tallahassee Regional Airport,30.396499633789062,-84.35030364990234,81,-5.0,A,Tallahassee,United States
"2018-10-22",1556,1600,-4,1754,1813,-19,DL,N915DE,2802,VPS,ATL,44,58,250,0,0,VPS,Destin-Ft Walton Beach Airport,30.4832,-86.525398,87,-6.0,A,Valparaiso,United States
"2018-10-22",1620,1614,6,1904,1859,5,YX,N115HQ,4553,PNS,CLT,76,104,488,0,0,PNS,Pensacola Regional Airport,30.473400115967,-87.186599731445,121,-6.0,A,Pensacola,United States
"2018-10-22",1634,1640,-6,1743,1805,-22,MQ,N237NN,4069,TLH,DFW,115,129,767,0,0,TLH,Tallahassee Regional Airport,30.396499633789062,-84.35030364990234,81,-5.0,A,Tallahassee,United States
"2018-10-22",1716,1627,49,2040,2004,36,YX,N133HQ,4537,PNS,PHL,118,144,935,0,0,PNS,Pensacola Regional Airport,30.473400115967,-87.186599731445,121,-6.0,A,Pensacola,United States
"2018-10-22",1709,1702,7,1824,1827,-3,MQ,N698CB,3861,TLH,MIA,59,75,402,0,0,TLH,Tallahassee Regional Airport,30.396499633789062,-84.35030364990234,81,-5.0,A,Tallahassee,United States
"2018-10-22",1653,1702,-9,1834,1846,-12,G4,"217NV",1902,VPS,BLV,83,101,587,0,0,VPS,Destin-Ft Walton Beach Airport,30.4832,-86.525398,87,-6.0,A,Valparaiso,United States
"2018-10-22",1658,1705,-7,1859,1900,-1,EV,N11547,4037,ECP,IAH,97,121,572,0,0,ECP,Northwest Florida Beaches International Airport,30.357106,-85.795414,69,-6.0,A,Panama City,United States
"2018-10-22",1800,1743,17,2049,2030,19,MQ,N685AE,3427,PNS,MIA,86,109,530,0,0,PNS,Pensacola Regional Airport,30.473400115967,-87.186599731445,121,-6.0,A,Pensacola,United States
"2018-10-22",1806,1756,10,1912,1903,9,DL,N951DL,1786,TLH,ATL,41,66,223,0,0,TLH,Tallahassee Regional Airport,30.396499633789062,-84.35030364990234,81,-5.0,A,Tallahassee,United States
"2018-10-22",1744,1750,-6,1957,2002,-5,G4,"309NV",1914,VPS,MCI,115,133,764,0,0,VPS,Destin-Ft Walton Beach Airport,30.4832,-86.525398,87,-6.0,A,Valparaiso,United States
"2018-10-22",1755,1759,-4,1958,2013,-15,DL,N989DL,1403,ECP,ATL,41,63,240,0,0,ECP,Northwest Florida Beaches International Airport,30.357106,-85.795414,69,-6.0,A,Panama City,United States
"2018-10-22",1757,1759,-2,2018,2016,2,DL,N697DL,1814,PNS,ATL,42,81,271,0,0,PNS,Pensacola Regional Airport,30.473400115967,-87.186599731445,121,-6.0,A,Pensacola,United States
"2018-10-22",1810,1806,4,2029,2030,-1,DL,N971DL,1167,VPS,ATL,42,79,250,0,0,VPS,Destin-Ft Walton Beach Airport,30.4832,-86.525398,87,-6.0,A,Valparaiso,United States
"2018-10-22",1758,1808,-10,1918,1940,-22,OH,N596NN,5248,TLH,CLT,62,80,386,0,0,TLH,Tallahassee Regional Airport,30.396499633789062,-84.35030364990234,81,-5.0,A,Tallahassee,United States
"2018-10-22",1841,1850,-9,2031,2029,2,YV,N88326,6036,PNS,IAH,88,110,489,0,0,PNS,Pensacola Regional Airport,30.473400115967,-87.186599731445,121,-6.0,A,Pensacola,United States
"2018-10-22",1853,1855,-2,2123,2135,-12,OH,N551NN,5709,VPS,CLT,70,90,460,0,0,VPS,Destin-Ft Walton Beach Airport,30.4832,-86.525398,87,-6.0,A,Valparaiso,United States
"2018-10-22",1908,1915,-7,2102,2120,-18,MQ,N226NN,3877,PNS,DFW,97,114,604,0,0,PNS,Pensacola Regional Airport,30.473400115967,-87.186599731445,121,-6.0,A,Pensacola,United States
"2018-10-22",1914,1920,-6,2024,2040,-16,WN,N479WN,976,PNS,BNA,57,70,391,0,0,PNS,Pensacola Regional Airport,30.473400115967,-87.186599731445,121,-6.0,A,Pensacola,United States
"2018-10-22",1943,1945,-2,2045,2056,-11,DL,N935AT,678,TLH,ATL,40,62,223,0,0,TLH,Tallahassee Regional Airport,30.396499633789062,-84.35030364990234,81,-5.0,A,Tallahassee,United States
"2018-10-23",557,600,-3,801,807,-6,DL,N994DL,2714,VPS,ATL,42,64,250,0,0,VPS,Destin-Ft Walton Beach Airport,30.4832,-86.525398,87,-6.0,A,Valparaiso,United States
"2018-10-23",549,600,-11,708,725,-17,OH,N703PS,5584,TLH,CLT,58,79,386,0,0,TLH,Tallahassee Regional Airport,30.396499633789062,-84.35030364990234,81,-5.0,A,Tallahassee,United States
"2018-10-23",621,630,-9,852,839,13,DL,N963DL,1234,PNS,ATL,42,91,271,0,0,PNS,Pensacola Regional Airport,30.473400115967,-87.186599731445,121,-6.0,A,Pensacola,United States
"2018-10-23",852,700,112,1122,855,147,EV,N18557,3979,ECP,IAH,121,150,572,0,0,ECP,Northwest Florida Beaches International Airport,30.357106,-85.795414,69,-6.0,A,Panama City,United States
"2018-10-23",652,700,-8,900,919,-19,AA,N9620D,1538,VPS,DFW,102,128,641,0,0,VPS,Destin-Ft Walton Beach Airport,30.4832,-86.525398,87,-6.0,A,Valparaiso,United States
"2018-10-23",657,700,-3,859,908,-9,AA,N979TW,2453,PNS,DFW,96,122,604,0,0,PNS,Pensacola Regional Airport,30.473400115967,-87.186599731445,121,-6.0,A,Pensacola,United States
"2018-10-23",656,700,-4,754,803,-9,DL,N999DN,496,TLH,ATL,38,58,223,0,0,TLH,Tallahassee Regional Airport,30.396499633789062,-84.35030364990234,81,-5.0,A,Tallahassee,United States
"2018-10-23",1047,715,212,1259,925,214,DL,N3751B,2430,ECP,ATL,40,72,240,0,0,ECP,Northwest Florida Beaches International Airport,30.357106,-85.795414,69,-6.0,A,Panama City,United States
"2018-10-23",739,749,-10,849,916,-27,MQ,N234JW,4116,TLH,DFW,113,130,767,0,0,TLH,Tallahassee Regional Airport,30.396499633789062,-84.35030364990234,81,-5.0,A,Tallahassee,United States
"2018-10-23",747,750,-3,900,910,-10,WN,N7729A,716,ECP,BNA,62,73,401,0,0,ECP,Northwest Florida Beaches International Airport,30.357106,-85.795414,69,-6.0,A,Panama City,United States
"2018-10-23",856,907,-11,1120,1156,-36,OH,N530EA,5237,PNS,CLT,67,84,488,0,0,PNS,Pensacola Regional Airport,30.473400115967,-87.186599731445,121,-6.0,A,Pensacola,United States
"2018-10-23",910,916,-6,1115,1127,-12,DL,N955DL,2212,PNS,ATL,40,65,271,0,0,PNS,Pensacola Regional Airport,30.473400115967,-87.186599731445,121,-6.0,A,Pensacola,United States
"2018-10-23",932,935,-3,1132,1123,9,EV,N16981,4298,PNS,IAH,97,120,489,0,0,PNS,Pensacola Regional Airport,30.473400115967,-87.186599731445,121,-6.0,A,Pensacola,United States
"2018-10-23",936,935,1,1112,1110,2,WN,N903WN,2229,PNS,HOU,83,96,488,0,0,PNS,Pensacola Regional Airport,30.473400115967,-87.186599731445,121,-6.0,A,Pensacola,United States
"2018-10-23",935,941,-6,1227,1225,2,OH,N552NN,5564,VPS,CLT,66,112,460,0,0,VPS,Destin-Ft Walton Beach Airport,30.4832,-86.525398,87,-6.0,A,Valparaiso,United States
"2018-10-22",1839,1845,-6,2047,2044,3,EV,N13988,4260,VPS,IAH,105,128,528,0,0,VPS,Destin-Ft Walton Beach Airport,30.4832,-86.525398,87,-6.0,A,Valparaiso,United States
"2018-10-22",1841,1852,-11,2123,2135,-12,OH,N702PS,5463,PNS,CLT,72,102,488,0,0,PNS,Pensacola Regional Airport,30.473400115967,-87.186599731445,121,-6.0,A,Pensacola,United States
"2018-10-22",1912,1919,-7,2122,2130,-8,YV,N902FJ,5906,VPS,DFW,104,130,641,0,0,VPS,Destin-Ft Walton Beach Airport,30.4832,-86.525398,87,-6.0,A,Valparaiso,United States
"2018-10-22",1919,1928,-9,2036,2050,-14,MQ,N918AE,3844,TLH,MIA,60,77,402,0,0,TLH,Tallahassee Regional Airport,30.396499633789062,-84.35030364990234,81,-5.0,A,Tallahassee,United States
"2018-10-22",1930,1935,-5,2050,2055,-5,WN,N7729A,2008,ECP,BNA,62,80,401,0,0,ECP,Northwest Florida Beaches International Airport,30.357106,-85.795414,69,-6.0,A,Panama City,United States
"2018-10-22",1951,2011,-20,2133,2142,-9,YX,N124HQ,4660,TLH,CLT,68,102,386,0,0,TLH,Tallahassee Regional Airport,30.396499633789062,-84.35030364990234,81,-5.0,A,Tallahassee,United States
"2018-10-23",525,530,-5,731,735,-4,DL,N960DL,856,PNS,ATL,42,66,271,0,0,PNS,Pensacola Regional Airport,30.473400115967,-87.186599731445,121,-6.0,A,Pensacola,United States
"2018-10-23",538,545,-7,635,650,-15,DL,N978DL,708,TLH,ATL,42,57,223,0,0,TLH,Tallahassee Regional Airport,30.396499633789062,-84.35030364990234,81,-5.0,A,Tallahassee,United States
"2018-10-23",1225,600,385,1431,808,383,DL,N371DA,1237,ECP,ATL,45,66,240,0,0,ECP,Northwest Florida Beaches International Airport,30.357106,-85.795414,69,-6.0,A,Panama City,United States
"2018-10-23",559,601,-2,840,844,-4,OH,N591NN,5353,PNS,CLT,67,101,488,0,0,PNS,Pensacola Regional Airport,30.473400115967,-87.186599731445,121,-6.0,A,Pensacola,United States
"2018-10-23",556,602,-6,830,847,-17,MQ,N918AE,3508,PNS,MIA,81,94,530,0,0,PNS,Pensacola Regional Airport,30.473400115967,-87.186599731445,121,-6.0,A,Pensacola,United States
"2018-10-23",,609,,,851,,EV,N608QX,2899,ECP,CLT,,,437,1,0,ECP,Northwest Florida Beaches International Airport,30.357106,-85.795414,69,-6.0,A,Panama City,United States
"2018-10-23",612,614,-2,919,929,-10,OH,N519AE,5082,PNS,DCA,108,127,816,0,0,PNS,Pensacola Regional Airport,30.473400115967,-87.186599731445,121,-6.0,A,Pensacola,United States
"2018-10-23",631,634,-3,858,915,-17,OH,N590NN,5623,VPS,CLT,62,87,460,0,0,VPS,Destin-Ft Walton Beach Airport,30.4832,-86.525398,87,-6.0,A,Valparaiso,United States
"2018-10-23",,701,,,920,,EV,N600QX,2889,ECP,DFW,,,685,1,0,ECP,Northwest Florida Beaches International Airport,30.357106,-85.795414,69,-6.0,A,Panama City,United States
"2018-10-23",704,715,-11,904,853,11,YV,N88359,6262,PNS,IAH,96,120,489,0,0,PNS,Pensacola Regional Airport,30.473400115967,-87.186599731445,121,-6.0,A,Pensacola,United States
"2018-10-23",713,715,-2,922,926,-4,DL,N910DE,955,VPS,ATL,40,69,250,0,0,VPS,Destin-Ft Walton Beach Airport,30.4832,-86.525398,87,-6.0,A,Valparaiso,United States
"2018-10-23",709,721,-12,907,929,-22,YX,N441YX,4626,TLH,DCA,95,118,716,0,0,TLH,Tallahassee Regional Airport,30.396499633789062,-84.35030364990234,81,-5.0,A,Tallahassee,United States
"2018-10-23",727,735,-8,933,947,-14,DL,N984DL,1078,PNS,ATL,40,66,271,0,0,PNS,Pensacola Regional Airport,30.473400115967,-87.186599731445,121,-6.0,A,Pensacola,United States
"2018-10-23",751,750,1,907,910,-3,WN,N238WN,1615,PNS,BNA,63,76,391,0,0,PNS,Pensacola Regional Airport,30.473400115967,-87.186599731445,121,-6.0,A,Pensacola,United States
"2018-10-23",849,900,-11,1126,1055,31,EV,N11551,4064,VPS,IAH,136,157,528,0,0,VPS,Destin-Ft Walton Beach Airport,30.4832,-86.525398,87,-6.0,A,Valparaiso,United States
"2018-10-23",847,900,-13,1048,1107,-19,G4,"217NV",1908,VPS,OKC,103,121,726,0,0,VPS,Destin-Ft Walton Beach Airport,30.4832,-86.525398,87,-6.0,A,Valparaiso,United States
"2018-10-23",928,930,-2,1118,1115,3,WN,N7725A,1281,ECP,HOU,98,110,571,0,0,ECP,Northwest Florida Beaches International Airport,30.357106,-85.795414,69,-6.0,A,Panama City,United States
"2018-10-23",947,947,0,1151,1149,2,DL,N901DE,2029,ECP,ATL,39,64,240,0,0,ECP,Northwest Florida Beaches International Airport,30.357106,-85.795414,69,-6.0,A,Panama City,United States
"2018-10-23",1036,1020,16,1147,1128,19,"9E",N176PQ,3281,TLH,ATL,44,71,223,0,0,TLH,Tallahassee Regional Airport,30.396499633789062,-84.35030364990234,81,-5.0,A,Tallahassee,United States
"2018-10-23",1029,1034,-5,1236,1249,-13,DL,N948DL,2716,VPS,ATL,39,67,250,0,0,VPS,Destin-Ft Walton Beach Airport,30.4832,-86.525398,87,-6.0,A,Valparaiso,United States
"2018-10-23",1030,1038,-8,1308,1320,-12,MQ,N905JH,3733,PNS,MIA,79,98,530,0,0,PNS,Pensacola Regional Airport,30.473400115967,-87.186599731445,121,-6.0,A,Pensacola,United States
"2018-10-23",1044,1054,-10,1357,1408,-11,YX,N446YX,4609,VPS,DCA,105,133,789,0,0,VPS,Destin-Ft Walton Beach Airport,30.4832,-86.525398,87,-6.0,A,Valparaiso,United States
"2018-10-23",1124,1055,29,1236,1228,8,OH,N587NN,5272,TLH,CLT,53,72,386,0,0,TLH,Tallahassee Regional Airport,30.396499633789062,-84.35030364990234,81,-5.0,A,Tallahassee,United States
"2018-10-23",1110,1115,-5,1320,1332,-12,DL,N900PC,2179,PNS,ATL,40,70,271,0,0,PNS,Pensacola Regional Airport,30.473400115967,-87.186599731445,121,-6.0,A,Pensacola,United States
"2018-10-23",1152,1200,-8,1355,1412,-17,DL,N950DL,1733,ECP,ATL,40,63,240,0,0,ECP,Northwest Florida Beaches International Airport,30.357106,-85.795414,69,-6.0,A,Panama City,United States
"2018-10-23",1144,1151,-7,1333,1340,-7,YX,N644RW,3682,PNS,IAH,90,109,489,0,0,PNS,Pensacola Regional Airport,30.473400115967,-87.186599731445,121,-6.0,A,Pensacola,United States
"2018-10-23",1155,1211,-16,1358,1423,-25,F9,N317FR,641,PNS,DEN,163,183,1179,0,0,PNS,Pensacola Regional Airport,30.473400115967,-87.186599731445,121,-6.0,A,Pensacola,United States
"2018-10-23",1220,1231,-11,1332,1355,-23,MQ,N664MS,3663,TLH,MIA,61,72,402,0,0,TLH,Tallahassee Regional Airport,30.396499633789062,-84.35030364990234,81,-5.0,A,Tallahassee,United States
"2018-10-23",1238,1244,-6,1528,1559,-31,MQ,N242NN,3822,PNS,DCA,99,110,816,0,0,PNS,Pensacola Regional Airport,30.473400115967,-87.186599731445,121,-6.0,A,Pensacola,United States
"2018-10-23",1232,1234,-2,1333,1348,-15,DL,N945DL,489,TLH,ATL,44,61,223,0,0,TLH,Tallahassee Regional Airport,30.396499633789062,-84.35030364990234,81,-5.0,A,Tallahassee,United States
"2018-10-23",1250,1245,5,1522,1531,-9,OH,N569NN,5298,PNS,CLT,66,92,488,0,0,PNS,Pensacola Regional Airport,30.473400115967,-87.186599731445,121,-6.0,A,Pensacola,United States
"2018-10-23",1254,1248,6,1505,1506,-1,EV,N720EV,2876,ECP,DFW,104,131,685,0,0,ECP,Northwest Florida Beaches International Airport,30.357106,-85.795414,69,-6.0,A,Panama City,United States
"2018-10-23",1317,1320,-3,1528,1515,13,EV,N11535,4134,ECP,IAH,112,131,572,0,0,ECP,Northwest Florida Beaches International Airport,30.357106,-85.795414,69,-6.0,A,Panama City,United States
"2018-10-23",1316,1327,-11,1533,1536,-3,YV,N248LR,5740,VPS,DFW,111,137,641,0,0,VPS,Destin-Ft Walton Beach Airport,30.4832,-86.525398,87,-6.0,A,Valparaiso,United States
"2018-10-23",1323,1331,-8,1535,1545,-10,DL,N973DL,1353,PNS,ATL,44,72,271,0,0,PNS,Pensacola Regional Airport,30.473400115967,-87.186599731445,121,-6.0,A,Pensacola,United States
"2018-10-23",1330,1333,-3,1526,1534,-8,MQ,N249NN,3488,PNS,DFW,91,116,604,0,0,PNS,Pensacola Regional Airport,30.473400115967,-87.186599731445,121,-6.0,A,Pensacola,United States
"2018-10-23",1444,1436,8,1715,1718,-3,G4,"217NV",1918,VPS,SDF,73,91,532,0,0,VPS,Destin-Ft Walton Beach Airport,30.4832,-86.525398,87,-6.0,A,Valparaiso,United States
"2018-10-23",1428,1428,0,1713,1714,-1,OH,N592NN,5500,VPS,CLT,65,105,460,0,0,VPS,Destin-Ft Walton Beach Airport,30.4832,-86.525398,87,-6.0,A,Valparaiso,United States
"2018-10-23",1431,1436,-5,1627,1643,-16,DL,N938DL,2506,ECP,ATL,42,56,240,0,0,ECP,Northwest Florida Beaches International Airport,30.357106,-85.795414,69,-6.0,A,Panama City,United States
"2018-10-23",1427,1432,-5,1631,1644,-13,DL,N944DL,2873,VPS,ATL,45,64,250,0,0,VPS,Destin-Ft Walton Beach Airport,30.4832,-86.525398,87,-6.0,A,Valparaiso,United States
"2018-10-23",1452,1500,-8,1654,1655,-1,EV,N16981,4447,VPS,IAH,102,122,528,0,0,VPS,Destin-Ft Walton Beach Airport,30.4832,-86.525398,87,-6.0,A,Valparaiso,United States
"2018-10-23",1455,1457,-2,1732,1744,-12,EV,N600QX,2880,ECP,CLT,64,97,437,0,0,ECP,Northwest Florida Beaches International Airport,30.357106,-85.795414,69,-6.0,A,Panama City,United States
"2018-10-23",1500,1515,-15,1649,1703,-14,EV,N16178,4142,PNS,IAH,89,109,489,0,0,PNS,Pensacola Regional Airport,30.473400115967,-87.186599731445,121,-6.0,A,Pensacola,United States
"2018-10-23",1554,1558,-4,1659,1707,-8,DL,N942AT,1399,TLH,ATL,45,65,223,0,0,TLH,Tallahassee Regional Airport,30.396499633789062,-84.35030364990234,81,-5.0,A,Tallahassee,United States
"2018-10-23",1522,1527,-5,1655,1705,-10,OH,N576NN,5662,TLH,CLT,62,93,386,0,0,TLH,Tallahassee Regional Airport,30.396499633789062,-84.35030364990234,81,-5.0,A,Tallahassee,United States
"2018-10-23",1520,1528,-8,1721,1734,-13,AA,N9621A,2389,PNS,DFW,96,121,604,0,0,PNS,Pensacola Regional Airport,30.473400115967,-87.186599731445,121,-6.0,A,Pensacola,United States
"2018-10-23",1556,1555,1,1754,1813,-19,DL,N950DL,1270,PNS,ATL,44,58,271,0,0,PNS,Pensacola Regional Airport,30.473400115967,-87.186599731445,121,-6.0,A,Pensacola,United States
"2018-10-23",1626,1614,12,1859,1859,0,YX,N115HQ,4553,PNS,CLT,74,93,488,0,0,PNS,Pensacola Regional Airport,30.473400115967,-87.186599731445,121,-6.0,A,Pensacola,United States
"2018-10-23",1555,1600,-5,1757,1813,-16,DL,N963DL,2802,VPS,ATL,45,62,250,0,0,VPS,Destin-Ft Walton Beach Airport,30.4832,-86.525398,87,-6.0,A,Valparaiso,United States
"2018-10-23",1639,1640,-1,1753,1805,-12,MQ,N226NN,4069,TLH,DFW,111,134,767,0,0,TLH,Tallahassee Regional Airport,30.396499633789062,-84.35030364990234,81,-5.0,A,Tallahassee,United States
"2018-10-23",1617,1627,-10,2002,2004,-2,YX,N128HQ,4537,PNS,PHL,128,165,935,0,0,PNS,Pensacola Regional Airport,30.473400115967,-87.186599731445,121,-6.0,A,Pensacola,United States
"2018-10-23",1657,1702,-5,1815,1827,-12,MQ,N664MS,3861,TLH,MIA,61,78,402,0,0,TLH,Tallahassee Regional Airport,30.396499633789062,-84.35030364990234,81,-5.0,A,Tallahassee,United States
"2018-10-23",1701,1705,-4,1905,1900,5,EV,N13118,4037,ECP,IAH,100,124,572,0,0,ECP,Northwest Florida Beaches International Airport,30.357106,-85.795414,69,-6.0,A,Panama City,United States
"2018-10-23",1733,1743,-10,2010,2030,-20,MQ,N932AE,3427,PNS,MIA,81,97,530,0,0,PNS,Pensacola Regional Airport,30.473400115967,-87.186599731445,121,-6.0,A,Pensacola,United States
"2018-10-23",1750,1759,-9,2010,2013,-3,DL,N961DL,1403,ECP,ATL,49,80,240,0,0,ECP,Northwest Florida Beaches International Airport,30.357106,-85.795414,69,-6.0,A,Panama City,United States
"2018-10-23",1752,1756,-4,1859,1903,-4,DL,N910DE,1786,TLH,ATL,44,67,223,0,0,TLH,Tallahassee Regional Airport,30.396499633789062,-84.35030364990234,81,-5.0,A,Tallahassee,United States
"2018-10-23",1752,1759,-7,2001,2016,-15,DL,N6701,1814,PNS,ATL,45,69,271,0,0,PNS,Pensacola Regional Airport,30.473400115967,-87.186599731445,121,-6.0,A,Pensacola,United States
"2018-10-23",1758,1806,-8,2017,2030,-13,DL,N910DL,1167,VPS,ATL,49,79,250,0,0,VPS,Destin-Ft Walton Beach Airport,30.4832,-86.525398,87,-6.0,A,Valparaiso,United States
"2018-10-23",1800,1808,-8,1931,1940,-9,OH,N591NN,5248,TLH,CLT,64,91,386,0,0,TLH,Tallahassee Regional Airport,30.396499633789062,-84.35030364990234,81,-5.0,A,Tallahassee,United States
"2018-10-23",1836,1845,-9,2031,2044,-13,EV,N11551,4260,VPS,IAH,97,115,528,0,0,VPS,Destin-Ft Walton Beach Airport,30.4832,-86.525398,87,-6.0,A,Valparaiso,United States
"2018-10-23",1842,1850,-8,2027,2029,-2,YV,N86336,6036,PNS,IAH,87,105,489,0,0,PNS,Pensacola Regional Airport,30.473400115967,-87.186599731445,121,-6.0,A,Pensacola,United States
"2018-10-23",1852,1852,0,2115,2135,-20,OH,N514AE,5463,PNS,CLT,68,83,488,0,0,PNS,Pensacola Regional Airport,30.473400115967,-87.186599731445,121,-6.0,A,Pensacola,United States
"2018-10-23",1934,1855,39,2159,2135,24,OH,N555NN,5709,VPS,CLT,71,85,460,0,0,VPS,Destin-Ft Walton Beach Airport,30.4832,-86.525398,87,-6.0,A,Valparaiso,United States
"2018-10-23",1907,1915,-8,2109,2120,-11,MQ,N256NN,3877,PNS,DFW,90,122,604,0,0,PNS,Pensacola Regional Airport,30.473400115967,-87.186599731445,121,-6.0,A,Pensacola,United States
"2018-10-23",1919,1928,-9,2032,2050,-18,MQ,N698CB,3844,TLH,MIA,59,73,402,0,0,TLH,Tallahassee Regional Airport,30.396499633789062,-84.35030364990234,81,-5.0,A,Tallahassee,United States
"2018-10-23",1927,1935,-8,2040,2055,-15,WN,N7813P,2008,ECP,BNA,61,73,401,0,0,ECP,Northwest Florida Beaches International Airport,30.357106,-85.795414,69,-6.0,A,Panama City,United States
"2018-10-23",2146,2011,95,2307,2142,85,YX,N130HQ,4660,TLH,CLT,56,81,386,0,0,TLH,Tallahassee Regional Airport,30.396499633789062,-84.35030364990234,81,-5.0,A,Tallahassee,United States
"2018-10-24",527,530,-3,726,735,-9,DL,N989DL,856,PNS,ATL,44,59,271,0,0,PNS,Pensacola Regional Airport,30.473400115967,-87.186599731445,121,-6.0,A,Pensacola,United States
"2018-10-24",540,545,-5,643,650,-7,DL,N902DE,708,TLH,ATL,43,63,223,0,0,TLH,Tallahassee Regional Airport,30.396499633789062,-84.35030364990234,81,-5.0,A,Tallahassee,United States
"2018-10-24",558,600,-2,808,807,1,DL,N997DL,2714,VPS,ATL,44,70,250,0,0,VPS,Destin-Ft Walton Beach Airport,30.4832,-86.525398,87,-6.0,A,Valparaiso,United States
"2018-10-24",556,601,-5,837,844,-7,OH,N568NN,5353,PNS,CLT,72,101,488,0,0,PNS,Pensacola Regional Airport,30.473400115967,-87.186599731445,121,-6.0,A,Pensacola,United States
"2018-10-24",605,614,-9,914,929,-15,OH,N544AE,5082,PNS,DCA,116,129,816,0,0,PNS,Pensacola Regional Airport,30.473400115967,-87.186599731445,121,-6.0,A,Pensacola,United States
"2018-10-24",627,630,-3,830,839,-9,DL,N943DL,1234,PNS,ATL,41,63,271,0,0,PNS,Pensacola Regional Airport,30.473400115967,-87.186599731445,121,-6.0,A,Pensacola,United States
"2018-10-24",633,634,-1,902,915,-13,OH,N584NN,5623,VPS,CLT,66,89,460,0,0,VPS,Destin-Ft Walton Beach Airport,30.4832,-86.525398,87,-6.0,A,Valparaiso,United States
"2018-10-24",647,700,-13,929,948,-19,G4,"256NV",1900,VPS,CVG,85,102,600,0,0,VPS,Destin-Ft Walton Beach Airport,30.4832,-86.525398,87,-6.0,A,Valparaiso,United States
"2018-10-24",707,700,7,908,908,0,AA,N961TW,2453,PNS,DFW,93,121,604,0,0,PNS,Pensacola Regional Airport,30.473400115967,-87.186599731445,121,-6.0,A,Pensacola,United States
"2018-10-24",,701,,,920,,EV,N605QX,2889,ECP,DFW,,,685,1,0,ECP,Northwest Florida Beaches International Airport,30.357106,-85.795414,69,-6.0,A,Panama City,United States
"2018-10-24",711,715,-4,916,926,-10,DL,N980DL,955,VPS,ATL,42,65,250,0,0,VPS,Destin-Ft Walton Beach Airport,30.4832,-86.525398,87,-6.0,A,Valparaiso,United States
"2018-10-24",1044,715,209,1257,925,212,DL,N387DA,2430,ECP,ATL,45,73,240,0,0,ECP,Northwest Florida Beaches International Airport,30.357106,-85.795414,69,-6.0,A,Panama City,United States
"2018-10-24",711,721,-10,925,929,-4,YX,N416YX,4626,TLH,DCA,116,134,716,0,0,TLH,Tallahassee Regional Airport,30.396499633789062,-84.35030364990234,81,-5.0,A,Tallahassee,United States
"2018-10-24",725,730,-5,1058,1100,-2,G4,"309NV",1990,VPS,EWR,131,153,988,0,0,VPS,Destin-Ft Walton Beach Airport,30.4832,-86.525398,87,-6.0,A,Valparaiso,United States
"2018-10-24",727,735,-8,933,947,-14,DL,N988DL,1078,PNS,ATL,43,66,271,0,0,PNS,Pensacola Regional Airport,30.473400115967,-87.186599731445,121,-6.0,A,Pensacola,United States
"2018-10-24",750,750,0,908,910,-2,WN,N7733B,716,ECP,BNA,63,78,401,0,0,ECP,Northwest Florida Beaches International Airport,30.357106,-85.795414,69,-6.0,A,Panama City,United States
"2018-10-24",747,750,-3,859,910,-11,WN,N555LV,1615,PNS,BNA,62,72,391,0,0,PNS,Pensacola Regional Airport,30.473400115967,-87.186599731445,121,-6.0,A,Pensacola,United States
"2018-10-24",843,850,-7,1149,1151,-2,G4,"326NV",1425,VPS,PIT,106,126,775,0,0,VPS,Destin-Ft Walton Beach Airport,30.4832,-86.525398,87,-6.0,A,Valparaiso,United States
"2018-10-24",851,900,-9,1101,1055,6,EV,N11547,4064,VPS,IAH,104,130,528,0,0,VPS,Destin-Ft Walton Beach Airport,30.4832,-86.525398,87,-6.0,A,Valparaiso,United States
"2018-10-24",1058,930,88,1241,1115,86,WN,N7813P,1281,ECP,HOU,91,103,571,0,0,ECP,Northwest Florida Beaches International Airport,30.357106,-85.795414,69,-6.0,A,Panama City,United States
"2018-10-24",929,935,-6,1111,1110,1,WN,N944WN,2229,PNS,HOU,81,102,488,0,0,PNS,Pensacola Regional Airport,30.473400115967,-87.186599731445,121,-6.0,A,Pensacola,United States
"2018-10-24",1015,1020,-5,1119,1128,-9,"9E",N929XJ,3281,TLH,ATL,42,64,223,0,0,TLH,Tallahassee Regional Airport,30.396499633789062,-84.35030364990234,81,-5.0,A,Tallahassee,United States
"2018-10-24",1027,1034,-7,1234,1249,-15,DL,N900DE,2716,VPS,ATL,41,67,250,0,0,VPS,Destin-Ft Walton Beach Airport,30.4832,-86.525398,87,-6.0,A,Valparaiso,United States
"2018-10-24",1049,1054,-5,1403,1408,-5,YX,N411YX,4609,VPS,DCA,106,134,789,0,0,VPS,Destin-Ft Walton Beach Airport,30.4832,-86.525398,87,-6.0,A,Valparaiso,United States
"2018-10-24",1048,1055,-7,1220,1228,-8,OH,N559NN,5272,TLH,CLT,62,92,386,0,0,TLH,Tallahassee Regional Airport,30.396499633789062,-84.35030364990234,81,-5.0,A,Tallahassee,United States
"2018-10-24",1112,1115,-3,1312,1332,-20,DL,N660DL,2179,PNS,ATL,42,60,271,0,0,PNS,Pensacola Regional Airport,30.473400115967,-87.186599731445,121,-6.0,A,Pensacola,United States
"2018-10-23",1908,1919,-11,2119,2130,-11,YV,N924FJ,5906,VPS,DFW,99,131,641,0,0,VPS,Destin-Ft Walton Beach Airport,30.4832,-86.525398,87,-6.0,A,Valparaiso,United States
"2018-10-23",1916,1920,-4,2029,2040,-11,WN,N431WN,976,PNS,BNA,60,73,391,0,0,PNS,Pensacola Regional Airport,30.473400115967,-87.186599731445,121,-6.0,A,Pensacola,United States
"2018-10-23",1948,1945,3,2055,2056,-1,DL,N990AT,678,TLH,ATL,43,67,223,0,0,TLH,Tallahassee Regional Airport,30.396499633789062,-84.35030364990234,81,-5.0,A,Tallahassee,United States
"2018-10-24",1222,600,382,1420,808,372,DL,N397DA,1237,ECP,ATL,38,58,240,0,0,ECP,Northwest Florida Beaches International Airport,30.357106,-85.795414,69,-6.0,A,Panama City,United States
"2018-10-24",550,600,-10,715,725,-10,OH,N540EA,5584,TLH,CLT,60,85,386,0,0,TLH,Tallahassee Regional Airport,30.396499633789062,-84.35030364990234,81,-5.0,A,Tallahassee,United States
"2018-10-24",553,602,-9,827,847,-20,MQ,N653AE,3508,PNS,MIA,79,94,530,0,0,PNS,Pensacola Regional Airport,30.473400115967,-87.186599731445,121,-6.0,A,Pensacola,United States
"2018-10-24",,609,,,851,,EV,N600QX,2899,ECP,CLT,,,437,1,0,ECP,Northwest Florida Beaches International Airport,30.357106,-85.795414,69,-6.0,A,Panama City,United States
"2018-10-24",854,700,114,1103,855,128,EV,N14568,3979,ECP,IAH,107,129,572,0,0,ECP,Northwest Florida Beaches International Airport,30.357106,-85.795414,69,-6.0,A,Panama City,United States
"2018-10-24",657,700,-3,805,803,2,DL,N912DE,496,TLH,ATL,44,68,223,0,0,TLH,Tallahassee Regional Airport,30.396499633789062,-84.35030364990234,81,-5.0,A,Tallahassee,United States
"2018-10-24",655,700,-5,907,919,-12,AA,N984TW,1538,VPS,DFW,104,132,641,0,0,VPS,Destin-Ft Walton Beach Airport,30.4832,-86.525398,87,-6.0,A,Valparaiso,United States
"2018-10-24",707,715,-8,901,853,8,YV,N85323,6262,PNS,IAH,96,114,489,0,0,PNS,Pensacola Regional Airport,30.473400115967,-87.186599731445,121,-6.0,A,Pensacola,United States
"2018-10-24",738,749,-11,857,916,-19,MQ,N229NN,4116,TLH,DFW,117,139,767,0,0,TLH,Tallahassee Regional Airport,30.396499633789062,-84.35030364990234,81,-5.0,A,Tallahassee,United States
"2018-10-24",855,907,-12,1137,1156,-19,OH,N525EA,5237,PNS,CLT,70,102,488,0,0,PNS,Pensacola Regional Airport,30.473400115967,-87.186599731445,121,-6.0,A,Pensacola,United States
"2018-10-24",908,916,-8,1121,1127,-6,DL,N974DL,2212,PNS,ATL,44,73,271,0,0,PNS,Pensacola Regional Airport,30.473400115967,-87.186599731445,121,-6.0,A,Pensacola,United States
"2018-10-24",925,935,-10,1113,1123,-10,EV,N12567,4298,PNS,IAH,97,108,489,0,0,PNS,Pensacola Regional Airport,30.473400115967,-87.186599731445,121,-6.0,A,Pensacola,United States
"2018-10-24",939,941,-2,1220,1225,-5,OH,N554NN,5564,VPS,CLT,71,101,460,0,0,VPS,Destin-Ft Walton Beach Airport,30.4832,-86.525398,87,-6.0,A,Valparaiso,United States
"2018-10-24",938,947,-9,1144,1149,-5,DL,N954DL,2029,ECP,ATL,41,66,240,0,0,ECP,Northwest Florida Beaches International Airport,30.357106,-85.795414,69,-6.0,A,Panama City,United States
"2018-10-24",1044,1038,6,1318,1320,-2,MQ,N685AE,3733,PNS,MIA,80,94,530,0,0,PNS,Pensacola Regional Airport,30.473400115967,-87.186599731445,121,-6.0,A,Pensacola,United States
"2018-10-24",1141,1151,-10,1347,1340,7,YX,N643RW,3682,PNS,IAH,95,126,489,0,0,PNS,Pensacola Regional Airport,30.473400115967,-87.186599731445,121,-6.0,A,Pensacola,United States
"2018-10-24",1157,1200,-3,1407,1412,-5,DL,N915DL,1733,ECP,ATL,41,70,240,0,0,ECP,Northwest Florida Beaches International Airport,30.357106,-85.795414,69,-6.0,A,Panama City,United States
"2018-10-24",1224,1231,-7,1344,1355,-11,MQ,N931AE,3663,TLH,MIA,62,80,402,0,0,TLH,Tallahassee Regional Airport,30.396499633789062,-84.35030364990234,81,-5.0,A,Tallahassee,United States
"2018-10-24",1236,1234,2,1338,1348,-10,DL,N977DL,489,TLH,ATL,42,62,223,0,0,TLH,Tallahassee Regional Airport,30.396499633789062,-84.35030364990234,81,-5.0,A,Tallahassee,United States
"2018-10-24",1233,1248,-15,1442,1506,-24,EV,N611QX,2876,ECP,DFW,107,129,685,0,0,ECP,Northwest Florida Beaches International Airport,30.357106,-85.795414,69,-6.0,A,Panama City,United States
"2018-10-24",1235,1244,-9,1537,1559,-22,MQ,N228NN,3822,PNS,DCA,110,122,816,0,0,PNS,Pensacola Regional Airport,30.473400115967,-87.186599731445,121,-6.0,A,Pensacola,United States
"2018-10-24",1239,1245,-6,1521,1531,-10,OH,N596NN,5298,PNS,CLT,75,102,488,0,0,PNS,Pensacola Regional Airport,30.473400115967,-87.186599731445,121,-6.0,A,Pensacola,United States
"2018-10-24",1322,1331,-9,1540,1545,-5,DL,N920DE,1353,PNS,ATL,43,78,271,0,0,PNS,Pensacola Regional Airport,30.473400115967,-87.186599731445,121,-6.0,A,Pensacola,United States
"2018-10-24",1310,1320,-10,1515,1515,0,EV,N13975,4134,ECP,IAH,105,125,572,0,0,ECP,Northwest Florida Beaches International Airport,30.357106,-85.795414,69,-6.0,A,Panama City,United States
"2018-10-24",1317,1327,-10,1539,1536,3,YV,N932LR,5740,VPS,DFW,109,142,641,0,0,VPS,Destin-Ft Walton Beach Airport,30.4832,-86.525398,87,-6.0,A,Valparaiso,United States
"2018-10-24",1439,1333,66,1638,1534,64,MQ,N223NN,3488,PNS,DFW,95,119,604,0,0,PNS,Pensacola Regional Airport,30.473400115967,-87.186599731445,121,-6.0,A,Pensacola,United States
"2018-10-24",1431,1436,-5,1637,1643,-6,DL,N948DL,2506,ECP,ATL,40,66,240,0,0,ECP,Northwest Florida Beaches International Airport,30.357106,-85.795414,69,-6.0,A,Panama City,United States
"2018-10-24",1428,1428,0,1711,1714,-3,OH,N586NN,5500,VPS,CLT,70,103,460,0,0,VPS,Destin-Ft Walton Beach Airport,30.4832,-86.525398,87,-6.0,A,Valparaiso,United States
"2018-10-24",1424,1432,-8,1632,1644,-12,DL,N938DL,2873,VPS,ATL,42,68,250,0,0,VPS,Destin-Ft Walton Beach Airport,30.4832,-86.525398,87,-6.0,A,Valparaiso,United States
"2018-10-24",1430,1437,-7,1713,1722,-9,F9,N926FR,1285,PNS,ORD,135,163,794,0,0,PNS,Pensacola Regional Airport,30.473400115967,-87.186599731445,121,-6.0,A,Pensacola,United States
"2018-10-24",1431,1435,-4,1739,1746,-7,G4,"309NV",1946,VPS,BWI,108,128,819,0,0,VPS,Destin-Ft Walton Beach Airport,30.4832,-86.525398,87,-6.0,A,Valparaiso,United States
"2018-10-24",1446,1500,-14,1637,1655,-18,EV,N12567,4447,VPS,IAH,95,111,528,0,0,VPS,Destin-Ft Walton Beach Airport,30.4832,-86.525398,87,-6.0,A,Valparaiso,United States
"2018-10-24",1450,1457,-7,1716,1744,-28,EV,N716EV,2880,ECP,CLT,65,86,437,0,0,ECP,Northwest Florida Beaches International Airport,30.357106,-85.795414,69,-6.0,A,Panama City,United States
"2018-10-24",1506,1515,-9,1703,1703,0,EV,N11565,4142,PNS,IAH,103,117,489,0,0,PNS,Pensacola Regional Airport,30.473400115967,-87.186599731445,121,-6.0,A,Pensacola,United States
"2018-10-24",1552,1558,-6,1657,1707,-10,DL,N948AT,1399,TLH,ATL,42,65,223,0,0,TLH,Tallahassee Regional Airport,30.396499633789062,-84.35030364990234,81,-5.0,A,Tallahassee,United States
"2018-10-24",1525,1527,-2,1710,1705,5,OH,N554NN,5662,TLH,CLT,61,105,386,0,0,TLH,Tallahassee Regional Airport,30.396499633789062,-84.35030364990234,81,-5.0,A,Tallahassee,United States
"2018-10-24",1603,1528,35,1759,1734,25,AA,N970TW,2389,PNS,DFW,92,116,604,0,0,PNS,Pensacola Regional Airport,30.473400115967,-87.186599731445,121,-6.0,A,Pensacola,United States
"2018-10-24",1635,1555,40,1838,1813,25,DL,N983DL,1270,PNS,ATL,44,63,271,0,0,PNS,Pensacola Regional Airport,30.473400115967,-87.186599731445,121,-6.0,A,Pensacola,United States
"2018-10-24",1559,1600,-1,1811,1813,-2,DL,N988DL,2802,VPS,ATL,46,72,250,0,0,VPS,Destin-Ft Walton Beach Airport,30.4832,-86.525398,87,-6.0,A,Valparaiso,United States
"2018-10-24",1608,1614,-6,1848,1859,-11,YX,N130HQ,4553,PNS,CLT,69,100,488,0,0,PNS,Pensacola Regional Airport,30.473400115967,-87.186599731445,121,-6.0,A,Pensacola,United States
"2018-10-24",1621,1627,-6,1945,2004,-19,YX,N131HQ,4537,PNS,PHL,127,144,935,0,0,PNS,Pensacola Regional Airport,30.473400115967,-87.186599731445,121,-6.0,A,Pensacola,United States
"2018-10-24",1710,1640,30,1817,1805,12,MQ,N248NN,4069,TLH,DFW,113,127,767,0,0,TLH,Tallahassee Regional Airport,30.396499633789062,-84.35030364990234,81,-5.0,A,Tallahassee,United States
"2018-10-24",1700,1705,-5,1902,1900,2,EV,N16981,4037,ECP,IAH,100,122,572,0,0,ECP,Northwest Florida Beaches International Airport,30.357106,-85.795414,69,-6.0,A,Panama City,United States
"2018-10-24",1656,1702,-6,1818,1827,-9,MQ,N931AE,3861,TLH,MIA,60,82,402,0,0,TLH,Tallahassee Regional Airport,30.396499633789062,-84.35030364990234,81,-5.0,A,Tallahassee,United States
"2018-10-24",1737,1743,-6,2016,2030,-14,MQ,N681AE,3427,PNS,MIA,76,99,530,0,0,PNS,Pensacola Regional Airport,30.473400115967,-87.186599731445,121,-6.0,A,Pensacola,United States
"2018-10-24",1756,1756,0,1906,1903,3,DL,N937DL,1786,TLH,ATL,41,70,223,0,0,TLH,Tallahassee Regional Airport,30.396499633789062,-84.35030364990234,81,-5.0,A,Tallahassee,United States
"2018-10-24",1751,1759,-8,2022,2013,9,DL,N994DL,1403,ECP,ATL,46,91,240,0,0,ECP,Northwest Florida Beaches International Airport,30.357106,-85.795414,69,-6.0,A,Panama City,United States
"2018-10-24",1745,1759,-14,1953,2016,-23,DL,N557NW,1814,PNS,ATL,42,68,271,0,0,PNS,Pensacola Regional Airport,30.473400115967,-87.186599731445,121,-6.0,A,Pensacola,United States
"2018-10-24",1757,1806,-9,2004,2030,-26,DL,N953DL,1167,VPS,ATL,44,67,250,0,0,VPS,Destin-Ft Walton Beach Airport,30.4832,-86.525398,87,-6.0,A,Valparaiso,United States
"2018-10-24",1819,1808,11,1954,1940,14,OH,N596NN,5248,TLH,CLT,59,95,386,0,0,TLH,Tallahassee Regional Airport,30.396499633789062,-84.35030364990234,81,-5.0,A,Tallahassee,United States
"2018-10-24",1828,1845,-17,2032,2044,-12,EV,N11547,4260,VPS,IAH,99,124,528,0,0,VPS,Destin-Ft Walton Beach Airport,30.4832,-86.525398,87,-6.0,A,Valparaiso,United States
"2018-10-24",1843,1852,-9,2119,2135,-16,OH,N517AE,5463,PNS,CLT,78,96,488,0,0,PNS,Pensacola Regional Airport,30.473400115967,-87.186599731445,121,-6.0,A,Pensacola,United States
"2018-10-24",1849,1850,-1,2038,2029,9,YV,N89321,6036,PNS,IAH,90,109,489,0,0,PNS,Pensacola Regional Airport,30.473400115967,-87.186599731445,121,-6.0,A,Pensacola,United States
"2018-10-24",1903,1915,-12,2109,2120,-11,MQ,N232NN,3877,PNS,DFW,91,126,604,0,0,PNS,Pensacola Regional Airport,30.473400115967,-87.186599731445,121,-6.0,A,Pensacola,United States
"2018-10-24",1849,1855,-6,2123,2135,-12,OH,N559NN,5709,VPS,CLT,73,94,460,0,0,VPS,Destin-Ft Walton Beach Airport,30.4832,-86.525398,87,-6.0,A,Valparaiso,United States
"2018-10-24",1915,1919,-4,2135,2130,5,YV,N959LR,5906,VPS,DFW,106,140,641,0,0,VPS,Destin-Ft Walton Beach Airport,30.4832,-86.525398,87,-6.0,A,Valparaiso,United States
"2018-10-24",1952,1920,32,2104,2040,24,WN,N286WN,976,PNS,BNA,60,72,391,0,0,PNS,Pensacola Regional Airport,30.473400115967,-87.186599731445,121,-6.0,A,Pensacola,United States
"2018-10-24",1916,1928,-12,2030,2050,-20,MQ,N685AE,3844,TLH,MIA,58,74,402,0,0,TLH,Tallahassee Regional Airport,30.396499633789062,-84.35030364990234,81,-5.0,A,Tallahassee,United States
"2018-10-24",1940,1935,5,2053,2055,-2,WN,N7814B,2008,ECP,BNA,62,73,401,0,0,ECP,Northwest Florida Beaches International Airport,30.357106,-85.795414,69,-6.0,A,Panama City,United States
"2018-10-24",2002,2011,-9,2129,2142,-13,YX,N108HQ,4660,TLH,CLT,69,87,386,0,0,TLH,Tallahassee Regional Airport,30.396499633789062,-84.35030364990234,81,-5.0,A,Tallahassee,United States
"2018-10-25",557,600,-3,759,807,-8,DL,N909DE,2714,VPS,ATL,42,62,250,0,0,VPS,Destin-Ft Walton Beach Airport,30.4832,-86.525398,87,-6.0,A,Valparaiso,United States
"2018-10-25",559,602,-3,828,847,-19,MQ,N918AE,3508,PNS,MIA,75,89,530,0,0,PNS,Pensacola Regional Airport,30.473400115967,-87.186599731445,121,-6.0,A,Pensacola,United States
"2018-10-25",623,630,-7,832,839,-7,DL,N955DL,1234,PNS,ATL,42,69,271,0,0,PNS,Pensacola Regional Airport,30.473400115967,-87.186599731445,121,-6.0,A,Pensacola,United States
"2018-10-25",627,634,-7,852,915,-23,OH,N550NN,5623,VPS,CLT,68,85,460,0,0,VPS,Destin-Ft Walton Beach Airport,30.4832,-86.525398,87,-6.0,A,Valparaiso,United States
"2018-10-25",653,700,-7,757,803,-6,DL,N988DL,496,TLH,ATL,44,64,223,0,0,TLH,Tallahassee Regional Airport,30.396499633789062,-84.35030364990234,81,-5.0,A,Tallahassee,United States
"2018-10-25",657,700,-3,915,901,14,G4,"228NV",1992,VPS,AUS,119,138,666,0,0,VPS,Destin-Ft Walton Beach Airport,30.4832,-86.525398,87,-6.0,A,Valparaiso,United States
"2018-10-25",651,700,-9,853,919,-26,AA,N961TW,1538,VPS,DFW,102,122,641,0,0,VPS,Destin-Ft Walton Beach Airport,30.4832,-86.525398,87,-6.0,A,Valparaiso,United States
"2018-10-25",700,700,0,902,908,-6,AA,N980TW,2453,PNS,DFW,95,122,604,0,0,PNS,Pensacola Regional Airport,30.473400115967,-87.186599731445,121,-6.0,A,Pensacola,United States
"2018-10-25",738,749,-11,900,916,-16,MQ,N261NN,4116,TLH,DFW,111,142,767,0,0,TLH,Tallahassee Regional Airport,30.396499633789062,-84.35030364990234,81,-5.0,A,Tallahassee,United States
"2018-10-25",747,750,-3,901,910,-9,WN,N7724A,1615,PNS,BNA,62,74,391,0,0,PNS,Pensacola Regional Airport,30.473400115967,-87.186599731445,121,-6.0,A,Pensacola,United States
"2018-10-25",901,907,-6,1131,1156,-25,OH,N555NN,5237,PNS,CLT,68,90,488,0,0,PNS,Pensacola Regional Airport,30.473400115967,-87.186599731445,121,-6.0,A,Pensacola,United States
"2018-10-25",1021,930,51,1202,1115,47,WN,N556WN,1281,ECP,HOU,92,101,571,0,0,ECP,Northwest Florida Beaches International Airport,30.357106,-85.795414,69,-6.0,A,Panama City,United States
"2018-10-25",927,933,-6,1143,1144,-1,YV,N956LR,5725,VPS,DFW,98,136,641,0,0,VPS,Destin-Ft Walton Beach Airport,30.4832,-86.525398,87,-6.0,A,Valparaiso,United States
"2018-10-25",1036,947,49,1231,1149,42,DL,N965DL,2029,ECP,ATL,40,55,240,0,0,ECP,Northwest Florida Beaches International Airport,30.357106,-85.795414,69,-6.0,A,Panama City,United States
"2018-10-25",1034,1020,14,1135,1128,7,"9E",N336PQ,3281,TLH,ATL,42,61,223,0,0,TLH,Tallahassee Regional Airport,30.396499633789062,-84.35030364990234,81,-5.0,A,Tallahassee,United States
"2018-10-25",1029,1034,-5,1226,1249,-23,DL,N935DL,2716,VPS,ATL,40,57,250,0,0,VPS,Destin-Ft Walton Beach Airport,30.4832,-86.525398,87,-6.0,A,Valparaiso,United States
"2018-10-25",1442,1054,228,1752,1408,224,YX,N135HQ,4609,VPS,DCA,106,130,789,0,0,VPS,Destin-Ft Walton Beach Airport,30.4832,-86.525398,87,-6.0,A,Valparaiso,United States
"2018-10-25",1051,1055,-4,1225,1228,-3,OH,N600NN,5272,TLH,CLT,62,94,386,0,0,TLH,Tallahassee Regional Airport,30.396499633789062,-84.35030364990234,81,-5.0,A,Tallahassee,United States
"2018-10-24",1937,1945,-8,2037,2056,-19,DL,N940AT,678,TLH,ATL,41,60,223,0,0,TLH,Tallahassee Regional Airport,30.396499633789062,-84.35030364990234,81,-5.0,A,Tallahassee,United States
"2018-10-25",523,530,-7,723,735,-12,DL,N999DN,856,PNS,ATL,43,60,271,0,0,PNS,Pensacola Regional Airport,30.473400115967,-87.186599731445,121,-6.0,A,Pensacola,United States
"2018-10-25",537,545,-8,634,650,-16,DL,N989DL,708,TLH,ATL,40,57,223,0,0,TLH,Tallahassee Regional Airport,30.396499633789062,-84.35030364990234,81,-5.0,A,Tallahassee,United States
"2018-10-25",1228,600,388,1427,808,379,DL,N310DE,1237,ECP,ATL,39,59,240,0,0,ECP,Northwest Florida Beaches International Airport,30.357106,-85.795414,69,-6.0,A,Panama City,United States
"2018-10-25",559,600,-1,710,725,-15,OH,N705PS,5584,TLH,CLT,58,71,386,0,0,TLH,Tallahassee Regional Airport,30.396499633789062,-84.35030364990234,81,-5.0,A,Tallahassee,United States
"2018-10-25",554,601,-7,828,844,-16,OH,N587NN,5353,PNS,CLT,72,94,488,0,0,PNS,Pensacola Regional Airport,30.473400115967,-87.186599731445,121,-6.0,A,Pensacola,United States
"2018-10-25",,609,,,851,,EV,N720EV,2899,ECP,CLT,,,437,1,0,ECP,Northwest Florida Beaches International Airport,30.357106,-85.795414,69,-6.0,A,Panama City,United States
"2018-10-25",612,614,-2,924,929,-5,OH,N519AE,5082,PNS,DCA,113,132,816,0,0,PNS,Pensacola Regional Airport,30.473400115967,-87.186599731445,121,-6.0,A,Pensacola,United States
"2018-10-25",906,700,126,1133,855,158,EV,N13989,3979,ECP,IAH,99,147,572,0,0,ECP,Northwest Florida Beaches International Airport,30.357106,-85.795414,69,-6.0,A,Panama City,United States
"2018-10-25",734,701,33,938,920,18,EV,N716EV,2889,ECP,DFW,103,124,685,0,0,ECP,Northwest Florida Beaches International Airport,30.357106,-85.795414,69,-6.0,A,Panama City,United States
"2018-10-25",707,715,-8,920,926,-6,DL,N977DL,955,VPS,ATL,41,73,250,0,0,VPS,Destin-Ft Walton Beach Airport,30.4832,-86.525398,87,-6.0,A,Valparaiso,United States
"2018-10-25",706,715,-9,845,853,-8,YV,N87353,6262,PNS,IAH,83,99,489,0,0,PNS,Pensacola Regional Airport,30.473400115967,-87.186599731445,121,-6.0,A,Pensacola,United States
"2018-10-25",1101,715,226,1305,925,220,DL,N386DA,2430,ECP,ATL,43,64,240,0,0,ECP,Northwest Florida Beaches International Airport,30.357106,-85.795414,69,-6.0,A,Panama City,United States
"2018-10-25",714,721,-7,915,929,-14,YX,N134HQ,4626,TLH,DCA,99,121,716,0,0,TLH,Tallahassee Regional Airport,30.396499633789062,-84.35030364990234,81,-5.0,A,Tallahassee,United States
"2018-10-25",726,730,-4,935,937,-2,G4,"309NV",1908,VPS,OKC,112,129,726,0,0,VPS,Destin-Ft Walton Beach Airport,30.4832,-86.525398,87,-6.0,A,Valparaiso,United States
"2018-10-25",728,735,-7,930,947,-17,DL,N910DL,1078,PNS,ATL,40,62,271,0,0,PNS,Pensacola Regional Airport,30.473400115967,-87.186599731445,121,-6.0,A,Pensacola,United States
"2018-10-25",746,750,-4,904,910,-6,WN,N7814B,716,ECP,BNA,64,78,401,0,0,ECP,Northwest Florida Beaches International Airport,30.357106,-85.795414,69,-6.0,A,Panama City,United States
"2018-10-25",845,900,-15,1031,1055,-24,EV,N13566,4064,VPS,IAH,91,106,528,0,0,VPS,Destin-Ft Walton Beach Airport,30.4832,-86.525398,87,-6.0,A,Valparaiso,United States
"2018-10-25",907,916,-9,1118,1127,-9,DL,N937DL,2212,PNS,ATL,46,71,271,0,0,PNS,Pensacola Regional Airport,30.473400115967,-87.186599731445,121,-6.0,A,Pensacola,United States
"2018-10-25",952,935,17,1123,1110,13,WN,N444WN,2229,PNS,HOU,80,91,488,0,0,PNS,Pensacola Regional Airport,30.473400115967,-87.186599731445,121,-6.0,A,Pensacola,United States
"2018-10-25",925,935,-10,1101,1123,-22,EV,N16987,4298,PNS,IAH,84,96,489,0,0,PNS,Pensacola Regional Airport,30.473400115967,-87.186599731445,121,-6.0,A,Pensacola,United States
"2018-10-25",944,941,3,1215,1225,-10,OH,N595NN,5564,VPS,CLT,67,91,460,0,0,VPS,Destin-Ft Walton Beach Airport,30.4832,-86.525398,87,-6.0,A,Valparaiso,United States
"2018-10-25",1038,1038,0,1315,1320,-5,MQ,N675AE,3733,PNS,MIA,80,97,530,0,0,PNS,Pensacola Regional Airport,30.473400115967,-87.186599731445,121,-6.0,A,Pensacola,United States
"2018-10-25",1109,1115,-6,1315,1332,-17,DL,N555NW,2179,PNS,ATL,43,66,271,0,0,PNS,Pensacola Regional Airport,30.473400115967,-87.186599731445,121,-6.0,A,Pensacola,United States
"2018-10-25",1159,1200,-1,1359,1412,-13,DL,N973DL,1733,ECP,ATL,42,60,240,0,0,ECP,Northwest Florida Beaches International Airport,30.357106,-85.795414,69,-6.0,A,Panama City,United States
"2018-10-25",1140,1151,-11,1313,1340,-27,YX,N634RW,3682,PNS,IAH,79,93,489,0,0,PNS,Pensacola Regional Airport,30.473400115967,-87.186599731445,121,-6.0,A,Pensacola,United States
"2018-10-25",1216,1211,5,1413,1423,-10,F9,N324FR,641,PNS,DEN,156,177,1179,0,0,PNS,Pensacola Regional Airport,30.473400115967,-87.186599731445,121,-6.0,A,Pensacola,United States
"2018-10-25",1313,1231,42,1430,1355,35,MQ,N931AE,3663,TLH,MIA,62,77,402,0,0,TLH,Tallahassee Regional Airport,30.396499633789062,-84.35030364990234,81,-5.0,A,Tallahassee,United States
"2018-10-25",1232,1234,-2,1329,1344,-15,DL,N901DE,489,TLH,ATL,40,57,223,0,0,TLH,Tallahassee Regional Airport,30.396499633789062,-84.35030364990234,81,-5.0,A,Tallahassee,United States
"2018-10-25",1301,1244,17,1553,1559,-6,MQ,N242NN,3822,PNS,DCA,102,112,816,0,0,PNS,Pensacola Regional Airport,30.473400115967,-87.186599731445,121,-6.0,A,Pensacola,United States
"2018-10-25",1240,1248,-8,1446,1506,-20,EV,N738EV,2876,ECP,DFW,100,126,685,0,0,ECP,Northwest Florida Beaches International Airport,30.357106,-85.795414,69,-6.0,A,Panama City,United States
"2018-10-25",1255,1245,10,1525,1531,-6,OH,N596NN,5298,PNS,CLT,65,90,488,0,0,PNS,Pensacola Regional Airport,30.473400115967,-87.186599731445,121,-6.0,A,Pensacola,United States
"2018-10-25",1244,1248,-4,1423,1432,-9,G4,"228NV",1902,VPS,BLV,84,99,587,0,0,VPS,Destin-Ft Walton Beach Airport,30.4832,-86.525398,87,-6.0,A,Valparaiso,United States
"2018-10-25",1305,1318,-13,1536,1600,-24,G4,"309NV",1918,VPS,SDF,72,91,532,0,0,VPS,Destin-Ft Walton Beach Airport,30.4832,-86.525398,87,-6.0,A,Valparaiso,United States
"2018-10-25",1320,1320,0,1525,1515,10,EV,N13988,4134,ECP,IAH,101,125,572,0,0,ECP,Northwest Florida Beaches International Airport,30.357106,-85.795414,69,-6.0,A,Panama City,United States
"2018-10-25",,1327,,,1536,,YV,"",5740,VPS,DFW,,,641,1,0,VPS,Destin-Ft Walton Beach Airport,30.4832,-86.525398,87,-6.0,A,Valparaiso,United States
"2018-10-25",1340,1331,9,1548,1545,3,DL,N906DL,1353,PNS,ATL,45,68,271,0,0,PNS,Pensacola Regional Airport,30.473400115967,-87.186599731445,121,-6.0,A,Pensacola,United States
"2018-10-25",1340,1333,7,1537,1534,3,MQ,N253NN,3488,PNS,DFW,94,117,604,0,0,PNS,Pensacola Regional Airport,30.473400115967,-87.186599731445,121,-6.0,A,Pensacola,United States
"2018-10-25",1441,1436,5,1656,1643,13,DL,N982DL,2506,ECP,ATL,41,75,240,0,0,ECP,Northwest Florida Beaches International Airport,30.357106,-85.795414,69,-6.0,A,Panama City,United States
"2018-10-25",1431,1428,3,1714,1714,0,OH,N571NN,5500,VPS,CLT,66,103,460,0,0,VPS,Destin-Ft Walton Beach Airport,30.4832,-86.525398,87,-6.0,A,Valparaiso,United States
"2018-10-25",1426,1432,-6,1637,1644,-7,DL,N913DL,2873,VPS,ATL,41,71,250,0,0,VPS,Destin-Ft Walton Beach Airport,30.4832,-86.525398,87,-6.0,A,Valparaiso,United States
"2018-10-25",1448,1500,-12,1640,1655,-15,EV,N16987,4447,VPS,IAH,93,112,528,0,0,VPS,Destin-Ft Walton Beach Airport,30.4832,-86.525398,87,-6.0,A,Valparaiso,United States
"2018-10-25",1445,1457,-12,1720,1744,-24,EV,N718EV,2880,ECP,CLT,67,95,437,0,0,ECP,Northwest Florida Beaches International Airport,30.357106,-85.795414,69,-6.0,A,Panama City,United States
"2018-10-25",1500,1515,-15,1641,1703,-22,EV,N15572,4142,PNS,IAH,85,101,489,0,0,PNS,Pensacola Regional Airport,30.473400115967,-87.186599731445,121,-6.0,A,Pensacola,United States
"2018-10-25",1548,1555,-7,1803,1813,-10,DL,N954DL,1270,PNS,ATL,43,75,271,0,0,PNS,Pensacola Regional Airport,30.473400115967,-87.186599731445,121,-6.0,A,Pensacola,United States
"2018-10-25",1543,1527,16,1716,1705,11,OH,N547NN,5662,TLH,CLT,60,93,386,0,0,TLH,Tallahassee Regional Airport,30.396499633789062,-84.35030364990234,81,-5.0,A,Tallahassee,United States
"2018-10-25",1524,1528,-4,1720,1734,-14,AA,N9629H,2389,PNS,DFW,95,116,604,0,0,PNS,Pensacola Regional Airport,30.473400115967,-87.186599731445,121,-6.0,A,Pensacola,United States
"2018-10-25",1555,1558,-3,1719,1707,12,DL,N980AT,1399,TLH,ATL,42,84,223,0,0,TLH,Tallahassee Regional Airport,30.396499633789062,-84.35030364990234,81,-5.0,A,Tallahassee,United States
"2018-10-25",1614,1600,14,1833,1813,20,DL,N913DE,2802,VPS,ATL,43,79,250,0,0,VPS,Destin-Ft Walton Beach Airport,30.4832,-86.525398,87,-6.0,A,Valparaiso,United States
"2018-10-25",1633,1614,19,1858,1859,-1,YX,N124HQ,4553,PNS,CLT,67,85,488,0,0,PNS,Pensacola Regional Airport,30.473400115967,-87.186599731445,121,-6.0,A,Pensacola,United States
"2018-10-25",1620,1627,-7,1955,2004,-9,YX,N133HQ,4537,PNS,PHL,119,155,935,0,0,PNS,Pensacola Regional Airport,30.473400115967,-87.186599731445,121,-6.0,A,Pensacola,United States
"2018-10-25",1631,1640,-9,1745,1805,-20,MQ,N230NN,4069,TLH,DFW,113,134,767,0,0,TLH,Tallahassee Regional Airport,30.396499633789062,-84.35030364990234,81,-5.0,A,Tallahassee,United States
"2018-10-25",1651,1702,-11,1805,1827,-22,MQ,N664MS,3861,TLH,MIA,61,74,402,0,0,TLH,Tallahassee Regional Airport,30.396499633789062,-84.35030364990234,81,-5.0,A,Tallahassee,United States
"2018-10-25",1733,1705,28,1924,1900,24,EV,N14916,4037,ECP,IAH,94,111,572,0,0,ECP,Northwest Florida Beaches International Airport,30.357106,-85.795414,69,-6.0,A,Panama City,United States
"2018-10-25",1735,1743,-8,2009,2030,-21,MQ,N673AE,3427,PNS,MIA,78,94,530,0,0,PNS,Pensacola Regional Airport,30.473400115967,-87.186599731445,121,-6.0,A,Pensacola,United States
"2018-10-25",1748,1751,-3,1935,1944,-9,G4,"228NV",1912,VPS,SGF,89,107,610,0,0,VPS,Destin-Ft Walton Beach Airport,30.4832,-86.525398,87,-6.0,A,Valparaiso,United States
"2018-10-25",1756,1756,0,1857,1903,-6,DL,N902DE,1786,TLH,ATL,38,61,223,0,0,TLH,Tallahassee Regional Airport,30.396499633789062,-84.35030364990234,81,-5.0,A,Tallahassee,United States
"2018-10-25",1759,1759,0,2012,2013,-1,DL,N909DE,1403,ECP,ATL,43,73,240,0,0,ECP,Northwest Florida Beaches International Airport,30.357106,-85.795414,69,-6.0,A,Panama City,United States
"2018-10-25",2011,1759,132,2215,2016,119,DL,N916DL,1814,PNS,ATL,41,64,271,0,0,PNS,Pensacola Regional Airport,30.473400115967,-87.186599731445,121,-6.0,A,Pensacola,United States
"2018-10-25",1754,1806,-12,2037,2030,7,DL,N903DE,1167,VPS,ATL,44,103,250,0,0,VPS,Destin-Ft Walton Beach Airport,30.4832,-86.525398,87,-6.0,A,Valparaiso,United States
"2018-10-25",1807,1808,-1,1942,1940,2,OH,N580NN,5248,TLH,CLT,57,95,386,0,0,TLH,Tallahassee Regional Airport,30.396499633789062,-84.35030364990234,81,-5.0,A,Tallahassee,United States
"2018-10-25",1809,1821,-12,1927,1938,-11,G4,"309NV",1910,VPS,BNA,59,78,389,0,0,VPS,Destin-Ft Walton Beach Airport,30.4832,-86.525398,87,-6.0,A,Valparaiso,United States
"2018-10-25",1835,1845,-10,2027,2044,-17,EV,N13566,4260,VPS,IAH,92,112,528,0,0,VPS,Destin-Ft Walton Beach Airport,30.4832,-86.525398,87,-6.0,A,Valparaiso,United States
"2018-10-25",1845,1850,-5,2024,2029,-5,YV,N87360,6036,PNS,IAH,85,99,489,0,0,PNS,Pensacola Regional Airport,30.473400115967,-87.186599731445,121,-6.0,A,Pensacola,United States
"2018-10-25",1848,1852,-4,2114,2135,-21,OH,N514AE,5463,PNS,CLT,65,86,488,0,0,PNS,Pensacola Regional Airport,30.473400115967,-87.186599731445,121,-6.0,A,Pensacola,United States
"2018-10-25",1902,1855,7,2129,2135,-6,OH,N547NN,5709,VPS,CLT,60,87,460,0,0,VPS,Destin-Ft Walton Beach Airport,30.4832,-86.525398,87,-6.0,A,Valparaiso,United States
"2018-10-25",1910,1915,-5,2120,2120,0,MQ,N261NN,3877,PNS,DFW,99,130,604,0,0,PNS,Pensacola Regional Airport,30.473400115967,-87.186599731445,121,-6.0,A,Pensacola,United States
"2018-10-25",1943,1945,-2,2111,2056,15,DL,N964AT,678,TLH,ATL,44,88,223,0,0,TLH,Tallahassee Regional Airport,30.396499633789062,-84.35030364990234,81,-5.0,A,Tallahassee,United States
"2018-10-26",1248,600,408,1453,808,405,DL,N386DA,1237,ECP,ATL,43,65,240,0,0,ECP,Northwest Florida Beaches International Airport,30.357106,-85.795414,69,-6.0,A,Panama City,United States
"2018-10-26",719,630,49,922,839,43,DL,N975DL,1234,PNS,ATL,43,63,271,0,0,PNS,Pensacola Regional Airport,30.473400115967,-87.186599731445,121,-6.0,A,Pensacola,United States
"2018-10-26",904,700,124,1120,855,145,EV,N16981,3979,ECP,IAH,107,136,572,0,0,ECP,Northwest Florida Beaches International Airport,30.357106,-85.795414,69,-6.0,A,Panama City,United States
"2018-10-26",735,701,34,950,920,30,EV,N718EV,2889,ECP,DFW,111,135,685,0,0,ECP,Northwest Florida Beaches International Airport,30.357106,-85.795414,69,-6.0,A,Panama City,United States
"2018-10-26",710,715,-5,858,853,5,YV,N87353,6262,PNS,IAH,86,108,489,0,0,PNS,Pensacola Regional Airport,30.473400115967,-87.186599731445,121,-6.0,A,Pensacola,United States
"2018-10-26",742,715,27,1034,926,68,DL,N920DE,955,VPS,ATL,48,112,250,0,0,VPS,Destin-Ft Walton Beach Airport,30.4832,-86.525398,87,-6.0,A,Valparaiso,United States
"2018-10-26",714,721,-7,917,929,-12,YX,N436YX,4626,TLH,DCA,104,123,716,0,0,TLH,Tallahassee Regional Airport,30.396499633789062,-84.35030364990234,81,-5.0,A,Tallahassee,United States
"2018-10-26",851,900,-9,1049,1055,-6,EV,N13553,4064,VPS,IAH,98,118,528,0,0,VPS,Destin-Ft Walton Beach Airport,30.4832,-86.525398,87,-6.0,A,Valparaiso,United States
"2018-10-26",936,930,6,1122,1115,7,WN,N7811F,1281,ECP,HOU,97,106,571,0,0,ECP,Northwest Florida Beaches International Airport,30.357106,-85.795414,69,-6.0,A,Panama City,United States
"2018-10-26",938,935,3,1113,1110,3,WN,N747SA,2229,PNS,HOU,80,95,488,0,0,PNS,Pensacola Regional Airport,30.473400115967,-87.186599731445,121,-6.0,A,Pensacola,United States
"2018-10-26",925,935,-10,1111,1123,-12,EV,N16541,4298,PNS,IAH,89,106,489,0,0,PNS,Pensacola Regional Airport,30.473400115967,-87.186599731445,121,-6.0,A,Pensacola,United States
"2018-10-26",941,941,0,1217,1225,-8,OH,N550NN,5564,VPS,CLT,66,96,460,0,0,VPS,Destin-Ft Walton Beach Airport,30.4832,-86.525398,87,-6.0,A,Valparaiso,United States
"2018-10-25",1926,1919,7,2132,2130,2,YV,N938LR,5906,VPS,DFW,105,126,641,0,0,VPS,Destin-Ft Walton Beach Airport,30.4832,-86.525398,87,-6.0,A,Valparaiso,United States
"2018-10-25",1930,1920,10,2037,2040,-3,WN,N409WN,976,PNS,BNA,57,67,391,0,0,PNS,Pensacola Regional Airport,30.473400115967,-87.186599731445,121,-6.0,A,Pensacola,United States
"2018-10-25",1925,1928,-3,2044,2050,-6,MQ,N918AE,3844,TLH,MIA,61,79,402,0,0,TLH,Tallahassee Regional Airport,30.396499633789062,-84.35030364990234,81,-5.0,A,Tallahassee,United States
"2018-10-25",1958,1935,23,2106,2055,11,WN,N7811F,2008,ECP,BNA,58,68,401,0,0,ECP,Northwest Florida Beaches International Airport,30.357106,-85.795414,69,-6.0,A,Panama City,United States
"2018-10-25",1956,2011,-15,2119,2142,-23,YX,N127HQ,4660,TLH,CLT,54,83,386,0,0,TLH,Tallahassee Regional Airport,30.396499633789062,-84.35030364990234,81,-5.0,A,Tallahassee,United States
"2018-10-26",530,530,0,758,735,23,DL,N961DL,856,PNS,ATL,42,88,271,0,0,PNS,Pensacola Regional Airport,30.473400115967,-87.186599731445,121,-6.0,A,Pensacola,United States
"2018-10-26",541,545,-4,639,650,-11,DL,N999DN,708,TLH,ATL,38,58,223,0,0,TLH,Tallahassee Regional Airport,30.396499633789062,-84.35030364990234,81,-5.0,A,Tallahassee,United States
"2018-10-26",557,600,-3,812,807,5,DL,N916DL,2714,VPS,ATL,42,75,250,0,0,VPS,Destin-Ft Walton Beach Airport,30.4832,-86.525398,87,-6.0,A,Valparaiso,United States
"2018-10-26",559,600,-1,717,725,-8,OH,N716PS,5584,TLH,CLT,57,78,386,0,0,TLH,Tallahassee Regional Airport,30.396499633789062,-84.35030364990234,81,-5.0,A,Tallahassee,United States
"2018-10-26",557,601,-4,844,844,0,OH,N567NN,5353,PNS,CLT,75,107,488,0,0,PNS,Pensacola Regional Airport,30.473400115967,-87.186599731445,121,-6.0,A,Pensacola,United States
"2018-10-26",625,602,23,907,847,20,MQ,N650AE,3508,PNS,MIA,86,102,530,0,0,PNS,Pensacola Regional Airport,30.473400115967,-87.186599731445,121,-6.0,A,Pensacola,United States
"2018-10-26",,609,,,851,,EV,N717EV,2899,ECP,CLT,,,437,1,0,ECP,Northwest Florida Beaches International Airport,30.357106,-85.795414,69,-6.0,A,Panama City,United States
"2018-10-26",609,614,-5,928,929,-1,OH,N703PS,5082,PNS,DCA,101,139,816,0,0,PNS,Pensacola Regional Airport,30.473400115967,-87.186599731445,121,-6.0,A,Pensacola,United States
"2018-10-26",632,634,-2,912,915,-3,OH,N591NN,5623,VPS,CLT,69,100,460,0,0,VPS,Destin-Ft Walton Beach Airport,30.4832,-86.525398,87,-6.0,A,Valparaiso,United States
"2018-10-26",651,700,-9,938,952,-14,G4,"228NV",1916,VPS,LCK,90,107,675,0,0,VPS,Destin-Ft Walton Beach Airport,30.4832,-86.525398,87,-6.0,A,Valparaiso,United States
"2018-10-26",655,700,-5,914,919,-5,AA,N9677W,1538,VPS,DFW,106,139,641,0,0,VPS,Destin-Ft Walton Beach Airport,30.4832,-86.525398,87,-6.0,A,Valparaiso,United States
"2018-10-26",659,700,-1,905,908,-3,AA,N9681B,2453,PNS,DFW,98,126,604,0,0,PNS,Pensacola Regional Airport,30.473400115967,-87.186599731445,121,-6.0,A,Pensacola,United States
"2018-10-26",657,700,-3,804,803,1,DL,N977DL,496,TLH,ATL,41,67,223,0,0,TLH,Tallahassee Regional Airport,30.396499633789062,-84.35030364990234,81,-5.0,A,Tallahassee,United States
"2018-10-26",1118,715,243,1318,925,233,DL,N3762Y,2430,ECP,ATL,39,60,240,0,0,ECP,Northwest Florida Beaches International Airport,30.357106,-85.795414,69,-6.0,A,Panama City,United States
"2018-10-26",747,735,12,1030,947,43,DL,N991DL,1078,PNS,ATL,46,103,271,0,0,PNS,Pensacola Regional Airport,30.473400115967,-87.186599731445,121,-6.0,A,Pensacola,United States
"2018-10-26",743,749,-6,908,916,-8,MQ,N225NN,4116,TLH,DFW,129,145,767,0,0,TLH,Tallahassee Regional Airport,30.396499633789062,-84.35030364990234,81,-5.0,A,Tallahassee,United States
"2018-10-26",744,750,-6,858,910,-12,WN,N7731A,716,ECP,BNA,62,74,401,0,0,ECP,Northwest Florida Beaches International Airport,30.357106,-85.795414,69,-6.0,A,Panama City,United States
"2018-10-26",747,750,-3,901,910,-9,WN,N776WN,1615,PNS,BNA,61,74,391,0,0,PNS,Pensacola Regional Airport,30.473400115967,-87.186599731445,121,-6.0,A,Pensacola,United States
"2018-10-26",926,907,19,1204,1156,8,OH,N566NN,5237,PNS,CLT,64,98,488,0,0,PNS,Pensacola Regional Airport,30.473400115967,-87.186599731445,121,-6.0,A,Pensacola,United States
"2018-10-26",913,916,-3,1149,1127,22,DL,N982DL,2212,PNS,ATL,44,96,271,0,0,PNS,Pensacola Regional Airport,30.473400115967,-87.186599731445,121,-6.0,A,Pensacola,United States
"2018-10-26",930,933,-3,1147,1144,3,YV,N957LR,5725,VPS,DFW,108,137,641,0,0,VPS,Destin-Ft Walton Beach Airport,30.4832,-86.525398,87,-6.0,A,Valparaiso,United States
"2018-10-26",1034,947,47,1258,1149,69,DL,N989DL,2029,ECP,ATL,44,84,240,0,0,ECP,Northwest Florida Beaches International Airport,30.357106,-85.795414,69,-6.0,A,Panama City,United States
"2018-10-26",1022,1020,2,1145,1128,17,"9E",N316PQ,3281,TLH,ATL,43,83,223,0,0,TLH,Tallahassee Regional Airport,30.396499633789062,-84.35030364990234,81,-5.0,A,Tallahassee,United States
"2018-10-26",1035,1034,1,1301,1249,12,DL,N910DE,2716,VPS,ATL,45,86,250,0,0,VPS,Destin-Ft Walton Beach Airport,30.4832,-86.525398,87,-6.0,A,Valparaiso,United States
"2018-10-26",1127,1055,32,1247,1228,19,OH,N576NN,5272,TLH,CLT,56,80,386,0,0,TLH,Tallahassee Regional Airport,30.396499633789062,-84.35030364990234,81,-5.0,A,Tallahassee,United States
"2018-10-26",1030,1038,-8,1315,1320,-5,MQ,N679AE,3733,PNS,MIA,89,105,530,0,0,PNS,Pensacola Regional Airport,30.473400115967,-87.186599731445,121,-6.0,A,Pensacola,United States
"2018-10-26",1100,1054,6,1409,1408,1,YX,N446YX,4609,VPS,DCA,97,129,789,0,0,VPS,Destin-Ft Walton Beach Airport,30.4832,-86.525398,87,-6.0,A,Valparaiso,United States
"2018-10-26",1144,1115,29,1349,1332,17,DL,N673DL,2179,PNS,ATL,44,65,271,0,0,PNS,Pensacola Regional Airport,30.473400115967,-87.186599731445,121,-6.0,A,Pensacola,United States
"2018-10-26",1055,1100,-5,1210,1220,-10,WN,N8324A,5774,ECP,BNA,63,75,401,0,0,ECP,Northwest Florida Beaches International Airport,30.357106,-85.795414,69,-6.0,A,Panama City,United States
"2018-10-26",1145,1151,-6,1334,1340,-6,YX,N864RW,3682,PNS,IAH,88,109,489,0,0,PNS,Pensacola Regional Airport,30.473400115967,-87.186599731445,121,-6.0,A,Pensacola,United States
"2018-10-26",1224,1200,24,1424,1412,12,DL,N917DL,1733,ECP,ATL,42,60,240,0,0,ECP,Northwest Florida Beaches International Airport,30.357106,-85.795414,69,-6.0,A,Panama City,United States
"2018-10-26",1223,1225,-2,1510,1513,-3,G4,"228NV",1900,VPS,CVG,88,107,600,0,0,VPS,Destin-Ft Walton Beach Airport,30.4832,-86.525398,87,-6.0,A,Valparaiso,United States
"2018-10-26",1251,1231,20,1412,1355,17,MQ,N697AB,3663,TLH,MIA,66,81,402,0,0,TLH,Tallahassee Regional Airport,30.396499633789062,-84.35030364990234,81,-5.0,A,Tallahassee,United States
"2018-10-26",1309,1234,35,1435,1348,47,DL,N991DL,489,TLH,ATL,40,86,223,0,0,TLH,Tallahassee Regional Airport,30.396499633789062,-84.35030364990234,81,-5.0,A,Tallahassee,United States
"2018-10-26",1306,1245,21,1537,1531,6,OH,N572NN,5298,PNS,CLT,66,91,488,0,0,PNS,Pensacola Regional Airport,30.473400115967,-87.186599731445,121,-6.0,A,Pensacola,United States
"2018-10-26",1236,1244,-8,1539,1559,-20,MQ,N226NN,3822,PNS,DCA,107,123,816,0,0,PNS,Pensacola Regional Airport,30.473400115967,-87.186599731445,121,-6.0,A,Pensacola,United States
"2018-10-26",1306,1248,18,1544,1506,38,EV,N716EV,2876,ECP,DFW,113,158,685,0,0,ECP,Northwest Florida Beaches International Airport,30.357106,-85.795414,69,-6.0,A,Panama City,United States
"2018-10-26",1309,1320,-11,1511,1515,-4,EV,N13989,4134,ECP,IAH,102,122,572,0,0,ECP,Northwest Florida Beaches International Airport,30.357106,-85.795414,69,-6.0,A,Panama City,United States
"2018-10-26",,1327,,,1536,,YV,"",5740,VPS,DFW,,,641,1,0,VPS,Destin-Ft Walton Beach Airport,30.4832,-86.525398,87,-6.0,A,Valparaiso,United States
"2018-10-26",1334,1333,1,1533,1534,-1,MQ,N236NN,3488,PNS,DFW,98,119,604,0,0,PNS,Pensacola Regional Airport,30.473400115967,-87.186599731445,121,-6.0,A,Pensacola,United States
"2018-10-26",1438,1331,67,1706,1545,81,DL,N966DL,1353,PNS,ATL,61,88,271,0,0,PNS,Pensacola Regional Airport,30.473400115967,-87.186599731445,121,-6.0,A,Pensacola,United States
"2018-10-26",1438,1432,6,1711,1644,27,DL,N948DL,2873,VPS,ATL,45,93,250,0,0,VPS,Destin-Ft Walton Beach Airport,30.4832,-86.525398,87,-6.0,A,Valparaiso,United States
"2018-10-26",1512,1428,44,1736,1714,22,OH,N558NN,5500,VPS,CLT,61,84,460,0,0,VPS,Destin-Ft Walton Beach Airport,30.4832,-86.525398,87,-6.0,A,Valparaiso,United States
"2018-10-26",1446,1436,10,1718,1643,35,DL,N915DE,2506,ECP,ATL,51,92,240,0,0,ECP,Northwest Florida Beaches International Airport,30.357106,-85.795414,69,-6.0,A,Panama City,United States
"2018-10-26",1551,1457,54,1912,1744,88,EV,N600QX,2880,ECP,CLT,62,141,437,0,0,ECP,Northwest Florida Beaches International Airport,30.357106,-85.795414,69,-6.0,A,Panama City,United States
"2018-10-26",1453,1500,-7,1658,1655,3,EV,N36915,4447,VPS,IAH,98,125,528,0,0,VPS,Destin-Ft Walton Beach Airport,30.4832,-86.525398,87,-6.0,A,Valparaiso,United States
"2018-10-26",1507,1515,-8,1719,1703,16,EV,N15555,4142,PNS,IAH,97,132,489,0,0,PNS,Pensacola Regional Airport,30.473400115967,-87.186599731445,121,-6.0,A,Pensacola,United States
"2018-10-26",1627,1555,32,1839,1813,26,DL,N988DL,1270,PNS,ATL,48,72,271,0,0,PNS,Pensacola Regional Airport,30.473400115967,-87.186599731445,121,-6.0,A,Pensacola,United States
"2018-10-26",1547,1527,20,1711,1705,6,OH,N587NN,5662,TLH,CLT,55,84,386,0,0,TLH,Tallahassee Regional Airport,30.396499633789062,-84.35030364990234,81,-5.0,A,Tallahassee,United States
"2018-10-26",1558,1528,30,1800,1734,26,AA,N9620D,2389,PNS,DFW,101,122,604,0,0,PNS,Pensacola Regional Airport,30.473400115967,-87.186599731445,121,-6.0,A,Pensacola,United States
"2018-10-26",1607,1558,9,1729,1707,22,DL,N923AT,1399,TLH,ATL,46,82,223,0,0,TLH,Tallahassee Regional Airport,30.396499633789062,-84.35030364990234,81,-5.0,A,Tallahassee,United States
"2018-10-26",1617,1600,17,1821,1813,8,DL,N903DE,2802,VPS,ATL,48,64,250,0,0,VPS,Destin-Ft Walton Beach Airport,30.4832,-86.525398,87,-6.0,A,Valparaiso,United States
"2018-10-26",1605,1614,-9,1845,1859,-14,YX,N104HQ,4553,PNS,CLT,71,100,488,0,0,PNS,Pensacola Regional Airport,30.473400115967,-87.186599731445,121,-6.0,A,Pensacola,United States
"2018-10-26",1634,1640,-6,1800,1805,-5,MQ,N240NN,4069,TLH,DFW,120,146,767,0,0,TLH,Tallahassee Regional Airport,30.396499633789062,-84.35030364990234,81,-5.0,A,Tallahassee,United States
"2018-10-26",1623,1627,-4,1954,2004,-10,YX,N101HQ,4537,PNS,PHL,115,151,935,0,0,PNS,Pensacola Regional Airport,30.473400115967,-87.186599731445,121,-6.0,A,Pensacola,United States
"2018-10-26",1654,1705,-11,1857,1900,-3,EV,N11535,4037,ECP,IAH,103,123,572,0,0,ECP,Northwest Florida Beaches International Airport,30.357106,-85.795414,69,-6.0,A,Panama City,United States
"2018-10-26",1659,1702,-3,1822,1827,-5,MQ,N685AE,3861,TLH,MIA,65,83,402,0,0,TLH,Tallahassee Regional Airport,30.396499633789062,-84.35030364990234,81,-5.0,A,Tallahassee,United States
"2018-10-26",1745,1735,10,1950,1947,3,G4,"228NV",1914,VPS,MCI,105,125,764,0,0,VPS,Destin-Ft Walton Beach Airport,30.4832,-86.525398,87,-6.0,A,Valparaiso,United States
"2018-10-26",1737,1743,-6,2017,2030,-13,MQ,N933JN,3427,PNS,MIA,84,100,530,0,0,PNS,Pensacola Regional Airport,30.473400115967,-87.186599731445,121,-6.0,A,Pensacola,United States
"2018-10-26",1844,1759,45,2058,2013,45,DL,N999DN,1403,ECP,ATL,45,74,240,0,0,ECP,Northwest Florida Beaches International Airport,30.357106,-85.795414,69,-6.0,A,Panama City,United States
"2018-10-26",1818,1756,22,1945,1903,42,DL,N901DE,1786,TLH,ATL,48,87,223,0,0,TLH,Tallahassee Regional Airport,30.396499633789062,-84.35030364990234,81,-5.0,A,Tallahassee,United States
"2018-10-26",1753,1759,-6,2003,2016,-13,DL,N944DL,1814,PNS,ATL,45,70,271,0,0,PNS,Pensacola Regional Airport,30.473400115967,-87.186599731445,121,-6.0,A,Pensacola,United States
"2018-10-26",1841,1850,-9,2036,2029,7,YV,N88341,6036,PNS,IAH,88,115,489,0,0,PNS,Pensacola Regional Airport,30.473400115967,-87.186599731445,121,-6.0,A,Pensacola,United States
"2018-10-26",2138,1852,166,2356,2135,141,OH,N546FF,5463,PNS,CLT,60,78,488,0,0,PNS,Pensacola Regional Airport,30.473400115967,-87.186599731445,121,-6.0,A,Pensacola,United States
"2018-10-26",1912,1915,-3,2116,2120,-4,MQ,N243NN,3877,PNS,DFW,102,124,604,0,0,PNS,Pensacola Regional Airport,30.473400115967,-87.186599731445,121,-6.0,A,Pensacola,United States
"2018-10-26",2017,1945,32,2118,2056,22,DL,N932AT,678,TLH,ATL,45,61,223,0,0,TLH,Tallahassee Regional Airport,30.396499633789062,-84.35030364990234,81,-5.0,A,Tallahassee,United States
"2018-10-27",525,530,-5,733,734,-1,DL,N993DL,856,PNS,ATL,47,68,271,0,0,PNS,Pensacola Regional Airport,30.473400115967,-87.186599731445,121,-6.0,A,Pensacola,United States
"2018-10-27",555,600,-5,706,725,-19,OH,N544AE,5584,TLH,CLT,54,71,386,0,0,TLH,Tallahassee Regional Airport,30.396499633789062,-84.35030364990234,81,-5.0,A,Tallahassee,United States
"2018-10-27",,609,,,851,,EV,N717EV,2899,ECP,CLT,,,437,1,0,ECP,Northwest Florida Beaches International Airport,30.357106,-85.795414,69,-6.0,A,Panama City,United States
"2018-10-27",713,715,-2,927,924,3,DL,N972DL,955,VPS,ATL,46,74,250,0,0,VPS,Destin-Ft Walton Beach Airport,30.4832,-86.525398,87,-6.0,A,Valparaiso,United States
"2018-10-27",725,730,-5,1108,1100,8,G4,"309NV",1990,VPS,EWR,115,163,988,0,0,VPS,Destin-Ft Walton Beach Airport,30.4832,-86.525398,87,-6.0,A,Valparaiso,United States
"2018-10-27",746,749,-3,919,916,3,MQ,N224NN,4116,TLH,DFW,126,153,767,0,0,TLH,Tallahassee Regional Airport,30.396499633789062,-84.35030364990234,81,-5.0,A,Tallahassee,United States
"2018-10-27",826,829,-3,1109,1115,-6,OH,N558NN,5623,VPS,CLT,65,103,460,0,0,VPS,Destin-Ft Walton Beach Airport,30.4832,-86.525398,87,-6.0,A,Valparaiso,United States
"2018-10-27",945,947,-2,1145,1149,-4,DL,N999DN,2029,ECP,ATL,42,60,240,0,0,ECP,Northwest Florida Beaches International Airport,30.357106,-85.795414,69,-6.0,A,Panama City,United States
"2018-10-26",1842,1806,36,2056,2030,26,DL,N948DL,1167,VPS,ATL,45,74,250,0,0,VPS,Destin-Ft Walton Beach Airport,30.4832,-86.525398,87,-6.0,A,Valparaiso,United States
"2018-10-26",1825,1808,17,1943,1940,3,OH,N567NN,5248,TLH,CLT,57,78,386,0,0,TLH,Tallahassee Regional Airport,30.396499633789062,-84.35030364990234,81,-5.0,A,Tallahassee,United States
"2018-10-26",1835,1845,-10,2032,2044,-12,EV,N16987,4260,VPS,IAH,93,117,528,0,0,VPS,Destin-Ft Walton Beach Airport,30.4832,-86.525398,87,-6.0,A,Valparaiso,United States
"2018-10-26",1929,1855,34,2255,2135,80,OH,N583NN,5709,VPS,CLT,63,146,460,0,0,VPS,Destin-Ft Walton Beach Airport,30.4832,-86.525398,87,-6.0,A,Valparaiso,United States
"2018-10-26",1908,1919,-11,2128,2130,-2,YV,N932LR,5906,VPS,DFW,112,140,641,0,0,VPS,Destin-Ft Walton Beach Airport,30.4832,-86.525398,87,-6.0,A,Valparaiso,United States
"2018-10-26",1913,1920,-7,2025,2040,-15,WN,N251WN,976,PNS,BNA,57,72,391,0,0,PNS,Pensacola Regional Airport,30.473400115967,-87.186599731445,121,-6.0,A,Pensacola,United States
"2018-10-26",1917,1928,-11,2038,2050,-12,MQ,N673AE,3844,TLH,MIA,65,81,402,0,0,TLH,Tallahassee Regional Airport,30.396499633789062,-84.35030364990234,81,-5.0,A,Tallahassee,United States
"2018-10-26",1933,1935,-2,2043,2055,-12,WN,N555LV,2008,ECP,BNA,59,70,401,0,0,ECP,Northwest Florida Beaches International Airport,30.357106,-85.795414,69,-6.0,A,Panama City,United States
"2018-10-26",2011,2011,0,2155,2142,13,YX,N138HQ,4660,TLH,CLT,72,104,386,0,0,TLH,Tallahassee Regional Airport,30.396499633789062,-84.35030364990234,81,-5.0,A,Tallahassee,United States
"2018-10-27",1237,600,397,1434,806,388,DL,N897DN,1237,ECP,ATL,42,57,240,0,0,ECP,Northwest Florida Beaches International Airport,30.357106,-85.795414,69,-6.0,A,Panama City,United States
"2018-10-27",554,600,-6,801,806,-5,DL,N974DL,2714,VPS,ATL,44,67,250,0,0,VPS,Destin-Ft Walton Beach Airport,30.4832,-86.525398,87,-6.0,A,Valparaiso,United States
"2018-10-27",557,601,-4,912,844,28,OH,N572NN,5353,PNS,CLT,71,135,488,0,0,PNS,Pensacola Regional Airport,30.473400115967,-87.186599731445,121,-6.0,A,Pensacola,United States
"2018-10-27",556,602,-6,838,847,-9,MQ,N673AE,3508,PNS,MIA,84,102,530,0,0,PNS,Pensacola Regional Airport,30.473400115967,-87.186599731445,121,-6.0,A,Pensacola,United States
"2018-10-27",603,614,-11,854,929,-35,OH,N508AE,5082,PNS,DCA,96,111,816,0,0,PNS,Pensacola Regional Airport,30.473400115967,-87.186599731445,121,-6.0,A,Pensacola,United States
"2018-10-27",623,630,-7,827,837,-10,DL,N905DL,1234,PNS,ATL,46,64,271,0,0,PNS,Pensacola Regional Airport,30.473400115967,-87.186599731445,121,-6.0,A,Pensacola,United States
"2018-10-27",625,630,-5,725,734,-9,DL,N991DL,1520,TLH,ATL,46,60,223,0,0,TLH,Tallahassee Regional Airport,30.396499633789062,-84.35030364990234,81,-5.0,A,Tallahassee,United States
"2018-10-27",912,700,132,1114,855,139,EV,N14568,3979,ECP,IAH,100,122,572,0,0,ECP,Northwest Florida Beaches International Airport,30.357106,-85.795414,69,-6.0,A,Panama City,United States
"2018-10-27",655,700,-5,847,855,-8,EV,N15555,4064,VPS,IAH,91,112,528,0,0,VPS,Destin-Ft Walton Beach Airport,30.4832,-86.525398,87,-6.0,A,Valparaiso,United States
"2018-10-27",703,700,3,847,844,3,G4,"228NV",1902,VPS,BLV,85,104,587,0,0,VPS,Destin-Ft Walton Beach Airport,30.4832,-86.525398,87,-6.0,A,Valparaiso,United States
"2018-10-27",655,700,-5,932,919,13,AA,N7541A,1538,VPS,DFW,104,157,641,0,0,VPS,Destin-Ft Walton Beach Airport,30.4832,-86.525398,87,-6.0,A,Valparaiso,United States
"2018-10-27",651,700,-9,846,908,-22,AA,N961TW,2453,PNS,DFW,90,115,604,0,0,PNS,Pensacola Regional Airport,30.473400115967,-87.186599731445,121,-6.0,A,Pensacola,United States
"2018-10-27",747,701,46,951,920,31,EV,N600QX,2889,ECP,DFW,106,124,685,0,0,ECP,Northwest Florida Beaches International Airport,30.357106,-85.795414,69,-6.0,A,Panama City,United States
"2018-10-27",1122,710,252,1321,919,242,DL,N3737C,2430,ECP,ATL,44,59,240,0,0,ECP,Northwest Florida Beaches International Airport,30.357106,-85.795414,69,-6.0,A,Panama City,United States
"2018-10-27",733,735,-2,857,843,14,DL,N904DE,763,TLH,ATL,48,84,223,0,0,TLH,Tallahassee Regional Airport,30.396499633789062,-84.35030364990234,81,-5.0,A,Tallahassee,United States
"2018-10-27",725,735,-10,936,947,-11,DL,N922DL,1078,PNS,ATL,49,71,271,0,0,PNS,Pensacola Regional Airport,30.473400115967,-87.186599731445,121,-6.0,A,Pensacola,United States
"2018-10-27",845,854,-9,1028,1059,-31,YX,N446YX,4626,TLH,DCA,86,103,716,0,0,TLH,Tallahassee Regional Airport,30.396499633789062,-84.35030364990234,81,-5.0,A,Tallahassee,United States
"2018-10-27",,915,,,1035,,WN,"",3623,ECP,BNA,,,401,1,0,ECP,Northwest Florida Beaches International Airport,30.357106,-85.795414,69,-6.0,A,Panama City,United States
"2018-10-27",911,915,-4,1030,1035,-5,WN,N253WN,2809,PNS,BNA,61,79,391,0,0,PNS,Pensacola Regional Airport,30.473400115967,-87.186599731445,121,-6.0,A,Pensacola,United States
"2018-10-27",907,916,-9,1117,1124,-7,DL,N954DL,2212,PNS,ATL,47,70,271,0,0,PNS,Pensacola Regional Airport,30.473400115967,-87.186599731445,121,-6.0,A,Pensacola,United States
"2018-10-27",912,933,-21,1126,1144,-18,YV,N939LR,5725,VPS,DFW,103,134,641,0,0,VPS,Destin-Ft Walton Beach Airport,30.4832,-86.525398,87,-6.0,A,Valparaiso,United States
"2018-10-27",932,935,-3,1105,1121,-16,YV,N88328,6041,PNS,IAH,79,93,489,0,0,PNS,Pensacola Regional Airport,30.473400115967,-87.186599731445,121,-6.0,A,Pensacola,United States
"2018-10-27",944,941,3,1219,1225,-6,OH,N597NN,5564,VPS,CLT,71,95,460,0,0,VPS,Destin-Ft Walton Beach Airport,30.4832,-86.525398,87,-6.0,A,Valparaiso,United States
"2018-10-27",1028,1038,-10,1319,1320,-1,MQ,N679AE,3733,PNS,MIA,93,111,530,0,0,PNS,Pensacola Regional Airport,30.473400115967,-87.186599731445,121,-6.0,A,Pensacola,United States
"2018-10-27",1028,1034,-6,1235,1245,-10,DL,N905DL,2716,VPS,ATL,44,67,250,0,0,VPS,Destin-Ft Walton Beach Airport,30.4832,-86.525398,87,-6.0,A,Valparaiso,United States
"2018-10-27",1042,1054,-12,1339,1408,-29,YX,N416YX,4609,VPS,DCA,97,117,789,0,0,VPS,Destin-Ft Walton Beach Airport,30.4832,-86.525398,87,-6.0,A,Valparaiso,United States
"2018-10-27",1106,1055,11,1235,1228,7,OH,N552NN,5272,TLH,CLT,63,89,386,0,0,TLH,Tallahassee Regional Airport,30.396499633789062,-84.35030364990234,81,-5.0,A,Tallahassee,United States
"2018-10-27",1053,1100,-7,1305,1315,-10,DL,N978DL,2179,PNS,ATL,46,72,271,0,0,PNS,Pensacola Regional Airport,30.473400115967,-87.186599731445,121,-6.0,A,Pensacola,United States
"2018-10-27",1108,1105,3,1307,1300,7,WN,N556WN,4137,ECP,DAL,104,119,674,0,0,ECP,Northwest Florida Beaches International Airport,30.357106,-85.795414,69,-6.0,A,Panama City,United States
"2018-10-27",1145,1150,-5,1309,1325,-16,WN,N563WN,3029,PNS,HOU,74,84,488,0,0,PNS,Pensacola Regional Airport,30.473400115967,-87.186599731445,121,-6.0,A,Pensacola,United States
"2018-10-27",1137,1151,-14,1315,1338,-23,YV,N89321,6217,PNS,IAH,82,98,489,0,0,PNS,Pensacola Regional Airport,30.473400115967,-87.186599731445,121,-6.0,A,Pensacola,United States
"2018-10-27",1205,1200,5,1410,1412,-2,DL,N959DL,1733,ECP,ATL,45,65,240,0,0,ECP,Northwest Florida Beaches International Airport,30.357106,-85.795414,69,-6.0,A,Panama City,United States
"2018-10-27",1143,1203,-20,1421,1451,-30,G4,"228NV",1900,VPS,CVG,80,98,600,0,0,VPS,Destin-Ft Walton Beach Airport,30.4832,-86.525398,87,-6.0,A,Valparaiso,United States
"2018-10-27",1236,1244,-8,1534,1559,-25,MQ,N258NN,3822,PNS,DCA,98,118,816,0,0,PNS,Pensacola Regional Airport,30.473400115967,-87.186599731445,121,-6.0,A,Pensacola,United States
"2018-10-27",1247,1245,2,1522,1531,-9,OH,N548NN,5298,PNS,CLT,75,95,488,0,0,PNS,Pensacola Regional Airport,30.473400115967,-87.186599731445,121,-6.0,A,Pensacola,United States
"2018-10-27",1237,1245,-8,1343,1358,-15,DL,N982AT,387,TLH,ATL,44,66,223,0,0,TLH,Tallahassee Regional Airport,30.396499633789062,-84.35030364990234,81,-5.0,A,Tallahassee,United States
"2018-10-27",1254,1245,9,1405,1405,0,WN,N7701B,2635,ECP,BNA,61,71,401,0,0,ECP,Northwest Florida Beaches International Airport,30.357106,-85.795414,69,-6.0,A,Panama City,United States
"2018-10-27",1258,1248,10,1513,1506,7,EV,N718EV,2876,ECP,DFW,107,135,685,0,0,ECP,Northwest Florida Beaches International Airport,30.357106,-85.795414,69,-6.0,A,Panama City,United States
"2018-10-27",1319,1320,-1,1507,1512,-5,YV,N88325,6021,ECP,IAH,94,108,572,0,0,ECP,Northwest Florida Beaches International Airport,30.357106,-85.795414,69,-6.0,A,Panama City,United States
"2018-10-27",1329,1333,-4,1533,1534,-1,MQ,N252NN,3488,PNS,DFW,105,124,604,0,0,PNS,Pensacola Regional Airport,30.473400115967,-87.186599731445,121,-6.0,A,Pensacola,United States
"2018-10-27",,1327,,,1536,,YV,"",5740,VPS,DFW,,,641,1,0,VPS,Destin-Ft Walton Beach Airport,30.4832,-86.525398,87,-6.0,A,Valparaiso,United States
"2018-10-27",1328,1331,-3,1540,1544,-4,DL,N977DL,1353,PNS,ATL,46,72,271,0,0,PNS,Pensacola Regional Airport,30.473400115967,-87.186599731445,121,-6.0,A,Pensacola,United States
"2018-10-27",1418,1416,2,1714,1651,23,OO,N925SW,5800,PNS,ORD,145,176,794,0,0,PNS,Pensacola Regional Airport,30.473400115967,-87.186599731445,121,-6.0,A,Pensacola,United States
"2018-10-27",1425,1428,-3,1710,1714,-4,OH,N549NN,5500,VPS,CLT,68,105,460,0,0,VPS,Destin-Ft Walton Beach Airport,30.4832,-86.525398,87,-6.0,A,Valparaiso,United States
"2018-10-27",1430,1432,-2,1633,1642,-9,DL,N916DE,2873,VPS,ATL,43,63,250,0,0,VPS,Destin-Ft Walton Beach Airport,30.4832,-86.525398,87,-6.0,A,Valparaiso,United States
"2018-10-27",1437,1437,0,1716,1722,-6,F9,N941FR,1285,PNS,ORD,123,159,794,0,0,PNS,Pensacola Regional Airport,30.473400115967,-87.186599731445,121,-6.0,A,Pensacola,United States
"2018-10-27",1435,1435,0,1725,1746,-21,G4,"309NV",1946,VPS,BWI,98,110,819,0,0,VPS,Destin-Ft Walton Beach Airport,30.4832,-86.525398,87,-6.0,A,Valparaiso,United States
"2018-10-27",1445,1445,0,1651,1655,-4,WN,N7716A,4592,PNS,MDW,112,126,781,0,0,PNS,Pensacola Regional Airport,30.473400115967,-87.186599731445,121,-6.0,A,Pensacola,United States
"2018-10-27",1438,1443,-5,1643,1649,-6,DL,N957DL,2506,ECP,ATL,45,65,240,0,0,ECP,Northwest Florida Beaches International Airport,30.357106,-85.795414,69,-6.0,A,Panama City,United States
"2018-10-27",1451,1457,-6,1716,1744,-28,EV,N719EV,2880,ECP,CLT,69,85,437,0,0,ECP,Northwest Florida Beaches International Airport,30.357106,-85.795414,69,-6.0,A,Panama City,United States
"2018-10-27",1504,1515,-11,1700,1703,-3,EV,N13553,4142,PNS,IAH,80,116,489,0,0,PNS,Pensacola Regional Airport,30.473400115967,-87.186599731445,121,-6.0,A,Pensacola,United States
"2018-10-27",1452,1500,-8,1654,1655,-1,EV,N14568,4447,VPS,IAH,95,122,528,0,0,VPS,Destin-Ft Walton Beach Airport,30.4832,-86.525398,87,-6.0,A,Valparaiso,United States
"2018-10-27",1601,1610,-9,1747,1805,-18,WN,N7731A,3347,ECP,STL,94,106,634,0,0,ECP,Northwest Florida Beaches International Airport,30.357106,-85.795414,69,-6.0,A,Panama City,United States
"2018-10-27",1532,1527,5,1706,1705,1,OH,N547NN,5662,TLH,CLT,60,94,386,0,0,TLH,Tallahassee Regional Airport,30.396499633789062,-84.35030364990234,81,-5.0,A,Tallahassee,United States
"2018-10-27",1523,1528,-5,1751,1734,17,AA,N9620D,2389,PNS,DFW,86,148,604,0,0,PNS,Pensacola Regional Airport,30.473400115967,-87.186599731445,121,-6.0,A,Pensacola,United States
"2018-10-27",1554,1558,-4,1703,1709,-6,DL,N954AT,1399,TLH,ATL,47,69,223,0,0,TLH,Tallahassee Regional Airport,30.396499633789062,-84.35030364990234,81,-5.0,A,Tallahassee,United States
"2018-10-27",1607,1614,-7,1849,1859,-10,YX,N130HQ,4553,PNS,CLT,68,102,488,0,0,PNS,Pensacola Regional Airport,30.473400115967,-87.186599731445,121,-6.0,A,Pensacola,United States
"2018-10-27",2136,1627,309,100,2004,296,YX,N403YX,4537,PNS,PHL,120,144,935,0,0,PNS,Pensacola Regional Airport,30.473400115967,-87.186599731445,121,-6.0,A,Pensacola,United States
"2018-10-27",1645,1640,5,1754,1805,-11,MQ,N235NN,4069,TLH,DFW,112,129,767,0,0,TLH,Tallahassee Regional Airport,30.396499633789062,-84.35030364990234,81,-5.0,A,Tallahassee,United States
"2018-10-27",1642,1650,-8,1755,1810,-15,WN,N7727A,4933,ECP,BNA,63,73,401,0,0,ECP,Northwest Florida Beaches International Airport,30.357106,-85.795414,69,-6.0,A,Panama City,United States
"2018-10-27",1637,1645,-8,1851,1857,-6,DL,N912DL,342,PNS,ATL,45,74,271,0,0,PNS,Pensacola Regional Airport,30.473400115967,-87.186599731445,121,-6.0,A,Pensacola,United States
"2018-10-27",1645,1655,-10,1903,1911,-8,DL,N932AT,1702,VPS,ATL,49,78,250,0,0,VPS,Destin-Ft Walton Beach Airport,30.4832,-86.525398,87,-6.0,A,Valparaiso,United States
"2018-10-27",1654,1700,-6,1843,1856,-13,YV,N89357,6045,VPS,IAH,88,109,528,0,0,VPS,Destin-Ft Walton Beach Airport,30.4832,-86.525398,87,-6.0,A,Valparaiso,United States
"2018-10-27",1658,1702,-4,1821,1827,-6,MQ,N935AE,3861,TLH,MIA,63,83,402,0,0,TLH,Tallahassee Regional Airport,30.396499633789062,-84.35030364990234,81,-5.0,A,Tallahassee,United States
"2018-10-27",1652,1705,-13,1852,1900,-8,EV,N15986,4037,ECP,IAH,95,120,572,0,0,ECP,Northwest Florida Beaches International Airport,30.357106,-85.795414,69,-6.0,A,Panama City,United States
"2018-10-27",1701,1700,1,1816,1820,-4,WN,N734SA,3902,PNS,BNA,63,75,391,0,0,PNS,Pensacola Regional Airport,30.473400115967,-87.186599731445,121,-6.0,A,Pensacola,United States
"2018-10-27",1736,1743,-7,2014,2030,-16,MQ,N685AE,3427,PNS,MIA,79,98,530,0,0,PNS,Pensacola Regional Airport,30.473400115967,-87.186599731445,121,-6.0,A,Pensacola,United States
"2018-10-27",1750,1759,-9,1952,2011,-19,DL,N901DE,1403,ECP,ATL,43,62,240,0,0,ECP,Northwest Florida Beaches International Airport,30.357106,-85.795414,69,-6.0,A,Panama City,United States
"2018-10-27",1754,1759,-5,1909,1906,3,DL,N989DL,1786,TLH,ATL,52,75,223,0,0,TLH,Tallahassee Regional Airport,30.396499633789062,-84.35030364990234,81,-5.0,A,Tallahassee,United States
"2018-10-27",1759,1806,-7,2008,2028,-20,DL,N603AT,1167,VPS,ATL,46,69,250,0,0,VPS,Destin-Ft Walton Beach Airport,30.4832,-86.525398,87,-6.0,A,Valparaiso,United States
"2018-10-27",1802,1805,-3,2100,2106,-6,G4,"326NV",1425,VPS,PIT,96,118,775,0,0,VPS,Destin-Ft Walton Beach Airport,30.4832,-86.525398,87,-6.0,A,Valparaiso,United States
"2018-10-27",1919,1852,27,2138,2135,3,OH,N502AE,5463,PNS,CLT,67,79,488,0,0,PNS,Pensacola Regional Airport,30.473400115967,-87.186599731445,121,-6.0,A,Pensacola,United States
"2018-10-27",1904,1845,19,2047,2035,12,WN,N7814B,5270,ECP,HOU,90,103,571,0,0,ECP,Northwest Florida Beaches International Airport,30.357106,-85.795414,69,-6.0,A,Panama City,United States
"2018-10-27",1845,1855,-10,2116,2135,-19,OH,N709PS,5709,VPS,CLT,61,91,460,0,0,VPS,Destin-Ft Walton Beach Airport,30.4832,-86.525398,87,-6.0,A,Valparaiso,United States
"2018-10-27",1842,1850,-8,2014,2029,-15,YV,N85320,6036,PNS,IAH,78,92,489,0,0,PNS,Pensacola Regional Airport,30.473400115967,-87.186599731445,121,-6.0,A,Pensacola,United States
"2018-10-27",1919,1928,-9,2035,2050,-15,MQ,N673AE,3844,TLH,MIA,62,76,402,0,0,TLH,Tallahassee Regional Airport,30.396499633789062,-84.35030364990234,81,-5.0,A,Tallahassee,United States
"2018-10-28",1427,1436,-9,1628,1640,-12,DL,N950DL,2506,ECP,ATL,41,61,240,0,0,ECP,Northwest Florida Beaches International Airport,30.357106,-85.795414,69,-6.0,A,Panama City,United States
"2018-10-28",,609,,,851,,EV,N719EV,2899,ECP,CLT,,,437,1,0,ECP,Northwest Florida Beaches International Airport,30.357106,-85.795414,69,-6.0,A,Panama City,United States
"2018-10-28",628,634,-6,906,915,-9,OH,N558NN,5623,VPS,CLT,68,98,460,0,0,VPS,Destin-Ft Walton Beach Airport,30.4832,-86.525398,87,-6.0,A,Valparaiso,United States
"2018-10-28",655,700,-5,832,842,-10,YV,N80343,6262,PNS,IAH,81,97,489,0,0,PNS,Pensacola Regional Airport,30.473400115967,-87.186599731445,121,-6.0,A,Pensacola,United States
"2018-10-28",652,700,-8,859,908,-9,AA,N7541A,2453,PNS,DFW,90,127,604,0,0,PNS,Pensacola Regional Airport,30.473400115967,-87.186599731445,121,-6.0,A,Pensacola,United States
"2018-10-28",712,715,-3,913,926,-13,DL,N912DE,955,VPS,ATL,41,61,250,0,0,VPS,Destin-Ft Walton Beach Airport,30.4832,-86.525398,87,-6.0,A,Valparaiso,United States
"2018-10-28",718,721,-3,920,929,-9,YX,N411YX,4626,TLH,DCA,102,122,716,0,0,TLH,Tallahassee Regional Airport,30.396499633789062,-84.35030364990234,81,-5.0,A,Tallahassee,United States
"2018-10-28",716,730,-14,919,937,-18,G4,"309NV",1908,VPS,OKC,108,123,726,0,0,VPS,Destin-Ft Walton Beach Airport,30.4832,-86.525398,87,-6.0,A,Valparaiso,United States
"2018-10-28",741,749,-8,856,916,-20,MQ,N235NN,4116,TLH,DFW,118,135,767,0,0,TLH,Tallahassee Regional Airport,30.396499633789062,-84.35030364990234,81,-5.0,A,Tallahassee,United States
"2018-10-28",940,947,-7,1142,1149,-7,DL,N998DL,2029,ECP,ATL,42,62,240,0,0,ECP,Northwest Florida Beaches International Airport,30.357106,-85.795414,69,-6.0,A,Panama City,United States
"2018-10-28",1033,1034,-1,1248,1249,-1,DL,N948DL,2716,VPS,ATL,44,75,250,0,0,VPS,Destin-Ft Walton Beach Airport,30.4832,-86.525398,87,-6.0,A,Valparaiso,United States
"2018-10-28",1101,1105,-4,1253,1300,-7,WN,N7725A,5084,ECP,DAL,100,112,674,0,0,ECP,Northwest Florida Beaches International Airport,30.357106,-85.795414,69,-6.0,A,Panama City,United States
"2018-10-28",1112,1115,-3,1321,1332,-11,DL,N557NW,2179,PNS,ATL,46,69,271,0,0,PNS,Pensacola Regional Airport,30.473400115967,-87.186599731445,121,-6.0,A,Pensacola,United States
"2018-10-28",1116,1120,-4,1247,1255,-8,WN,N268WN,2565,PNS,HOU,77,91,488,0,0,PNS,Pensacola Regional Airport,30.473400115967,-87.186599731445,121,-6.0,A,Pensacola,United States
"2018-10-28",1140,1150,-10,1314,1340,-26,EV,N12135,4107,PNS,IAH,77,94,489,0,0,PNS,Pensacola Regional Airport,30.473400115967,-87.186599731445,121,-6.0,A,Pensacola,United States
"2018-10-28",1238,1244,-6,1557,1559,-2,MQ,N235NN,3822,PNS,DCA,117,139,816,0,0,PNS,Pensacola Regional Airport,30.473400115967,-87.186599731445,121,-6.0,A,Pensacola,United States
"2018-10-28",1237,1245,-8,1347,1359,-12,DL,N945AT,489,TLH,ATL,46,70,223,0,0,TLH,Tallahassee Regional Airport,30.396499633789062,-84.35030364990234,81,-5.0,A,Tallahassee,United States
"2018-10-28",1342,1245,57,1608,1531,37,OH,N599NN,5298,PNS,CLT,71,86,488,0,0,PNS,Pensacola Regional Airport,30.473400115967,-87.186599731445,121,-6.0,A,Pensacola,United States
"2018-10-28",1318,1327,-9,1530,1536,-6,YV,N917FJ,5740,VPS,DFW,100,132,641,0,0,VPS,Destin-Ft Walton Beach Airport,30.4832,-86.525398,87,-6.0,A,Valparaiso,United States
"2018-10-28",653,1420,993,939,1651,1008,EV,N15574,4103,PNS,ORD,132,166,794,0,0,PNS,Pensacola Regional Airport,30.473400115967,-87.186599731445,121,-6.0,A,Pensacola,United States
"2018-10-28",1419,1425,-6,1605,1615,-10,WN,N7814B,4226,ECP,HOU,93,106,571,0,0,ECP,Northwest Florida Beaches International Airport,30.357106,-85.795414,69,-6.0,A,Panama City,United States
"2018-10-28",1426,1428,-2,1710,1714,-4,OH,N567NN,5500,VPS,CLT,76,104,460,0,0,VPS,Destin-Ft Walton Beach Airport,30.4832,-86.525398,87,-6.0,A,Valparaiso,United States
"2018-10-28",1427,1432,-5,1632,1643,-11,DL,N922DL,2873,VPS,ATL,41,65,250,0,0,VPS,Destin-Ft Walton Beach Airport,30.4832,-86.525398,87,-6.0,A,Valparaiso,United States
"2018-10-28",558,600,-2,759,807,-8,DL,N953DL,2714,VPS,ATL,43,61,250,0,0,VPS,Destin-Ft Walton Beach Airport,30.4832,-86.525398,87,-6.0,A,Valparaiso,United States
"2018-10-28",600,600,0,721,725,-4,OH,N708PS,5584,TLH,CLT,59,81,386,0,0,TLH,Tallahassee Regional Airport,30.396499633789062,-84.35030364990234,81,-5.0,A,Tallahassee,United States
"2018-10-28",559,601,-2,855,844,11,OH,N563NN,5353,PNS,CLT,72,116,488,0,0,PNS,Pensacola Regional Airport,30.473400115967,-87.186599731445,121,-6.0,A,Pensacola,United States
"2018-10-28",600,602,-2,841,847,-6,MQ,N650AE,3508,PNS,MIA,78,101,530,0,0,PNS,Pensacola Regional Airport,30.473400115967,-87.186599731445,121,-6.0,A,Pensacola,United States
"2018-10-28",607,614,-7,919,929,-10,OH,N508AE,5082,PNS,DCA,117,132,816,0,0,PNS,Pensacola Regional Airport,30.473400115967,-87.186599731445,121,-6.0,A,Pensacola,United States
"2018-10-28",622,630,-8,830,839,-9,DL,N977DL,1234,PNS,ATL,45,68,271,0,0,PNS,Pensacola Regional Airport,30.473400115967,-87.186599731445,121,-6.0,A,Pensacola,United States
"2018-10-28",626,630,-4,732,734,-2,DL,N980DL,1520,TLH,ATL,44,66,223,0,0,TLH,Tallahassee Regional Airport,30.396499633789062,-84.35030364990234,81,-5.0,A,Tallahassee,United States
"2018-10-28",722,630,52,908,832,36,EV,N13975,3979,ECP,IAH,87,106,572,0,0,ECP,Northwest Florida Beaches International Airport,30.357106,-85.795414,69,-6.0,A,Panama City,United States
"2018-10-28",648,700,-12,850,901,-11,G4,"228NV",1992,VPS,AUS,96,122,666,0,0,VPS,Destin-Ft Walton Beach Airport,30.4832,-86.525398,87,-6.0,A,Valparaiso,United States
"2018-10-28",735,701,34,945,920,25,EV,N719EV,2889,ECP,DFW,97,130,685,0,0,ECP,Northwest Florida Beaches International Airport,30.357106,-85.795414,69,-6.0,A,Panama City,United States
"2018-10-28",735,735,0,900,845,15,DL,N959DL,763,TLH,ATL,48,85,223,0,0,TLH,Tallahassee Regional Airport,30.396499633789062,-84.35030364990234,81,-5.0,A,Tallahassee,United States
"2018-10-28",727,735,-8,933,947,-14,DL,N997DL,1078,PNS,ATL,44,66,271,0,0,PNS,Pensacola Regional Airport,30.473400115967,-87.186599731445,121,-6.0,A,Pensacola,United States
"2018-10-28",903,905,-2,1053,1104,-11,EV,N36915,4310,VPS,IAH,85,110,528,0,0,VPS,Destin-Ft Walton Beach Airport,30.4832,-86.525398,87,-6.0,A,Valparaiso,United States
"2018-10-28",858,907,-9,1209,1156,13,OH,N568NN,5237,PNS,CLT,75,131,488,0,0,PNS,Pensacola Regional Airport,30.473400115967,-87.186599731445,121,-6.0,A,Pensacola,United States
"2018-10-28",910,915,-5,1026,1035,-9,WN,N481WN,5031,PNS,BNA,64,76,391,0,0,PNS,Pensacola Regional Airport,30.473400115967,-87.186599731445,121,-6.0,A,Pensacola,United States
"2018-10-28",909,916,-7,1120,1127,-7,DL,N916DE,2212,PNS,ATL,52,71,271,0,0,PNS,Pensacola Regional Airport,30.473400115967,-87.186599731445,121,-6.0,A,Pensacola,United States
"2018-10-28",937,925,12,1052,1045,7,WN,N556WN,3679,ECP,BNA,66,75,401,0,0,ECP,Northwest Florida Beaches International Airport,30.357106,-85.795414,69,-6.0,A,Panama City,United States
"2018-10-28",935,933,2,1137,1149,-12,AA,N9619V,1538,VPS,DFW,95,122,641,0,0,VPS,Destin-Ft Walton Beach Airport,30.4832,-86.525398,87,-6.0,A,Valparaiso,United States
"2018-10-28",938,941,-3,1222,1225,-3,OH,N559NN,5564,VPS,CLT,80,104,460,0,0,VPS,Destin-Ft Walton Beach Airport,30.4832,-86.525398,87,-6.0,A,Valparaiso,United States
"2018-10-28",1053,1038,15,1332,1320,12,MQ,N694AE,3733,PNS,MIA,80,99,530,0,0,PNS,Pensacola Regional Airport,30.473400115967,-87.186599731445,121,-6.0,A,Pensacola,United States
"2018-10-28",1050,1054,-4,1415,1408,7,YX,N446YX,4609,VPS,DCA,111,145,789,0,0,VPS,Destin-Ft Walton Beach Airport,30.4832,-86.525398,87,-6.0,A,Valparaiso,United States
"2018-10-28",1049,1055,-6,1228,1228,0,OH,N569NN,5272,TLH,CLT,64,99,386,0,0,TLH,Tallahassee Regional Airport,30.396499633789062,-84.35030364990234,81,-5.0,A,Tallahassee,United States
"2018-10-28",1156,1200,-4,1409,1409,0,DL,N991DL,1733,ECP,ATL,50,73,240,0,0,ECP,Northwest Florida Beaches International Airport,30.357106,-85.795414,69,-6.0,A,Panama City,United States
"2018-10-28",1207,1211,-4,1431,1423,8,F9,N228FR,641,PNS,DEN,177,204,1179,0,0,PNS,Pensacola Regional Airport,30.473400115967,-87.186599731445,121,-6.0,A,Pensacola,United States
"2018-10-28",1219,1231,-12,1333,1355,-22,MQ,N935AE,3663,TLH,MIA,62,74,402,0,0,TLH,Tallahassee Regional Airport,30.396499633789062,-84.35030364990234,81,-5.0,A,Tallahassee,United States
"2018-10-28",,1248,,,1506,,EV,N738EV,2876,ECP,DFW,,,685,1,0,ECP,Northwest Florida Beaches International Airport,30.357106,-85.795414,69,-6.0,A,Panama City,United States
"2018-10-28",1238,1248,-10,1427,1432,-5,G4,"228NV",1902,VPS,BLV,87,109,587,0,0,VPS,Destin-Ft Walton Beach Airport,30.4832,-86.525398,87,-6.0,A,Valparaiso,United States
"2018-10-28",1304,1318,-14,1540,1600,-20,G4,"309NV",1918,VPS,SDF,73,96,532,0,0,VPS,Destin-Ft Walton Beach Airport,30.4832,-86.525398,87,-6.0,A,Valparaiso,United States
"2018-10-28",1328,1331,-3,1536,1545,-9,DL,N916DE,1353,PNS,ATL,47,68,271,0,0,PNS,Pensacola Regional Airport,30.473400115967,-87.186599731445,121,-6.0,A,Pensacola,United States
"2018-10-28",1327,1333,-6,1530,1534,-4,MQ,N247NN,3488,PNS,DFW,99,123,604,0,0,PNS,Pensacola Regional Airport,30.473400115967,-87.186599731445,121,-6.0,A,Pensacola,United States
"2018-10-28",1805,1455,190,1951,1657,174,EV,N13538,4134,ECP,IAH,91,106,572,0,0,ECP,Northwest Florida Beaches International Airport,30.357106,-85.795414,69,-6.0,A,Panama City,United States
"2018-10-28",,1457,,,1744,,EV,N600QX,2880,ECP,CLT,,,437,1,0,ECP,Northwest Florida Beaches International Airport,30.357106,-85.795414,69,-6.0,A,Panama City,United States
"2018-10-28",1458,1505,-7,1645,1704,-19,EV,N16178,4165,VPS,IAH,84,107,528,0,0,VPS,Destin-Ft Walton Beach Airport,30.4832,-86.525398,87,-6.0,A,Valparaiso,United States
"2018-10-28",1517,1520,-3,1701,1710,-9,EV,N11565,4142,PNS,IAH,80,104,489,0,0,PNS,Pensacola Regional Airport,30.473400115967,-87.186599731445,121,-6.0,A,Pensacola,United States
"2018-10-28",1549,1555,-6,1806,1813,-7,DL,N901DE,1270,PNS,ATL,49,77,271,0,0,PNS,Pensacola Regional Airport,30.473400115967,-87.186599731445,121,-6.0,A,Pensacola,United States
"2018-10-28",1532,1527,5,1700,1705,-5,OH,N594NN,5662,TLH,CLT,65,88,386,0,0,TLH,Tallahassee Regional Airport,30.396499633789062,-84.35030364990234,81,-5.0,A,Tallahassee,United States
"2018-10-28",1525,1528,-3,1719,1734,-15,AA,N970TW,2389,PNS,DFW,91,114,604,0,0,PNS,Pensacola Regional Airport,30.473400115967,-87.186599731445,121,-6.0,A,Pensacola,United States
"2018-10-28",1613,1614,-1,1855,1859,-4,YX,N107HQ,4553,PNS,CLT,79,102,488,0,0,PNS,Pensacola Regional Airport,30.473400115967,-87.186599731445,121,-6.0,A,Pensacola,United States
"2018-10-28",1558,1558,0,1709,1707,2,DL,N988DN,1399,TLH,ATL,49,71,223,0,0,TLH,Tallahassee Regional Airport,30.396499633789062,-84.35030364990234,81,-5.0,A,Tallahassee,United States
"2018-10-28",1558,1600,-2,1807,1813,-6,DL,N982DL,2802,VPS,ATL,45,69,250,0,0,VPS,Destin-Ft Walton Beach Airport,30.4832,-86.525398,87,-6.0,A,Valparaiso,United States
"2018-10-28",1604,1605,-1,1718,1725,-7,WN,N555LV,5989,ECP,BNA,63,74,401,0,0,ECP,Northwest Florida Beaches International Airport,30.357106,-85.795414,69,-6.0,A,Panama City,United States
"2018-10-28",1620,1627,-7,1947,2004,-17,YX,N117HQ,4537,PNS,PHL,126,147,935,0,0,PNS,Pensacola Regional Airport,30.473400115967,-87.186599731445,121,-6.0,A,Pensacola,United States
"2018-10-28",1640,1640,0,1754,1805,-11,MQ,N240NN,4069,TLH,DFW,117,134,767,0,0,TLH,Tallahassee Regional Airport,30.396499633789062,-84.35030364990234,81,-5.0,A,Tallahassee,United States
"2018-10-28",1659,1702,-3,1820,1827,-7,MQ,N697AB,3861,TLH,MIA,62,81,402,0,0,TLH,Tallahassee Regional Airport,30.396499633789062,-84.35030364990234,81,-5.0,A,Tallahassee,United States
"2018-10-28",1731,1743,-12,2009,2030,-21,MQ,N673AE,3427,PNS,MIA,81,98,530,0,0,PNS,Pensacola Regional Airport,30.473400115967,-87.186599731445,121,-6.0,A,Pensacola,United States
"2018-10-28",1754,1756,-2,1907,1911,-4,DL,N997AT,1748,TLH,ATL,45,73,223,0,0,TLH,Tallahassee Regional Airport,30.396499633789062,-84.35030364990234,81,-5.0,A,Tallahassee,United States
"2018-10-28",1742,1751,-9,1936,1944,-8,G4,"228NV",1912,VPS,SGF,95,114,610,0,0,VPS,Destin-Ft Walton Beach Airport,30.4832,-86.525398,87,-6.0,A,Valparaiso,United States
"2018-10-28",1753,1759,-6,2002,2013,-11,DL,N943DL,1403,ECP,ATL,43,69,240,0,0,ECP,Northwest Florida Beaches International Airport,30.357106,-85.795414,69,-6.0,A,Panama City,United States
"2018-10-28",1751,1759,-8,2006,2016,-10,DL,N973DL,1814,PNS,ATL,49,75,271,0,0,PNS,Pensacola Regional Airport,30.473400115967,-87.186599731445,121,-6.0,A,Pensacola,United States
"2018-10-28",1803,1806,-3,2015,2030,-15,DL,N905DL,1167,VPS,ATL,47,72,250,0,0,VPS,Destin-Ft Walton Beach Airport,30.4832,-86.525398,87,-6.0,A,Valparaiso,United States
"2018-10-28",1813,1821,-8,1930,1938,-8,G4,"309NV",1910,VPS,BNA,62,77,389,0,0,VPS,Destin-Ft Walton Beach Airport,30.4832,-86.525398,87,-6.0,A,Valparaiso,United States
"2018-10-28",1839,1850,-11,2014,2033,-19,YV,N88335,6036,PNS,IAH,75,95,489,0,0,PNS,Pensacola Regional Airport,30.473400115967,-87.186599731445,121,-6.0,A,Pensacola,United States
"2018-10-28",1934,1915,19,2126,2120,6,MQ,N241NN,3877,PNS,DFW,96,112,604,0,0,PNS,Pensacola Regional Airport,30.473400115967,-87.186599731445,121,-6.0,A,Pensacola,United States
"2018-10-28",1845,1852,-7,2137,2135,2,OH,N504AE,5463,PNS,CLT,85,112,488,0,0,PNS,Pensacola Regional Airport,30.473400115967,-87.186599731445,121,-6.0,A,Pensacola,United States
"2018-10-28",1848,1855,-7,2130,2135,-5,OH,N584NN,5709,VPS,CLT,75,102,460,0,0,VPS,Destin-Ft Walton Beach Airport,30.4832,-86.525398,87,-6.0,A,Valparaiso,United States
"2018-10-28",1925,1900,25,2040,2020,20,WN,N948WN,5317,PNS,BNA,63,75,391,0,0,PNS,Pensacola Regional Airport,30.473400115967,-87.186599731445,121,-6.0,A,Pensacola,United States
"2018-10-28",1905,1910,-5,2022,2030,-8,WN,N7814B,3780,ECP,BNA,64,77,401,0,0,ECP,Northwest Florida Beaches International Airport,30.357106,-85.795414,69,-6.0,A,Panama City,United States
"2018-10-28",1907,1919,-12,2123,2130,-7,YV,N927LR,5906,VPS,DFW,101,136,641,0,0,VPS,Destin-Ft Walton Beach Airport,30.4832,-86.525398,87,-6.0,A,Valparaiso,United States
"2018-10-28",1930,1928,2,2050,2050,0,MQ,N931AE,3844,TLH,MIA,62,80,402,0,0,TLH,Tallahassee Regional Airport,30.396499633789062,-84.35030364990234,81,-5.0,A,Tallahassee,United States
"2018-10-28",2124,2011,73,2244,2142,62,YX,N110HQ,4660,TLH,CLT,61,80,386,0,0,TLH,Tallahassee Regional Airport,30.396499633789062,-84.35030364990234,81,-5.0,A,Tallahassee,United States
"2018-10-29",555,600,-5,806,807,-1,DL,N946DL,2714,VPS,ATL,44,71,250,0,0,VPS,Destin-Ft Walton Beach Airport,30.4832,-86.525398,87,-6.0,A,Valparaiso,United States
"2018-10-29",540,545,-5,641,650,-9,DL,N963DL,708,TLH,ATL,43,61,223,0,0,TLH,Tallahassee Regional Airport,30.396499633789062,-84.35030364990234,81,-5.0,A,Tallahassee,United States
"2018-10-29",556,600,-4,704,725,-21,OH,N723PS,5584,TLH,CLT,55,68,386,0,0,TLH,Tallahassee Regional Airport,30.396499633789062,-84.35030364990234,81,-5.0,A,Tallahassee,United States
"2018-10-29",607,614,-7,920,929,-9,OH,N545PB,5082,PNS,DCA,110,133,816,0,0,PNS,Pensacola Regional Airport,30.473400115967,-87.186599731445,121,-6.0,A,Pensacola,United States
"2018-10-29",555,601,-6,834,844,-10,OH,N547NN,5353,PNS,CLT,72,99,488,0,0,PNS,Pensacola Regional Airport,30.473400115967,-87.186599731445,121,-6.0,A,Pensacola,United States
"2018-10-29",554,602,-8,831,847,-16,MQ,N685AE,3508,PNS,MIA,80,97,530,0,0,PNS,Pensacola Regional Airport,30.473400115967,-87.186599731445,121,-6.0,A,Pensacola,United States
"2018-10-29",,609,,,851,,EV,N617QX,2899,ECP,CLT,,,437,1,0,ECP,Northwest Florida Beaches International Airport,30.357106,-85.795414,69,-6.0,A,Panama City,United States
"2018-10-29",623,630,-7,827,839,-12,DL,N987DL,1234,PNS,ATL,46,64,271,0,0,PNS,Pensacola Regional Airport,30.473400115967,-87.186599731445,121,-6.0,A,Pensacola,United States
"2018-10-29",833,630,123,1029,832,117,EV,N21537,3979,ECP,IAH,93,116,572,0,0,ECP,Northwest Florida Beaches International Airport,30.357106,-85.795414,69,-6.0,A,Panama City,United States
"2018-10-29",631,634,-3,917,915,2,OH,N567NN,5623,VPS,CLT,63,106,460,0,0,VPS,Destin-Ft Walton Beach Airport,30.4832,-86.525398,87,-6.0,A,Valparaiso,United States
"2018-10-29",1550,1555,-5,1758,1813,-15,DL,N958DL,1270,PNS,ATL,46,68,271,0,0,PNS,Pensacola Regional Airport,30.473400115967,-87.186599731445,121,-6.0,A,Pensacola,United States
"2018-10-29",652,700,-8,801,803,-2,DL,N958DL,496,TLH,ATL,48,69,223,0,0,TLH,Tallahassee Regional Airport,30.396499633789062,-84.35030364990234,81,-5.0,A,Tallahassee,United States
"2018-10-29",708,700,8,1010,952,18,G4,"228NV",1916,VPS,LCK,103,122,675,0,0,VPS,Destin-Ft Walton Beach Airport,30.4832,-86.525398,87,-6.0,A,Valparaiso,United States
"2018-10-29",653,700,-7,840,842,-2,YV,N89349,6262,PNS,IAH,82,107,489,0,0,PNS,Pensacola Regional Airport,30.473400115967,-87.186599731445,121,-6.0,A,Pensacola,United States
"2018-10-29",659,700,-1,919,919,0,AA,N9681B,1538,VPS,DFW,104,140,641,0,0,VPS,Destin-Ft Walton Beach Airport,30.4832,-86.525398,87,-6.0,A,Valparaiso,United States
"2018-10-29",654,700,-6,848,908,-20,AA,N9628W,2453,PNS,DFW,92,114,604,0,0,PNS,Pensacola Regional Airport,30.473400115967,-87.186599731445,121,-6.0,A,Pensacola,United States
"2018-10-29",734,735,-1,938,947,-9,DL,N966DL,1078,PNS,ATL,47,64,271,0,0,PNS,Pensacola Regional Airport,30.473400115967,-87.186599731445,121,-6.0,A,Pensacola,United States
"2018-10-29",741,749,-8,852,916,-24,MQ,N255NN,4116,TLH,DFW,116,131,767,0,0,TLH,Tallahassee Regional Airport,30.396499633789062,-84.35030364990234,81,-5.0,A,Tallahassee,United States
"2018-10-29",746,750,-4,907,910,-3,WN,N712SW,1615,PNS,BNA,66,81,391,0,0,PNS,Pensacola Regional Airport,30.473400115967,-87.186599731445,121,-6.0,A,Pensacola,United States
"2018-10-29",941,935,6,1135,1110,25,WN,N7701B,2229,PNS,HOU,77,114,488,0,0,PNS,Pensacola Regional Airport,30.473400115967,-87.186599731445,121,-6.0,A,Pensacola,United States
"2018-10-29",1015,1020,-5,1128,1128,0,"9E",N929XJ,3281,TLH,ATL,47,73,223,0,0,TLH,Tallahassee Regional Airport,30.396499633789062,-84.35030364990234,81,-5.0,A,Tallahassee,United States
"2018-10-29",1030,1034,-4,1238,1249,-11,DL,N918DE,2716,VPS,ATL,47,68,250,0,0,VPS,Destin-Ft Walton Beach Airport,30.4832,-86.525398,87,-6.0,A,Valparaiso,United States
"2018-10-29",1045,1054,-9,1422,1408,14,YX,N413YX,4609,VPS,DCA,110,157,789,0,0,VPS,Destin-Ft Walton Beach Airport,30.4832,-86.525398,87,-6.0,A,Valparaiso,United States
"2018-10-29",1057,1055,2,1226,1228,-2,OH,N566NN,5272,TLH,CLT,63,89,386,0,0,TLH,Tallahassee Regional Airport,30.396499633789062,-84.35030364990234,81,-5.0,A,Tallahassee,United States
"2018-10-29",1057,1100,-3,1214,1220,-6,WN,N8303R,5774,ECP,BNA,64,77,401,0,0,ECP,Northwest Florida Beaches International Airport,30.357106,-85.795414,69,-6.0,A,Panama City,United States
"2018-10-29",1156,1200,-4,1404,1412,-8,DL,N966DL,1733,ECP,ATL,45,68,240,0,0,ECP,Northwest Florida Beaches International Airport,30.357106,-85.795414,69,-6.0,A,Panama City,United States
"2018-10-29",1228,1225,3,1519,1513,6,G4,"228NV",1900,VPS,CVG,93,111,600,0,0,VPS,Destin-Ft Walton Beach Airport,30.4832,-86.525398,87,-6.0,A,Valparaiso,United States
"2018-10-29",1223,1231,-8,1342,1355,-13,MQ,N680AE,3663,TLH,MIA,60,79,402,0,0,TLH,Tallahassee Regional Airport,30.396499633789062,-84.35030364990234,81,-5.0,A,Tallahassee,United States
"2018-10-29",1240,1248,-8,1440,1506,-26,EV,N615QX,2876,ECP,DFW,98,120,685,0,0,ECP,Northwest Florida Beaches International Airport,30.357106,-85.795414,69,-6.0,A,Panama City,United States
"2018-10-29",,1327,,,1536,,YV,"",5740,VPS,DFW,,,641,1,0,VPS,Destin-Ft Walton Beach Airport,30.4832,-86.525398,87,-6.0,A,Valparaiso,United States
"2018-10-29",1326,1333,-7,1523,1534,-11,MQ,N228NN,3488,PNS,DFW,92,117,604,0,0,PNS,Pensacola Regional Airport,30.473400115967,-87.186599731445,121,-6.0,A,Pensacola,United States
"2018-10-29",1412,1420,-8,1658,1651,7,EV,N15980,4103,PNS,ORD,130,166,794,0,0,PNS,Pensacola Regional Airport,30.473400115967,-87.186599731445,121,-6.0,A,Pensacola,United States
"2018-10-29",1422,1428,-6,1708,1714,-6,OH,N549NN,5500,VPS,CLT,74,106,460,0,0,VPS,Destin-Ft Walton Beach Airport,30.4832,-86.525398,87,-6.0,A,Valparaiso,United States
"2018-10-29",1428,1432,-4,1639,1644,-5,DL,N949DL,2873,VPS,ATL,47,71,250,0,0,VPS,Destin-Ft Walton Beach Airport,30.4832,-86.525398,87,-6.0,A,Valparaiso,United States
"2018-10-29",1455,1505,-10,1641,1704,-23,EV,N21537,4165,VPS,IAH,90,106,528,0,0,VPS,Destin-Ft Walton Beach Airport,30.4832,-86.525398,87,-6.0,A,Valparaiso,United States
"2018-10-29",1525,1527,-2,1649,1705,-16,OH,N555NN,5662,TLH,CLT,59,84,386,0,0,TLH,Tallahassee Regional Airport,30.396499633789062,-84.35030364990234,81,-5.0,A,Tallahassee,United States
"2018-10-29",1553,1558,-5,1708,1707,1,DL,N607AT,1399,TLH,ATL,50,75,223,0,0,TLH,Tallahassee Regional Airport,30.396499633789062,-84.35030364990234,81,-5.0,A,Tallahassee,United States
"2018-10-29",716,701,15,923,920,3,EV,N600QX,2889,ECP,DFW,108,127,685,0,0,ECP,Northwest Florida Beaches International Airport,30.357106,-85.795414,69,-6.0,A,Panama City,United States
"2018-10-29",712,715,-3,920,926,-6,DL,N938DL,955,VPS,ATL,48,68,250,0,0,VPS,Destin-Ft Walton Beach Airport,30.4832,-86.525398,87,-6.0,A,Valparaiso,United States
"2018-10-29",720,721,-1,919,929,-10,YX,N445YX,4626,TLH,DCA,98,119,716,0,0,TLH,Tallahassee Regional Airport,30.396499633789062,-84.35030364990234,81,-5.0,A,Tallahassee,United States
"2018-10-29",749,750,-1,904,910,-6,WN,N7729A,716,ECP,BNA,64,75,401,0,0,ECP,Northwest Florida Beaches International Airport,30.357106,-85.795414,69,-6.0,A,Panama City,United States
"2018-10-29",855,905,-10,1048,1104,-16,EV,N16541,4310,VPS,IAH,91,113,528,0,0,VPS,Destin-Ft Walton Beach Airport,30.4832,-86.525398,87,-6.0,A,Valparaiso,United States
"2018-10-29",858,907,-9,1147,1156,-9,OH,N568NN,5237,PNS,CLT,71,109,488,0,0,PNS,Pensacola Regional Airport,30.473400115967,-87.186599731445,121,-6.0,A,Pensacola,United States
"2018-10-29",858,916,-18,1105,1127,-22,DL,N947DL,2212,PNS,ATL,46,67,271,0,0,PNS,Pensacola Regional Airport,30.473400115967,-87.186599731445,121,-6.0,A,Pensacola,United States
"2018-10-29",928,930,-2,1127,1115,12,WN,N7814B,1281,ECP,HOU,87,119,571,0,0,ECP,Northwest Florida Beaches International Airport,30.357106,-85.795414,69,-6.0,A,Panama City,United States
"2018-10-29",922,933,-11,1124,1144,-20,YV,N926LR,5725,VPS,DFW,100,122,641,0,0,VPS,Destin-Ft Walton Beach Airport,30.4832,-86.525398,87,-6.0,A,Valparaiso,United States
"2018-10-29",940,941,-1,1223,1225,-2,OH,N562NN,5564,VPS,CLT,71,103,460,0,0,VPS,Destin-Ft Walton Beach Airport,30.4832,-86.525398,87,-6.0,A,Valparaiso,United States
"2018-10-29",944,947,-3,1141,1149,-8,DL,N974DL,2029,ECP,ATL,42,57,240,0,0,ECP,Northwest Florida Beaches International Airport,30.357106,-85.795414,69,-6.0,A,Panama City,United States
"2018-10-29",1027,1038,-11,1257,1320,-23,MQ,N931AE,3733,PNS,MIA,78,90,530,0,0,PNS,Pensacola Regional Airport,30.473400115967,-87.186599731445,121,-6.0,A,Pensacola,United States
"2018-10-29",1111,1115,-4,1318,1332,-14,DL,N689DL,2179,PNS,ATL,46,67,271,0,0,PNS,Pensacola Regional Airport,30.473400115967,-87.186599731445,121,-6.0,A,Pensacola,United States
"2018-10-29",1153,1150,3,1339,1340,-1,EV,N12563,4107,PNS,IAH,79,106,489,0,0,PNS,Pensacola Regional Airport,30.473400115967,-87.186599731445,121,-6.0,A,Pensacola,United States
"2018-10-29",1248,1244,4,1619,1559,20,MQ,N230NN,3822,PNS,DCA,137,151,816,0,0,PNS,Pensacola Regional Airport,30.473400115967,-87.186599731445,121,-6.0,A,Pensacola,United States
"2018-10-29",1256,1245,11,1416,1359,17,DL,N954AT,489,TLH,ATL,44,80,223,0,0,TLH,Tallahassee Regional Airport,30.396499633789062,-84.35030364990234,81,-5.0,A,Tallahassee,United States
"2018-10-29",1242,1245,-3,1523,1531,-8,OH,N572NN,5298,PNS,CLT,71,101,488,0,0,PNS,Pensacola Regional Airport,30.473400115967,-87.186599731445,121,-6.0,A,Pensacola,United States
"2018-10-29",1323,1331,-8,1531,1545,-14,DL,N912DE,1353,PNS,ATL,45,68,271,0,0,PNS,Pensacola Regional Airport,30.473400115967,-87.186599731445,121,-6.0,A,Pensacola,United States
"2018-10-29",1428,1436,-8,1632,1643,-11,DL,N912DL,2506,ECP,ATL,44,64,240,0,0,ECP,Northwest Florida Beaches International Airport,30.357106,-85.795414,69,-6.0,A,Panama City,United States
"2018-10-29",1455,1455,0,1647,1657,-10,EV,N24103,4134,ECP,IAH,91,112,572,0,0,ECP,Northwest Florida Beaches International Airport,30.357106,-85.795414,69,-6.0,A,Panama City,United States
"2018-10-29",1526,1457,29,1757,1744,13,EV,N608QX,2880,ECP,CLT,65,91,437,0,0,ECP,Northwest Florida Beaches International Airport,30.357106,-85.795414,69,-6.0,A,Panama City,United States
"2018-10-29",1507,1520,-13,1643,1710,-27,EV,N11109,4142,PNS,IAH,82,96,489,0,0,PNS,Pensacola Regional Airport,30.473400115967,-87.186599731445,121,-6.0,A,Pensacola,United States
"2018-10-29",1520,1528,-8,1728,1734,-6,AA,N971TW,2389,PNS,DFW,99,128,604,0,0,PNS,Pensacola Regional Airport,30.473400115967,-87.186599731445,121,-6.0,A,Pensacola,United States
"2018-10-29",1611,1614,-3,1858,1859,-1,YX,N128HQ,4553,PNS,CLT,73,107,488,0,0,PNS,Pensacola Regional Airport,30.473400115967,-87.186599731445,121,-6.0,A,Pensacola,United States
"2018-10-29",1618,1627,-9,1956,2004,-8,YX,N118HQ,4537,PNS,PHL,140,158,935,0,0,PNS,Pensacola Regional Airport,30.473400115967,-87.186599731445,121,-6.0,A,Pensacola,United States
"2018-10-29",1637,1640,-3,1748,1805,-17,MQ,N262NN,4069,TLH,DFW,112,131,767,0,0,TLH,Tallahassee Regional Airport,30.396499633789062,-84.35030364990234,81,-5.0,A,Tallahassee,United States
"2018-10-29",1649,1702,-13,1803,1827,-24,MQ,N928AE,3861,TLH,MIA,59,74,402,0,0,TLH,Tallahassee Regional Airport,30.396499633789062,-84.35030364990234,81,-5.0,A,Tallahassee,United States
"2018-10-29",1730,1743,-13,2005,2030,-25,MQ,N650AE,3427,PNS,MIA,78,95,530,0,0,PNS,Pensacola Regional Airport,30.473400115967,-87.186599731445,121,-6.0,A,Pensacola,United States
"2018-10-29",1745,1750,-5,2002,2002,0,G4,"305NV",1914,VPS,MCI,114,137,764,0,0,VPS,Destin-Ft Walton Beach Airport,30.4832,-86.525398,87,-6.0,A,Valparaiso,United States
"2018-10-29",1752,1756,-4,1910,1911,-1,DL,N949AT,1748,TLH,ATL,47,78,223,0,0,TLH,Tallahassee Regional Airport,30.396499633789062,-84.35030364990234,81,-5.0,A,Tallahassee,United States
"2018-10-29",1754,1759,-5,2021,2013,8,DL,N916DE,1403,ECP,ATL,43,87,240,0,0,ECP,Northwest Florida Beaches International Airport,30.357106,-85.795414,69,-6.0,A,Panama City,United States
"2018-10-29",1756,1759,-3,2011,2016,-5,DL,N984DL,1814,PNS,ATL,48,75,271,0,0,PNS,Pensacola Regional Airport,30.473400115967,-87.186599731445,121,-6.0,A,Pensacola,United States
"2018-10-29",1803,1806,-3,2036,2030,6,DL,N997DL,1167,VPS,ATL,42,93,250,0,0,VPS,Destin-Ft Walton Beach Airport,30.4832,-86.525398,87,-6.0,A,Valparaiso,United States
"2018-10-29",1808,1808,0,1928,1940,-12,OH,N572NN,5248,TLH,CLT,59,80,386,0,0,TLH,Tallahassee Regional Airport,30.396499633789062,-84.35030364990234,81,-5.0,A,Tallahassee,United States
"2018-10-29",1844,1852,-8,2127,2135,-8,OH,N530EA,5463,PNS,CLT,75,103,488,0,0,PNS,Pensacola Regional Airport,30.473400115967,-87.186599731445,121,-6.0,A,Pensacola,United States
"2018-10-29",1842,1850,-8,2016,2033,-17,YV,N86350,6036,PNS,IAH,76,94,489,0,0,PNS,Pensacola Regional Airport,30.473400115967,-87.186599731445,121,-6.0,A,Pensacola,United States
"2018-10-29",1909,1919,-10,2110,2130,-20,YV,N953LR,5906,VPS,DFW,102,121,641,0,0,VPS,Destin-Ft Walton Beach Airport,30.4832,-86.525398,87,-6.0,A,Valparaiso,United States
"2018-10-29",1850,1855,-5,2123,2135,-12,OH,N550NN,5709,VPS,CLT,71,93,460,0,0,VPS,Destin-Ft Walton Beach Airport,30.4832,-86.525398,87,-6.0,A,Valparaiso,United States
"2018-10-29",1910,1915,-5,2109,2120,-11,MQ,N246NN,3877,PNS,DFW,99,119,604,0,0,PNS,Pensacola Regional Airport,30.473400115967,-87.186599731445,121,-6.0,A,Pensacola,United States
"2018-10-29",1916,1920,-4,2033,2040,-7,WN,N719SW,976,PNS,BNA,64,77,391,0,0,PNS,Pensacola Regional Airport,30.473400115967,-87.186599731445,121,-6.0,A,Pensacola,United States
"2018-10-29",1917,1928,-11,2038,2050,-12,MQ,N685AE,3844,TLH,MIA,61,81,402,0,0,TLH,Tallahassee Regional Airport,30.396499633789062,-84.35030364990234,81,-5.0,A,Tallahassee,United States
"2018-10-29",1928,1935,-7,2045,2055,-10,WN,N7731A,2008,ECP,BNA,65,77,401,0,0,ECP,Northwest Florida Beaches International Airport,30.357106,-85.795414,69,-6.0,A,Panama City,United States
"2018-10-29",1957,2011,-14,2128,2142,-14,YX,N109HQ,4660,TLH,CLT,66,91,386,0,0,TLH,Tallahassee Regional Airport,30.396499633789062,-84.35030364990234,81,-5.0,A,Tallahassee,United States
"2018-10-30",623,601,22,840,844,-4,OH,N592NN,5353,PNS,CLT,66,77,488,0,0,PNS,Pensacola Regional Airport,30.473400115967,-87.186599731445,121,-6.0,A,Pensacola,United States
"2018-10-30",537,545,-8,633,649,-16,DL,N996AT,708,TLH,ATL,40,56,223,0,0,TLH,Tallahassee Regional Airport,30.396499633789062,-84.35030364990234,81,-5.0,A,Tallahassee,United States
"2018-10-30",555,600,-5,757,806,-9,DL,N969DL,2714,VPS,ATL,42,62,250,0,0,VPS,Destin-Ft Walton Beach Airport,30.4832,-86.525398,87,-6.0,A,Valparaiso,United States
"2018-10-30",555,602,-7,826,847,-21,MQ,N931AE,3508,PNS,MIA,77,91,530,0,0,PNS,Pensacola Regional Airport,30.473400115967,-87.186599731445,121,-6.0,A,Pensacola,United States
"2018-10-30",648,609,39,934,851,43,EV,N738EV,2899,ECP,CLT,63,106,437,0,0,ECP,Northwest Florida Beaches International Airport,30.357106,-85.795414,69,-6.0,A,Panama City,United States
"2018-10-30",552,600,-8,710,725,-15,OH,N513AE,5584,TLH,CLT,59,78,386,0,0,TLH,Tallahassee Regional Airport,30.396499633789062,-84.35030364990234,81,-5.0,A,Tallahassee,United States
"2018-10-30",657,700,-3,830,842,-12,YV,N85352,6262,PNS,IAH,79,93,489,0,0,PNS,Pensacola Regional Airport,30.473400115967,-87.186599731445,121,-6.0,A,Pensacola,United States
"2018-10-30",,614,,,929,,OH,N511AE,5082,PNS,DCA,,,816,1,0,PNS,Pensacola Regional Airport,30.473400115967,-87.186599731445,121,-6.0,A,Pensacola,United States
"2018-10-30",716,630,46,855,832,23,EV,N13988,3979,ECP,IAH,87,99,572,0,0,ECP,Northwest Florida Beaches International Airport,30.357106,-85.795414,69,-6.0,A,Panama City,United States
"2018-10-30",625,630,-5,834,837,-3,DL,N955DL,1234,PNS,ATL,42,69,271,0,0,PNS,Pensacola Regional Airport,30.473400115967,-87.186599731445,121,-6.0,A,Pensacola,United States
"2018-10-30",638,634,4,915,915,0,OH,N556NN,5623,VPS,CLT,70,97,460,0,0,VPS,Destin-Ft Walton Beach Airport,30.4832,-86.525398,87,-6.0,A,Valparaiso,United States
"2018-10-30",711,715,-4,919,924,-5,DL,N903DE,955,VPS,ATL,41,68,250,0,0,VPS,Destin-Ft Walton Beach Airport,30.4832,-86.525398,87,-6.0,A,Valparaiso,United States
"2018-10-30",655,700,-5,756,803,-7,DL,N906DL,496,TLH,ATL,40,61,223,0,0,TLH,Tallahassee Regional Airport,30.396499633789062,-84.35030364990234,81,-5.0,A,Tallahassee,United States
"2018-10-30",655,700,-5,913,919,-6,AA,N9677W,1538,VPS,DFW,104,138,641,0,0,VPS,Destin-Ft Walton Beach Airport,30.4832,-86.525398,87,-6.0,A,Valparaiso,United States
"2018-10-30",657,700,-3,849,908,-19,AA,N963TW,2453,PNS,DFW,95,112,604,0,0,PNS,Pensacola Regional Airport,30.473400115967,-87.186599731445,121,-6.0,A,Pensacola,United States
"2018-10-30",720,701,19,933,920,13,EV,N720EV,2889,ECP,DFW,110,133,685,0,0,ECP,Northwest Florida Beaches International Airport,30.357106,-85.795414,69,-6.0,A,Panama City,United States
"2018-10-30",734,735,-1,941,947,-6,DL,N956DL,1078,PNS,ATL,47,67,271,0,0,PNS,Pensacola Regional Airport,30.473400115967,-87.186599731445,121,-6.0,A,Pensacola,United States
"2018-10-30",719,721,-2,924,929,-5,YX,N432YX,4626,TLH,DCA,102,125,716,0,0,TLH,Tallahassee Regional Airport,30.396499633789062,-84.35030364990234,81,-5.0,A,Tallahassee,United States
"2018-10-30",741,749,-8,908,916,-8,MQ,N226NN,4116,TLH,DFW,119,147,767,0,0,TLH,Tallahassee Regional Airport,30.396499633789062,-84.35030364990234,81,-5.0,A,Tallahassee,United States
"2018-10-30",747,750,-3,904,910,-6,WN,N7733B,716,ECP,BNA,64,77,401,0,0,ECP,Northwest Florida Beaches International Airport,30.357106,-85.795414,69,-6.0,A,Panama City,United States
"2018-10-30",746,750,-4,859,910,-11,WN,N455WN,1615,PNS,BNA,63,73,391,0,0,PNS,Pensacola Regional Airport,30.473400115967,-87.186599731445,121,-6.0,A,Pensacola,United States
"2018-10-30",850,900,-10,1034,1044,-10,G4,"305NV",1902,VPS,BLV,85,104,587,0,0,VPS,Destin-Ft Walton Beach Airport,30.4832,-86.525398,87,-6.0,A,Valparaiso,United States
"2018-10-30",855,905,-10,1055,1104,-9,EV,N13992,4310,VPS,IAH,90,120,528,0,0,VPS,Destin-Ft Walton Beach Airport,30.4832,-86.525398,87,-6.0,A,Valparaiso,United States
"2018-10-30",903,907,-4,1139,1156,-17,OH,N716PS,5237,PNS,CLT,71,96,488,0,0,PNS,Pensacola Regional Airport,30.473400115967,-87.186599731445,121,-6.0,A,Pensacola,United States
"2018-10-30",936,930,6,1116,1115,1,WN,N7731A,1281,ECP,HOU,89,100,571,0,0,ECP,Northwest Florida Beaches International Airport,30.357106,-85.795414,69,-6.0,A,Panama City,United States
"2018-10-30",933,935,-2,1107,1110,-3,WN,N703SW,2229,PNS,HOU,78,94,488,0,0,PNS,Pensacola Regional Airport,30.473400115967,-87.186599731445,121,-6.0,A,Pensacola,United States
"2018-10-30",939,947,-8,1135,1149,-14,DL,N983DL,2029,ECP,ATL,40,56,240,0,0,ECP,Northwest Florida Beaches International Airport,30.357106,-85.795414,69,-6.0,A,Panama City,United States
"2018-10-30",1034,1038,-4,1308,1320,-12,MQ,N679AE,3733,PNS,MIA,80,94,530,0,0,PNS,Pensacola Regional Airport,30.473400115967,-87.186599731445,121,-6.0,A,Pensacola,United States
"2018-10-30",1046,1054,-8,1356,1408,-12,YX,N429YX,4609,VPS,DCA,110,130,789,0,0,VPS,Destin-Ft Walton Beach Airport,30.4832,-86.525398,87,-6.0,A,Valparaiso,United States
"2018-10-30",1048,1055,-7,1228,1228,0,OH,N593NN,5272,TLH,CLT,62,100,386,0,0,TLH,Tallahassee Regional Airport,30.396499633789062,-84.35030364990234,81,-5.0,A,Tallahassee,United States
"2018-10-30",1110,1115,-5,1313,1330,-17,DL,N694DL,2179,PNS,ATL,40,63,271,0,0,PNS,Pensacola Regional Airport,30.473400115967,-87.186599731445,121,-6.0,A,Pensacola,United States
"2018-10-30",1204,1231,-27,1316,1355,-39,MQ,N680AE,3663,TLH,MIA,58,72,402,0,0,TLH,Tallahassee Regional Airport,30.396499633789062,-84.35030364990234,81,-5.0,A,Tallahassee,United States
"2018-10-30",1238,1248,-10,1449,1506,-17,EV,N616QX,2876,ECP,DFW,101,131,685,0,0,ECP,Northwest Florida Beaches International Airport,30.357106,-85.795414,69,-6.0,A,Panama City,United States
"2018-10-30",1417,1428,-11,1703,1714,-11,OH,N587NN,5500,VPS,CLT,68,106,460,0,0,VPS,Destin-Ft Walton Beach Airport,30.4832,-86.525398,87,-6.0,A,Valparaiso,United States
"2018-10-30",1428,1436,-8,1630,1642,-12,DL,N920DE,2506,ECP,ATL,39,62,240,0,0,ECP,Northwest Florida Beaches International Airport,30.357106,-85.795414,69,-6.0,A,Panama City,United States
"2018-10-30",1530,1457,33,1818,1744,34,EV,N617QX,2880,ECP,CLT,68,108,437,0,0,ECP,Northwest Florida Beaches International Airport,30.357106,-85.795414,69,-6.0,A,Panama City,United States
"2018-10-30",1510,1520,-10,1654,1710,-16,EV,N11184,4142,PNS,IAH,78,104,489,0,0,PNS,Pensacola Regional Airport,30.473400115967,-87.186599731445,121,-6.0,A,Pensacola,United States
"2018-10-30",1538,1527,11,1709,1705,4,OH,N598NN,5662,TLH,CLT,61,91,386,0,0,TLH,Tallahassee Regional Airport,30.396499633789062,-84.35030364990234,81,-5.0,A,Tallahassee,United States
"2018-10-30",1518,1528,-10,1729,1734,-5,AA,N982TW,2389,PNS,DFW,98,131,604,0,0,PNS,Pensacola Regional Airport,30.473400115967,-87.186599731445,121,-6.0,A,Pensacola,United States
"2018-10-30",1638,1640,-2,1745,1805,-20,MQ,N252NN,4069,TLH,DFW,113,127,767,0,0,TLH,Tallahassee Regional Airport,30.396499633789062,-84.35030364990234,81,-5.0,A,Tallahassee,United States
"2018-10-30",1659,1702,-3,1817,1827,-10,MQ,N680AE,3861,TLH,MIA,64,78,402,0,0,TLH,Tallahassee Regional Airport,30.396499633789062,-84.35030364990234,81,-5.0,A,Tallahassee,United States
"2018-10-30",905,916,-11,1121,1124,-3,DL,N971DL,2212,PNS,ATL,42,76,271,0,0,PNS,Pensacola Regional Airport,30.473400115967,-87.186599731445,121,-6.0,A,Pensacola,United States
"2018-10-30",940,941,-1,1217,1225,-8,OH,N570NN,5564,VPS,CLT,70,97,460,0,0,VPS,Destin-Ft Walton Beach Airport,30.4832,-86.525398,87,-6.0,A,Valparaiso,United States
"2018-10-30",1011,1020,-9,1123,1128,-5,"9E",N335PQ,3281,TLH,ATL,45,72,223,0,0,TLH,Tallahassee Regional Airport,30.396499633789062,-84.35030364990234,81,-5.0,A,Tallahassee,United States
"2018-10-30",1026,1034,-8,1235,1245,-10,DL,N915DE,2716,VPS,ATL,42,69,250,0,0,VPS,Destin-Ft Walton Beach Airport,30.4832,-86.525398,87,-6.0,A,Valparaiso,United States
"2018-10-30",1145,1150,-5,1321,1340,-19,EV,N16541,4107,PNS,IAH,82,96,489,0,0,PNS,Pensacola Regional Airport,30.473400115967,-87.186599731445,121,-6.0,A,Pensacola,United States
"2018-10-30",1148,1200,-12,1351,1412,-21,DL,N900DE,1733,ECP,ATL,39,63,240,0,0,ECP,Northwest Florida Beaches International Airport,30.357106,-85.795414,69,-6.0,A,Panama City,United States
"2018-10-30",1222,1211,11,1418,1423,-5,F9,N201FR,641,PNS,DEN,161,176,1179,0,0,PNS,Pensacola Regional Airport,30.473400115967,-87.186599731445,121,-6.0,A,Pensacola,United States
"2018-10-30",1238,1244,-6,1546,1559,-13,MQ,N253NN,3822,PNS,DCA,111,128,816,0,0,PNS,Pensacola Regional Airport,30.473400115967,-87.186599731445,121,-6.0,A,Pensacola,United States
"2018-10-30",1302,1245,17,1535,1531,4,OH,N583NN,5298,PNS,CLT,72,93,488,0,0,PNS,Pensacola Regional Airport,30.473400115967,-87.186599731445,121,-6.0,A,Pensacola,United States
"2018-10-30",1244,1245,-1,1352,1358,-6,DL,N906AT,489,TLH,ATL,39,68,223,0,0,TLH,Tallahassee Regional Airport,30.396499633789062,-84.35030364990234,81,-5.0,A,Tallahassee,United States
"2018-10-30",,1327,,,1536,,YV,"",5740,VPS,DFW,,,641,1,0,VPS,Destin-Ft Walton Beach Airport,30.4832,-86.525398,87,-6.0,A,Valparaiso,United States
"2018-10-30",1329,1331,-2,1531,1544,-13,DL,N948DL,1353,PNS,ATL,46,62,271,0,0,PNS,Pensacola Regional Airport,30.473400115967,-87.186599731445,121,-6.0,A,Pensacola,United States
"2018-10-30",1357,1333,24,1556,1534,22,MQ,N229NN,3488,PNS,DFW,97,119,604,0,0,PNS,Pensacola Regional Airport,30.473400115967,-87.186599731445,121,-6.0,A,Pensacola,United States
"2018-10-30",1407,1420,-13,1625,1651,-26,EV,N11165,4103,PNS,ORD,120,138,794,0,0,PNS,Pensacola Regional Airport,30.473400115967,-87.186599731445,121,-6.0,A,Pensacola,United States
"2018-10-30",1426,1432,-6,1635,1642,-7,DL,N911DL,2873,VPS,ATL,42,69,250,0,0,VPS,Destin-Ft Walton Beach Airport,30.4832,-86.525398,87,-6.0,A,Valparaiso,United States
"2018-10-30",1448,1455,-7,1641,1657,-16,EV,N13566,4134,ECP,IAH,91,113,572,0,0,ECP,Northwest Florida Beaches International Airport,30.357106,-85.795414,69,-6.0,A,Panama City,United States
"2018-10-30",1547,1555,-8,1756,1810,-14,DL,N906DL,1270,PNS,ATL,43,69,271,0,0,PNS,Pensacola Regional Airport,30.473400115967,-87.186599731445,121,-6.0,A,Pensacola,United States
"2018-10-30",1555,1558,-3,1658,1707,-9,DL,N998AT,1399,TLH,ATL,42,63,223,0,0,TLH,Tallahassee Regional Airport,30.396499633789062,-84.35030364990234,81,-5.0,A,Tallahassee,United States
"2018-10-30",1608,1614,-6,1840,1859,-19,YX,N127HQ,4553,PNS,CLT,73,92,488,0,0,PNS,Pensacola Regional Airport,30.473400115967,-87.186599731445,121,-6.0,A,Pensacola,United States
"2018-10-30",1616,1627,-11,1949,2004,-15,YX,N108HQ,4537,PNS,PHL,135,153,935,0,0,PNS,Pensacola Regional Airport,30.473400115967,-87.186599731445,121,-6.0,A,Pensacola,United States
"2018-10-30",1732,1743,-11,2008,2030,-22,MQ,N678AE,3427,PNS,MIA,80,96,530,0,0,PNS,Pensacola Regional Airport,30.473400115967,-87.186599731445,121,-6.0,A,Pensacola,United States
"2018-10-30",1754,1759,-5,2006,2011,-5,DL,N975DL,1403,ECP,ATL,42,72,240,0,0,ECP,Northwest Florida Beaches International Airport,30.357106,-85.795414,69,-6.0,A,Panama City,United States
"2018-10-30",1801,1806,-5,2010,2028,-18,DL,N991DL,1167,VPS,ATL,43,69,250,0,0,VPS,Destin-Ft Walton Beach Airport,30.4832,-86.525398,87,-6.0,A,Valparaiso,United States
"2018-10-30",1817,1808,9,1953,1940,13,OH,N597NN,5248,TLH,CLT,60,96,386,0,0,TLH,Tallahassee Regional Airport,30.396499633789062,-84.35030364990234,81,-5.0,A,Tallahassee,United States
"2018-10-30",1841,1850,-9,2019,2033,-14,YV,N88335,6036,PNS,IAH,77,98,489,0,0,PNS,Pensacola Regional Airport,30.473400115967,-87.186599731445,121,-6.0,A,Pensacola,United States
"2018-10-30",1844,1852,-8,2131,2135,-4,OH,N540EA,5463,PNS,CLT,84,107,488,0,0,PNS,Pensacola Regional Airport,30.473400115967,-87.186599731445,121,-6.0,A,Pensacola,United States
"2018-10-30",1910,1919,-9,2122,2130,-8,YV,N931LR,5906,VPS,DFW,107,132,641,0,0,VPS,Destin-Ft Walton Beach Airport,30.4832,-86.525398,87,-6.0,A,Valparaiso,United States
"2018-10-30",1846,1855,-9,2117,2135,-18,OH,N549NN,5709,VPS,CLT,71,91,460,0,0,VPS,Destin-Ft Walton Beach Airport,30.4832,-86.525398,87,-6.0,A,Valparaiso,United States
"2018-10-30",1910,1915,-5,2102,2120,-18,MQ,N246NN,3877,PNS,DFW,93,112,604,0,0,PNS,Pensacola Regional Airport,30.473400115967,-87.186599731445,121,-6.0,A,Pensacola,United States
"2018-10-30",1917,1920,-3,2030,2040,-10,WN,N7734H,976,PNS,BNA,61,73,391,0,0,PNS,Pensacola Regional Airport,30.473400115967,-87.186599731445,121,-6.0,A,Pensacola,United States
"2018-10-30",1923,1928,-5,2040,2050,-10,MQ,N932AE,3844,TLH,MIA,61,77,402,0,0,TLH,Tallahassee Regional Airport,30.396499633789062,-84.35030364990234,81,-5.0,A,Tallahassee,United States
"2018-10-30",1939,1935,4,2052,2055,-3,WN,N7703A,2008,ECP,BNA,61,73,401,0,0,ECP,Northwest Florida Beaches International Airport,30.357106,-85.795414,69,-6.0,A,Panama City,United States
"2018-10-30",2000,2011,-11,2126,2142,-16,YX,N130HQ,4660,TLH,CLT,62,86,386,0,0,TLH,Tallahassee Regional Airport,30.396499633789062,-84.35030364990234,81,-5.0,A,Tallahassee,United States
"2018-10-31",602,602,0,841,847,-6,MQ,N623AE,3508,PNS,MIA,84,99,530,0,0,PNS,Pensacola Regional Airport,30.473400115967,-87.186599731445,121,-6.0,A,Pensacola,United States
"2018-10-31",542,545,-3,634,649,-15,DL,N918DE,708,TLH,ATL,37,52,223,0,0,TLH,Tallahassee Regional Airport,30.396499633789062,-84.35030364990234,81,-5.0,A,Tallahassee,United States
"2018-10-31",555,600,-5,756,806,-10,DL,N951DL,2714,VPS,ATL,39,61,250,0,0,VPS,Destin-Ft Walton Beach Airport,30.4832,-86.525398,87,-6.0,A,Valparaiso,United States
"2018-10-31",625,614,11,941,929,12,OH,N504AE,5082,PNS,DCA,118,136,816,0,0,PNS,Pensacola Regional Airport,30.473400115967,-87.186599731445,121,-6.0,A,Pensacola,United States
"2018-10-31",556,600,-4,711,725,-14,OH,N525EA,5584,TLH,CLT,58,75,386,0,0,TLH,Tallahassee Regional Airport,30.396499633789062,-84.35030364990234,81,-5.0,A,Tallahassee,United States
"2018-10-31",604,601,3,838,844,-6,OH,N550NN,5353,PNS,CLT,72,94,488,0,0,PNS,Pensacola Regional Airport,30.473400115967,-87.186599731445,121,-6.0,A,Pensacola,United States
"2018-10-31",616,609,7,842,851,-9,EV,N617QX,2899,ECP,CLT,67,86,437,0,0,ECP,Northwest Florida Beaches International Airport,30.357106,-85.795414,69,-6.0,A,Panama City,United States
"2018-10-31",655,700,-5,938,949,-11,G4,"305NV",1900,VPS,CVG,85,103,600,0,0,VPS,Destin-Ft Walton Beach Airport,30.4832,-86.525398,87,-6.0,A,Valparaiso,United States
"2018-10-31",711,630,41,854,832,22,EV,N21537,3979,ECP,IAH,87,103,572,0,0,ECP,Northwest Florida Beaches International Airport,30.357106,-85.795414,69,-6.0,A,Panama City,United States
"2018-10-31",624,630,-6,832,837,-5,DL,N903DE,1234,PNS,ATL,44,68,271,0,0,PNS,Pensacola Regional Airport,30.473400115967,-87.186599731445,121,-6.0,A,Pensacola,United States
"2018-10-31",626,634,-8,906,915,-9,OH,N567NN,5623,VPS,CLT,69,100,460,0,0,VPS,Destin-Ft Walton Beach Airport,30.4832,-86.525398,87,-6.0,A,Valparaiso,United States
"2018-10-31",654,700,-6,829,842,-13,YV,N87337,6262,PNS,IAH,77,95,489,0,0,PNS,Pensacola Regional Airport,30.473400115967,-87.186599731445,121,-6.0,A,Pensacola,United States
"2018-10-31",654,700,-6,754,803,-9,DL,N916DL,496,TLH,ATL,40,60,223,0,0,TLH,Tallahassee Regional Airport,30.396499633789062,-84.35030364990234,81,-5.0,A,Tallahassee,United States
"2018-10-31",722,730,-8,1047,1100,-13,G4,"309NV",1990,VPS,EWR,128,145,988,0,0,VPS,Destin-Ft Walton Beach Airport,30.4832,-86.525398,87,-6.0,A,Valparaiso,United States
"2018-10-31",647,700,-13,856,919,-23,AA,N971TW,1538,VPS,DFW,96,129,641,0,0,VPS,Destin-Ft Walton Beach Airport,30.4832,-86.525398,87,-6.0,A,Valparaiso,United States
"2018-10-31",708,700,8,943,908,35,AA,N968TW,2453,PNS,DFW,96,155,604,0,0,PNS,Pensacola Regional Airport,30.473400115967,-87.186599731445,121,-6.0,A,Pensacola,United States
"2018-10-31",758,701,57,959,920,39,EV,N718EV,2889,ECP,DFW,98,121,685,0,0,ECP,Northwest Florida Beaches International Airport,30.357106,-85.795414,69,-6.0,A,Panama City,United States
"2018-10-31",711,715,-4,918,924,-6,DL,N937DL,955,VPS,ATL,39,67,250,0,0,VPS,Destin-Ft Walton Beach Airport,30.4832,-86.525398,87,-6.0,A,Valparaiso,United States
"2018-10-31",708,721,-13,908,929,-21,YX,N404YX,4626,TLH,DCA,103,120,716,0,0,TLH,Tallahassee Regional Airport,30.396499633789062,-84.35030364990234,81,-5.0,A,Tallahassee,United States
"2018-10-31",735,735,0,937,947,-10,DL,N990DL,1078,PNS,ATL,43,62,271,0,0,PNS,Pensacola Regional Airport,30.473400115967,-87.186599731445,121,-6.0,A,Pensacola,United States
"2018-10-31",747,749,-2,902,916,-14,MQ,N224NN,4116,TLH,DFW,110,135,767,0,0,TLH,Tallahassee Regional Airport,30.396499633789062,-84.35030364990234,81,-5.0,A,Tallahassee,United States
"2018-10-31",747,750,-3,900,910,-10,WN,N7814B,623,ECP,BNA,62,73,401,0,0,ECP,Northwest Florida Beaches International Airport,30.357106,-85.795414,69,-6.0,A,Panama City,United States
"2018-10-31",747,750,-3,904,910,-6,WN,N704SW,1471,PNS,BNA,64,77,391,0,0,PNS,Pensacola Regional Airport,30.473400115967,-87.186599731445,121,-6.0,A,Pensacola,United States
"2018-10-31",840,850,-10,1138,1151,-13,G4,"326NV",1425,VPS,PIT,102,118,775,0,0,VPS,Destin-Ft Walton Beach Airport,30.4832,-86.525398,87,-6.0,A,Valparaiso,United States
"2018-10-31",855,905,-10,1050,1104,-14,EV,N25134,4310,VPS,IAH,87,115,528,0,0,VPS,Destin-Ft Walton Beach Airport,30.4832,-86.525398,87,-6.0,A,Valparaiso,United States
"2018-10-31",903,907,-4,1151,1156,-5,OH,N516AE,5237,PNS,CLT,79,108,488,0,0,PNS,Pensacola Regional Airport,30.473400115967,-87.186599731445,121,-6.0,A,Pensacola,United States
"2018-10-31",911,916,-5,1122,1124,-2,DL,N918DE,2212,PNS,ATL,44,71,271,0,0,PNS,Pensacola Regional Airport,30.473400115967,-87.186599731445,121,-6.0,A,Pensacola,United States
"2018-10-31",931,935,-4,1123,1120,3,WN,N7812G,24,ECP,HOU,87,112,571,0,0,ECP,Northwest Florida Beaches International Airport,30.357106,-85.795414,69,-6.0,A,Panama City,United States
"2018-10-31",937,941,-4,1220,1225,-5,OH,N558NN,5564,VPS,CLT,72,103,460,0,0,VPS,Destin-Ft Walton Beach Airport,30.4832,-86.525398,87,-6.0,A,Valparaiso,United States
"2018-10-31",940,947,-7,1145,1149,-4,DL,N949DL,2029,ECP,ATL,40,65,240,0,0,ECP,Northwest Florida Beaches International Airport,30.357106,-85.795414,69,-6.0,A,Panama City,United States
"2018-10-31",951,955,-4,1126,1130,-4,WN,N258WN,356,PNS,HOU,80,95,488,0,0,PNS,Pensacola Regional Airport,30.473400115967,-87.186599731445,121,-6.0,A,Pensacola,United States
"2018-10-31",1013,1020,-7,1135,1128,7,"9E",N914XJ,3281,TLH,ATL,40,82,223,0,0,TLH,Tallahassee Regional Airport,30.396499633789062,-84.35030364990234,81,-5.0,A,Tallahassee,United States
"2018-10-31",1027,1038,-11,1313,1320,-7,MQ,N680AE,3733,PNS,MIA,90,106,530,0,0,PNS,Pensacola Regional Airport,30.473400115967,-87.186599731445,121,-6.0,A,Pensacola,United States
"2018-10-31",1045,1054,-9,1359,1408,-9,YX,N430YX,4609,VPS,DCA,108,134,789,0,0,VPS,Destin-Ft Walton Beach Airport,30.4832,-86.525398,87,-6.0,A,Valparaiso,United States
"2018-10-31",1047,1055,-8,1223,1228,-5,OH,N556NN,5272,TLH,CLT,62,96,386,0,0,TLH,Tallahassee Regional Airport,30.396499633789062,-84.35030364990234,81,-5.0,A,Tallahassee,United States
"2018-10-31",1144,1150,-6,1337,1340,-3,EV,N13903,4107,PNS,IAH,83,113,489,0,0,PNS,Pensacola Regional Airport,30.473400115967,-87.186599731445,121,-6.0,A,Pensacola,United States
"2018-10-31",1153,1200,-7,1356,1412,-16,DL,N976DL,1733,ECP,ATL,42,63,240,0,0,ECP,Northwest Florida Beaches International Airport,30.357106,-85.795414,69,-6.0,A,Panama City,United States
"2018-10-31",1240,1245,-5,1519,1531,-12,OH,N581NN,5298,PNS,CLT,77,99,488,0,0,PNS,Pensacola Regional Airport,30.473400115967,-87.186599731445,121,-6.0,A,Pensacola,United States
"2018-10-31",1449,1333,76,1715,1534,101,MQ,N258NN,3488,PNS,DFW,110,146,604,0,0,PNS,Pensacola Regional Airport,30.473400115967,-87.186599731445,121,-6.0,A,Pensacola,United States
"2018-10-31",1425,1432,-7,1637,1642,-5,DL,N911DE,2873,VPS,ATL,40,72,250,0,0,VPS,Destin-Ft Walton Beach Airport,30.4832,-86.525398,87,-6.0,A,Valparaiso,United States
"2018-10-31",1449,1505,-16,1640,1704,-24,EV,N13975,4165,VPS,IAH,91,111,528,0,0,VPS,Destin-Ft Walton Beach Airport,30.4832,-86.525398,87,-6.0,A,Valparaiso,United States
"2018-10-31",1550,1558,-8,1656,1707,-11,DL,N923AT,1399,TLH,ATL,45,66,223,0,0,TLH,Tallahassee Regional Airport,30.396499633789062,-84.35030364990234,81,-5.0,A,Tallahassee,United States
"2018-10-31",1616,1627,-11,1939,2004,-25,YX,N109HQ,4537,PNS,PHL,124,143,935,0,0,PNS,Pensacola Regional Airport,30.473400115967,-87.186599731445,121,-6.0,A,Pensacola,United States
"2018-10-31",1030,1034,-4,1235,1245,-10,DL,N904DL,2716,VPS,ATL,42,65,250,0,0,VPS,Destin-Ft Walton Beach Airport,30.4832,-86.525398,87,-6.0,A,Valparaiso,United States
"2018-10-31",1137,1115,22,1334,1330,4,DL,N6706Q,2179,PNS,ATL,43,57,271,0,0,PNS,Pensacola Regional Airport,30.473400115967,-87.186599731445,121,-6.0,A,Pensacola,United States
"2018-10-31",1226,1231,-5,1343,1355,-12,MQ,N676AE,3663,TLH,MIA,62,77,402,0,0,TLH,Tallahassee Regional Airport,30.396499633789062,-84.35030364990234,81,-5.0,A,Tallahassee,United States
"2018-10-31",1229,1235,-6,1333,1348,-15,DL,N979AT,489,TLH,ATL,43,64,223,0,0,TLH,Tallahassee Regional Airport,30.396499633789062,-84.35030364990234,81,-5.0,A,Tallahassee,United States
"2018-10-31",1331,1248,43,1632,1506,86,EV,N600QX,2876,ECP,DFW,161,181,685,0,0,ECP,Northwest Florida Beaches International Airport,30.357106,-85.795414,69,-6.0,A,Panama City,United States
"2018-10-31",1410,1327,43,1731,1536,115,YV,N249LR,5740,VPS,DFW,103,201,641,0,0,VPS,Destin-Ft Walton Beach Airport,30.4832,-86.525398,87,-6.0,A,Valparaiso,United States
"2018-10-31",1412,1420,-8,1633,1651,-18,EV,N22909,4103,PNS,ORD,118,141,794,0,0,PNS,Pensacola Regional Airport,30.473400115967,-87.186599731445,121,-6.0,A,Pensacola,United States
"2018-10-31",1422,1428,-6,1706,1714,-8,OH,N558NN,5500,VPS,CLT,70,104,460,0,0,VPS,Destin-Ft Walton Beach Airport,30.4832,-86.525398,87,-6.0,A,Valparaiso,United States
"2018-10-31",1424,1435,-11,1740,1746,-6,G4,"309NV",1946,VPS,BWI,108,136,819,0,0,VPS,Destin-Ft Walton Beach Airport,30.4832,-86.525398,87,-6.0,A,Valparaiso,United States
"2018-10-31",1426,1436,-10,1622,1642,-20,DL,N908DE,2506,ECP,ATL,40,56,240,0,0,ECP,Northwest Florida Beaches International Airport,30.357106,-85.795414,69,-6.0,A,Panama City,United States
"2018-10-31",1437,1437,0,1705,1722,-17,F9,N939FR,1285,PNS,ORD,116,148,794,0,0,PNS,Pensacola Regional Airport,30.473400115967,-87.186599731445,121,-6.0,A,Pensacola,United States
"2018-10-31",1442,1455,-13,1639,1654,-15,YV,N86312,6035,ECP,IAH,94,117,572,0,0,ECP,Northwest Florida Beaches International Airport,30.357106,-85.795414,69,-6.0,A,Panama City,United States
"2018-10-31",1522,1457,25,1744,1744,0,EV,N717EV,2880,ECP,CLT,64,82,437,0,0,ECP,Northwest Florida Beaches International Airport,30.357106,-85.795414,69,-6.0,A,Panama City,United States
"2018-10-31",1512,1520,-8,1733,1710,23,EV,N12201,4142,PNS,IAH,98,141,489,0,0,PNS,Pensacola Regional Airport,30.473400115967,-87.186599731445,121,-6.0,A,Pensacola,United States
"2018-10-31",1522,1527,-5,1646,1705,-19,OH,N585NN,5662,TLH,CLT,61,84,386,0,0,TLH,Tallahassee Regional Airport,30.396499633789062,-84.35030364990234,81,-5.0,A,Tallahassee,United States
"2018-10-31",1724,1529,115,1939,1735,124,AA,N980TW,2389,PNS,DFW,100,135,604,0,0,PNS,Pensacola Regional Airport,30.473400115967,-87.186599731445,121,-6.0,A,Pensacola,United States
"2018-10-31",1553,1555,-2,1752,1810,-18,DL,N963DL,1270,PNS,ATL,46,59,271,0,0,PNS,Pensacola Regional Airport,30.473400115967,-87.186599731445,121,-6.0,A,Pensacola,United States
"2018-10-31",1621,1614,7,1903,1859,4,YX,N129HQ,4553,PNS,CLT,80,102,488,0,0,PNS,Pensacola Regional Airport,30.473400115967,-87.186599731445,121,-6.0,A,Pensacola,United States
"2018-10-31",1657,1702,-5,1813,1827,-14,MQ,N676AE,3861,TLH,MIA,62,76,402,0,0,TLH,Tallahassee Regional Airport,30.396499633789062,-84.35030364990234,81,-5.0,A,Tallahassee,United States
"2018-10-31",1734,1743,-9,2017,2030,-13,MQ,N932AE,3427,PNS,MIA,84,103,530,0,0,PNS,Pensacola Regional Airport,30.473400115967,-87.186599731445,121,-6.0,A,Pensacola,United States
"2018-10-31",1751,1759,-8,1956,2011,-15,DL,N949DL,1403,ECP,ATL,40,65,240,0,0,ECP,Northwest Florida Beaches International Airport,30.357106,-85.795414,69,-6.0,A,Panama City,United States
"2018-10-31",1754,1806,-12,1959,2028,-29,DL,N904DE,1167,VPS,ATL,43,65,250,0,0,VPS,Destin-Ft Walton Beach Airport,30.4832,-86.525398,87,-6.0,A,Valparaiso,United States
"2018-10-31",2002,1808,114,2115,1940,95,OH,N561NN,5248,TLH,CLT,60,73,386,0,0,TLH,Tallahassee Regional Airport,30.396499633789062,-84.35030364990234,81,-5.0,A,Tallahassee,United States
"2018-10-31",1937,1850,47,2354,2033,,YV,N86344,6036,PNS,IAH,,,489,0,1,PNS,Pensacola Regional Airport,30.473400115967,-87.186599731445,121,-6.0,A,Pensacola,United States
"2018-10-31",1920,1920,0,2031,2040,-9,WN,N945WN,1903,PNS,BNA,59,71,391,0,0,PNS,Pensacola Regional Airport,30.473400115967,-87.186599731445,121,-6.0,A,Pensacola,United States
"2018-10-31",2007,1928,39,2119,2050,29,MQ,N650AE,3844,TLH,MIA,61,72,402,0,0,TLH,Tallahassee Regional Airport,30.396499633789062,-84.35030364990234,81,-5.0,A,Tallahassee,United States
"2018-10-31",1930,1930,0,2045,2050,-5,WN,N461WN,37,ECP,BNA,61,75,401,0,0,ECP,Northwest Florida Beaches International Airport,30.357106,-85.795414,69,-6.0,A,Panama City,United States
