First 2 of SOC;SOC;Occupation;Generation;2007 Jobs;2013 Jobs;Job Change;% Job Change;2007 Share of All Jobs;2013 Share of All Jobs;Change in Share;
29;29-1141;Registered Nurses;Baby Boomer; 	439.432 ;550.449;111.017;25 %;18%;20%;2%;
39;39-9021;Personal Care Aides;Baby Boomer; 	180.948 ;259.779;78.831;44 %;19%;20%;1%;
41;41-2031;Retail Salespersons;Baby Boomer; 	568.785 ;631.476;62.691;11 %;12%;14%;2%;
43;43-9061;Office Clerks, General;Baby Boomer; 	505.397 ;565.144;59.747;12 %;15%;17%;2%;
41;41-2011;Cashiers;Baby Boomer; 	269.772 ;327.563;57.791;21 %;8%;10%;2%;
31;31-1011;Home Health Aides;Baby Boomer; 	104.249 ;153.126;48.877;47 %;15%;16%;1%;
43;43-4051;Customer Service Representatives;Baby Boomer; 	257.044 ;302.722;45.678;18 %;11%;13%;2%;
37;37-2011;Janitors and Cleaners, Except Maids and Housekeeping Cleaners;Baby Boomer; 	419.800 ;463.531;43.731;10 %;17%;18%;1%;
35;35-3021;Combined Food Preparation and Serving Workers, Including Fast Food;Baby Boomer; 	151.249 ;189.608;38.359;25 %;5%;6%;1%;
43;43-3031;Bookkeeping, Accounting, and Auditing Clerks;Baby Boomer; 	348.278 ;381.476;33.198;10 %;18%;21%;3%;
31;31-1014;Nursing Assistants;Baby Boomer; 	185.944 ;217.969;32.025;17 %;13%;15%;2%;
43;43-6013;Medical Secretaries;Baby Boomer; 	81.148 ;112.631;31.483;39 %;18%;21%;3%;
43;43-4171;Receptionists and Information Clerks;Baby Boomer; 	137.940 ;167.526;29.586;21 %;14%;16%;2%;
37;37-2012;Maids and Housekeeping Cleaners;Baby Boomer; 	238.814 ;267.382;28.568;12 %;16%;17%;1%;
53;53-7062;Laborers and Freight, Stock, and Material Movers, Hand;Baby Boomer; 	232.847 ;260.922;28.075;12 %;10%;12%;2%;
43;43-1011;First-Line Supervisors of Office and Administrative Support Workers;Baby Boomer; 	232.946 ;257.407;24.461;11 %;16%;18%;2%;
41;41-3021;Insurance Sales Agents;Baby Boomer; 	113.339 ;137.124;23.785;21 %;19%;20%;1%;
29;29-2061;Licensed Practical and Licensed Vocational Nurses;Baby Boomer; 	122.360 ;145.095;22.735;19 %;17%;19%;2%;
41;41-4012;Sales Representatives, Wholesale and Manufacturing, Except Technical and Scientific Products;Baby Boomer; 	269.367 ;291.864;22.497;8 %;17%;19%;2%;
43;43-6014;Secretaries and Administrative Assistants, Except Legal, Medical, and Executive;Baby Boomer; 	495.682 ;517.449;21.767;4 %;19%;21%;2%;
43;43-5081;Stock Clerks and Order Fillers;Baby Boomer; 	208.438 ;230.104;21.666;10 %;11%;13%;2%;
35;35-3031;Waiters and Waitresses;Baby Boomer; 	87.763 ;108.868;21.105;24 %;4%;4%;0%;
53;53-3032;Heavy and Tractor-Trailer Truck Drivers;Baby Boomer; 	328.692 ;349.422;20.730;6 %;17%;19%;2%;
49;49-9071;Maintenance and Repair Workers, General;Baby Boomer; 	255.554 ;275.212;19.658;8 %;18%;20%;2%;
13;13-2011;Accountants and Auditors;Baby Boomer; 	203.516 ;222.752;19.236;9 %;15%;17%;2%;
13;13-1199;Business Operations Specialists, All Other;Baby Boomer; 	154.641 ;173.385;18.744;12 %;16%;18%;2%;
25;25-1099;Postsecondary Teachers;Baby Boomer; 	245.240 ;263.322;18.082;7 %;18%;18%;0%;
33;33-9032;Security Guards;Baby Boomer; 	179.742 ;196.475;16.733;9 %;17%;17%;0%;
43;43-6011;Executive Secretaries and Executive Administrative Assistants;Baby Boomer; 	158.686 ;174.555;15.869;10 %;18%;20%;2%;
35;35-2014;Cooks, Restaurant;Baby Boomer; 	61.202 ;76.735;15.533;25 %;6%;7%;1%;
37;37-3011;Landscaping and Groundskeeping Workers;Baby Boomer; 	136.797 ;151.338;14.541;11 %;11%;12%;1%;
31;31-9092;Medical Assistants;Baby Boomer; 	52.100 ;66.536;14.436;28 %;10%;11%;1%;
13;13-1111;Management Analysts;Baby Boomer; 	126.715 ;140.665;13.950;11 %;18%;19%;1%;
43;43-3021;Billing and Posting Clerks;Baby Boomer; 	69.110 ;82.372;13.262;19 %;14%;16%;2%;
35;35-2021;Food Preparation Workers;Baby Boomer; 	67.475 ;80.207;12.732;19 %;9%;10%;1%;
41;41-3099;Sales Representatives, Services, All Other;Baby Boomer; 	108.299 ;120.791;12.492;12 %;13%;15%;2%;
11;11-9111;Medical and Health Services Managers;Baby Boomer; 	55.323 ;67.690;12.367;22 %;19%;22%;3%;
11;11-9199;Managers, All Other;Baby Boomer; 	125.597 ;137.929;12.332;10 %;20%;21%;1%;
15;15-1121;Computer Systems Analysts;Baby Boomer; 	58.030 ;70.187;12.157;21 %;12%;13%;1%;
13;13-1161;Market Research Analysts and Marketing Specialists;Baby Boomer; 	36.031 ;48.026;11.995;33 %;9%;11%;2%;
15;15-1132;Software Developers, Applications;Baby Boomer; 	44.590 ;56.194;11.604;26 %;8%;9%;1%;
35;35-9021;Dishwashers;Baby Boomer; 	42.023 ;53.277;11.254;27 %;8%;10%;2%;
49;49-9041;Industrial Machinery Mechanics;Baby Boomer; 	56.704 ;67.815;11.111;20 %;18%;21%;3%;
11;11-1021;General and Operations Managers;Baby Boomer; 	340.557 ;351.645;11.088;3 %;16%;18%;2%;
15;15-1151;Computer User Support Specialists;Baby Boomer; 	63.910 ;74.959;11.049;17 %;11%;13%;2%;
53;53-7064;Packers and Packagers, Hand;Baby Boomer; 	77.895 ;88.260;10.365;13 %;11%;13%;2%;
43;43-3071;Tellers;Baby Boomer; 	67.151 ;77.450;10.299;15 %;11%;14%;3%;
41;41-4011;Sales Representatives, Wholesale and Manufacturing, Technical and Scientific Products;Baby Boomer; 	58.126 ;67.658;9.532;16 %;14%;17%;3%;
15;15-1133;Software Developers, Systems Software;Baby Boomer; 	29.350 ;38.492;9.142;31 %;8%;9%;1%;
53;53-3033;Light Truck or Delivery Services Drivers;Baby Boomer; 	129.162 ;138.162;9.000;7 %;14%;17%;3%;
51;51-4041;Machinists;Baby Boomer; 	76.089 ;84.725;8.636;11 %;18%;21%;3%;
13;13-1071;Human Resources Specialists;Baby Boomer; 	58.629 ;67.034;8.405;14 %;14%;16%;2%;
51;51-9061;Inspectors, Testers, Sorters, Samplers, and Weighers;Baby Boomer; 	89.524 ;97.784;8.260;9 %;18%;21%;3%;
29;29-1069;Physicians and Surgeons, All Other;Baby Boomer; 	58.544 ;66.728;8.184;14 %;18%;19%;1%;
29;29-2021;Dental Hygienists;Baby Boomer; 	19.213 ;26.894;7.681;40 %;11%;14%;3%;
53;53-3041;Taxi Drivers and Chauffeurs;Baby Boomer; 	49.588 ;57.119;7.531;15 %;21%;23%;2%;
13;13-1151;Training and Development Specialists;Baby Boomer; 	31.167 ;38.679;7.512;24 %;15%;17%;2%;
29;29-2071;Medical Records and Health Information Technicians;Baby Boomer; 	29.397 ;36.520;7.123;24 %;17%;19%;2%;
31;31-9091;Dental Assistants;Baby Boomer; 	19.149 ;26.237;7.088;37 %;7%;8%;1%;
35;35-1012;First-Line Supervisors of Food Preparation and Serving Workers;Baby Boomer; 	64.715 ;71.752;7.037;11 %;8%;8%;0%;
29;29-2034;Radiologic Technologists ;Baby Boomer; 	23.094 ;30.070;6.976;30 %;13%;15%;2%;
11;11-3021;Computer and Information Systems Managers;Baby Boomer; 	37.648 ;44.548;6.900;18 %;12%;14%;2%;
23;23-2011;Paralegals and Legal Assistants;Baby Boomer; 	36.752 ;43.579;6.827;19 %;13%;15%;2%;
53;53-3031;Driver/Sales Workers;Baby Boomer; 	54.869 ;61.556;6.687;12 %;13%;15%;2%;
51;51-9111;Packaging and Filling Machine Operators and Tenders;Baby Boomer; 	49.127 ;55.769;6.642;14 %;12%;15%;3%;
49;49-1011;First-Line Supervisors of Mechanics, Installers, and Repairers;Baby Boomer; 	85.107 ;91.660;6.553;8 %;19%;21%;3%;
43;43-4111;Interviewers, Except Eligibility and Loan;Baby Boomer; 	29.404 ;35.947;6.543;22 %;14%;16%;2%;
21;21-1093;Social and Human Service Assistants;Baby Boomer; 	52.485 ;58.998;6.513;12 %;15%;16%;1%;
35;35-9011;Dining Room and Cafeteria Attendants and Bartender Helpers;Baby Boomer; 	27.500 ;34.000;6.500;24 %;7%;8%;1%;
15;15-1142;Network and Computer Systems Administrators;Baby Boomer; 	32.864 ;39.255;6.391;19 %;9%;11%;2%;
13;13-1041;Compliance Officers;Baby Boomer; 	40.344 ;46.707;6.363;16 %;18%;19%;1%;
29;29-1051;Pharmacists;Baby Boomer; 	42.771 ;48.977;6.206;15 %;15%;17%;2%;
11;11-3031;Financial Managers;Baby Boomer; 	80.271 ;86.352;6.081;8 %;15%;17%;2%;
11;11-3011;Administrative Services Managers;Baby Boomer; 	54.114 ;60.161;6.047;11 %;20%;22%;2%;
43;43-5071;Shipping, Receiving, and Traffic Clerks;Baby Boomer; 	95.322 ;101.246;5.924;6 %;12%;14%;2%;
45;45-2092;Farmworkers and Laborers, Crop, Nursery, and Greenhouse;Baby Boomer; 	64.310 ;70.211;5.901;9 %;9%;9%;0%;
29;29-1171;Nurse Practitioners;Baby Boomer; 	17.371 ;23.246;5.875;34 %;18%;21%;3%;
11;11-2022;Sales Managers;Baby Boomer; 	49.854 ;55.659;5.805;12 %;13%;15%;2%;
29;29-2052;Pharmacy Technicians;Baby Boomer; 	34.028 ;39.827;5.799;17 %;10%;11%;1%;
35;35-3041;Food Servers, Nonrestaurant;Baby Boomer; 	24.732 ;30.518;5.786;23 %;11%;12%;1%;
53;53-7061;Cleaners of Vehicles and Equipment;Baby Boomer; 	32.226 ;37.829;5.603;17 %;9%;11%;2%;
13;13-1081;Logisticians;Baby Boomer; 	18.517 ;24.115;5.598;30 %;17%;19%;2%;
41;41-2021;Counter and Rental Clerks;Baby Boomer; 	51.700 ;57.271;5.571;11 %;11%;13%;2%;
43;43-9041;Insurance Claims and Policy Processing Clerks;Baby Boomer; 	33.504 ;39.016;5.512;16 %;14%;17%;3%;
43;43-3011;Bill and Account Collectors;Baby Boomer; 	42.176 ;47.667;5.491;13 %;10%;12%;2%;
53;53-7051;Industrial Truck and Tractor Operators;Baby Boomer; 	63.017 ;68.503;5.486;9 %;11%;13%;2%;
39;39-5012;Hairdressers, Hairstylists, and Cosmetologists;Baby Boomer; 	61.565 ;67.013;5.448;9 %;10%;10%;0%;
21;21-1022;Healthcare Social Workers;Baby Boomer; 	23.617 ;29.048;5.431;23 %;17%;19%;2%;
53;53-3022;Bus Drivers, School or Special Client ;Baby Boomer; 	102.158 ;107.531;5.373;5 %;22%;23%;1%;
13;13-1023;Purchasing Agents, Except Wholesale, Retail, and Farm Products;Baby Boomer; 	58.260 ;63.503;5.243;9 %;19%;22%;3%;
29;29-2012;Medical and Clinical Laboratory Technicians;Baby Boomer; 	22.852 ;27.840;4.988;22 %;15%;17%;2%;
15;15-1131;Computer Programmers;Baby Boomer; 	36.863 ;41.791;4.928;13 %;11%;12%;1%;
13;13-1031;Claims Adjusters, Examiners, and Investigators;Baby Boomer; 	42.140 ;47.010;4.870;12 %;15%;17%;2%;
29;29-2011;Medical and Clinical Laboratory Technologists;Baby Boomer; 	24.816 ;29.566;4.750;19 %;16%;18%;2%;
25;25-3021;Self-Enrichment Education Teachers;Baby Boomer; 	52.770 ;57.514;4.744;9 %;17%;17%;1%;
49;49-3023;Automotive Service Technicians and Mechanics;Baby Boomer; 	81.062 ;85.803;4.741;6 %;10%;12%;2%;
29;29-1123;Physical Therapists;Baby Boomer; 	16.740 ;21.450;4.710;28 %;9%;10%;1%;
35;35-9031;Hosts and Hostesses, Restaurant, Lounge, and Coffee Shop;Baby Boomer; 	12.945 ;17.623;4.678;36 %;4%;5%;1%;
35;35-3022;Counter Attendants, Cafeteria, Food Concession, and Coffee Shop;Baby Boomer; 	18.920 ;23.585;4.665;25 %;4%;5%;1%;
17;17-2141;Mechanical Engineers;Baby Boomer; 	41.432 ;46.096;4.664;11 %;15%;18%;3%;
17;17-2112;Industrial Engineers;Baby Boomer; 	42.070 ;46.707;4.637;11 %;18%;21%;3%;
21;21-1014;Mental Health Counselors;Baby Boomer; 	19.662 ;24.201;4.539;23 %;17%;19%;2%;
43;43-6012;Legal Secretaries;Baby Boomer; 	43.362 ;47.861;4.499;10 %;19%;22%;3%;
39;39-9032;Recreation Workers;Baby Boomer; 	42.369 ;46.834;4.465;11 %;13%;13%;0%;
29;29-1126;Respiratory Therapists;Baby Boomer; 	14.732 ;19.191;4.459;30 %;14%;16%;2%;
11;11-9041;Architectural and Engineering Managers;Baby Boomer; 	39.866 ;44.317;4.451;11 %;20%;23%;3%;
53;53-1021;First-Line Supervisors of Helpers, Laborers, and Material Movers, Hand;Baby Boomer; 	24.724 ;29.147;4.423;18 %;14%;17%;3%;
35;35-2011;Cooks, Fast Food;Baby Boomer; 	28.268 ;32.675;4.407;16 %;5%;6%;1%;
51;51-4121;Welders, Cutters, Solderers, and Brazers;Baby Boomer; 	49.823 ;54.167;4.344;9 %;12%;15%;3%;
41;41-9099;Sales and Related Workers, All Other;Baby Boomer; 	25.818 ;30.128;4.310;17 %;17%;19%;2%;
47;47-2061;Construction Laborers;Baby Boomer; 	123.393 ;127.558;4.165;3 %;9%;10%;1%;
43;43-5032;Dispatchers, Except Police, Fire, and Ambulance;Baby Boomer; 	27.816 ;31.961;4.145;15 %;14%;16%;2%;
25;25-3099;Teachers and Instructors, All Other;Baby Boomer; 	59.441 ;63.571;4.130;7 %;18%;18%;0%;
55;55-9999;Military occupations;Baby Boomer; 	345.089 ;349.133;4.044;1 %;17%;17%;0%;
27;27-3031;Public Relations Specialists;Baby Boomer; 	26.221 ;30.220;3.999;15 %;12%;14%;2%;
11;11-2021;Marketing Managers;Baby Boomer; 	23.287 ;27.281;3.994;17 %;13%;14%;1%;
25;25-2021;Elementary School Teachers, Except Special Education;Baby Boomer; 	279.790 ;283.774;3.984;1 %;21%;21%;0%;
35;35-3011;Bartenders;Baby Boomer; 	35.155 ;39.049;3.894;11 %;6%;7%;1%;
51;51-2092;Team Assemblers;Baby Boomer; 	150.148 ;154.038;3.890;3 %;12%;15%;3%;
43;43-5061;Production, Planning, and Expediting Clerks;Baby Boomer; 	51.387 ;55.275;3.888;8 %;16%;19%;3%;
39;39-2021;Nonfarm Animal Caretakers;Baby Boomer; 	16.869 ;20.714;3.845;23 %;9%;10%;1%;
39;39-9031;Fitness Trainers and Aerobics Instructors;Baby Boomer; 	20.174 ;23.989;3.815;19 %;8%;9%;1%;
39;39-3091;Amusement and Recreation Attendants;Baby Boomer; 	29.788 ;33.587;3.799;13 %;11%;12%;1%;
51;51-4011;Computer-Controlled Machine Tool Operators, Metal and Plastic;Baby Boomer; 	18.744 ;22.448;3.704;20 %;13%;16%;3%;
17;17-2071;Electrical Engineers;Baby Boomer; 	31.496 ;35.193;3.697;12 %;18%;21%;3%;
43;43-9199;Office and Administrative Support Workers, All Other;Baby Boomer; 	50.037 ;53.734;3.697;7 %;16%;17%;1%;
41;41-9041;Telemarketers;Baby Boomer; 	21.336 ;24.937;3.601;17 %;8%;9%;1%;
27;27-2022;Coaches and Scouts;Baby Boomer; 	23.838 ;27.423;3.585;15 %;11%;12%;1%;
51;51-3011;Bakers;Baby Boomer; 	18.334 ;21.901;3.567;19 %;11%;13%;2%;
43;43-3051;Payroll and Timekeeping Clerks;Baby Boomer; 	29.099 ;32.665;3.566;12 %;15%;17%;2%;
51;51-3022;Meat, Poultry, and Fish Cutters and Trimmers;Baby Boomer; 	17.218 ;20.772;3.554;21 %;10%;13%;3%;
41;41-2022;Parts Salespersons;Baby Boomer; 	35.692 ;39.222;3.530;10 %;15%;17%;2%;
49;49-2011;Computer, Automated Teller, and Office Machine Repairers;Baby Boomer; 	16.452 ;19.916;3.464;21 %;11%;14%;3%;
43;43-4151;Order Clerks;Baby Boomer; 	31.038 ;34.481;3.443;11 %;14%;16%;2%;
51;51-3021;Butchers and Meat Cutters;Baby Boomer; 	19.036 ;22.475;3.439;18 %;14%;16%;2%;
31;31-9094;Medical Transcriptionists;Baby Boomer; 	13.440 ;16.807;3.367;25 %;17%;19%;2%;
29;29-1062;Family and General Practitioners;Baby Boomer; 	22.828 ;26.173;3.345;15 %;19%;21%;2%;
29;29-2041;Emergency Medical Technicians and Paramedics;Baby Boomer; 	20.273 ;23.598;3.325;16 %;10%;10%;0%;
15;15-1152;Computer Network Support Specialists;Baby Boomer; 	18.888 ;22.209;3.321;18 %;10%;12%;2%;
49;49-3031;Bus and Truck Mechanics and Diesel Engine Specialists;Baby Boomer; 	38.574 ;41.821;3.247;8 %;15%;17%;2%;
17;17-2171;Petroleum Engineers;Baby Boomer; 	5.847 ;9.065;3.218;55 %;18%;22%;4%;
11;11-3051;Industrial Production Managers;Baby Boomer; 	31.811 ;35.029;3.218;10 %;18%;21%;3%;
43;43-4199;Information and Record Clerks, All Other;Baby Boomer; 	30.732 ;33.943;3.211;10 %;16%;17%;1%;
39;39-9011;Childcare Workers;Baby Boomer; 	184.865 ;188.023;3.158;2 %;13%;13%;0%;
21;21-1023;Mental Health and Substance Abuse Social Workers;Baby Boomer; 	17.935 ;21.088;3.153;18 %;16%;18%;2%;
51;51-1011;First-Line Supervisors of Production and Operating Workers;Baby Boomer; 	109.795 ;112.947;3.152;3 %;16%;19%;3%;
53;53-1031;First-Line Supervisors of Transportation and Material-Moving Machine and Vehicle Operators;Baby Boomer; 	34.298 ;37.443;3.145;9 %;16%;18%;2%;
15;15-1141;Database Administrators;Baby Boomer; 	12.237 ;15.358;3.121;26 %;11%;13%;2%;
39;39-3031;Ushers, Lobby Attendants, and Ticket Takers;Baby Boomer; 	14.115 ;17.201;3.086;22 %;12%;15%;3%;
25;25-9041;Teacher Assistants;Baby Boomer; 	243.445 ;246.521;3.076;1 %;19%;20%;1%;
13;13-1121;Meeting, Convention, and Event Planners;Baby Boomer; 	7.661 ;10.731;3.070;40 %;11%;12%;1%;
43;43-4161;Human Resources Assistants, Except Payroll and Timekeeping;Baby Boomer; 	21.956 ;25.021;3.065;14 %;15%;16%;1%;
19;19-1042;Medical Scientists, Except Epidemiologists;Baby Boomer; 	9.689 ;12.722;3.033;31 %;11%;13%;2%;
29;29-2099;Health Technologists and Technicians, All Other;Baby Boomer; 	10.477 ;13.472;2.995;29 %;13%;15%;2%;
11;11-3121;Human Resources Managers;Baby Boomer; 	19.155 ;22.128;2.973;16 %;18%;20%;2%;
43;43-4081;Hotel, Motel, and Resort Desk Clerks;Baby Boomer; 	20.158 ;23.055;2.897;14 %;9%;10%;1%;
49;49-9021;Heating, Air Conditioning, and Refrigeration Mechanics and Installers;Baby Boomer; 	29.553 ;32.438;2.885;10 %;9%;11%;2%;
51;51-6011;Laundry and Dry-Cleaning Workers;Baby Boomer; 	37.008 ;39.893;2.885;8 %;16%;18%;2%;
53;53-3021;Bus Drivers, Transit and Intercity ;Baby Boomer; 	35.406 ;38.229;2.823;8 %;21%;22%;1%;
53;53-2031;Flight Attendants;Baby Boomer; 	15.055 ;17.834;2.779;18 %;17%;22%;5%;
13;13-2082;Tax Preparers;Baby Boomer; 	21.025 ;23.786;2.761;13 %;24%;26%;2%;
21;21-1011;Substance Abuse and Behavioral Disorder Counselors;Baby Boomer; 	13.996 ;16.712;2.716;19 %;17%;19%;2%;
51;51-9198;Helpers--Production Workers;Baby Boomer; 	43.900 ;46.610;2.710;6 %;9%;11%;2%;
31;31-9097;Phlebotomists;Baby Boomer; 	10.369 ;13.036;2.667;26 %;11%;13%;2%;
21;21-1015;Rehabilitation Counselors;Baby Boomer; 	20.026 ;22.659;2.633;13 %;18%;19%;1%;
43;43-4181;Reservation and Transportation Ticket Agents and Travel Clerks;Baby Boomer; 	21.157 ;23.768;2.611;12 %;14%;18%;4%;
29;29-2032;Diagnostic Medical Sonographers;Baby Boomer; 	5.966 ;8.563;2.597;44 %;12%;14%;2%;
17;17-2051;Civil Engineers;Baby Boomer; 	47.722 ;50.312;2.590;5 %;16%;18%;2%;
13;13-2072;Loan Officers;Baby Boomer; 	39.463 ;42.038;2.575;7 %;12%;14%;2%;
35;35-2012;Cooks, Institution and Cafeteria;Baby Boomer; 	65.670 ;68.233;2.563;4 %;16%;16%;0%;
51;51-2011;Aircraft Structure, Surfaces, Rigging, and Systems Assemblers;Baby Boomer; 	7.280 ;9.839;2.559;35 %;20%;24%;4%;
49;49-3011;Aircraft Mechanics and Service Technicians;Baby Boomer; 	18.583 ;21.129;2.546;14 %;15%;17%;2%;
49;49-3042;Mobile Heavy Equipment Mechanics, Except Engines;Baby Boomer; 	19.813 ;22.358;2.545;13 %;16%;18%;2%;
29;29-2081;Opticians, Dispensing;Baby Boomer; 	8.599 ;11.142;2.543;30 %;15%;17%;2%;
11;11-9151;Social and Community Service Managers;Baby Boomer; 	27.057 ;29.596;2.539;9 %;21%;22%;1%;
29;29-2055;Surgical Technologists;Baby Boomer; 	9.202 ;11.720;2.518;27 %;10%;12%;2%;
27;27-3091;Interpreters and Translators;Baby Boomer; 	8.312 ;10.755;2.443;29 %;15%;15%; (0%);
29;29-1151;Nurse Anesthetists;Baby Boomer; 	5.786 ;8.215;2.429;42 %;19%;23%;4%;
31;31-9099;Healthcare Support Workers, All Other;Baby Boomer; 	15.156 ;17.577;2.421;16 %;14%;16%;2%;
49;49-9051;Electrical Power-Line Installers and Repairers;Baby Boomer; 	13.107 ;15.524;2.417;18 %;12%;13%;1%;
29;29-1071;Physician Assistants;Baby Boomer; 	8.472 ;10.870;2.398;28 %;11%;12%;1%;
17;17-2072;Electronics Engineers, Except Computer;Baby Boomer; 	24.026 ;26.403;2.377;10 %;16%;19%;3%;
51;51-3092;Food Batchmakers;Baby Boomer; 	11.938 ;14.306;2.368;20 %;12%;14%;2%;
53;53-2011;Airline Pilots, Copilots, and Flight Engineers;Baby Boomer; 	11.375 ;13.742;2.367;21 %;16%;20%;4%;
17;17-2011;Aerospace Engineers;Baby Boomer; 	14.459 ;16.779;2.320;16 %;18%;20%;2%;
15;15-1134;Web Developers;Baby Boomer; 	6.964 ;9.271;2.307;33 %;6%;7%;1%;
11;11-3071;Transportation, Storage, and Distribution Managers;Baby Boomer; 	17.985 ;20.242;2.257;13 %;17%;19%;2%;
53;53-7081;Refuse and Recyclable Material Collectors;Baby Boomer; 	15.855 ;18.107;2.252;14 %;12%;13%;1%;
53;53-6031;Automotive and Watercraft Service Attendants;Baby Boomer; 	9.447 ;11.679;2.232;24 %;9%;10%;1%;
21;21-1091;Health Educators ;Baby Boomer; 	8.908 ;11.137;2.229;25 %;17%;19%;2%;
25;25-9031;Instructional Coordinators;Baby Boomer; 	28.326 ;30.544;2.218;8 %;22%;22%;0%;
49;49-9098;Helpers--Installation, Maintenance, and Repair Workers;Baby Boomer; 	12.015 ;14.230;2.215;18 %;9%;11%;2%;
43;43-5011;Cargo and Freight Agents;Baby Boomer; 	8.424 ;10.631;2.207;26 %;11%;13%;2%;
15;15-2031;Operations Research Analysts;Baby Boomer; 	11.072 ;13.248;2.176;20 %;16%;18%;2%;
15;15-1199;Computer Occupations, All Other;Baby Boomer; 	26.900 ;29.074;2.174;8 %;14%;14%;0%;
13;13-1022;Wholesale and Retail Buyers, Except Farm Products;Baby Boomer; 	20.057 ;22.204;2.147;11 %;16%;18%;2%;
11;11-9033;Education Administrators, Postsecondary;Baby Boomer; 	25.325 ;27.468;2.143;8 %;22%;23%;1%;
13;13-2052;Personal Financial Advisors;Baby Boomer; 	35.989 ;38.124;2.135;6 %;16%;17%;1%;
39;39-9041;Residential Advisors;Baby Boomer; 	12.393 ;14.519;2.126;17 %;13%;14%;1%;
17;17-2199;Engineers, All Other;Baby Boomer; 	25.213 ;27.338;2.125;8 %;18%;19%;1%;
17;17-3023;Electrical and Electronics Engineering Technicians;Baby Boomer; 	26.228 ;28.353;2.125;8 %;17%;19%;2%;
35;35-2015;Cooks, Short Order;Baby Boomer; 	10.900 ;12.997;2.097;19 %;7%;8%;1%;
29;29-1122;Occupational Therapists;Baby Boomer; 	10.100 ;12.183;2.083;21 %;10%;11%;1%;
15;15-1122;Information Security Analysts;Baby Boomer; 	11.001 ;13.073;2.072;19 %;15%;17%;2%;
11;11-3061;Purchasing Managers;Baby Boomer; 	14.987 ;17.057;2.070;14 %;21%;24%;3%;
13;13-2099;Financial Specialists, All Other;Baby Boomer; 	21.962 ;24.002;2.040;9 %;14%;15%;1%;
47;47-2152;Plumbers, Pipefitters, and Steamfitters;Baby Boomer; 	47.314 ;49.341;2.027;4 %;10%;12%;2%;
29;29-2056;Veterinary Technologists and Technicians;Baby Boomer; 	4.046 ;6.069;2.023;50 %;5%;7%;2%;
13;13-2051;Financial Analysts;Baby Boomer; 	18.204 ;20.223;2.019;11 %;7%;8%;1%;
51;51-8093;Petroleum Pump System Operators, Refinery Operators, and Gaugers;Baby Boomer; 	7.569 ;9.584;2.015;27 %;18%;22%;4%;
13;13-2053;Insurance Underwriters;Baby Boomer; 	15.510 ;17.525;2.015;13 %;16%;19%;3%;
43;43-4071;File Clerks;Baby Boomer; 	25.581 ;27.574;1.993;8 %;13%;16%;3%;
29;29-1031;Dietitians and Nutritionists;Baby Boomer; 	9.268 ;11.249;1.981;21 %;15%;17%;2%;
19;19-2031;Chemists;Baby Boomer; 	12.196 ;14.163;1.967;16 %;14%;16%;2%;
31;31-9093;Medical Equipment Preparers;Baby Boomer; 	6.548 ;8.511;1.963;30 %;13%;16%;3%;
29;29-2031;Cardiovascular Technologists and Technicians;Baby Boomer; 	5.405 ;7.288;1.883;35 %;12%;14%;2%;
19;19-4031;Chemical Technicians;Baby Boomer; 	10.891 ;12.760;1.869;17 %;17%;20%;3%;
31;31-2021;Physical Therapist Assistants;Baby Boomer; 	4.694 ;6.559;1.865;40 %;8%;9%;1%;
51;51-9023;Mixing and Blending Machine Setters, Operators, and Tenders;Baby Boomer; 	16.710 ;18.535;1.825;11 %;13%;15%;2%;
47;47-2111;Electricians;Baby Boomer; 	78.292 ;80.075;1.783;2 %;11%;13%;2%;
25;25-2011;Preschool Teachers, Except Special Education;Baby Boomer; 	50.401 ;52.181;1.780;4 %;11%;12%;1%;
43;43-5111;Weighers, Measurers, Checkers, and Samplers, Recordkeeping;Baby Boomer; 	10.485 ;12.253;1.768;17 %;14%;17%;3%;
17;17-3029;Engineering Technicians, Except Drafters, All Other;Baby Boomer; 	11.224 ;12.978;1.754;16 %;17%;19%;2%;
27;27-3042;Technical Writers;Baby Boomer; 	11.843 ;13.579;1.736;15 %;23%;26%;3%;
29;29-1127;Speech-Language Pathologists;Baby Boomer; 	20.178 ;21.900;1.722;9 %;17%;17%;0%;
51;51-2022;Electrical and Electronic Equipment Assemblers;Baby Boomer; 	40.061 ;41.778;1.717;4 %;18%;21%;3%;
21;21-1012;Educational, Guidance, School, and Vocational Counselors;Baby Boomer; 	46.396 ;48.104;1.708;4 %;20%;20%; (0%);
25;25-2022;Middle School Teachers, Except Special and Career/Technical Education;Baby Boomer; 	126.733 ;128.437;1.704;1 %;21%;21%; (0%);
51;51-9199;Production Workers, All Other;Baby Boomer; 	33.257 ;34.948;1.691;5 %;12%;14%;2%;
19;19-2042;Geoscientists, Except Hydrologists and Geographers;Baby Boomer; 	5.493 ;7.143;1.650;30 %;16%;18%;2%;
19;19-4021;Biological Technicians;Baby Boomer; 	8.725 ;10.374;1.649;19 %;13%;14%;1%;
29;29-1199;Health Diagnosing and Treating Practitioners, All Other;Baby Boomer; 	7.837 ;9.469;1.632;21 %;20%;22%;2%;
51;51-3023;Slaughterers and Meat Packers;Baby Boomer; 	8.149 ;9.759;1.610;20 %;10%;12%;2%;
49;49-9062;Medical Equipment Repairers;Baby Boomer; 	6.135 ;7.742;1.607;26 %;18%;20%;2%;
15;15-1143;Computer Network Architects;Baby Boomer; 	11.656 ;13.262;1.606;14 %;8%;9%;1%;
21;21-2011;Clergy;Baby Boomer; 	57.767 ;59.361;1.594;3 %;25%;25%;0%;
31;31-1015;Orderlies;Baby Boomer; 	7.264 ;8.857;1.593;22 %;13%;15%;2%;
43;43-9051;Mail Clerks and Mail Machine Operators, Except Postal Service;Baby Boomer; 	18.877 ;20.445;1.568;8 %;16%;18%;2%;
43;43-3061;Procurement Clerks;Baby Boomer; 	12.923 ;14.489;1.566;12 %;17%;19%;2%;
23;23-1011;Lawyers;Baby Boomer; 	144.300 ;145.862;1.562;1 %;18%;19%;1%;
41;41-9031;Sales Engineers;Baby Boomer; 	11.792 ;13.335;1.543;13 %;15%;18%;3%;
31;31-9011;Massage Therapists;Baby Boomer; 	13.916 ;15.444;1.528;11 %;11%;11%;0%;
21;21-1013;Marriage and Family Therapists;Baby Boomer; 	6.308 ;7.833;1.525;24 %;18%;19%;1%;
29;29-1063;Internists, General;Baby Boomer; 	9.012 ;10.537;1.525;17 %;18%;20%;2%;
49;49-9043;Maintenance Workers, Machinery;Baby Boomer; 	18.384 ;19.904;1.520;8 %;19%;21%;2%;
29;29-9011;Occupational Health and Safety Specialists;Baby Boomer; 	10.242 ;11.759;1.517;15 %;17%;19%;2%;
31;31-9096;Veterinary Assistants and Laboratory Animal Caretakers;Baby Boomer; 	6.957 ;8.466;1.509;22 %;9%;11%;3%;
53;53-6021;Parking Lot Attendants;Baby Boomer; 	13.516 ;15.024;1.508;11 %;10%;11%;1%;
39;39-9099;Personal Care and Service Workers, All Other;Baby Boomer; 	13.711 ;15.211;1.500;11 %;14%;14%;0%;
51;51-9012;Separating, Filtering, Clarifying, Precipitating, and Still Machine Setters, Operators, and Tenders;Baby Boomer; 	6.484 ;7.974;1.490;23 %;15%;19%;4%;
39;39-1021;First-Line Supervisors of Personal Service Workers;Baby Boomer; 	25.136 ;26.626;1.490;6 %;13%;14%;1%;
49;49-9099;Installation, Maintenance, and Repair Workers, All Other;Baby Boomer; 	25.208 ;26.687;1.479;6 %;14%;16%;2%;
49;49-9031;Home Appliance Repairers;Baby Boomer; 	6.037 ;7.474;1.437;24 %;13%;18%;5%;
29;29-1067;Surgeons;Baby Boomer; 	8.641 ;10.072;1.431;17 %;19%;21%;2%;
19;19-3031;Clinical, Counseling, and School Psychologists;Baby Boomer; 	38.842 ;40.259;1.417;4 %;27%;27%;0%;
33;33-9093;Transportation Security Screeners;Baby Boomer; 	7.954 ;9.370;1.416;18 %;18%;18%;0%;
37;37-2021;Pest Control Workers;Baby Boomer; 	8.416 ;9.824;1.408;17 %;12%;14%;2%;
27;27-2042;Musicians and Singers;Baby Boomer; 	28.773 ;30.177;1.404;5 %;16%;17%;1%;
19;19-2041;Environmental Scientists and Specialists, Including Health;Baby Boomer; 	13.168 ;14.549;1.381;10 %;16%;16%;0%;
51;51-8013;Power Plant Operators;Baby Boomer; 	7.821 ;9.187;1.366;17 %;19%;23%;4%;
11;11-9121;Natural Sciences Managers;Baby Boomer; 	8.185 ;9.523;1.338;16 %;17%;19%;2%;
27;27-2012;Producers and Directors;Baby Boomer; 	10.585 ;11.918;1.333;13 %;10%;11%;1%;
45;45-2041;Graders and Sorters, Agricultural Products;Baby Boomer; 	9.076 ;10.402;1.326;15 %;16%;17%;1%;
27;27-4021;Photographers;Baby Boomer; 	16.153 ;17.468;1.315;8 %;13%;14%;2%;
21;21-1021;Child, Family, and School Social Workers;Baby Boomer; 	51.951 ;53.259;1.308;3 %;18%;18%;0%;
49;49-9012;Control and Valve Installers and Repairers, Except Mechanical Door;Baby Boomer; 	8.007 ;9.301;1.294;16 %;19%;23%;4%;
47;47-5071;Roustabouts, Oil and Gas;Baby Boomer; 	1.744 ;3.030;1.286;74 %;4%;5%;1%;
51;51-9011;Chemical Equipment Operators and Tenders;Baby Boomer; 	10.624 ;11.905;1.281;12 %;17%;21%;4%;
11;11-2031;Public Relations and Fundraising Managers;Baby Boomer; 	8.551 ;9.817;1.266;15 %;15%;17%;2%;
49;49-3093;Tire Repairers and Changers;Baby Boomer; 	5.658 ;6.923;1.265;22 %;6%;7%;1%;
17;17-2061;Computer Hardware Engineers;Baby Boomer; 	7.890 ;9.152;1.262;16 %;9%;11%;2%;
39;39-5092;Manicurists and Pedicurists;Baby Boomer; 	7.984 ;9.244;1.260;16 %;9%;9%;0%;
47;47-5013;Service Unit Operators, Oil, Gas, and Mining;Baby Boomer; 	1.781 ;3.031;1.250;70 %;4%;5%;1%;
29;29-9099;Healthcare Practitioners and Technical Workers, All Other;Baby Boomer; 	6.194 ;7.424;1.230;20 %;13%;15%;2%;
35;35-1011;Chefs and Head Cooks;Baby Boomer; 	9.765 ;10.987;1.222;13 %;9%;10%;1%;
53;53-3099;Motor Vehicle Operators, All Other;Baby Boomer; 	13.318 ;14.531;1.213;9 %;20%;21%;1%;
17;17-3026;Industrial Engineering Technicians;Baby Boomer; 	12.420 ;13.623;1.203;10 %;17%;20%;3%;
39;39-3011;Gaming Dealers;Baby Boomer; 	15.693 ;16.884;1.191;8 %;15%;16%;1%;
31;31-2022;Physical Therapist Aides;Baby Boomer; 	3.131 ;4.302;1.171;37 %;7%;9%;2%;
25;25-2052;Special Education Teachers, Kindergarten and Elementary School;Baby Boomer; 	39.307 ;40.467;1.160;3 %;21%;21%; (0%);
29;29-1131;Veterinarians;Baby Boomer; 	8.488 ;9.639;1.151;14 %;13%;14%;1%;
49;49-3021;Automotive Body and Related Repairers;Baby Boomer; 	20.060 ;21.206;1.146;6 %;11%;13%;2%;
51;51-8091;Chemical Plant and System Operators;Baby Boomer; 	8.183 ;9.312;1.129;14 %;20%;24%;4%;
49;49-3041;Farm Equipment Mechanics and Service Technicians;Baby Boomer; 	5.747 ;6.875;1.128;20 %;15%;18%;3%;
21;21-1094;Community Health Workers;Baby Boomer; 	6.525 ;7.638;1.113;17 %;17%;19%;2%;
49;49-2095;Electrical and Electronics Repairers, Powerhouse, Substation, and Relay;Baby Boomer; 	5.244 ;6.354;1.110;21 %;23%;27%;4%;
13;13-2061;Financial Examiners;Baby Boomer; 	4.714 ;5.823;1.109;24 %;17%;19%;2%;
17;17-2081;Environmental Engineers;Baby Boomer; 	6.860 ;7.956;1.096;16 %;14%;15%;1%;
41;41-1011;First-Line Supervisors of Retail Sales Workers;Baby Boomer; 	210.784 ;211.880;1.096;1 %;13%;14%;1%;
21;21-1099;Community and Social Service Specialists, All Other;Baby Boomer; 	18.610 ;19.703;1.093;6 %;18%;19%;1%;
17;17-2041;Chemical Engineers;Baby Boomer; 	5.709 ;6.793;1.084;19 %;17%;20%;3%;
13;13-2031;Budget Analysts;Baby Boomer; 	9.076 ;10.156;1.080;12 %;16%;17%;1%;
17;17-2031;Biomedical Engineers;Baby Boomer; 	1.758 ;2.832;1.074;61 %;11%;13%;2%;
29;29-2035;Magnetic Resonance Imaging Technologists;Baby Boomer; 	3.001 ;4.073;1.072;36 %;11%;13%;2%;
37;37-1012;First-Line Supervisors of Landscaping, Lawn Service, and Groundskeeping Workers;Baby Boomer; 	18.621 ;19.692;1.071;6 %;12%;12%;0%;
49;49-2022;Telecommunications Equipment Installers and Repairers, Except Line Installers;Baby Boomer; 	33.297 ;34.365;1.068;3 %;14%;16%;2%;
29;29-1065;Pediatricians, General;Baby Boomer; 	6.195 ;7.260;1.065;17 %;19%;20%;1%;
39;39-6011;Baggage Porters and Bellhops;Baby Boomer; 	5.996 ;7.048;1.052;18 %;14%;16%;2%;
27;27-1026;Merchandise Displayers and Window Trimmers;Baby Boomer; 	8.872 ;9.923;1.051;12 %;11%;12%;1%;
19;19-4041;Geological and Petroleum Technicians;Baby Boomer; 	2.407 ;3.452;1.045;43 %;17%;20%;3%;
49;49-2094;Electrical and Electronics Repairers, Commercial and Industrial Equipment;Baby Boomer; 	13.825 ;14.868;1.043;8 %;19%;22%;3%;
29;29-1061;Anesthesiologists;Baby Boomer; 	6.287 ;7.318;1.031;16 %;19%;21%;2%;
13;13-2041;Credit Analysts;Baby Boomer; 	5.334 ;6.355;1.021;19 %;8%;10%;2%;
27;27-4011;Audio and Video Equipment Technicians;Baby Boomer; 	6.152 ;7.149;997;16 %;9%;10%;1%;
17;17-3013;Mechanical Drafters;Baby Boomer; 	10.590 ;11.573;983;9 %;14%;17%;3%;
51;51-2023;Electromechanical Equipment Assemblers;Baby Boomer; 	10.925 ;11.907;982;9 %;19%;23%;4%;
33;33-9092;Lifeguards, Ski Patrol, and Other Recreational Protective Service Workers;Baby Boomer; 	11.179 ;12.152;973;9 %;8%;9%;1%;
51;51-8092;Gas Plant Operators;Baby Boomer; 	2.651 ;3.620;969;37 %;22%;29%;7%;
39;39-7011;Tour Guides and Escorts;Baby Boomer; 	7.171 ;8.135;964;13 %;19%;21%;2%;
43;43-4131;Loan Interviewers and Clerks;Baby Boomer; 	18.320 ;19.280;960;5 %;8%;10%;2%;
43;43-5021;Couriers and Messengers;Baby Boomer; 	21.137 ;22.092;955;5 %;18%;20%;2%;
53;53-5021;Captains, Mates, and Pilots of Water Vessels;Baby Boomer; 	5.797 ;6.718;921;16 %;16%;18%;2%;
47;47-5081;Helpers--Extraction Workers;Baby Boomer; 	1.591 ;2.511;920;58 %;7%;9%;2%;
53;53-6099;Transportation Workers, All Other;Baby Boomer; 	6.337 ;7.250;913;14 %;16%;19%;3%;
41;41-9011;Demonstrators and Product Promoters;Baby Boomer; 	14.987 ;15.892;905;6 %;15%;17%;2%;
51;51-2041;Structural Metal Fabricators and Fitters;Baby Boomer; 	13.642 ;14.527;885;6 %;15%;18%;3%;
19;19-1021;Biochemists and Biophysicists;Baby Boomer; 	2.855 ;3.732;877;31 %;11%;13%;2%;
47;47-2181;Roofers;Baby Boomer; 	10.705 ;11.563;858;8 %;7%;8%;1%;
25;25-4031;Library Technicians;Baby Boomer; 	21.708 ;22.566;858;4 %;18%;18%;0%;
25;25-9099;Education, Training, and Library Workers, All Other;Baby Boomer; 	21.381 ;22.236;855;4 %;21%;22%;1%;
49;49-2097;Electronic Home Entertainment Equipment Installers and Repairers;Baby Boomer; 	3.086 ;3.930;844;27 %;8%;11%;3%;
51;51-3093;Food Cooking Machine Operators and Tenders;Baby Boomer; 	3.912 ;4.734;822;21 %;12%;14%;2%;
19;19-1012;Food Scientists and Technologists;Baby Boomer; 	3.219 ;4.039;820;25 %;22%;26%;4%;
43;43-4121;Library Assistants, Clerical;Baby Boomer; 	21.378 ;22.197;819;4 %;17%;17%; (0%);
53;53-5011;Sailors and Marine Oilers;Baby Boomer; 	4.635 ;5.453;818;18 %;14%;16%;2%;
51;51-2031;Engine and Other Machine Assemblers;Baby Boomer; 	6.554 ;7.369;815;12 %;15%;18%;3%;
51;51-8031;Water and Wastewater Treatment Plant and System Operators;Baby Boomer; 	19.081 ;19.895;814;4 %;18%;18%;0%;
51;51-4023;Rolling Machine Setters, Operators, and Tenders, Metal and Plastic;Baby Boomer; 	7.393 ;8.203;810;11 %;18%;23%;5%;
11;11-3131;Training and Development Managers;Baby Boomer; 	5.209 ;6.015;806;15 %;19%;21%;2%;
53;53-7073;Wellhead Pumpers;Baby Boomer; 	1.646 ;2.448;802;49 %;13%;15%;2%;
29;29-1064;Obstetricians and Gynecologists;Baby Boomer; 	4.235 ;5.033;798;19 %;19%;21%;2%;
33;33-9099;Protective Service Workers, All Other;Baby Boomer; 	12.671 ;13.469;798;6 %;15%;16%;1%;
13;13-1075;Labor Relations Specialists;Baby Boomer; 	17.910 ;18.707;797;4 %;22%;25%;3%;
43;43-5041;Meter Readers, Utilities;Baby Boomer; 	5.902 ;6.696;794;13 %;15%;17%;2%;
19;19-4099;Life, Physical, and Social Science Technicians, All Other;Baby Boomer; 	7.631 ;8.421;790;10 %;13%;14%;1%;
17;17-2161;Nuclear Engineers;Baby Boomer; 	4.160 ;4.949;789;19 %;20%;22%;2%;
47;47-4041;Hazardous Materials Removal Workers;Baby Boomer; 	2.602 ;3.386;784;30 %;7%;9%;2%;
53;53-3011;Ambulance Drivers and Attendants, Except Emergency Medical Technicians;Baby Boomer; 	2.397 ;3.180;783;33 %;15%;17%;2%;
23;23-2093;Title Examiners, Abstractors, and Searchers;Baby Boomer; 	8.124 ;8.898;774;10 %;13%;15%;2%;
27;27-2011;Actors;Baby Boomer; 	6.948 ;7.719;771;11 %;8%;9%;1%;
43;43-4141;New Accounts Clerks;Baby Boomer; 	6.332 ;7.098;766;12 %;11%;13%;2%;
49;49-2098;Security and Fire Alarm Systems Installers;Baby Boomer; 	6.611 ;7.377;766;12 %;11%;12%;1%;
39;39-6012;Concierges;Baby Boomer; 	4.133 ;4.882;749;18 %;16%;18%;2%;
27;27-3011;Radio and Television Announcers;Baby Boomer; 	4.271 ;5.018;747;17 %;10%;13%;3%;
29;29-2057;Ophthalmic Medical Technicians;Baby Boomer; 	1.997 ;2.742;745;37 %;7%;9%;2%;
51;51-9081;Dental Laboratory Technicians;Baby Boomer; 	6.675 ;7.417;742;11 %;16%;18%;2%;
31;31-2011;Occupational Therapy Assistants;Baby Boomer; 	2.231 ;2.971;740;33 %;9%;10%;1%;
19;19-4091;Environmental Science and Protection Technicians, Including Health;Baby Boomer; 	3.951 ;4.681;730;18 %;13%;14%;1%;
43;43-4041;Credit Authorizers, Checkers, and Clerks;Baby Boomer; 	5.951 ;6.681;730;12 %;10%;13%;3%;
53;53-7011;Conveyor Operators and Tenders;Baby Boomer; 	4.657 ;5.383;726;16 %;11%;13%;2%;
33;33-3021;Detectives and Criminal Investigators;Baby Boomer; 	18.609 ;19.335;726;4 %;17%;17%; (0%);
43;43-3099;Financial Clerks, All Other;Baby Boomer; 	5.970 ;6.693;723;12 %;13%;16%;3%;
17;17-3027;Mechanical Engineering Technicians;Baby Boomer; 	8.549 ;9.259;710;8 %;16%;19%;3%;
43;43-9021;Data Entry Keyers;Baby Boomer; 	33.338 ;34.042;704;2 %;13%;15%;2%;
47;47-3015;Helpers--Pipelayers, Plumbers, Pipefitters, and Steamfitters;Baby Boomer; 	2.748 ;3.448;700;25 %;5%;7%;2%;
51;51-8021;Stationary Engineers and Boiler Operators;Baby Boomer; 	7.731 ;8.430;699;9 %;20%;23%;3%;
47;47-5041;Continuous Mining Machine Operators;Baby Boomer; 	1.907 ;2.603;696;36 %;15%;19%;4%;
37;37-3013;Tree Trimmers and Pruners;Baby Boomer; 	6.066 ;6.756;690;11 %;9%;10%;1%;
27;27-4012;Broadcast Technicians;Baby Boomer; 	3.930 ;4.619;689;18 %;11%;14%;3%;
17;17-3022;Civil Engineering Technicians;Baby Boomer; 	12.152 ;12.839;687;6 %;16%;18%;2%;
43;43-9011;Computer Operators;Baby Boomer; 	13.424 ;14.110;686;5 %;15%;18%;3%;
27;27-3099;Media and Communication Workers, All Other;Baby Boomer; 	4.324 ;5.006;682;16 %;14%;16%;2%;
21;21-1029;Social Workers, All Other;Baby Boomer; 	10.492 ;11.171;679;6 %;17%;18%;1%;
17;17-2131;Materials Engineers;Baby Boomer; 	3.380 ;4.055;675;20 %;14%;17%;3%;
35;35-2019;Cooks, All Other;Baby Boomer; 	2.970 ;3.635;665;22 %;11%;13%;2%;
51;51-3099;Food Processing Workers, All Other;Baby Boomer; 	4.486 ;5.143;657;15 %;11%;13%;2%;
19;19-2012;Physicists;Baby Boomer; 	3.326 ;3.982;656;20 %;19%;21%;2%;
47;47-4011;Construction and Building Inspectors;Baby Boomer; 	20.444 ;21.098;654;3 %;19%;21%;2%;
13;13-1141;Compensation, Benefits, and Job Analysis Specialists;Baby Boomer; 	13.891 ;14.541;650;5 %;15%;16%;1%;
15;15-2041;Statisticians;Baby Boomer; 	3.059 ;3.708;649;21 %;12%;14%;2%;
19;19-3099;Social Scientists and Related Workers, All Other;Baby Boomer; 	4.694 ;5.335;641;14 %;15%;16%;1%;
39;39-5094;Skincare Specialists;Baby Boomer; 	3.519 ;4.157;638;18 %;8%;8%;0%;
19;19-1029;Biological Scientists, All Other;Baby Boomer; 	4.552 ;5.180;628;14 %;15%;16%;1%;
29;29-2033;Nuclear Medicine Technologists;Baby Boomer; 	2.169 ;2.796;627;29 %;11%;13%;2%;
51;51-4021;Extruding and Drawing Machine Setters, Operators, and Tenders, Metal and Plastic;Baby Boomer; 	12.003 ;12.630;627;5 %;14%;17%;3%;
51;51-4033;Grinding, Lapping, Polishing, and Buffing Machine Tool Setters, Operators, and Tenders, Metal and Plastic;Baby Boomer; 	13.301 ;13.927;626;5 %;17%;20%;3%;
33;33-1099;First-Line Supervisors of Protective Service Workers, All Other;Baby Boomer; 	12.614 ;13.230;616;5 %;20%;21%;1%;
11;11-9039;Education Administrators, All Other;Baby Boomer; 	6.809 ;7.423;614;9 %;21%;22%;1%;
47;47-2073;Operating Engineers and Other Construction Equipment Operators;Baby Boomer; 	63.129 ;63.740;611;1 %;15%;17%;2%;
31;31-9095;Pharmacy Aides;Baby Boomer; 	4.388 ;4.984;596;14 %;10%;11%;1%;
15;15-1111;Computer and Information Research Scientists;Baby Boomer; 	3.357 ;3.952;595;18 %;14%;15%;1%;
51;51-2099;Assemblers and Fabricators, All Other;Baby Boomer; 	38.773 ;39.368;595;2 %;12%;14%;2%;
49;49-2096;Electronic Equipment Installers and Repairers, Motor Vehicles;Baby Boomer; 	1.716 ;2.309;593;35 %;12%;19%;7%;
51;51-4081;Multiple Machine Tool Setters, Operators, and Tenders, Metal and Plastic;Baby Boomer; 	15.612 ;16.199;587;4 %;16%;19%;3%;
51;51-3091;Food and Tobacco Roasting, Baking, and Drying Machine Operators and Tenders;Baby Boomer; 	2.219 ;2.805;586;26 %;11%;13%;2%;
53;53-6051;Transportation Inspectors;Baby Boomer; 	4.874 ;5.459;585;12 %;20%;21%;1%;
29;29-9091;Athletic Trainers;Baby Boomer; 	2.113 ;2.695;582;28 %;11%;13%;2%;
49;49-3043;Rail Car Repairers;Baby Boomer; 	3.987 ;4.565;578;14 %;21%;21%;0%;
17;17-3025;Environmental Engineering Technicians;Baby Boomer; 	2.691 ;3.263;572;21 %;15%;17%;2%;
49;49-3053;Outdoor Power Equipment and Other Small Engine Mechanics;Baby Boomer; 	4.170 ;4.740;570;14 %;13%;16%;3%;
51;51-4012;Computer Numerically Controlled Machine Tool Programmers, Metal and Plastic;Baby Boomer; 	3.017 ;3.585;568;19 %;12%;15%;3%;
19;19-3039;Psychologists, All Other;Baby Boomer; 	5.342 ;5.910;568;11 %;29%;29%; (0%);
21;21-2021;Directors, Religious Activities and Education;Baby Boomer; 	30.866 ;31.431;565;2 %;23%;24%;1%;
45;45-2091;Agricultural Equipment Operators;Baby Boomer; 	5.455 ;6.015;560;10 %;9%;9%;0%;
19;19-2099;Physical Scientists, All Other;Baby Boomer; 	4.574 ;5.132;558;12 %;17%;17%;0%;
47;47-5012;Rotary Drill Operators, Oil and Gas;Baby Boomer; 	689 ;1.246;557;81 %;4%;5%;1%;
37;37-3012;Pesticide Handlers, Sprayers, and Applicators, Vegetation;Baby Boomer; 	3.331 ;3.888;557;17 %;10%;12%;2%;
21;21-1019;Counselors, All Other;Baby Boomer; 	5.748 ;6.305;557;10 %;19%;20%;1%;
13;13-1051;Cost Estimators;Baby Boomer; 	46.991 ;47.547;556;1 %;19%;22%;3%;
17;17-2111;Health and Safety Engineers, Except Mining Safety Engineers and Inspectors;Baby Boomer; 	4.638 ;5.192;554;12 %;18%;21%;3%;
53;53-7199;Material Moving Workers, All Other;Baby Boomer; 	3.686 ;4.237;551;15 %;12%;15%;3%;
29;29-1129;Therapists, All Other;Baby Boomer; 	5.190 ;5.741;551;11 %;20%;20%;0%;
49;49-9052;Telecommunications Line Installers and Repairers;Baby Boomer; 	13.297 ;13.839;542;4 %;8%;10%;2%;
29;29-2051;Dietetic Technicians;Baby Boomer; 	2.643 ;3.183;540;20 %;11%;13%;2%;
29;29-1066;Psychiatrists;Baby Boomer; 	4.364 ;4.900;536;12 %;17%;18%;1%;
51;51-4034;Lathe and Turning Machine Tool Setters, Operators, and Tenders, Metal and Plastic;Baby Boomer; 	7.570 ;8.105;535;7 %;18%;21%;3%;
11;11-2011;Advertising and Promotions Managers;Baby Boomer; 	3.464 ;3.998;534;15 %;10%;12%;2%;
53;53-4011;Locomotive Engineers;Baby Boomer; 	11.568 ;12.098;530;5 %;30%;30%; (0%);
35;35-9099;Food Preparation and Serving Related Workers, All Other;Baby Boomer; 	3.757 ;4.280;523;14 %;9%;10%;1%;
47;47-3013;Helpers--Electricians;Baby Boomer; 	3.726 ;4.245;519;14 %;5%;6%;1%;
13;13-1131;Fundraisers;Baby Boomer; 	11.920 ;12.439;519;4 %;17%;17%;0%;
11;11-3111;Compensation and Benefits Managers;Baby Boomer; 	3.482 ;3.995;513;15 %;17%;20%;3%;
51;51-9083;Ophthalmic Laboratory Technicians;Baby Boomer; 	3.650 ;4.157;507;14 %;12%;13%;1%;
11;11-1011;Chief Executives;Baby Boomer; 	78.636 ;79.137;501;1 %;24%;26%;2%;
17;17-3024;Electro-Mechanical Technicians;Baby Boomer; 	2.718 ;3.218;500;18 %;15%;18%;3%;
29;29-1181;Audiologists;Baby Boomer; 	1.005 ;1.496;491;49 %;9%;12%;3%;
19;19-4011;Agricultural and Food Science Technicians;Baby Boomer; 	3.017 ;3.508;491;16 %;15%;17%;2%;
53;53-4031;Railroad Conductors and Yardmasters;Baby Boomer; 	11.767 ;12.258;491;4 %;27%;26%; (1%);
47;47-5011;Derrick Operators, Oil and Gas;Baby Boomer; 	545 ;1.032;487;89 %;3%;4%;1%;
13;13-2071;Credit Counselors;Baby Boomer; 	2.972 ;3.458;486;16 %;11%;12%;1%;
19;19-1013;Soil and Plant Scientists;Baby Boomer; 	2.329 ;2.808;479;21 %;17%;18%;1%;
17;17-3031;Surveying and Mapping Technicians;Baby Boomer; 	8.492 ;8.964;472;6 %;14%;17%;3%;
53;53-7072;Pump Operators, Except Wellhead Pumpers;Baby Boomer; 	1.217 ;1.683;466;38 %;10%;13%;3%;
51;51-8012;Power Distributors and Dispatchers;Baby Boomer; 	1.935 ;2.395;460;24 %;17%;21%;4%;
29;29-9012;Occupational Health and Safety Technicians;Baby Boomer; 	1.843 ;2.302;459;25 %;16%;19%;3%;
49;49-2021;Radio, Cellular, and Tower Equipment Installers and Repairs;Baby Boomer; 	2.097 ;2.547;450;21 %;12%;14%;2%;
29;29-1128;Exercise Physiologists;Baby Boomer; 	1.338 ;1.781;443;33 %;15%;17%;2%;
53;53-2021;Air Traffic Controllers;Baby Boomer; 	3.909 ;4.351;442;11 %;17%;18%;1%;
39;39-4031;Morticians, Undertakers, and Funeral Directors;Baby Boomer; 	5.188 ;5.630;442;9 %;20%;22%;2%;
23;23-2099;Legal Support Workers, All Other;Baby Boomer; 	8.662 ;9.104;442;5 %;16%;16%;0%;
51;51-9082;Medical Appliance Technicians;Baby Boomer; 	2.094 ;2.533;439;21 %;16%;19%;3%;
49;49-9091;Coin, Vending, and Amusement Machine Servicers and Repairers;Baby Boomer; 	6.789 ;7.228;439;6 %;16%;18%;3%;
25;25-3011;Adult Basic and Secondary Education and Literacy Teachers and Instructors ;Baby Boomer; 	13.950 ;14.388;438;3 %;19%;19%;0%;
51;51-4193;Plating and Coating Machine Setters, Operators, and Tenders, Metal and Plastic;Baby Boomer; 	4.840 ;5.275;435;9 %;12%;15%;3%;
19;19-4051;Nuclear Technicians;Baby Boomer; 	1.289 ;1.723;434;34 %;16%;21%;5%;
45;45-2093;Farmworkers, Farm, Ranch, and Aquacultural Animals;Baby Boomer; 	6.854 ;7.287;433;6 %;9%;9%;0%;
29;29-1041;Optometrists;Baby Boomer; 	4.646 ;5.077;431;9 %;13%;14%;1%;
49;49-2091;Avionics Technicians;Baby Boomer; 	2.520 ;2.948;428;17 %;15%;17%;2%;
19;19-3022;Survey Researchers;Baby Boomer; 	2.054 ;2.481;427;21 %;12%;13%;1%;
17;17-3012;Electrical and Electronics Drafters;Baby Boomer; 	4.380 ;4.805;425;10 %;13%;16%;3%;
51;51-4122;Welding, Soldering, and Brazing Machine Setters, Operators, and Tenders;Baby Boomer; 	6.981 ;7.406;425;6 %;12%;14%;2%;
25;25-2012;Kindergarten Teachers, Except Special Education;Baby Boomer; 	30.237 ;30.655;418;1 %;20%;20%;0%;
29;29-1161;Nurse Midwives;Baby Boomer; 	794 ;1.206;412;52 %;15%;20%;5%;
15;15-2011;Actuaries;Baby Boomer; 	1.544 ;1.956;412;27 %;7%;9%;2%;
51;51-9121;Coating, Painting, and Spraying Machine Setters, Operators, and Tenders;Baby Boomer; 	9.238 ;9.646;408;4 %;10%;12%;2%;
19;19-4061;Social Science Research Assistants;Baby Boomer; 	3.344 ;3.751;407;12 %;12%;13%;1%;
25;25-2053;Special Education Teachers, Middle School;Baby Boomer; 	19.453 ;19.859;406;2 %;21%;21%; (0%);
51;51-9192;Cleaning, Washing, and Metal Pickling Equipment Operators and Tenders;Baby Boomer; 	2.777 ;3.182;405;15 %;16%;19%;3%;
51;51-8011;Nuclear Power Reactor Operators;Baby Boomer; 	1.119 ;1.522;403;36 %;17%;21%;4%;
19;19-1022;Microbiologists;Baby Boomer; 	2.246 ;2.637;391;17 %;12%;13%;1%;
13;13-2081;Tax Examiners and Collectors, and Revenue Agents;Baby Boomer; 	11.647 ;12.035;388;3 %;18%;18%;0%;
39;39-3093;Locker Room, Coatroom, and Dressing Room Attendants;Baby Boomer; 	2.311 ;2.695;384;17 %;11%;13%;2%;
51;51-9021;Crushing, Grinding, and Polishing Machine Setters, Operators, and Tenders;Baby Boomer; 	4.405 ;4.789;384;9 %;13%;16%;3%;
51;51-8099;Plant and System Operators, All Other;Baby Boomer; 	1.987 ;2.370;383;19 %;16%;20%;4%;
11;11-9061;Funeral Service Managers;Baby Boomer; 	2.221 ;2.603;382;17 %;23%;26%;3%;
27;27-3012;Public Address System and Other Announcers;Baby Boomer; 	739 ;1.119;380;51 %;5%;6%;1%;
17;17-2151;Mining and Geological Engineers, Including Mining Safety Engineers;Baby Boomer; 	1.439 ;1.815;376;26 %;18%;22%;4%;
29;29-1124;Radiation Therapists;Baby Boomer; 	1.261 ;1.633;372;30 %;7%;9%;2%;
11;11-9161;Emergency Management Directors;Baby Boomer; 	1.883 ;2.252;369;20 %;20%;24%;4%;
53;53-7021;Crane and Tower Operators;Baby Boomer; 	8.437 ;8.806;369;4 %;17%;19%;2%;
31;31-1013;Psychiatric Aides;Baby Boomer; 	12.373 ;12.731;358;3 %;15%;16%;1%;
47;47-3012;Helpers--Carpenters;Baby Boomer; 	2.631 ;2.988;357;14 %;5%;7%;2%;
43;43-4011;Brokerage Clerks;Baby Boomer; 	5.853 ;6.208;355;6 %;8%;10%;2%;
25;25-4012;Curators;Baby Boomer; 	1.909 ;2.261;352;18 %;20%;22%;2%;
27;27-4032;Film and Video Editors;Baby Boomer; 	2.006 ;2.357;351;17 %;7%;8%;1%;
49;49-2093;Electrical and Electronics Installers and Repairers, Transportation Equipment;Baby Boomer; 	3.912 ;4.262;350;9 %;24%;26%;2%;
27;27-2023;Umpires, Referees, and Other Sports Officials;Baby Boomer; 	2.424 ;2.773;349;14 %;12%;13%;1%;
49;49-9069;Precision Instrument and Equipment Repairers, All Other;Baby Boomer; 	2.363 ;2.708;345;15 %;20%;22%;2%;
19;19-1031;Conservation Scientists;Baby Boomer; 	3.663 ;4.002;339;9 %;18%;19%;1%;
51;51-4051;Metal-Refining Furnace Operators and Tenders;Baby Boomer; 	3.330 ;3.668;338;10 %;15%;18%;3%;
39;39-2011;Animal Trainers;Baby Boomer; 	4.663 ;5.001;338;7 %;14%;15%;1%;
45;45-3011;Fishers and Related Fishing Workers;Baby Boomer; 	5.076 ;5.414;338;7 %;16%;16%; (0%);
37;37-2019;Building Cleaning Workers, All Other;Baby Boomer; 	1.915 ;2.251;336;18 %;12%;14%;2%;
27;27-4031;Camera Operators, Television, Video, and Motion Picture;Baby Boomer; 	1.843 ;2.177;334;18 %;8%;10%;2%;
51;51-9041;Extruding, Forming, Pressing, and Compacting Machine Setters, Operators, and Tenders;Baby Boomer; 	11.346 ;11.680;334;3 %;14%;17%;3%;
51;51-9196;Paper Goods Machine Setters, Operators, and Tenders;Baby Boomer; 	17.516 ;17.850;334;2 %;15%;19%;4%;
45;45-1011;First-Line Supervisors of Farming, Fishing, and Forestry Workers;Baby Boomer; 	9.082 ;9.413;331;4 %;18%;19%;1%;
51;51-9032;Cutting and Slicing Machine Setters, Operators, and Tenders;Baby Boomer; 	11.485 ;11.799;314;3 %;17%;20%;3%;
29;29-1125;Recreational Therapists;Baby Boomer; 	2.378 ;2.689;311;13 %;13%;14%;1%;
27;27-2041;Music Directors and Composers;Baby Boomer; 	11.646 ;11.956;310;3 %;17%;17%;0%;
51;51-4192;Layout Workers, Metal and Plastic;Baby Boomer; 	1.970 ;2.275;305;15 %;14%;18%;4%;
17;17-2121;Marine Engineers and Naval Architects;Baby Boomer; 	1.665 ;1.968;303;18 %;22%;25%;3%;
47;47-4021;Elevator Installers and Repairers;Baby Boomer; 	1.905 ;2.206;301;16 %;9%;10%;1%;
47;47-5099;Extraction Workers, All Other;Baby Boomer; 	521 ;817;296;57 %;7%;9%;2%;
53;53-5031;Ship Engineers;Baby Boomer; 	1.605 ;1.900;295;18 %;14%;16%;2%;
47;47-5021;Earth Drillers, Except Oil and Gas;Baby Boomer; 	1.345 ;1.638;293;22 %;7%;8%;1%;
51;51-4035;Milling and Planing Machine Setters, Operators, and Tenders, Metal and Plastic;Baby Boomer; 	3.867 ;4.156;289;7 %;15%;18%;3%;
43;43-5031;Police, Fire, and Ambulance Dispatchers;Baby Boomer; 	16.258 ;16.547;289;2 %;17%;17%;0%;
47;47-4071;Septic Tank Servicers and Sewer Pipe Cleaners;Baby Boomer; 	2.623 ;2.907;284;11 %;10%;11%;1%;
39;39-3099;Entertainment Attendants and Related Workers, All Other;Baby Boomer; 	1.273 ;1.548;275;22 %;10%;11%;1%;
29;29-2053;Psychiatric Technicians;Baby Boomer; 	10.089 ;10.362;273;3 %;15%;15%;0%;
47;47-5042;Mine Cutting and Channeling Machine Operators;Baby Boomer; 	894 ;1.165;271;30 %;14%;17%;3%;
25;25-2051;Special Education Teachers, Preschool;Baby Boomer; 	3.459 ;3.729;270;8 %;16%;17%;1%;
27;27-2021;Athletes and Sports Competitors;Baby Boomer; 	1.450 ;1.718;268;18 %;8%;9%;1%;
21;21-2099;Religious Workers, All Other;Baby Boomer; 	13.000 ;13.267;267;2 %;22%;22%;0%;
13;13-1011;Agents and Business Managers of Artists, Performers, and Athletes;Baby Boomer; 	1.928 ;2.193;265;14 %;9%;10%;1%;
51;51-6021;Pressers, Textile, Garment, and Related Materials;Baby Boomer; 	8.389 ;8.654;265;3 %;14%;16%;2%;
51;51-4194;Tool Grinders, Filers, and Sharpeners;Baby Boomer; 	3.546 ;3.807;261;7 %;26%;32%;6%;
25;25-9021;Farm and Home Management Advisors;Baby Boomer; 	2.478 ;2.736;258;10 %;21%;22%;1%;
21;21-1092;Probation Officers and Correctional Treatment Specialists;Baby Boomer; 	15.295 ;15.553;258;2 %;17%;18%;1%;
27;27-3021;Broadcast News Analysts;Baby Boomer; 	732 ;989;257;35 %;10%;13%;3%;
19;19-2032;Materials Scientists;Baby Boomer; 	1.027 ;1.284;257;25 %;13%;16%;3%;
47;47-2132;Insulation Workers, Mechanical;Baby Boomer; 	2.188 ;2.445;257;12 %;6%;8%;2%;
53;53-6061;Transportation Attendants, Except Flight Attendants ;Baby Boomer; 	4.729 ;4.986;257;5 %;20%;21%;1%;
29;29-2054;Respiratory Therapy Technicians;Baby Boomer; 	1.146 ;1.400;254;22 %;8%;10%;2%;
27;27-4014;Sound Engineering Technicians;Baby Boomer; 	1.588 ;1.839;251;16 %;8%;9%;1%;
53;53-7071;Gas Compressor and Gas Pumping Station Operators;Baby Boomer; 	519 ;769;250;48 %;12%;17%;5%;
19;19-2021;Atmospheric and Space Scientists;Baby Boomer; 	1.478 ;1.728;250;17 %;15%;16%;1%;
27;27-1024;Graphic Designers;Baby Boomer; 	35.092 ;35.342;250;1 %;12%;13%;1%;
49;49-9094;Locksmiths and Safe Repairers;Baby Boomer; 	4.637 ;4.886;249;5 %;21%;21%;0%;
17;17-1022;Surveyors;Baby Boomer; 	7.664 ;7.913;249;3 %;16%;18%;2%;
11;11-9031;Education Administrators, Preschool and Childcare Center/Program;Baby Boomer; 	14.075 ;14.324;249;2 %;20%;21%;1%;
45;45-2011;Agricultural Inspectors;Baby Boomer; 	2.682 ;2.929;247;9 %;18%;19%;1%;
51;51-9193;Cooling and Freezing Equipment Operators and Tenders;Baby Boomer; 	872 ;1.118;246;28 %;10%;13%;3%;
17;17-3021;Aerospace Engineering and Operations Technicians;Baby Boomer; 	1.867 ;2.113;246;13 %;18%;21%;4%;
19;19-4093;Forest and Conservation Technicians;Baby Boomer; 	5.691 ;5.936;245;4 %;18%;18%;0%;
37;37-3019;Grounds Maintenance Workers, All Other;Baby Boomer; 	2.557 ;2.801;244;10 %;12%;13%;1%;
53;53-7121;Tank Car, Truck, and Ship Loaders;Baby Boomer; 	1.992 ;2.233;241;12 %;14%;17%;3%;
19;19-3011;Economists;Baby Boomer; 	2.197 ;2.430;233;11 %;13%;14%;1%;
33;33-9021;Private Detectives and Investigators;Baby Boomer; 	6.681 ;6.913;232;3 %;20%;21%;1%;
13;13-1074;Farm Labor Contractors;Baby Boomer; 	508 ;734;226;44 %;36%;42%;6%;
25;25-4021;Librarians;Baby Boomer; 	29.211 ;29.437;226;1 %;21%;21%;0%;
49;49-9096;Riggers;Baby Boomer; 	1.630 ;1.855;225;14 %;10%;12%;2%;
39;39-3092;Costume Attendants;Baby Boomer; 	515 ;733;218;42 %;9%;12%;3%;
29;29-2091;Orthotists and Prosthetists;Baby Boomer; 	850 ;1.064;214;25 %;11%;13%;2%;
47;47-2011;Boilermakers;Baby Boomer; 	2.431 ;2.645;214;9 %;12%;14%;2%;
27;27-4099;Media and Communication Equipment Workers, All Other;Baby Boomer; 	1.835 ;2.044;209;11 %;11%;12%;1%;
47;47-5061;Roof Bolters, Mining;Baby Boomer; 	711 ;919;208;29 %;12%;14%;2%;
49;49-3022;Automotive Glass Installers and Repairers;Baby Boomer; 	760 ;968;208;27 %;4%;5%;1%;
13;13-1032;Insurance Appraisers, Auto Damage;Baby Boomer; 	1.811 ;2.017;206;11 %;13%;16%;3%;
51;51-4199;Metal Workers and Plastic Workers, All Other;Baby Boomer; 	3.244 ;3.449;205;6 %;14%;16%;2%;
45;45-4011;Forest and Conservation Workers;Baby Boomer; 	1.904 ;2.097;193;10 %;13%;14%;1%;
39;39-5011;Barbers;Baby Boomer; 	5.430 ;5.622;192;4 %;8%;9%;1%;
19;19-3091;Anthropologists and Archeologists;Baby Boomer; 	817 ;1.008;191;23 %;13%;15%;2%;
25;25-4013;Museum Technicians and Conservators;Baby Boomer; 	2.016 ;2.204;188;9 %;20%;21%;1%;
43;43-9111;Statistical Assistants;Baby Boomer; 	2.211 ;2.398;187;8 %;14%;16%;2%;
31;31-2012;Occupational Therapy Aides;Baby Boomer; 	540 ;724;184;34 %;7%;8%;1%;
25;25-4011;Archivists;Baby Boomer; 	962 ;1.146;184;19 %;19%;20%;1%;
53;53-6011;Bridge and Lock Tenders;Baby Boomer; 	558 ;741;183;33 %;16%;19%;3%;
13;13-1021;Buyers and Purchasing Agents, Farm Products;Baby Boomer; 	1.777 ;1.959;182;10 %;14%;16%;2%;
39;39-3012;Gaming and Sports Book Writers and Runners;Baby Boomer; 	1.953 ;2.133;180;9 %;13%;14%;1%;
19;19-3032;Industrial-Organizational Psychologists;Baby Boomer; 	588 ;764;176;30 %;34%;34%;0%;
51;51-4072;Molding, Coremaking, and Casting Machine Setters, Operators, and Tenders, Metal and Plastic;Baby Boomer; 	23.785 ;23.961;176;1 %;16%;19%;3%;
51;51-4032;Drilling and Boring Machine Tool Setters, Operators, and Tenders, Metal and Plastic;Baby Boomer; 	5.657 ;5.828;171;3 %;24%;28%;4%;
53;53-7032;Excavating and Loading Machine and Dragline Operators;Baby Boomer; 	9.960 ;10.131;171;2 %;16%;19%;3%;
39;39-4021;Funeral Attendants;Baby Boomer; 	6.972 ;7.142;170;2 %;22%;22%;0%;
53;53-1011;Aircraft Cargo Handling Supervisors;Baby Boomer; 	762 ;928;166;22 %;10%;13%;3%;
47;47-5031;Explosives Workers, Ordnance Handling Experts, and Blasters;Baby Boomer; 	671 ;832;161;24 %;11%;12%;1%;
53;53-2022;Airfield Operations Specialists;Baby Boomer; 	866 ;1.022;156;18 %;11%;14%;3%;
19;19-2043;Hydrologists;Baby Boomer; 	935 ;1.091;156;17 %;13%;15%;2%;
51;51-4031;Cutting, Punching, and Press Machine Setters, Operators, and Tenders, Metal and Plastic;Baby Boomer; 	31.339 ;31.493;154;0 %;14%;17%;3%;
51;51-9051;Furnace, Kiln, Oven, Drier, and Kettle Operators and Tenders;Baby Boomer; 	3.801 ;3.952;151;4 %;15%;19%;4%;
19;19-1023;Zoologists and Wildlife Biologists;Baby Boomer; 	2.913 ;3.063;150;5 %;15%;16%;1%;
47;47-3019;Helpers, Construction Trades, All Other;Baby Boomer; 	1.447 ;1.595;148;10 %;5%;7%;2%;
51;51-4022;Forging Machine Setters, Operators, and Tenders, Metal and Plastic;Baby Boomer; 	3.749 ;3.897;148;4 %;14%;17%;3%;
29;29-2092;Hearing Aid Specialists;Baby Boomer; 	462 ;607;145;31 %;9%;11%;2%;
19;19-3051;Urban and Regional Planners;Baby Boomer; 	5.664 ;5.807;143;3 %;15%;15%;0%;
45;45-2099;Agricultural Workers, All Other;Baby Boomer; 	1.121 ;1.259;138;12 %;7%;8%;1%;
51;51-9197;Tire Builders;Baby Boomer; 	1.614 ;1.752;138;9 %;8%;10%;2%;
27;27-1021;Commercial and Industrial Designers;Baby Boomer; 	5.669 ;5.807;138;2 %;12%;14%;2%;
51;51-2021;Coil Winders, Tapers, and Finishers;Baby Boomer; 	3.063 ;3.197;134;4 %;18%;22%;4%;
39;39-1011;Gaming Supervisors;Baby Boomer; 	5.029 ;5.159;130;3 %;17%;18%;1%;
47;47-5049;Mining Machine Operators, All Other;Baby Boomer; 	271 ;399;128;47 %;10%;14%;4%;
43;43-4021;Correspondence Clerks;Baby Boomer; 	1.576 ;1.703;127;8 %;14%;16%;2%;
53;53-7033;Loading Machine Operators, Underground Mining;Baby Boomer; 	374 ;499;125;33 %;13%;17%;4%;
47;47-2151;Pipelayers;Baby Boomer; 	7.831 ;7.956;125;2 %;12%;13%;1%;
47;47-3016;Helpers--Roofers;Baby Boomer; 	886 ;1.007;121;14 %;6%;8%;3%;
19;19-3094;Political Scientists;Baby Boomer; 	800 ;920;120;15 %;13%;13%;0%;
39;39-5091;Makeup Artists, Theatrical and Performance;Baby Boomer; 	304 ;423;119;39 %;7%;8%;1%;
19;19-1099;Life Scientists, All Other;Baby Boomer; 	1.007 ;1.123;116;12 %;11%;12%;1%;
53;53-7111;Mine Shuttle Car Operators;Baby Boomer; 	477 ;592;115;24 %;17%;19%;2%;
47;47-4061;Rail-Track Laying and Maintenance Equipment Operators;Baby Boomer; 	3.356 ;3.467;111;3 %;19%;19%;0%;
43;43-9071;Office Machine Operators, Except Computer;Baby Boomer; 	9.141 ;9.252;111;1 %;11%;13%;2%;
27;27-1027;Set and Exhibit Designers;Baby Boomer; 	1.097 ;1.207;110;10 %;10%;11%;1%;
29;29-1011;Chiropractors;Baby Boomer; 	5.243 ;5.352;109;2 %;11%;12%;1%;
15;15-2021;Mathematicians;Baby Boomer; 	363 ;468;105;29 %;11%;12%;1%;
41;41-9012;Models;Baby Boomer; 	812 ;915;103;13 %;9%;10%;1%;
49;49-2092;Electric Motor, Power Tool, and Related Repairers;Baby Boomer; 	3.822 ;3.925;103;3 %;17%;20%;3%;
51;51-9141;Semiconductor Processors;Baby Boomer; 	3.257 ;3.359;102;3 %;13%;15%;2%;
25;25-9011;Audio-Visual and Multimedia Collections Specialists;Baby Boomer; 	2.151 ;2.251;100;5 %;23%;24%;1%;
47;47-4031;Fence Erectors;Baby Boomer; 	2.581 ;2.680;99;4 %;7%;9%;2%;
49;49-3051;Motorboat Mechanics and Service Technicians;Baby Boomer; 	3.601 ;3.700;99;3 %;14%;16%;2%;
51;51-4191;Heat Treating Equipment Setters, Operators, and Tenders, Metal and Plastic;Baby Boomer; 	6.409 ;6.508;99;2 %;26%;30%;4%;
19;19-1011;Animal Scientists;Baby Boomer; 	364 ;462;98;27 %;14%;17%;3%;
17;17-1021;Cartographers and Photogrammetrists;Baby Boomer; 	1.995 ;2.093;98;5 %;16%;17%;1%;
39;39-7012;Travel Guides;Baby Boomer; 	1.518 ;1.613;95;6 %;23%;25%;2%;
29;29-1021;Dentists, General;Baby Boomer; 	28.581 ;28.675;94;0 %;21%;22%;1%;
53;53-7041;Hoist and Winch Operators;Baby Boomer; 	293 ;384;91;31 %;10%;14%;4%;
51;51-9022;Grinding and Polishing Workers, Hand;Baby Boomer; 	4.897 ;4.985;88;2 %;13%;16%;3%;
49;49-9061;Camera and Photographic Equipment Repairers;Baby Boomer; 	352 ;438;86;24 %;14%;17%;3%;
33;33-9031;Gaming Surveillance Officers and Gaming Investigators;Baby Boomer; 	1.701 ;1.786;85;5 %;17%;18%;1%;
29;29-9092;Genetic Counselors;Baby Boomer; 	107 ;191;84;79 %;6%;8%;2%;
19;19-4092;Forensic Science Technicians;Baby Boomer; 	1.768 ;1.850;82;5 %;14%;14%; (0%);
51;51-2091;Fiberglass Laminators and Fabricators;Baby Boomer; 	2.490 ;2.572;82;3 %;11%;14%;3%;
49;49-9081;Wind Turbine Service Technicians;Baby Boomer; 	945 ;1.025;80;8 %;17%;19%;2%;
29;29-1029;Dentists, All Other Specialists;Baby Boomer; 	1.529 ;1.609;80;5 %;23%;24%;1%;
43;43-2021;Telephone Operators;Baby Boomer; 	1.950 ;2.029;79;4 %;15%;18%;3%;
19;19-1032;Foresters;Baby Boomer; 	2.203 ;2.281;78;4 %;20%;21%;1%;
49;49-3091;Bicycle Repairers;Baby Boomer; 	423 ;497;74;17 %;4%;5%;1%;
19;19-1041;Epidemiologists;Baby Boomer; 	536 ;609;73;14 %;11%;11%;0%;
39;39-3019;Gaming Service Workers, All Other;Baby Boomer; 	1.934 ;2.006;72;4 %;13%;14%;1%;
17;17-2021;Agricultural Engineers;Baby Boomer; 	251 ;319;68;27 %;9%;11%;2%;
47;47-5051;Rock Splitters, Quarry;Baby Boomer; 	327 ;393;66;20 %;6%;9%;3%;
19;19-3041;Sociologists;Baby Boomer; 	292 ;357;65;22 %;12%;13%;1%;
29;29-1022;Oral and Maxillofacial Surgeons;Baby Boomer; 	1.919 ;1.984;65;3 %;26%;28%;2%;
51;51-4061;Model Makers, Metal and Plastic;Baby Boomer; 	1.647 ;1.711;64;4 %;24%;29%;5%;
15;15-2099;Mathematical Science Occupations, All Other;Baby Boomer; 	113 ;174;61;54 %;8%;11%;3%;
19;19-2011;Astronomers;Baby Boomer; 	428 ;488;60;14 %;18%;19%;1%;
53;53-4021;Railroad Brake, Signal, and Switch Operators;Baby Boomer; 	7.610 ;7.670;60;1 %;29%;29%; (0%);
35;35-2013;Cooks, Private Household;Baby Boomer; 	552 ;605;53;10 %;30%;31%;1%;
53;53-7031;Dredge Operators;Baby Boomer; 	269 ;319;50;19 %;10%;14%;4%;
47;47-2072;Pile-Driver Operators;Baby Boomer; 	578 ;628;50;9 %;12%;14%;2%;
19;19-3092;Geographers;Baby Boomer; 	205 ;252;47;23 %;14%;15%;1%;
19;19-3093;Historians;Baby Boomer; 	633 ;679;46;7 %;16%;16%;0%;
53;53-6041;Traffic Technicians;Baby Boomer; 	957 ;1.003;46;5 %;14%;15%;1%;
33;33-9011;Animal Control Workers;Baby Boomer; 	1.901 ;1.946;45;2 %;14%;14%;0%;
53;53-4013;Rail Yard Engineers, Dinkey Operators, and Hostlers;Baby Boomer; 	1.374 ;1.415;41;3 %;24%;25%;1%;
33;33-3041;Parking Enforcement Workers;Baby Boomer; 	1.562 ;1.602;40;3 %;15%;15%;0%;
49;49-9011;Mechanical Door Repairers;Baby Boomer; 	2.382 ;2.419;37;2 %;11%;15%;4%;
11;11-9071;Gaming Managers;Baby Boomer; 	871 ;907;36;4 %;17%;18%;1%;
25;25-2059;Special Education Teachers, All Other;Baby Boomer; 	7.733 ;7.769;36;0 %;19%;19%; (0%);
39;39-3021;Motion Picture Projectionists;Baby Boomer; 	351 ;386;35;10 %;4%;5%;1%;
47;47-2071;Paving, Surfacing, and Tamping Equipment Operators;Baby Boomer; 	6.815 ;6.850;35;1 %;10%;12%;2%;
27;27-2099;Entertainers and Performers, Sports and Related Workers, All Other;Baby Boomer; 	3.892 ;3.925;33;1 %;10%;10%; (0%);
27;27-2032;Choreographers;Baby Boomer; 	82 ;111;29;35 %;1%;1%; (0%);
43;43-9081;Proofreaders and Copy Markers;Baby Boomer; 	3.510 ;3.537;27;1 %;23%;26%;3%;
43;43-2099;Communications Equipment Operators, All Other;Baby Boomer; 	278 ;304;26;9 %;9%;10%;1%;
29;29-1023;Orthodontists;Baby Boomer; 	2.020 ;2.046;26;1 %;24%;26%;2%;
27;27-2031;Dancers;Baby Boomer; 	105 ;128;23;22 %;1%;1%;0%;
27;27-4013;Radio Operators;Baby Boomer; 	192 ;215;23;12 %;12%;14%;2%;
47;47-2231;Solar Photovoltaic Installers;Baby Boomer; 	307 ;330;23;7 %;4%;6%;2%;
51;51-2093;Timing Device Assemblers and Adjusters;Baby Boomer; 	77 ;99;22;29 %;6%;8%;2%;
49;49-9045;Refractory Materials Repairers, Except Brickmasons;Baby Boomer; 	368 ;389;21;6 %;16%;21%;5%;
45;45-2021;Animal Breeders;Baby Boomer; 	248 ;268;20;8 %;6%;7%;1%;
51;51-9151;Photographic Process Workers and Processing Machine Operators;Baby Boomer; 	5.393 ;5.413;20;0 %;10%;12%;2%;
45;45-3021;Hunters and Trappers;Baby Boomer; 	340 ;359;19;6 %;17%;16%; (1%);
15;15-2091;Mathematical Technicians;Baby Boomer; 	80 ;98;18;23 %;6%;7%;1%;
39;39-5093;Shampooers;Baby Boomer; 	1.858 ;1.875;17;1 %;8%;9%;1%;
51;51-9122;Painters, Transportation Equipment;Baby Boomer; 	4.734 ;4.751;17;0 %;8%;9%;1%;
53;53-2012;Commercial Pilots;Baby Boomer; 	7.468 ;7.484;16;0 %;19%;21%;2%;
53;53-5022;Motorboat Operators;Baby Boomer; 	722 ;737;15;2 %;18%;18%;0%;
33;33-3052;Transit and Railroad Police;Baby Boomer; 	1.027 ;1.042;15;1 %;23%;23%;0%;
27;27-1029;Designers, All Other;Baby Boomer; 	1.154 ;1.165;11;1 %;10%;11%;1%;
49;49-9097;Signal and Track Switch Repairers;Baby Boomer; 	1.740 ;1.751;11;1 %;19%;19%; (0%);
29;29-1024;Prosthodontists;Baby Boomer; 	181 ;189;8;4 %;28%;30%;2%;
53;53-4041;Subway and Streetcar Operators;Baby Boomer; 	1.410 ;1.415;5;0 %;15%;15%;0%;
53;53-4099;Rail Transportation Workers, All Other;Baby Boomer; 	562 ;566;4;1 %;18%;18%;0%;
51;51-7032;Patternmakers, Wood;Baby Boomer; 	255 ;258;3;1 %;19%;24%;5%;
49;49-9092;Commercial Divers;Baby Boomer; 	708 ;710;2;0 %;13%;13%;0%;
47;47-4091;Segmental Pavers;Baby Boomer; 	48 ;49;1;2 %;2%;2%;0%;
45;45-4023;Log Graders and Scalers;Baby Boomer; 	417 ;416; (1);-0 %;9%;13%;4%;
39;39-4011;Embalmers;Baby Boomer; 	1.098 ;1.095; (3);-0 %;22%;22%;0%;
39;39-1012;Slot Supervisors;Baby Boomer; 	1.469 ;1.463; (6);-0 %;14%;15%;1%;
23;23-1022;Arbitrators, Mediators, and Conciliators;Baby Boomer; 	1.586 ;1.579; (7);-0 %;19%;20%;1%;
49;49-3092;Recreational Vehicle Service Technicians;Baby Boomer; 	1.711 ;1.703; (8);-0 %;12%;14%;2%;
53;53-4012;Locomotive Firers;Baby Boomer; 	614 ;606; (8);-1 %;37%;36%; (1%);
17;17-3019;Drafters, All Other;Baby Boomer; 	2.449 ;2.432; (17);-1 %;13%;16%;3%;
33;33-2022;Forest Fire Inspectors and Prevention Specialists;Baby Boomer; 	223 ;206; (17);-8 %;10%;9%; (1%);
49;49-9093;Fabric Menders, Except Garment;Baby Boomer; 	97 ;79; (18);-19 %;9%;10%;1%;
51;51-4062;Patternmakers, Metal and Plastic;Baby Boomer; 	1.540 ;1.521; (19);-1 %;32%;38%;6%;
47;47-4099;Construction and Related Workers, All Other;Baby Boomer; 	4.966 ;4.946; (20);-0 %;11%;13%;2%;
51;51-9191;Adhesive Bonding Machine Operators and Tenders;Baby Boomer; 	3.173 ;3.150; (23);-1 %;14%;19%;5%;
27;27-1022;Fashion Designers;Baby Boomer; 	2.285 ;2.258; (27);-1 %;10%;11%;1%;
33;33-2021;Fire Inspectors and Investigators;Baby Boomer; 	1.766 ;1.739; (27);-2 %;15%;15%;0%;
47;47-2211;Sheet Metal Workers;Baby Boomer; 	18.218 ;18.189; (29);-0 %;10%;12%;2%;
51;51-9194;Etchers and Engravers;Baby Boomer; 	1.572 ;1.540; (32);-2 %;14%;17%;3%;
51;51-7031;Model Makers, Wood;Baby Boomer; 	474 ;439; (35);-7 %;18%;21%;3%;
51;51-4052;Pourers and Casters, Metal;Baby Boomer; 	1.762 ;1.726; (36);-2 %;14%;17%;3%;
47;47-3014;Helpers--Painters, Paperhangers, Plasterers, and Stucco Masons;Baby Boomer; 	834 ;797; (37);-4 %;5%;7%;2%;
47;47-2171;Reinforcing Iron and Rebar Workers;Baby Boomer; 	1.192 ;1.154; (38);-3 %;5%;7%;2%;
49;49-3052;Motorcycle Mechanics;Baby Boomer; 	2.046 ;2.004; (42);-2 %;10%;12%;2%;
51;51-6051;Sewers, Hand;Baby Boomer; 	2.387 ;2.344; (43);-2 %;26%;30%;4%;
51;51-9031;Cutters and Trimmers, Hand;Baby Boomer; 	2.994 ;2.949; (45);-2 %;17%;21%;4%;
29;29-1081;Podiatrists;Baby Boomer; 	1.119 ;1.068; (51);-5 %;10%;9%; (1%);
45;45-4029;Logging Workers, All Other;Baby Boomer; 	841 ;790; (51);-6 %;13%;15%;2%;
47;47-2053;Terrazzo Workers and Finishers;Baby Boomer; 	357 ;306; (51);-14 %;5%;6%;1%;
33;33-3031;Fish and Game Wardens;Baby Boomer; 	1.049 ;995; (54);-5 %;15%;15%; (0%);
51;51-9123;Painting, Coating, and Decorating Workers;Baby Boomer; 	2.039 ;1.979; (60);-3 %;9%;11%;2%;
47;47-2043;Floor Sanders and Finishers;Baby Boomer; 	425 ;360; (65);-15 %;4%;5%;1%;
33;33-1021;First-Line Supervisors of Fire Fighting and Prevention Workers;Baby Boomer; 	9.847 ;9.763; (84);-1 %;16%;16%;0%;
33;33-3011;Bailiffs;Baby Boomer; 	2.544 ;2.454; (90);-4 %;15%;15%;0%;
23;23-2091;Court Reporters;Baby Boomer; 	4.716 ;4.622; (94);-2 %;16%;16%;0%;
51;51-6091;Extruding and Forming Machine Setters, Operators, and Tenders, Synthetic and Glass Fibers;Baby Boomer; 	3.408 ;3.302; (106);-3 %;15%;18%;3%;
51;51-4071;Foundry Mold and Coremakers;Baby Boomer; 	2.521 ;2.412; (109);-4 %;17%;20%;4%;
11;11-9051;Food Service Managers;Baby Boomer; 	33.981 ;33.865; (116);-0 %;11%;12%;1%;
49;49-9095;Manufactured Building and Mobile Home Installers;Baby Boomer; 	450 ;324; (126);-28 %;8%;9%;1%;
51;51-6092;Fabric and Apparel Patternmakers;Baby Boomer; 	1.347 ;1.212; (135);-10 %;16%;18%;2%;
23;23-1021;Administrative Law Judges, Adjudicators, and Hearing Officers;Baby Boomer; 	2.498 ;2.361; (137);-5 %;16%;16%; (0%);
25;25-2023;Career/Technical Education Teachers, Middle School;Baby Boomer; 	3.718 ;3.569; (149);-4 %;20%;20%;0%;
27;27-1019;Artists and Related Workers, All Other;Baby Boomer; 	2.928 ;2.778; (150);-5 %;20%;20%; (0%);
45;45-4021;Fallers;Baby Boomer; 	1.461 ;1.305; (156);-11 %;13%;15%;2%;
41;41-2012;Gaming Change Persons and Booth Cashiers;Baby Boomer; 	3.345 ;3.182; (163);-5 %;13%;14%;1%;
33;33-2011;Firefighters;Baby Boomer; 	50.956 ;50.790; (166);-0 %;17%;17%;0%;
27;27-3043;Writers and Authors;Baby Boomer; 	25.183 ;25.013; (170);-1 %;19%;20%;1%;
51;51-6042;Shoe Machine Operators and Tenders;Baby Boomer; 	1.067 ;877; (190);-18 %;25%;26%;1%;
49;49-9064;Watch Repairers;Baby Boomer; 	1.910 ;1.718; (192);-10 %;29%;30%;1%;
51;51-4111;Tool and Die Makers;Baby Boomer; 	21.429 ;21.230; (199);-1 %;24%;27%;3%;
23;23-1023;Judges, Magistrate Judges, and Magistrates;Baby Boomer; 	4.730 ;4.516; (214);-5 %;16%;16%; (0%);
43;43-4031;Court, Municipal, and License Clerks;Baby Boomer; 	22.651 ;22.404; (247);-1 %;17%;18%;1%;
47;47-4051;Highway Maintenance Workers;Baby Boomer; 	25.786 ;25.537; (249);-1 %;17%;18%;1%;
43;43-9031;Desktop Publishers;Baby Boomer; 	3.068 ;2.808; (260);-8 %;14%;16%;2%;
17;17-1012;Landscape Architects;Baby Boomer; 	3.646 ;3.376; (270);-7 %;14%;16%;2%;
33;33-1011;First-Line Supervisors of Correctional Officers;Baby Boomer; 	8.182 ;7.888; (294);-4 %;17%;17%; (0%);
27;27-1013;Fine Artists, Including Painters, Sculptors, and Illustrators;Baby Boomer; 	5.805 ;5.503; (302);-5 %;20%;20%;0%;
51;51-7099;Woodworkers, All Other;Baby Boomer; 	4.043 ;3.734; (309);-8 %;23%;26%;3%;
43;43-4061;Eligibility Interviewers, Government Programs;Baby Boomer; 	24.122 ;23.807; (315);-1 %;18%;18%;0%;
47;47-3011;Helpers--Brickmasons, Blockmasons, Stonemasons, and Tile and Marble Setters;Baby Boomer; 	2.170 ;1.840; (330);-15 %;5%;7%;2%;
43;43-3041;Gaming Cage Workers;Baby Boomer; 	3.511 ;3.171; (340);-10 %;16%;17%;1%;
27;27-3022;Reporters and Correspondents;Baby Boomer; 	8.203 ;7.811; (392);-5 %;12%;15%;3%;
47;47-2042;Floor Layers, Except Carpet, Wood, and Hard Tiles;Baby Boomer; 	2.171 ;1.779; (392);-18 %;7%;8%;1%;
49;49-9063;Musical Instrument Repairers and Tuners;Baby Boomer; 	3.006 ;2.608; (398);-13 %;23%;23%;0%;
51;51-9195;Molders, Shapers, and Casters, Except Metal and Plastic;Baby Boomer; 	5.166 ;4.762; (404);-8 %;11%;13%;2%;
47;47-2082;Tapers;Baby Boomer; 	1.893 ;1.474; (419);-22 %;6%;6%;0%;
51;51-6099;Textile, Apparel, and Furnishings Workers, All Other;Baby Boomer; 	2.954 ;2.531; (423);-14 %;16%;18%;2%;
47;47-2131;Insulation Workers, Floor, Ceiling, and Wall;Baby Boomer; 	2.639 ;2.213; (426);-16 %;7%;9%;2%;
51;51-7041;Sawing Machine Setters, Operators, and Tenders, Wood;Baby Boomer; 	6.832 ;6.371; (461);-7 %;12%;15%;3%;
41;41-3031;Securities, Commodities, and Financial Services Sales Agents;Baby Boomer; 	45.657 ;45.161; (496);-1 %;11%;12%;1%;
51;51-6041;Shoe and Leather Workers and Repairers;Baby Boomer; 	2.495 ;1.992; (503);-20 %;22%;22%; (0%);
53;53-7063;Machine Feeders and Offbearers;Baby Boomer; 	16.552 ;16.041; (511);-3 %;13%;15%;2%;
27;27-1012;Craft Artists;Baby Boomer; 	5.947 ;5.407; (540);-9 %;23%;23%;0%;
47;47-2041;Carpet Installers;Baby Boomer; 	3.866 ;3.321; (545);-14 %;7%;8%;1%;
47;47-2121;Glaziers;Baby Boomer; 	5.081 ;4.535; (546);-11 %;8%;10%;2%;
47;47-2022;Stonemasons;Baby Boomer; 	2.591 ;2.037; (554);-21 %;10%;11%;1%;
27;27-3041;Editors;Baby Boomer; 	23.297 ;22.733; (564);-2 %;16%;18%;2%;
33;33-9091;Crossing Guards;Baby Boomer; 	11.216 ;10.652; (564);-5 %;15%;15%;0%;
11;11-9032;Education Administrators, Elementary and Secondary School;Baby Boomer; 	51.228 ;50.631; (597);-1 %;22%;22%; (0%);
11;11-1031;Legislators;Baby Boomer; 	10.346 ;9.738; (608);-6 %;17%;17%; (0%);
27;27-1014;Multimedia Artists and Animators;Baby Boomer; 	11.340 ;10.729; (611);-5 %;17%;18%;1%;
33;33-1012;First-Line Supervisors of Police and Detectives;Baby Boomer; 	17.521 ;16.899; (622);-4 %;17%;17%;0%;
49;49-9044;Millwrights;Baby Boomer; 	10.182 ;9.550; (632);-6 %;21%;24%;3%;
51;51-6062;Textile Cutting Machine Setters, Operators, and Tenders;Baby Boomer; 	3.899 ;3.263; (636);-16 %;18%;21%;3%;
37;37-1011;First-Line Supervisors of Housekeeping and Janitorial Workers;Baby Boomer; 	40.085 ;39.401; (684);-2 %;18%;19%;1%;
51;51-9071;Jewelers and Precious Stone and Metal Workers;Baby Boomer; 	6.792 ;6.071; (721);-11 %;16%;18%;2%;
33;33-3051;Police and Sheriff's Patrol Officers;Baby Boomer; 	110.468 ;109.733; (735);-1 %;17%;17%;0%;
23;23-1012;Judicial Law Clerks;Baby Boomer; 	2.666 ;1.927; (739);-28 %;19%;16%; (3%);
51;51-6093;Upholsterers;Baby Boomer; 	8.208 ;7.460; (748);-9 %;17%;19%;2%;
27;27-1025;Interior Designers;Baby Boomer; 	14.018 ;13.249; (769);-5 %;15%;16%;1%;
47;47-2161;Plasterers and Stucco Masons;Baby Boomer; 	2.812 ;2.040; (772);-27 %;6%;7%;1%;
47;47-2044;Tile and Marble Setters;Baby Boomer; 	5.456 ;4.663; (793);-15 %;7%;8%;1%;
41;41-3011;Advertising Sales Agents;Baby Boomer; 	25.493 ;24.698; (795);-3 %;12%;13%;1%;
51;51-6052;Tailors, Dressmakers, and Custom Sewers;Baby Boomer; 	15.919 ;15.117; (802);-5 %;28%;29%;1%;
45;45-4022;Logging Equipment Operators;Baby Boomer; 	7.289 ;6.463; (826);-11 %;15%;16%;1%;
51;51-6061;Textile Bleaching and Dyeing Machine Operators and Tenders;Baby Boomer; 	3.145 ;2.294; (851);-27 %;17%;20%;3%;
51;51-7042;Woodworking Machine Setters, Operators, and Tenders, Except Sawing;Baby Boomer; 	10.387 ;9.505; (882);-8 %;11%;15%;4%;
51;51-7021;Furniture Finishers;Baby Boomer; 	4.318 ;3.365; (953);-22 %;18%;20%;2%;
47;47-2142;Paperhangers;Baby Boomer; 	1.639 ;661; (978);-60 %;15%;11%; (4%);
27;27-1011;Art Directors;Baby Boomer; 	11.992 ;10.999; (993);-8 %;17%;17%; (0%);
25;25-2054;Special Education Teachers, Secondary School;Baby Boomer; 	28.203 ;27.041; (1.162);-4 %;21%;21%; (0%);
43;43-2011;Switchboard Operators, Including Answering Service;Baby Boomer; 	32.163 ;30.960; (1.203);-4 %;21%;24%;3%;
51;51-6064;Textile Winding, Twisting, and Drawing Out Machine Setters, Operators, and Tenders;Baby Boomer; 	6.134 ;4.922; (1.212);-20 %;15%;18%;3%;
47;47-2221;Structural Iron and Steel Workers;Baby Boomer; 	9.069 ;7.815; (1.254);-14 %;10%;12%;2%;
51;51-5113;Print Binding and Finishing Workers;Baby Boomer; 	11.569 ;10.265; (1.304);-11 %;17%;20%;3%;
17;17-3011;Architectural and Civil Drafters;Baby Boomer; 	15.460 ;14.134; (1.326);-9 %;13%;16%;3%;
25;25-2032;Career/Technical Education Teachers, Secondary School;Baby Boomer; 	19.216 ;17.847; (1.369);-7 %;22%;22%;0%;
51;51-5111;Prepress Technicians and Workers;Baby Boomer; 	9.600 ;8.209; (1.391);-14 %;17%;21%;4%;
27;27-1023;Floral Designers;Baby Boomer; 	13.200 ;11.776; (1.424);-11 %;18%;21%;3%;
11;11-9131;Postmasters and Mail Superintendents;Baby Boomer; 	7.309 ;5.737; (1.572);-22 %;25%;25%; (0%);
47;47-2051;Cement Masons and Concrete Finishers;Baby Boomer; 	16.737 ;15.156; (1.581);-9 %;8%;10%;2%;
51;51-7011;Cabinetmakers and Bench Carpenters;Baby Boomer; 	15.316 ;13.719; (1.597);-10 %;11%;15%;4%;
17;17-1011;Architects, Except Landscape and Naval;Baby Boomer; 	20.322 ;18.705; (1.617);-8 %;15%;17%;2%;
41;41-1012;First-Line Supervisors of Non-Retail Sales Workers;Baby Boomer; 	68.509 ;66.761; (1.748);-3 %;18%;19%;1%;
11;11-9141;Property, Real Estate, and Community Association Managers;Baby Boomer; 	56.164 ;54.408; (1.756);-3 %;21%;22%;1%;
41;41-3041;Travel Agents;Baby Boomer; 	18.214 ;16.281; (1.933);-11 %;20%;22%;3%;
43;43-9022;Word Processors and Typists;Baby Boomer; 	22.800 ;20.866; (1.934);-8 %;18%;18%;0%;
11;11-9081;Lodging Managers;Baby Boomer; 	9.570 ;7.617; (1.953);-20 %;20%;18%; (2%);
13;13-2021;Appraisers and Assessors of Real Estate;Baby Boomer; 	18.709 ;16.674; (2.035);-11 %;19%;19%; (0%);
51;51-5112;Printing Press Operators;Baby Boomer; 	29.566 ;27.457; (2.109);-7 %;13%;16%;3%;
51;51-6063;Textile Knitting and Weaving Machine Setters, Operators, and Tenders;Baby Boomer; 	7.951 ;5.718; (2.233);-28 %;24%;28%;4%;
47;47-2081;Drywall and Ceiling Tile Installers;Baby Boomer; 	11.046 ;8.773; (2.273);-21 %;6%;8%;2%;
41;41-9021;Real Estate Brokers;Baby Boomer; 	26.209 ;22.875; (3.334);-13 %;23%;23%;0%;
47;47-2021;Brickmasons and Blockmasons;Baby Boomer; 	13.700 ;10.355; (3.345);-24 %;10%;12%;2%;
33;33-3012;Correctional Officers and Jailers;Baby Boomer; 	79.716 ;76.302; (3.414);-4 %;17%;17%; (0%);
41;41-9091;Door-to-Door Sales Workers, News and Street Vendors, and Related Workers;Baby Boomer; 	17.318 ;13.531; (3.787);-22 %;15%;16%;1%;
47;47-2141;Painters, Construction and Maintenance;Baby Boomer; 	57.304 ;53.387; (3.917);-7 %;12%;13%;1%;
25;25-3098;Substitute Teachers;Baby Boomer; 	128.780 ;123.957; (4.823);-4 %;21%;21%;0%;
51;51-6031;Sewing Machine Operators;Baby Boomer; 	41.937 ;35.898; (6.039);-14 %;21%;24%;3%;
43;43-5051;Postal Service Clerks;Baby Boomer; 	21.519 ;15.297; (6.222);-29 %;24%;24%; (0%);
25;25-2031;Secondary School Teachers, Except Special and Career/Technical Education;Baby Boomer; 	204.579 ;197.623; (6.956);-3 %;21%;21%; (0%);
43;43-5053;Postal Service Mail Sorters, Processors, and Processing Machine Operators;Baby Boomer; 	41.182 ;29.163; (12.019);-29 %;24%;24%;0%;
47;47-1011;First-Line Supervisors of Construction Trades and Extraction Workers;Baby Boomer; 	120.072 ;107.434; (12.638);-11 %;15%;17%;2%;
43;43-5052;Postal Service Mail Carriers;Baby Boomer; 	82.587 ;68.729; (13.858);-17 %;24%;24%;0%;
41;41-9022;Real Estate Sales Agents;Baby Boomer; 	127.870 ;112.902; (14.968);-12 %;23%;23%; (0%);
47;47-2031;Carpenters;Baby Boomer; 	142.147 ;127.153; (14.994);-11 %;11%;12%;1%;
11;11-9021;Construction Managers;Baby Boomer; 	87.531 ;68.328; (19.203);-22 %;17%;18%;1%;
11;11-9013;Farmers, Ranchers, and Other Agricultural Managers;Baby Boomer; 	133.042 ;109.390; (23.652);-18 %;22%;22%; (0%);
35;35-3021;Combined Food Preparation and Serving Workers, Including Fast Food;Millennial; 	736.378 ;940.923;204.545;28 %;26 %;30%;4%;
35;35-3031;Waiters and Waitresses;Millennial; 	947.924 ;1.097.916;149.992;16 %;41 %;45%;4%;
41;41-2011;Cashiers;Millennial; 	916.305 ;1.044.244;127.939;14 %;27 %;31%;4%;
39;39-9021;Personal Care Aides;Millennial; 	224.837 ;323.298;98.461;44 %;23 %;24%;1%;
31;31-1011;Home Health Aides;Millennial; 	203.263 ;280.882;77.619;38 %;28 %;29%;1%;
29;29-1141;Registered Nurses;Millennial; 	551.046 ;612.451;61.405;11 %;22 %;23%;1%;
41;41-2031;Retail Salespersons;Millennial; 	1.341.347 ;1.401.533;60.186;4 %;28 %;30%;2%;
35;35-2014;Cooks, Restaurant;Millennial; 	347.837 ;405.746;57.909;17 %;36 %;38%;2%;
31;31-1014;Nursing Assistants;Millennial; 	414.237 ;459.313;45.076;11 %;30 %;31%;1%;
35;35-2021;Food Preparation Workers;Millennial; 	212.898 ;253.973;41.075;19 %;27 %;30%;3%;
35;35-1012;First-Line Supervisors of Food Preparation and Serving Workers;Millennial; 	300.182 ;339.499;39.317;13 %;37 %;40%;3%;
39;39-5012;Hairdressers, Hairstylists, and Cosmetologists;Millennial; 	232.384 ;262.112;29.728;13 %;36 %;39%;3%;
33;33-9032;Security Guards;Millennial; 	311.558 ;339.704;28.146;9 %;29 %;30%;1%;
31;31-9092;Medical Assistants;Millennial; 	207.801 ;235.173;27.372;13 %;39 %;41%;2%;
35;35-2011;Cooks, Fast Food;Millennial; 	173.070 ;199.122;26.052;15 %;33 %;37%;4%;
37;37-2011;Janitors and Cleaners, Except Maids and Housekeeping Cleaners;Millennial; 	524.401 ;548.281;23.880;5 %;21 %;22%;1%;
25;25-1099;Postsecondary Teachers;Millennial; 	358.505 ;382.215;23.710;7 %;26 %;27%;1%;
41;41-3021;Insurance Sales Agents;Millennial; 	134.359 ;156.795;22.436;17 %;23 %;22%; (1%);
35;35-3022;Counter Attendants, Cafeteria, Food Concession, and Coffee Shop;Millennial; 	72.838 ;94.315;21.477;29 %;17 %;20%;3%;
35;35-3011;Bartenders;Millennial; 	281.008 ;301.761;20.753;7 %;52 %;53%;1%;
43;43-6013;Medical Secretaries;Millennial; 	108.047 ;127.966;19.919;18 %;24 %;24%;0%;
35;35-9021;Dishwashers;Millennial; 	130.268 ;150.139;19.871;15 %;26 %;29%;3%;
37;37-2012;Maids and Housekeeping Cleaners;Millennial; 	337.842 ;355.984;18.142;5 %;22 %;22%; (0%);
13;13-1161;Market Research Analysts and Marketing Specialists;Millennial; 	142.216 ;160.189;17.973;13 %;37 %;37%; (0%);
35;35-9031;Hosts and Hostesses, Restaurant, Lounge, and Coffee Shop;Millennial; 	69.701 ;87.400;17.699;25 %;20 %;24%;4%;
35;35-9011;Dining Room and Cafeteria Attendants and Bartender Helpers;Millennial; 	106.679 ;124.311;17.632;17 %;27 %;30%;3%;
43;43-5081;Stock Clerks and Order Fillers;Millennial; 	558.056 ;574.587;16.531;3 %;29 %;31%;2%;
45;45-2092;Farmworkers and Laborers, Crop, Nursery, and Greenhouse;Millennial; 	217.265 ;233.660;16.395;8 %;30 %;32%;2%;
29;29-2061;Licensed Practical and Licensed Vocational Nurses;Millennial; 	167.642 ;183.418;15.776;9 %;24 %;24%;0%;
29;29-2052;Pharmacy Technicians;Millennial; 	139.091 ;154.389;15.298;11 %;40 %;42%;2%;
43;43-4171;Receptionists and Information Clerks;Millennial; 	321.057 ;336.010;14.953;5 %;32 %;32%;0%;
39;39-2021;Nonfarm Animal Caretakers;Millennial; 	58.197 ;72.597;14.400;25 %;31 %;34%;3%;
29;29-2041;Emergency Medical Technicians and Paramedics;Millennial; 	79.753 ;92.813;13.060;16 %;38 %;39%;1%;
37;37-3011;Landscaping and Groundskeeping Workers;Millennial; 	332.884 ;345.390;12.506;4 %;27 %;28%;1%;
27;27-2022;Coaches and Scouts;Millennial; 	61.204 ;73.120;11.916;19 %;29 %;31%;2%;
39;39-9031;Fitness Trainers and Aerobics Instructors;Millennial; 	76.463 ;88.284;11.821;15 %;31 %;33%;2%;
29;29-1123;Physical Therapists;Millennial; 	59.619 ;71.092;11.473;19 %;33 %;34%;1%;
31;31-9091;Dental Assistants;Millennial; 	114.119 ;124.728;10.609;9 %;40 %;40%;0%;
21;21-1093;Social and Human Service Assistants;Millennial; 	105.998 ;116.380;10.382;10 %;30 %;32%;2%;
47;47-5071;Roustabouts, Oil and Gas;Millennial; 	22.975 ;33.340;10.365;45 %;50 %;52%;2%;
47;47-5013;Service Unit Operators, Oil, Gas, and Mining;Millennial; 	21.454 ;31.242;9.788;46 %;48 %;50%;2%;
55;55-9999;Military occupations;Millennial; 	563.376 ;572.994;9.618;2 %;28 %;27%; (1%);
25;25-3021;Self-Enrichment Education Teachers;Millennial; 	80.815 ;90.333;9.518;12 %;25 %;26%;1%;
39;39-9032;Recreation Workers;Millennial; 	83.287 ;92.367;9.080;11 %;25 %;26%;1%;
15;15-1132;Software Developers, Applications;Millennial; 	200.141 ;209.162;9.021;5 %;35 %;33%; (2%);
25;25-2021;Elementary School Teachers, Except Special Education;Millennial; 	296.417 ;305.103;8.686;3 %;22 %;22%; (0%);
35;35-3041;Food Servers, Nonrestaurant;Millennial; 	54.680 ;63.363;8.683;16 %;24 %;26%;2%;
25;25-3099;Teachers and Instructors, All Other;Millennial; 	83.754 ;92.343;8.589;10 %;25 %;26%;1%;
35;35-2012;Cooks, Institution and Cafeteria;Millennial; 	99.346 ;107.735;8.389;8 %;24 %;25%;1%;
15;15-1133;Software Developers, Systems Software;Millennial; 	128.688 ;136.722;8.034;6 %;34 %;33%; (1%);
35;35-2015;Cooks, Short Order;Millennial; 	54.634 ;62.529;7.895;14 %;33 %;36%;3%;
39;39-3091;Amusement and Recreation Attendants;Millennial; 	56.417 ;63.833;7.416;13 %;21 %;23%;2%;
29;29-2034;Radiologic Technologists ;Millennial; 	53.666 ;60.823;7.157;13 %;30 %;30%;0%;
29;29-2056;Veterinary Technologists and Technicians;Millennial; 	34.701 ;41.695;6.994;20 %;47 %;48%;1%;
31;31-9011;Massage Therapists;Millennial; 	43.270 ;49.883;6.613;15 %;34 %;36%;2%;
43;43-4111;Interviewers, Except Eligibility and Loan;Millennial; 	67.365 ;73.817;6.452;10 %;32 %;33%;1%;
29;29-1051;Pharmacists;Millennial; 	78.509 ;84.803;6.294;8 %;28 %;29%;1%;
39;39-9011;Childcare Workers;Millennial; 	401.560 ;407.715;6.155;2 %;28 %;30%;2%;
25;25-9041;Teacher Assistants;Millennial; 	282.378 ;288.522;6.144;2 %;22 %;23%;1%;
41;41-1011;First-Line Supervisors of Retail Sales Workers;Millennial; 	469.529 ;475.614;6.085;1 %;30 %;32%;2%;
15;15-1134;Web Developers;Millennial; 	51.196 ;57.280;6.084;12 %;43 %;42%; (1%);
21;21-1022;Healthcare Social Workers;Millennial; 	38.298 ;44.126;5.828;15 %;28 %;29%;1%;
29;29-1122;Occupational Therapists;Millennial; 	33.809 ;39.614;5.805;17 %;34 %;35%;1%;
13;13-1121;Meeting, Convention, and Event Planners;Millennial; 	26.845 ;32.633;5.788;22 %;38 %;38%;0%;
49;49-3093;Tire Repairers and Changers;Millennial; 	38.169 ;43.823;5.654;15 %;39 %;43%;4%;
21;21-1014;Mental Health Counselors;Millennial; 	36.257 ;41.908;5.651;16 %;32 %;32%;0%;
31;31-2021;Physical Therapist Assistants;Millennial; 	22.455 ;28.075;5.620;25 %;37 %;39%;2%;
13;13-1111;Management Analysts;Millennial; 	162.645 ;168.051;5.406;3 %;24 %;23%; (1%);
29;29-2021;Dental Hygienists;Millennial; 	49.018 ;53.832;4.814;10 %;27 %;28%;1%;
27;27-3091;Interpreters and Translators;Millennial; 	15.093 ;19.852;4.759;32 %;27 %;28%;1%;
43;43-4081;Hotel, Motel, and Resort Desk Clerks;Millennial; 	101.070 ;105.801;4.731;5 %;43 %;46%;3%;
29;29-1069;Physicians and Surgeons, All Other;Millennial; 	62.239 ;66.928;4.689;8 %;19 %;19%;0%;
47;47-5011;Derrick Operators, Oil and Gas;Millennial; 	7.812 ;12.457;4.645;59 %;50 %;53%;4%;
11;11-9111;Medical and Health Services Managers;Millennial; 	50.304 ;54.945;4.641;9 %;17 %;18%;1%;
15;15-1142;Network and Computer Systems Administrators;Millennial; 	117.067 ;121.621;4.554;4 %;33 %;33%; (0%);
39;39-5092;Manicurists and Pedicurists;Millennial; 	32.713 ;37.195;4.482;14 %;35 %;36%;1%;
51;51-3011;Bakers;Millennial; 	41.319 ;45.686;4.367;11 %;25 %;27%;2%;
47;47-5012;Rotary Drill Operators, Oil and Gas;Millennial; 	9.419 ;13.630;4.211;45 %;49 %;52%;3%;
19;19-1042;Medical Scientists, Except Epidemiologists;Millennial; 	24.733 ;28.939;4.206;17 %;29 %;29%; (0%);
39;39-9041;Residential Advisors;Millennial; 	32.467 ;36.612;4.145;13 %;34 %;34%;0%;
29;29-2071;Medical Records and Health Information Technicians;Millennial; 	45.351 ;49.483;4.132;9 %;26 %;26%;0%;
29;29-1127;Speech-Language Pathologists;Millennial; 	36.676 ;40.696;4.020;11 %;30 %;31%;1%;
31;31-2022;Physical Therapist Aides;Millennial; 	16.308 ;20.317;4.009;25 %;38 %;40%;2%;
13;13-1151;Training and Development Specialists;Millennial; 	61.475 ;65.481;4.006;7 %;29 %;29%;0%;
53;53-6021;Parking Lot Attendants;Millennial; 	42.899 ;46.795;3.896;9 %;33 %;35%;2%;
21;21-1023;Mental Health and Substance Abuse Social Workers;Millennial; 	33.107 ;36.937;3.830;12 %;30 %;31%;1%;
13;13-1071;Human Resources Specialists;Millennial; 	128.036 ;131.822;3.786;3 %;31 %;31%;0%;
39;39-1021;First-Line Supervisors of Personal Service Workers;Millennial; 	57.122 ;60.826;3.704;6 %;30 %;31%;1%;
29;29-1071;Physician Assistants;Millennial; 	27.315 ;30.991;3.676;13 %;34 %;35%;1%;
25;25-2022;Middle School Teachers, Except Special and Career/Technical Education;Millennial; 	133.179 ;136.826;3.647;3 %;22 %;22%; (0%);
51;51-3021;Butchers and Meat Cutters;Millennial; 	35.428 ;39.051;3.623;10 %;26 %;28%;2%;
29;29-2099;Health Technologists and Technicians, All Other;Millennial; 	23.890 ;27.496;3.606;15 %;29 %;30%;1%;
29;29-2055;Surgical Technologists;Millennial; 	34.670 ;38.186;3.516;10 %;37 %;39%;2%;
11;11-9199;Managers, All Other;Millennial; 	103.024 ;106.515;3.491;3 %;16 %;16%; (0%);
21;21-1012;Educational, Guidance, School, and Vocational Counselors;Millennial; 	58.961 ;62.369;3.408;6 %;25 %;26%;1%;
29;29-2032;Diagnostic Medical Sonographers;Millennial; 	14.814 ;18.210;3.396;23 %;30 %;30%;0%;
21;21-1015;Rehabilitation Counselors;Millennial; 	31.582 ;34.867;3.285;10 %;29 %;30%;1%;
29;29-1126;Respiratory Therapists;Millennial; 	28.876 ;32.131;3.255;11 %;27 %;27%;0%;
31;31-9097;Phlebotomists;Millennial; 	34.936 ;38.187;3.251;9 %;36 %;37%;1%;
13;13-1081;Logisticians;Millennial; 	31.701 ;34.911;3.210;10 %;28 %;27%; (1%);
39;39-9099;Personal Care and Service Workers, All Other;Millennial; 	28.640 ;31.814;3.174;11 %;29 %;30%;1%;
29;29-2081;Opticians, Dispensing;Millennial; 	16.557 ;19.658;3.101;19 %;28 %;29%;1%;
17;17-2171;Petroleum Engineers;Millennial; 	7.716 ;10.810;3.094;40 %;24 %;26%;2%;
29;29-1171;Nurse Practitioners;Millennial; 	19.338 ;22.352;3.014;16 %;20 %;20%; (0%);
49;49-9051;Electrical Power-Line Installers and Repairers;Millennial; 	33.068 ;36.051;2.983;9 %;29 %;31%;2%;
41;41-9041;Telemarketers;Millennial; 	107.579 ;110.543;2.964;3 %;39 %;41%;2%;
53;53-6031;Automotive and Watercraft Service Attendants;Millennial; 	35.509 ;38.444;2.935;8 %;32 %;34%;2%;
21;21-1011;Substance Abuse and Behavioral Disorder Counselors;Millennial; 	25.539 ;28.468;2.929;11 %;31 %;32%;1%;
47;47-5081;Helpers--Extraction Workers;Millennial; 	8.674 ;11.570;2.896;33 %;40 %;41%;1%;
43;43-9199;Office and Administrative Support Workers, All Other;Millennial; 	85.326 ;88.138;2.812;3 %;28 %;28%;0%;
53;53-3031;Driver/Sales Workers;Millennial; 	107.302 ;110.062;2.760;3 %;25 %;27%;2%;
39;39-5094;Skincare Specialists;Millennial; 	16.462 ;19.178;2.716;16 %;37 %;39%;2%;
39;39-3031;Ushers, Lobby Attendants, and Ticket Takers;Millennial; 	21.667 ;24.379;2.712;13 %;19 %;20%;1%;
13;13-1041;Compliance Officers;Millennial; 	49.275 ;51.962;2.687;5 %;22 %;22%; (0%);
29;29-2012;Medical and Clinical Laboratory Technicians;Millennial; 	45.939 ;48.571;2.632;6 %;30 %;30%; (0%);
21;21-1091;Health Educators ;Millennial; 	15.027 ;17.550;2.523;17 %;29 %;30%;1%;
33;33-9092;Lifeguards, Ski Patrol, and Other Recreational Protective Service Workers;Millennial; 	21.085 ;23.586;2.501;12 %;16 %;17%;1%;
31;31-2011;Occupational Therapy Assistants;Millennial; 	9.244 ;11.647;2.403;26 %;36 %;38%;2%;
27;27-3031;Public Relations Specialists;Millennial; 	77.513 ;79.882;2.369;3 %;36 %;36%; (0%);
31;31-9099;Healthcare Support Workers, All Other;Millennial; 	31.331 ;33.551;2.220;7 %;30 %;31%;1%;
43;43-3021;Billing and Posting Clerks;Millennial; 	146.140 ;148.286;2.146;1 %;29 %;29%;0%;
29;29-2031;Cardiovascular Technologists and Technicians;Millennial; 	13.858 ;16.004;2.146;15 %;30 %;31%;1%;
39;39-5011;Barbers;Millennial; 	24.741 ;26.773;2.032;8 %;38 %;40%;2%;
53;53-3041;Taxi Drivers and Chauffeurs;Millennial; 	32.926 ;34.950;2.024;6 %;14 %;14%; (0%);
29;29-2011;Medical and Clinical Laboratory Technologists;Millennial; 	45.599 ;47.620;2.021;4 %;29 %;29%; (0%);
25;25-2052;Special Education Teachers, Kindergarten and Elementary School;Millennial; 	41.353 ;43.278;1.925;5 %;22 %;22%; (0%);
33;33-9093;Transportation Security Screeners;Millennial; 	10.633 ;12.527;1.894;18 %;24 %;24%;0%;
25;25-9031;Instructional Coordinators;Millennial; 	28.465 ;30.313;1.848;6 %;22 %;22%;0%;
15;15-1141;Database Administrators;Millennial; 	26.803 ;28.646;1.843;7 %;25 %;24%; (1%);
21;21-1013;Marriage and Family Therapists;Millennial; 	10.421 ;12.179;1.758;17 %;29 %;30%;1%;
43;43-4121;Library Assistants, Clerical;Millennial; 	28.149 ;29.857;1.708;6 %;23 %;23%;0%;
25;25-2011;Preschool Teachers, Except Special Education;Millennial; 	158.442 ;160.108;1.666;1 %;36 %;37%;1%;
43;43-4199;Information and Record Clerks, All Other;Millennial; 	49.821 ;51.457;1.636;3 %;26 %;26%; (0%);
53;53-7073;Wellhead Pumpers;Millennial; 	3.442 ;5.074;1.632;47 %;27 %;33%;6%;
49;49-9041;Industrial Machinery Mechanics;Millennial; 	56.747 ;58.338;1.591;3 %;18 %;18%; (0%);
29;29-1131;Veterinarians;Millennial; 	18.479 ;20.067;1.588;9 %;28 %;29%;1%;
25;25-4031;Library Technicians;Millennial; 	27.024 ;28.568;1.544;6 %;22 %;23%;1%;
29;29-1031;Dietitians and Nutritionists;Millennial; 	15.899 ;17.438;1.539;10 %;26 %;26%; (0%);
13;13-1131;Fundraisers;Millennial; 	19.032 ;20.565;1.533;8 %;27 %;29%;2%;
17;17-2031;Biomedical Engineers;Millennial; 	5.971 ;7.503;1.532;26 %;38 %;35%; (3%);
25;25-2012;Kindergarten Teachers, Except Special Education;Millennial; 	37.377 ;38.880;1.503;4 %;24 %;25%;1%;
11;11-9033;Education Administrators, Postsecondary;Millennial; 	25.022 ;26.519;1.497;6 %;22 %;22%;0%;
29;29-2057;Ophthalmic Medical Technicians;Millennial; 	10.351 ;11.810;1.459;14 %;38 %;39%;1%;
29;29-1062;Family and General Practitioners;Millennial; 	18.554 ;20.004;1.450;8 %;15 %;16%;1%;
31;31-9093;Medical Equipment Preparers;Millennial; 	15.305 ;16.699;1.394;9 %;31 %;32%;1%;
19;19-2042;Geoscientists, Except Hydrologists and Geographers;Millennial; 	10.146 ;11.540;1.394;14 %;29 %;30%;1%;
15;15-1151;Computer User Support Specialists;Millennial; 	195.855 ;197.246;1.391;1 %;34 %;33%; (1%);
35;35-1011;Chefs and Head Cooks;Millennial; 	33.897 ;35.277;1.380;4 %;31 %;32%;1%;
31;31-1015;Orderlies;Millennial; 	16.514 ;17.887;1.373;8 %;30 %;31%;1%;
11;11-9151;Social and Community Service Managers;Millennial; 	25.839 ;27.198;1.359;5 %;20 %;20%; (0%);
19;19-4021;Biological Technicians;Millennial; 	23.694 ;25.019;1.325;6 %;34 %;33%; (1%);
19;19-2041;Environmental Scientists and Specialists, Including Health;Millennial; 	25.275 ;26.593;1.318;5 %;30 %;30%;0%;
45;45-2091;Agricultural Equipment Operators;Millennial; 	19.614 ;20.896;1.282;7 %;31 %;32%;1%;
33;33-3021;Detectives and Criminal Investigators;Millennial; 	24.691 ;25.944;1.253;5 %;23 %;23%;0%;
29;29-2035;Magnetic Resonance Imaging Technologists;Millennial; 	8.024 ;9.270;1.246;16 %;30 %;30%;0%;
33;33-9099;Protective Service Workers, All Other;Millennial; 	18.143 ;19.377;1.234;7 %;21 %;22%;1%;
29;29-9099;Healthcare Practitioners and Technical Workers, All Other;Millennial; 	14.689 ;15.900;1.211;8 %;31 %;32%;1%;
49;49-2098;Security and Fire Alarm Systems Installers;Millennial; 	19.314 ;20.509;1.195;6 %;32 %;34%;2%;
51;51-2011;Aircraft Structure, Surfaces, Rigging, and Systems Assemblers;Millennial; 	7.544 ;8.724;1.180;16 %;20 %;21%;1%;
35;35-2019;Cooks, All Other;Millennial; 	6.512 ;7.691;1.179;18 %;25 %;27%;2%;
21;21-1099;Community and Social Service Specialists, All Other;Millennial; 	27.736 ;28.901;1.165;4 %;27 %;28%;1%;
51;51-8093;Petroleum Pump System Operators, Refinery Operators, and Gaugers;Millennial; 	7.295 ;8.457;1.162;16 %;18 %;19%;1%;
21;21-1094;Community Health Workers;Millennial; 	11.212 ;12.351;1.139;10 %;30 %;31%;1%;
29;29-1041;Optometrists;Millennial; 	9.692 ;10.821;1.129;12 %;27 %;29%;2%;
31;31-9095;Pharmacy Aides;Millennial; 	16.608 ;17.728;1.120;7 %;37 %;40%;3%;
11;11-9051;Food Service Managers;Millennial; 	85.614 ;86.721;1.107;1 %;29 %;31%;2%;
49;49-3091;Bicycle Repairers;Millennial; 	4.461 ;5.505;1.044;23 %;43 %;51%;8%;
29;29-1199;Health Diagnosing and Treating Practitioners, All Other;Millennial; 	7.390 ;8.403;1.013;14 %;19 %;20%;1%;
47;47-5099;Extraction Workers, All Other;Millennial; 	3.112 ;4.106;994;32 %;40 %;44%;4%;
21;21-1021;Child, Family, and School Social Workers;Millennial; 	78.397 ;79.385;988;1 %;27 %;27%;0%;
19;19-3099;Social Scientists and Related Workers, All Other;Millennial; 	9.374 ;10.343;969;10 %;31 %;30%; (1%);
27;27-3012;Public Address System and Other Announcers;Millennial; 	5.896 ;6.861;965;16 %;39 %;39%; (0%);
29;29-9091;Athletic Trainers;Millennial; 	6.681 ;7.637;956;14 %;35 %;36%;1%;
29;29-1181;Audiologists;Millennial; 	4.356 ;5.298;942;22 %;41 %;41%;0%;
35;35-9099;Food Preparation and Serving Related Workers, All Other;Millennial; 	10.253 ;11.193;940;9 %;24 %;27%;3%;
25;25-9099;Education, Training, and Library Workers, All Other;Millennial; 	22.555 ;23.491;936;4 %;22 %;23%;1%;
29;29-2051;Dietetic Technicians;Millennial; 	8.269 ;9.193;924;11 %;35 %;37%;2%;
29;29-1151;Nurse Anesthetists;Millennial; 	5.750 ;6.666;916;16 %;19 %;18%; (1%);
27;27-2011;Actors;Millennial; 	35.727 ;36.605;878;2 %;40 %;42%;2%;
45;45-2041;Graders and Sorters, Agricultural Products;Millennial; 	14.204 ;15.071;867;6 %;24 %;25%;1%;
27;27-2021;Athletes and Sports Competitors;Millennial; 	6.794 ;7.655;861;13 %;39 %;42%;3%;
29;29-2053;Psychiatric Technicians;Millennial; 	20.795 ;21.653;858;4 %;30 %;31%;1%;
25;25-3011;Adult Basic and Secondary Education and Literacy Teachers and Instructors ;Millennial; 	17.594 ;18.435;841;5 %;24 %;24%;0%;
19;19-3031;Clinical, Counseling, and School Psychologists;Millennial; 	23.873 ;24.708;835;3 %;16 %;16%; (0%);
47;47-5041;Continuous Mining Machine Operators;Millennial; 	3.181 ;4.014;833;26 %;26 %;28%;2%;
15;15-1121;Computer Systems Analysts;Millennial; 	149.455 ;150.277;822;1 %;30 %;28%; (2%);
51;51-3092;Food Batchmakers;Millennial; 	29.122 ;29.936;814;3 %;29 %;30%;1%;
37;37-2021;Pest Control Workers;Millennial; 	18.896 ;19.706;810;4 %;28 %;28%;0%;
51;51-9083;Ophthalmic Laboratory Technicians;Millennial; 	8.276 ;9.069;793;10 %;27 %;29%;2%;
27;27-2032;Choreographers;Millennial; 	5.543 ;6.336;793;14 %;71 %;72%;1%;
33;33-1099;First-Line Supervisors of Protective Service Workers, All Other;Millennial; 	13.553 ;14.330;777;6 %;22 %;23%;1%;
19;19-4041;Geological and Petroleum Technicians;Millennial; 	3.769 ;4.543;774;21 %;26 %;27%;1%;
29;29-1129;Therapists, All Other;Millennial; 	6.869 ;7.631;762;11 %;26 %;27%;1%;
53;53-7081;Refuse and Recyclable Material Collectors;Millennial; 	32.357 ;33.109;752;2 %;25 %;25%; (0%);
19;19-1021;Biochemists and Biophysicists;Millennial; 	9.555 ;10.299;744;8 %;38 %;36%; (2%);
39;39-2011;Animal Trainers;Millennial; 	8.572 ;9.294;722;8 %;26 %;27%;1%;
49;49-2095;Electrical and Electronics Repairers, Powerhouse, Substation, and Relay;Millennial; 	3.964 ;4.685;721;18 %;17 %;19%;2%;
39;39-3093;Locker Room, Coatroom, and Dressing Room Attendants;Millennial; 	4.220 ;4.940;720;17 %;21 %;24%;3%;
29;29-1063;Internists, General;Millennial; 	7.620 ;8.330;710;9 %;16 %;16%;0%;
53;53-3011;Ambulance Drivers and Attendants, Except Emergency Medical Technicians;Millennial; 	4.354 ;5.061;707;16 %;27 %;27%;0%;
53;53-7072;Pump Operators, Except Wellhead Pumpers;Millennial; 	3.425 ;4.125;700;20 %;28 %;30%;2%;
29;29-1067;Surgeons;Millennial; 	6.876 ;7.569;693;10 %;15 %;15%;0%;
17;17-3029;Engineering Technicians, Except Drafters, All Other;Millennial; 	14.325 ;15.008;683;5 %;22 %;22%;0%;
19;19-4091;Environmental Science and Protection Technicians, Including Health;Millennial; 	9.692 ;10.369;677;7 %;32 %;31%; (1%);
39;39-7011;Tour Guides and Escorts;Millennial; 	7.614 ;8.288;674;9 %;20 %;21%;1%;
13;13-2071;Credit Counselors;Millennial; 	10.269 ;10.939;670;7 %;38 %;38%;0%;
25;25-2053;Special Education Teachers, Middle School;Millennial; 	19.527 ;20.184;657;3 %;22 %;22%;1%;
51;51-8013;Power Plant Operators;Millennial; 	5.126 ;5.777;651;13 %;13 %;14%;1%;
27;27-2023;Umpires, Referees, and Other Sports Officials;Millennial; 	5.446 ;6.092;646;12 %;27 %;28%;1%;
49;49-3043;Rail Car Repairers;Millennial; 	4.095 ;4.741;646;16 %;21 %;22%;1%;
11;11-9039;Education Administrators, All Other;Millennial; 	6.728 ;7.369;641;10 %;21 %;22%;1%;
19;19-4099;Life, Physical, and Social Science Technicians, All Other;Millennial; 	18.236 ;18.873;637;3 %;32 %;32%; (0%);
29;29-1124;Radiation Therapists;Millennial; 	5.403 ;6.040;637;12 %;31 %;33%;2%;
33;33-9021;Private Detectives and Investigators;Millennial; 	7.377 ;8.004;627;8 %;22 %;24%;2%;
17;17-2161;Nuclear Engineers;Millennial; 	4.123 ;4.748;625;15 %;20 %;21%;1%;
15;15-2041;Statisticians;Millennial; 	8.087 ;8.708;621;8 %;32 %;32%; (0%);
31;31-2012;Occupational Therapy Aides;Millennial; 	2.917 ;3.535;618;21 %;39 %;41%;2%;
29;29-1125;Recreational Therapists;Millennial; 	5.504 ;6.112;608;11 %;29 %;31%;2%;
47;47-5061;Roof Bolters, Mining;Millennial; 	2.105 ;2.712;607;29 %;35 %;40%;5%;
19;19-3022;Survey Researchers;Millennial; 	7.817 ;8.406;589;8 %;44 %;44%; (0%);
29;29-1065;Pediatricians, General;Millennial; 	4.815 ;5.400;585;12 %;15 %;15%;0%;
31;31-1013;Psychiatric Aides;Millennial; 	22.447 ;23.018;571;3 %;28 %;29%;1%;
49;49-3041;Farm Equipment Mechanics and Service Technicians;Millennial; 	8.735 ;9.300;565;6 %;23 %;24%;1%;
31;31-9096;Veterinary Assistants and Laboratory Animal Caretakers;Millennial; 	32.454 ;33.009;555;2 %;40 %;41%;1%;
29;29-2033;Nuclear Medicine Technologists;Millennial; 	5.767 ;6.320;553;10 %;29 %;30%;1%;
45;45-3011;Fishers and Related Fishing Workers;Millennial; 	4.960 ;5.511;551;11 %;16 %;17%;1%;
13;13-2081;Tax Examiners and Collectors, and Revenue Agents;Millennial; 	14.458 ;14.993;535;4 %;22 %;22%;0%;
25;25-2051;Special Education Teachers, Preschool;Millennial; 	5.642 ;6.176;534;9 %;27 %;28%;1%;
51;51-9012;Separating, Filtering, Clarifying, Precipitating, and Still Machine Setters, Operators, and Tenders;Millennial; 	9.329 ;9.852;523;6 %;22 %;23%;1%;
21;21-1029;Social Workers, All Other;Millennial; 	15.462 ;15.980;518;3 %;25 %;25%; (0%);
13;13-2031;Budget Analysts;Millennial; 	13.750 ;14.257;507;4 %;24 %;24%;0%;
53;53-2021;Air Traffic Controllers;Millennial; 	5.294 ;5.800;506;10 %;24 %;23%; (1%);
29;29-1061;Anesthesiologists;Millennial; 	4.590 ;5.073;483;11 %;14 %;15%;1%;
19;19-1013;Soil and Plant Scientists;Millennial; 	3.805 ;4.286;481;13 %;27 %;28%;1%;
49;49-9062;Medical Equipment Repairers;Millennial; 	8.328 ;8.807;479;6 %;24 %;23%; (1%);
21;21-1019;Counselors, All Other;Millennial; 	8.163 ;8.642;479;6 %;27 %;27%;0%;
53;53-4031;Railroad Conductors and Yardmasters;Millennial; 	10.503 ;10.978;475;5 %;24 %;24%;0%;
19;19-1029;Biological Scientists, All Other;Millennial; 	8.928 ;9.402;474;5 %;30 %;29%; (1%);
45;45-2093;Farmworkers, Farm, Ranch, and Aquacultural Animals;Millennial; 	24.856 ;25.329;473;2 %;32 %;32%;0%;
19;19-4093;Forest and Conservation Technicians;Millennial; 	7.493 ;7.966;473;6 %;24 %;24%;0%;
25;25-2059;Special Education Teachers, All Other;Millennial; 	9.649 ;10.108;459;5 %;24 %;25%;1%;
19;19-2099;Physical Scientists, All Other;Millennial; 	7.127 ;7.579;452;6 %;26 %;25%; (1%);
29;29-1128;Exercise Physiologists;Millennial; 	2.616 ;3.060;444;17 %;30 %;29%; (1%);
51;51-8092;Gas Plant Operators;Millennial; 	1.507 ;1.943;436;29 %;13 %;15%;2%;
25;25-4012;Curators;Millennial; 	2.323 ;2.744;421;18 %;25 %;26%;1%;
15;15-1111;Computer and Information Research Scientists;Millennial; 	7.470 ;7.885;415;6 %;30 %;29%; (1%);
15;15-1199;Computer Occupations, All Other;Millennial; 	55.357 ;55.753;396;1 %;28 %;28%;0%;
43;43-5031;Police, Fire, and Ambulance Dispatchers;Millennial; 	22.256 ;22.634;378;2 %;23 %;23%;0%;
29;29-2092;Hearing Aid Specialists;Millennial; 	1.798 ;2.174;376;21 %;36 %;39%;3%;
39;39-6011;Baggage Porters and Bellhops;Millennial; 	10.842 ;11.207;365;3 %;26 %;26%;0%;
49;49-9094;Locksmiths and Safe Repairers;Millennial; 	4.731 ;5.096;365;8 %;21 %;23%;2%;
43;43-5041;Meter Readers, Utilities;Millennial; 	9.869 ;10.233;364;4 %;25 %;25%;0%;
19;19-3039;Psychologists, All Other;Millennial; 	2.258 ;2.614;356;16 %;12 %;13%;1%;
39;39-3099;Entertainment Attendants and Related Workers, All Other;Millennial; 	2.493 ;2.836;343;14 %;19 %;20%;1%;
11;11-2031;Public Relations and Fundraising Managers;Millennial; 	12.700 ;13.035;335;3 %;23 %;23%;0%;
19;19-4061;Social Science Research Assistants;Millennial; 	9.776 ;10.102;326;3 %;36 %;36%;0%;
13;13-1011;Agents and Business Managers of Artists, Performers, and Athletes;Millennial; 	7.711 ;8.031;320;4 %;37 %;37%;0%;
47;47-5042;Mine Cutting and Channeling Machine Operators;Millennial; 	1.621 ;1.932;311;19 %;25 %;28%;3%;
39;39-3092;Costume Attendants;Millennial; 	1.268 ;1.576;308;24 %;22 %;25%;3%;
39;39-5091;Makeup Artists, Theatrical and Performance;Millennial; 	1.280 ;1.586;306;24 %;30 %;31%;1%;
53;53-4011;Locomotive Engineers;Millennial; 	6.074 ;6.372;298;5 %;16 %;16%;0%;
39;39-6012;Concierges;Millennial; 	6.283 ;6.577;294;5 %;24 %;24%;0%;
19;19-3094;Political Scientists;Millennial; 	2.246 ;2.534;288;13 %;36 %;36%; (0%);
37;37-3013;Tree Trimmers and Pruners;Millennial; 	19.516 ;19.803;287;1 %;30 %;30%; (0%);
21;21-1092;Probation Officers and Correctional Treatment Specialists;Millennial; 	19.080 ;19.367;287;2 %;22 %;21%; (1%);
51;51-3093;Food Cooking Machine Operators and Tenders;Millennial; 	8.685 ;8.972;287;3 %;26 %;27%;1%;
29;29-1066;Psychiatrists;Millennial; 	4.801 ;5.087;286;6 %;19 %;19%;0%;
29;29-2091;Orthotists and Prosthetists;Millennial; 	2.267 ;2.551;284;13 %;28 %;30%;2%;
51;51-3091;Food and Tobacco Roasting, Baking, and Drying Machine Operators and Tenders;Millennial; 	4.414 ;4.694;280;6 %;21 %;23%;2%;
37;37-3019;Grounds Maintenance Workers, All Other;Millennial; 	5.093 ;5.371;278;5 %;25 %;25%;0%;
53;53-7071;Gas Compressor and Gas Pumping Station Operators;Millennial; 	726 ;997;271;37 %;17 %;22%;5%;
19;19-1023;Zoologists and Wildlife Biologists;Millennial; 	5.140 ;5.409;269;5 %;27 %;27%;0%;
17;17-2081;Environmental Engineers;Millennial; 	15.134 ;15.398;264;2 %;30 %;29%; (1%);
25;25-4011;Archivists;Millennial; 	1.186 ;1.447;261;22 %;23 %;25%;2%;
19;19-3011;Economists;Millennial; 	4.426 ;4.685;259;6 %;27 %;28%;1%;
45;45-2099;Agricultural Workers, All Other;Millennial; 	5.452 ;5.710;258;5 %;35 %;35%; (0%);
19;19-1031;Conservation Scientists;Millennial; 	4.375 ;4.619;244;6 %;21 %;22%;1%;
31;31-9094;Medical Transcriptionists;Millennial; 	22.452 ;22.692;240;1 %;28 %;27%; (1%);
51;51-8012;Power Distributors and Dispatchers;Millennial; 	1.379 ;1.609;230;17 %;12 %;14%;2%;
47;47-4041;Hazardous Materials Removal Workers;Millennial; 	12.722 ;12.948;226;2 %;34 %;34%; (0%);
27;27-2041;Music Directors and Composers;Millennial; 	13.210 ;13.435;225;2 %;19 %;19%; (0%);
29;29-9012;Occupational Health and Safety Technicians;Millennial; 	2.599 ;2.818;219;8 %;22 %;23%;1%;
47;47-5049;Mining Machine Operators, All Other;Millennial; 	768 ;985;217;28 %;30 %;34%;4%;
27;27-4032;Film and Video Editors;Millennial; 	8.862 ;9.070;208;2 %;32 %;32%; (0%);
15;15-2021;Mathematicians;Millennial; 	1.169 ;1.375;206;18 %;34 %;34%; (0%);
27;27-4099;Media and Communication Equipment Workers, All Other;Millennial; 	4.881 ;5.086;205;4 %;30 %;30%; (0%);
49;49-9081;Wind Turbine Service Technicians;Millennial; 	1.021 ;1.225;204;20 %;19 %;23%;4%;
19;19-2012;Physicists;Millennial; 	3.487 ;3.683;196;6 %;20 %;20%; (0%);
19;19-3091;Anthropologists and Archeologists;Millennial; 	2.201 ;2.397;196;9 %;36 %;35%; (1%);
51;51-8011;Nuclear Power Reactor Operators;Millennial; 	577 ;772;195;34 %;9 %;11%;2%;
15;15-2011;Actuaries;Millennial; 	7.944 ;8.135;191;2 %;37 %;36%; (1%);
29;29-1161;Nurse Midwives;Millennial; 	893 ;1.084;191;21 %;17 %;18%;1%;
47;47-5031;Explosives Workers, Ordnance Handling Experts, and Blasters;Millennial; 	2.191 ;2.379;188;9 %;34 %;35%;1%;
29;29-9092;Genetic Counselors;Millennial; 	873 ;1.061;188;22 %;46 %;45%; (1%);
21;21-2011;Clergy;Millennial; 	27.674 ;27.861;187;1 %;12 %;11%; (1%);
27;27-2099;Entertainers and Performers, Sports and Related Workers, All Other;Millennial; 	12.703 ;12.890;187;1 %;33 %;34%;1%;
19;19-2021;Atmospheric and Space Scientists;Millennial; 	2.961 ;3.148;187;6 %;30 %;29%; (1%);
25;25-4013;Museum Technicians and Conservators;Millennial; 	2.477 ;2.661;184;7 %;24 %;26%;2%;
49;49-9063;Musical Instrument Repairers and Tuners;Millennial; 	1.581 ;1.765;184;12 %;12 %;16%;4%;
37;37-2019;Building Cleaning Workers, All Other;Millennial; 	3.380 ;3.545;165;5 %;22 %;23%;1%;
19;19-4092;Forensic Science Technicians;Millennial; 	2.475 ;2.638;163;7 %;20 %;21%;1%;
53;53-6051;Transportation Inspectors;Millennial; 	4.820 ;4.978;158;3 %;20 %;19%; (1%);
11;11-9081;Lodging Managers;Millennial; 	9.897 ;10.054;157;2 %;20 %;25%;5%;
17;17-3025;Environmental Engineering Technicians;Millennial; 	4.332 ;4.487;155;4 %;24 %;23%; (1%);
53;53-7111;Mine Shuttle Car Operators;Millennial; 	836 ;991;155;19 %;29 %;32%;3%;
27;27-2031;Dancers;Millennial; 	11.274 ;11.422;148;1 %;67 %;68%;1%;
21;21-2099;Religious Workers, All Other;Millennial; 	8.183 ;8.323;140;2 %;14 %;14%;0%;
19;19-2043;Hydrologists;Millennial; 	2.071 ;2.211;140;7 %;30 %;29%; (1%);
13;13-2061;Financial Examiners;Millennial; 	6.786 ;6.920;134;2 %;25 %;23%; (2%);
53;53-4021;Railroad Brake, Signal, and Switch Operators;Millennial; 	6.090 ;6.218;128;2 %;23 %;23%; (0%);
19;19-4051;Nuclear Technicians;Millennial; 	1.272 ;1.399;127;10 %;16 %;16%; (0%);
19;19-1011;Animal Scientists;Millennial; 	751 ;870;119;16 %;30 %;32%;2%;
11;11-9121;Natural Sciences Managers;Millennial; 	9.026 ;9.143;117;1 %;19 %;18%; (1%);
19;19-4011;Agricultural and Food Science Technicians;Millennial; 	5.489 ;5.604;115;2 %;27 %;27%;0%;
53;53-7033;Loading Machine Operators, Underground Mining;Millennial; 	611 ;724;113;18 %;22 %;25%;3%;
25;25-9021;Farm and Home Management Advisors;Millennial; 	2.547 ;2.659;112;4 %;22 %;22%;0%;
49;49-9012;Control and Valve Installers and Repairers, Except Mechanical Door;Millennial; 	8.623 ;8.734;111;1 %;21 %;21%;0%;
39;39-3021;Motion Picture Projectionists;Millennial; 	4.223 ;4.332;109;3 %;48 %;54%;6%;
19;19-3041;Sociologists;Millennial; 	957 ;1.064;107;11 %;38 %;39%;1%;
39;39-3011;Gaming Dealers;Millennial; 	25.785 ;25.889;104;0 %;25 %;25%; (0%);
47;47-4061;Rail-Track Laying and Maintenance Equipment Operators;Millennial; 	3.672 ;3.774;102;3 %;21 %;21%;0%;
19;19-1041;Epidemiologists;Millennial; 	1.111 ;1.212;101;9 %;22 %;23%;1%;
19;19-3093;Historians;Millennial; 	874 ;973;99;11 %;21 %;23%;2%;
39;39-3012;Gaming and Sports Book Writers and Runners;Millennial; 	3.287 ;3.384;97;3 %;21 %;22%;1%;
21;21-2021;Directors, Religious Activities and Education;Millennial; 	19.939 ;20.033;94;0 %;15 %;15%; (0%);
29;29-9011;Occupational Health and Safety Specialists;Millennial; 	14.514 ;14.607;93;1 %;24 %;24%;0%;
25;25-4021;Librarians;Millennial; 	28.616 ;28.705;89;0 %;21 %;20%; (1%);
45;45-2011;Agricultural Inspectors;Millennial; 	2.484 ;2.573;89;4 %;17 %;17%;0%;
17;17-2151;Mining and Geological Engineers, Including Mining Safety Engineers;Millennial; 	2.173 ;2.262;89;4 %;27 %;28%;1%;
33;33-3041;Parking Enforcement Workers;Millennial; 	2.058 ;2.143;85;4 %;19 %;19%; (0%);
19;19-3092;Geographers;Millennial; 	409 ;494;85;21 %;29 %;29%;0%;
33;33-9031;Gaming Surveillance Officers and Gaming Investigators;Millennial; 	2.266 ;2.345;79;3 %;23 %;24%;1%;
53;53-6011;Bridge and Lock Tenders;Millennial; 	528 ;594;66;13 %;15 %;15%;0%;
27;27-4011;Audio and Video Equipment Technicians;Millennial; 	27.323 ;27.387;64;0 %;38 %;38%;0%;
33;33-9011;Animal Control Workers;Millennial; 	2.769 ;2.831;62;2 %;20 %;20%;0%;
15;15-2099;Mathematical Science Occupations, All Other;Millennial; 	560 ;619;59;11 %;41 %;40%; (1%);
17;17-2121;Marine Engineers and Naval Architects;Millennial; 	1.853 ;1.910;57;3 %;24 %;24%; (0%);
25;25-9011;Audio-Visual and Multimedia Collections Specialists;Millennial; 	1.557 ;1.612;55;4 %;17 %;17%;0%;
19;19-1099;Life Scientists, All Other;Millennial; 	2.287 ;2.338;51;2 %;25 %;25%;0%;
29;29-1029;Dentists, All Other Specialists;Millennial; 	1.294 ;1.344;50;4 %;20 %;21%;1%;
47;47-5021;Earth Drillers, Except Oil and Gas;Millennial; 	7.819 ;7.866;47;1 %;38 %;38%; (0%);
45;45-3021;Hunters and Trappers;Millennial; 	284 ;329;45;16 %;14 %;15%;1%;
35;35-2013;Cooks, Private Household;Millennial; 	241 ;286;45;19 %;13 %;14%;1%;
27;27-1019;Artists and Related Workers, All Other;Millennial; 	2.838 ;2.880;42;1 %;20 %;21%;1%;
11;11-9161;Emergency Management Directors;Millennial; 	1.408 ;1.446;38;3 %;15 %;15%; (0%);
13;13-1074;Farm Labor Contractors;Millennial; 	264 ;302;38;14 %;19 %;18%; (1%);
37;37-3012;Pesticide Handlers, Sprayers, and Applicators, Vegetation;Millennial; 	9.570 ;9.607;37;0 %;29 %;30%;1%;
53;53-5021;Captains, Mates, and Pilots of Water Vessels;Millennial; 	8.196 ;8.232;36;0 %;23 %;22%; (1%);
27;27-1027;Set and Exhibit Designers;Millennial; 	3.548 ;3.581;33;1 %;33 %;34%;1%;
39;39-3019;Gaming Service Workers, All Other;Millennial; 	3.387 ;3.419;32;1 %;23 %;24%;1%;
51;51-3099;Food Processing Workers, All Other;Millennial; 	11.350 ;11.378;28;0 %;28 %;29%;1%;
19;19-1012;Food Scientists and Technologists;Millennial; 	3.491 ;3.519;28;1 %;24 %;23%; (1%);
43;43-2099;Communications Equipment Operators, All Other;Millennial; 	720 ;747;27;4 %;23 %;24%;1%;
19;19-1022;Microbiologists;Millennial; 	6.661 ;6.687;26;0 %;36 %;34%; (2%);
45;45-2021;Animal Breeders;Millennial; 	1.620 ;1.645;25;2 %;39 %;41%;2%;
19;19-2011;Astronomers;Millennial; 	516 ;541;25;5 %;21 %;22%;1%;
17;17-2021;Agricultural Engineers;Millennial; 	749 ;773;24;3 %;28 %;27%; (1%);
47;47-4071;Septic Tank Servicers and Sewer Pipe Cleaners;Millennial; 	7.525 ;7.547;22;0 %;29 %;30%;1%;
49;49-9097;Signal and Track Switch Repairers;Millennial; 	1.844 ;1.865;21;1 %;20 %;20%; (0%);
15;15-2091;Mathematical Technicians;Millennial; 	525 ;546;21;4 %;37 %;38%;1%;
11;11-9061;Funeral Service Managers;Millennial; 	998 ;1.018;20;2 %;10 %;10%; (0%);
53;53-7041;Hoist and Winch Operators;Millennial; 	962 ;982;20;2 %;33 %;34%;1%;
29;29-2054;Respiratory Therapy Technicians;Millennial; 	5.412 ;5.430;18;0 %;39 %;40%;1%;
51;51-9082;Medical Appliance Technicians;Millennial; 	3.183 ;3.199;16;1 %;24 %;25%;1%;
41;41-9012;Models;Millennial; 	2.602 ;2.618;16;1 %;27 %;28%;1%;
29;29-1022;Oral and Maxillofacial Surgeons;Millennial; 	1.349 ;1.360;11;1 %;19 %;19%;0%;
39;39-4031;Morticians, Undertakers, and Funeral Directors;Millennial; 	3.717 ;3.727;10;0 %;15 %;14%; (1%);
39;39-7012;Travel Guides;Millennial; 	1.062 ;1.072;10;1 %;16 %;17%;1%;
53;53-4041;Subway and Streetcar Operators;Millennial; 	1.602 ;1.608;6;0 %;17 %;16%; (1%);
53;53-4099;Rail Transportation Workers, All Other;Millennial; 	521 ;526;5;1 %;16 %;16%; (0%);
13;13-1021;Buyers and Purchasing Agents, Farm Products;Millennial; 	2.468 ;2.472;4;0 %;19 %;20%;1%;
51;51-9193;Cooling and Freezing Equipment Operators and Tenders;Millennial; 	2.451 ;2.453;2;0 %;29 %;29%; (0%);
29;29-1024;Prosthodontists;Millennial; 	110 ;109; (1);-1 %;17 %;17%; (0%);
33;33-3052;Transit and Railroad Police;Millennial; 	674 ;671; (3);-0 %;15 %;15%; (0%);
53;53-4013;Rail Yard Engineers, Dinkey Operators, and Hostlers;Millennial; 	824 ;816; (8);-1 %;15 %;14%; (1%);
11;11-3121;Human Resources Managers;Millennial; 	20.796 ;20.785; (11);-0 %;19 %;19%; (0%);
33;33-2022;Forest Fire Inspectors and Prevention Specialists;Millennial; 	270 ;257; (13);-5 %;12 %;12%;0%;
27;27-3099;Media and Communication Workers, All Other;Millennial; 	8.619 ;8.599; (20);-0 %;28 %;28%; (0%);
49;49-9092;Commercial Divers;Millennial; 	1.393 ;1.370; (23);-2 %;25 %;25%; (0%);
39;39-5093;Shampooers;Millennial; 	8.295 ;8.271; (24);-0 %;36 %;37%;1%;
53;53-5031;Ship Engineers;Millennial; 	3.513 ;3.489; (24);-1 %;30 %;30%;0%;
53;53-6041;Traffic Technicians;Millennial; 	1.256 ;1.232; (24);-2 %;18 %;18%; (0%);
49;49-2091;Avionics Technicians;Millennial; 	4.132 ;4.105; (27);-1 %;24 %;24%;0%;
49;49-9069;Precision Instrument and Equipment Repairers, All Other;Millennial; 	2.079 ;2.052; (27);-1 %;17 %;16%; (1%);
39;39-4011;Embalmers;Millennial; 	403 ;372; (31);-8 %;8 %;7%; (1%);
11;11-9071;Gaming Managers;Millennial; 	984 ;950; (34);-3 %;19 %;19%;0%;
11;11-3131;Training and Development Managers;Millennial; 	5.223 ;5.188; (35);-1 %;19 %;19%;0%;
33;33-2021;Fire Inspectors and Investigators;Millennial; 	2.157 ;2.122; (35);-2 %;18 %;18%;0%;
15;15-1122;Information Security Analysts;Millennial; 	19.551 ;19.514; (37);-0 %;27 %;25%; (2%);
23;23-1022;Arbitrators, Mediators, and Conciliators;Millennial; 	1.440 ;1.400; (40);-3 %;18 %;17%; (1%);
19;19-3051;Urban and Regional Planners;Millennial; 	9.120 ;9.074; (46);-1 %;24 %;23%; (1%);
53;53-7031;Dredge Operators;Millennial; 	353 ;305; (48);-14 %;13 %;13%;0%;
53;53-3021;Bus Drivers, Transit and Intercity ;Millennial; 	27.440 ;27.382; (58);-0 %;16 %;16%; (0%);
53;53-5022;Motorboat Operators;Millennial; 	849 ;791; (58);-7 %;21 %;19%; (2%);
51;51-6041;Shoe and Leather Workers and Repairers;Millennial; 	1.381 ;1.320; (61);-4 %;12 %;15%;3%;
51;51-8091;Chemical Plant and System Operators;Millennial; 	6.516 ;6.452; (64);-1 %;16 %;17%;1%;
51;51-8031;Water and Wastewater Treatment Plant and System Operators;Millennial; 	22.671 ;22.604; (67);-0 %;21 %;21%;0%;
27;27-4013;Radio Operators;Millennial; 	384 ;317; (67);-17 %;23 %;21%; (2%);
33;33-3031;Fish and Game Wardens;Millennial; 	1.174 ;1.105; (69);-6 %;17 %;16%; (1%);
49;49-9064;Watch Repairers;Millennial; 	482 ;413; (69);-14 %;7 %;8%;1%;
33;33-1021;First-Line Supervisors of Fire Fighting and Prevention Workers;Millennial; 	13.064 ;12.985; (79);-1 %;21 %;21%; (0%);
49;49-3053;Outdoor Power Equipment and Other Small Engine Mechanics;Millennial; 	7.780 ;7.695; (85);-1 %;25 %;26%;1%;
19;19-2032;Materials Scientists;Millennial; 	2.034 ;1.949; (85);-4 %;25 %;25%; (0%);
51;51-4061;Model Makers, Metal and Plastic;Millennial; 	387 ;301; (86);-22 %;6 %;5%; (1%);
17;17-3024;Electro-Mechanical Technicians;Millennial; 	3.621 ;3.534; (87);-2 %;20 %;20%; (0%);
47;47-2072;Pile-Driver Operators;Millennial; 	971 ;877; (94);-10 %;19 %;19%; (0%);
45;45-1011;First-Line Supervisors of Farming, Fishing, and Forestry Workers;Millennial; 	8.693 ;8.597; (96);-1 %;17 %;17%; (0%);
33;33-3011;Bailiffs;Millennial; 	3.243 ;3.141; (102);-3 %;19 %;19%;0%;
53;53-2022;Airfield Operations Specialists;Millennial; 	1.861 ;1.757; (104);-6 %;25 %;24%; (1%);
49;49-9095;Manufactured Building and Mobile Home Installers;Millennial; 	1.351 ;1.247; (104);-8 %;23 %;36%;13%;
23;23-1012;Judicial Law Clerks;Millennial; 	2.346 ;2.235; (111);-5 %;17 %;19%;2%;
15;15-2031;Operations Research Analysts;Millennial; 	17.048 ;16.934; (114);-1 %;24 %;23%; (1%);
51;51-7031;Model Makers, Wood;Millennial; 	299 ;185; (114);-38 %;12 %;9%; (3%);
25;25-2023;Career/Technical Education Teachers, Middle School;Millennial; 	3.617 ;3.501; (116);-3 %;19 %;20%;1%;
51;51-8099;Plant and System Operators, All Other;Millennial; 	2.116 ;1.999; (117);-6 %;17 %;17%; (0%);
27;27-2042;Musicians and Singers;Millennial; 	40.956 ;40.837; (119);-0 %;22 %;22%; (0%);
43;43-3061;Procurement Clerks;Millennial; 	16.307 ;16.187; (120);-1 %;22 %;22%;0%;
53;53-5011;Sailors and Marine Oilers;Millennial; 	10.678 ;10.552; (126);-1 %;31 %;31%; (0%);
13;13-2051;Financial Analysts;Millennial; 	106.994 ;106.866; (128);-0 %;42 %;41%; (1%);
23;23-1021;Administrative Law Judges, Adjudicators, and Hearing Officers;Millennial; 	3.057 ;2.920; (137);-4 %;20 %;20%;0%;
43;43-4161;Human Resources Assistants, Except Payroll and Timekeeping;Millennial; 	43.930 ;43.786; (144);-0 %;29 %;29%; (0%);
51;51-9194;Etchers and Engravers;Millennial; 	2.008 ;1.855; (153);-8 %;18 %;20%;2%;
51;51-9192;Cleaning, Washing, and Metal Pickling Equipment Operators and Tenders;Millennial; 	4.556 ;4.395; (161);-4 %;26 %;26%; (0%);
11;11-9031;Education Administrators, Preschool and Childcare Center/Program;Millennial; 	15.968 ;15.806; (162);-1 %;23 %;24%;1%;
29;29-1011;Chiropractors;Millennial; 	12.465 ;12.300; (165);-1 %;26 %;27%;1%;
43;43-9111;Statistical Assistants;Millennial; 	4.272 ;4.106; (166);-4 %;28 %;27%; (1%);
23;23-2091;Court Reporters;Millennial; 	5.750 ;5.582; (168);-3 %;19 %;19%; (0%);
41;41-9099;Sales and Related Workers, All Other;Millennial; 	34.741 ;34.571; (170);-0 %;23 %;22%; (1%);
17;17-1021;Cartographers and Photogrammetrists;Millennial; 	3.603 ;3.430; (173);-5 %;29 %;28%; (1%);
19;19-1032;Foresters;Millennial; 	2.298 ;2.108; (190);-8 %;21 %;20%; (1%);
49;49-3022;Automotive Glass Installers and Repairers;Millennial; 	6.332 ;6.139; (193);-3 %;33 %;34%;1%;
45;45-4011;Forest and Conservation Workers;Millennial; 	4.711 ;4.512; (199);-4 %;31 %;30%; (1%);
49;49-2093;Electrical and Electronics Installers and Repairers, Transportation Equipment;Millennial; 	3.612 ;3.412; (200);-6 %;22 %;21%; (1%);
17;17-3021;Aerospace Engineering and Operations Technicians;Millennial; 	1.904 ;1.703; (201);-11 %;18 %;17%; (1%);
51;51-4012;Computer Numerically Controlled Machine Tool Programmers, Metal and Plastic;Millennial; 	6.381 ;6.177; (204);-3 %;25 %;25%; (0%);
51;51-8021;Stationary Engineers and Boiler Operators;Millennial; 	5.650 ;5.444; (206);-4 %;15 %;15%;0%;
47;47-4091;Segmental Pavers;Millennial; 	1.010 ;802; (208);-21 %;40 %;40%;0%;
39;39-1012;Slot Supervisors;Millennial; 	2.082 ;1.867; (215);-10 %;20 %;19%; (1%);
51;51-6051;Sewers, Hand;Millennial; 	894 ;676; (218);-24 %;10 %;9%; (1%);
27;27-4031;Camera Operators, Television, Video, and Motion Picture;Millennial; 	7.642 ;7.414; (228);-3 %;34 %;34%; (0%);
27;27-1013;Fine Artists, Including Painters, Sculptors, and Illustrators;Millennial; 	6.010 ;5.780; (230);-4 %;20 %;21%;1%;
53;53-1011;Aircraft Cargo Handling Supervisors;Millennial; 	2.065 ;1.833; (232);-11 %;28 %;26%; (2%);
23;23-2099;Legal Support Workers, All Other;Millennial; 	15.252 ;15.016; (236);-2 %;27 %;27%; (0%);
51;51-9197;Tire Builders;Millennial; 	4.602 ;4.364; (238);-5 %;23 %;24%;1%;
27;27-3021;Broadcast News Analysts;Millennial; 	2.402 ;2.161; (241);-10 %;33 %;29%; (4%);
37;37-1012;First-Line Supervisors of Landscaping, Lawn Service, and Groundskeeping Workers;Millennial; 	42.110 ;41.867; (243);-1 %;26 %;26%; (0%);
47;47-2142;Paperhangers;Millennial; 	792 ;544; (248);-31 %;7 %;8%;1%;
11;11-3011;Administrative Services Managers;Millennial; 	41.208 ;40.958; (250);-1 %;15 %;15%; (0%);
51;51-6042;Shoe Machine Operators and Tenders;Millennial; 	1.319 ;1.069; (250);-19 %;31 %;32%;1%;
23;23-1023;Judges, Magistrate Judges, and Magistrates;Millennial; 	5.845 ;5.593; (252);-4 %;20 %;20%; (0%);
53;53-3099;Motor Vehicle Operators, All Other;Millennial; 	10.685 ;10.424; (261);-2 %;16 %;15%; (1%);
17;17-2131;Materials Engineers;Millennial; 	5.629 ;5.367; (262);-5 %;24 %;24%; (0%);
11;11-3111;Compensation and Benefits Managers;Millennial; 	3.588 ;3.325; (263);-7 %;17 %;17%; (0%);
53;53-6061;Transportation Attendants, Except Flight Attendants ;Millennial; 	4.842 ;4.574; (268);-6 %;20 %;19%; (1%);
49;49-9091;Coin, Vending, and Amusement Machine Servicers and Repairers;Millennial; 	10.101 ;9.831; (270);-3 %;23 %;24%;1%;
27;27-4014;Sound Engineering Technicians;Millennial; 	7.807 ;7.515; (292);-4 %;39 %;38%; (1%);
39;39-4021;Funeral Attendants;Millennial; 	3.594 ;3.301; (293);-8 %;11 %;10%; (1%);
11;11-3021;Computer and Information Systems Managers;Millennial; 	66.751 ;66.457; (294);-0 %;21 %;20%; (1%);
33;33-3051;Police and Sheriff's Patrol Officers;Millennial; 	145.854 ;145.554; (300);-0 %;22 %;22%;0%;
51;51-4194;Tool Grinders, Filers, and Sharpeners;Millennial; 	1.881 ;1.560; (321);-17 %;14 %;13%; (1%);
27;27-3042;Technical Writers;Millennial; 	9.058 ;8.723; (335);-4 %;18 %;17%; (1%);
27;27-1026;Merchandise Displayers and Window Trimmers;Millennial; 	32.527 ;32.191; (336);-1 %;39 %;39%; (0%);
49;49-9096;Riggers;Millennial; 	5.519 ;5.178; (341);-6 %;34 %;33%; (1%);
43;43-4021;Correspondence Clerks;Millennial; 	3.188 ;2.847; (341);-11 %;28 %;27%; (1%);
27;27-1029;Designers, All Other;Millennial; 	3.876 ;3.528; (348);-9 %;34 %;34%;0%;
53;53-7199;Material Moving Workers, All Other;Millennial; 	7.012 ;6.659; (353);-5 %;23 %;23%;0%;
33;33-1011;First-Line Supervisors of Correctional Officers;Millennial; 	10.250 ;9.888; (362);-4 %;22 %;21%; (1%);
45;45-4023;Log Graders and Scalers;Millennial; 	1.233 ;843; (390);-32 %;28 %;26%; (2%);
47;47-5051;Rock Splitters, Quarry;Millennial; 	1.939 ;1.548; (391);-20 %;36 %;35%; (1%);
49;49-2092;Electric Motor, Power Tool, and Related Repairers;Millennial; 	4.781 ;4.384; (397);-8 %;22 %;22%;0%;
51;51-6092;Fabric and Apparel Patternmakers;Millennial; 	1.586 ;1.183; (403);-25 %;18 %;18%; (0%);
27;27-1012;Craft Artists;Millennial; 	3.813 ;3.408; (405);-11 %;15 %;15%;0%;
17;17-2111;Health and Safety Engineers, Except Mining Safety Engineers and Inspectors;Millennial; 	4.784 ;4.368; (416);-9 %;19 %;18%; (1%);
39;39-1011;Gaming Supervisors;Millennial; 	6.058 ;5.636; (422);-7 %;20 %;20%; (0%);
45;45-4029;Logging Workers, All Other;Millennial; 	1.630 ;1.204; (426);-26 %;25 %;24%; (1%);
17;17-2041;Chemical Engineers;Millennial; 	7.691 ;7.263; (428);-6 %;23 %;22%; (1%);
51;51-6052;Tailors, Dressmakers, and Custom Sewers;Millennial; 	4.628 ;4.199; (429);-9 %;8 %;8%; (0%);
53;53-7121;Tank Car, Truck, and Ship Loaders;Millennial; 	3.578 ;3.144; (434);-12 %;25 %;24%; (1%);
17;17-2011;Aerospace Engineers;Millennial; 	15.693 ;15.254; (439);-3 %;19 %;19%; (0%);
11;11-3061;Purchasing Managers;Millennial; 	10.911 ;10.446; (465);-4 %;15 %;15%;0%;
51;51-4192;Layout Workers, Metal and Plastic;Millennial; 	3.572 ;3.103; (469);-13 %;25 %;24%; (1%);
43;43-4061;Eligibility Interviewers, Government Programs;Millennial; 	30.141 ;29.657; (484);-2 %;22 %;23%;1%;
43;43-5011;Cargo and Freight Agents;Millennial; 	25.875 ;25.391; (484);-2 %;33 %;31%; (2%);
43;43-5111;Weighers, Measurers, Checkers, and Samplers, Recordkeeping;Millennial; 	19.501 ;19.004; (497);-3 %;26 %;27%;1%;
13;13-1032;Insurance Appraisers, Auto Damage;Millennial; 	3.620 ;3.097; (523);-14 %;27 %;25%; (2%);
47;47-2231;Solar Photovoltaic Installers;Millennial; 	2.776 ;2.246; (530);-19 %;39 %;38%; (1%);
51;51-4199;Metal Workers and Plastic Workers, All Other;Millennial; 	5.663 ;5.124; (539);-10 %;24 %;23%; (1%);
43;43-4031;Court, Municipal, and License Clerks;Millennial; 	27.273 ;26.731; (542);-2 %;21 %;21%; (0%);
51;51-4051;Metal-Refining Furnace Operators and Tenders;Millennial; 	5.511 ;4.951; (560);-10 %;25 %;25%;0%;
51;51-9081;Dental Laboratory Technicians;Millennial; 	9.261 ;8.695; (566);-6 %;22 %;21%; (1%);
27;27-1014;Multimedia Artists and Animators;Millennial; 	15.271 ;14.691; (580);-4 %;24 %;24%;0%;
47;47-4021;Elevator Installers and Repairers;Millennial; 	6.748 ;6.160; (588);-9 %;31 %;29%; (2%);
43;43-9081;Proofreaders and Copy Markers;Millennial; 	3.497 ;2.908; (589);-17 %;23 %;21%; (2%);
33;33-2011;Firefighters;Millennial; 	66.475 ;65.885; (590);-1 %;22 %;22%;0%;
51;51-7099;Woodworkers, All Other;Millennial; 	2.576 ;1.968; (608);-24 %;15 %;14%; (1%);
33;33-1012;First-Line Supervisors of Police and Detectives;Millennial; 	22.287 ;21.668; (619);-3 %;21 %;21%; (0%);
51;51-2031;Engine and Other Machine Assemblers;Millennial; 	9.356 ;8.736; (620);-7 %;21 %;21%; (0%);
11;11-2011;Advertising and Promotions Managers;Millennial; 	13.682 ;13.060; (622);-5 %;41 %;41%;0%;
11;11-9032;Education Administrators, Elementary and Secondary School;Millennial; 	46.603 ;45.967; (636);-1 %;20 %;21%;1%;
27;27-2012;Producers and Directors;Millennial; 	37.724 ;37.088; (636);-2 %;34 %;34%; (0%);
43;43-2021;Telephone Operators;Millennial; 	4.095 ;3.456; (639);-16 %;32 %;31%; (1%);
51;51-4191;Heat Treating Equipment Setters, Operators, and Tenders, Metal and Plastic;Millennial; 	3.985 ;3.336; (649);-16 %;16 %;16%;0%;
49;49-2021;Radio, Cellular, and Tower Equipment Installers and Repairs;Millennial; 	5.841 ;5.185; (656);-11 %;33 %;29%; (4%);
51;51-4052;Pourers and Casters, Metal;Millennial; 	3.372 ;2.683; (689);-20 %;27 %;26%; (1%);
11;11-1031;Legislators;Millennial; 	12.342 ;11.644; (698);-6 %;20 %;21%;1%;
49;49-3042;Mobile Heavy Equipment Mechanics, Except Engines;Millennial; 	27.784 ;27.084; (700);-3 %;22 %;22%; (0%);
51;51-4034;Lathe and Turning Machine Tool Setters, Operators, and Tenders, Metal and Plastic;Millennial; 	5.944 ;5.236; (708);-12 %;14 %;14%; (0%);
11;11-9131;Postmasters and Mail Superintendents;Millennial; 	2.353 ;1.641; (712);-30 %;8 %;7%; (1%);
51;51-4011;Computer-Controlled Machine Tool Operators, Metal and Plastic;Millennial; 	36.018 ;35.293; (725);-2 %;25 %;25%;0%;
51;51-6099;Textile, Apparel, and Furnishings Workers, All Other;Millennial; 	3.976 ;3.247; (729);-18 %;22 %;23%;1%;
25;25-2054;Special Education Teachers, Secondary School;Millennial; 	29.133 ;28.392; (741);-3 %;22 %;22%;0%;
51;51-4035;Milling and Planing Machine Setters, Operators, and Tenders, Metal and Plastic;Millennial; 	5.953 ;5.209; (744);-12 %;23 %;22%; (1%);
49;49-3051;Motorboat Mechanics and Service Technicians;Millennial; 	6.756 ;6.007; (749);-11 %;26 %;26%;0%;
51;51-2021;Coil Winders, Tapers, and Finishers;Millennial; 	3.336 ;2.586; (750);-22 %;20 %;18%; (2%);
19;19-4031;Chemical Technicians;Millennial; 	15.279 ;14.522; (757);-5 %;24 %;23%; (1%);
27;27-1022;Fashion Designers;Millennial; 	9.022 ;8.260; (762);-8 %;38 %;40%;2%;
47;47-4051;Highway Maintenance Workers;Millennial; 	30.894 ;30.115; (779);-3 %;21 %;21%;0%;
41;41-2012;Gaming Change Persons and Booth Cashiers;Millennial; 	7.263 ;6.481; (782);-11 %;28 %;29%;1%;
45;45-4021;Fallers;Millennial; 	2.849 ;2.063; (786);-28 %;25 %;23%; (2%);
51;51-4071;Foundry Mold and Coremakers;Millennial; 	3.557 ;2.768; (789);-22 %;23 %;23%; (0%);
53;53-6099;Transportation Workers, All Other;Millennial; 	10.220 ;9.420; (800);-8 %;26 %;26%; (0%);
49;49-3011;Aircraft Mechanics and Service Technicians;Millennial; 	24.763 ;23.913; (850);-3 %;20 %;20%;0%;
29;29-1021;Dentists, General;Millennial; 	26.841 ;25.984; (857);-3 %;20 %;20%;0%;
49;49-3092;Recreational Vehicle Service Technicians;Millennial; 	4.679 ;3.779; (900);-19 %;32 %;32%;0%;
47;47-2011;Boilermakers;Millennial; 	5.681 ;4.775; (906);-16 %;27 %;26%; (1%);
33;33-9091;Crossing Guards;Millennial; 	15.278 ;14.364; (914);-6 %;20 %;21%;1%;
51;51-4193;Plating and Coating Machine Setters, Operators, and Tenders, Metal and Plastic;Millennial; 	8.716 ;7.798; (918);-11 %;22 %;23%;1%;
49;49-9098;Helpers--Installation, Maintenance, and Repair Workers;Millennial; 	42.451 ;41.518; (933);-2 %;31 %;31%;0%;
47;47-2053;Terrazzo Workers and Finishers;Millennial; 	2.662 ;1.715; (947);-36 %;37 %;33%; (4%);
53;53-2012;Commercial Pilots;Millennial; 	7.552 ;6.584; (968);-13 %;19 %;18%; (1%);
15;15-1152;Computer Network Support Specialists;Millennial; 	61.833 ;60.849; (984);-2 %;34 %;33%; (1%);
43;43-3041;Gaming Cage Workers;Millennial; 	5.856 ;4.850; (1.006);-17 %;27 %;26%; (1%);
17;17-2199;Engineers, All Other;Millennial; 	32.380 ;31.359; (1.021);-3 %;23 %;22%; (1%);
51;51-9151;Photographic Process Workers and Processing Machine Operators;Millennial; 	17.777 ;16.739; (1.038);-6 %;35 %;37%;2%;
51;51-9031;Cutters and Trimmers, Hand;Millennial; 	4.340 ;3.298; (1.042);-24 %;25 %;22%; (3%);
13;13-1022;Wholesale and Retail Buyers, Except Farm Products;Millennial; 	33.202 ;32.156; (1.046);-3 %;26 %;26%;0%;
51;51-6091;Extruding and Forming Machine Setters, Operators, and Tenders, Synthetic and Glass Fibers;Millennial; 	3.872 ;2.819; (1.053);-27 %;17 %;15%; (2%);
11;11-3071;Transportation, Storage, and Distribution Managers;Millennial; 	21.445 ;20.360; (1.085);-5 %;20 %;19%; (1%);
51;51-9123;Painting, Coating, and Decorating Workers;Millennial; 	5.699 ;4.605; (1.094);-19 %;26 %;26%; (0%);
13;13-1075;Labor Relations Specialists;Millennial; 	13.173 ;12.078; (1.095);-8 %;16 %;15%; (1%);
51;51-9011;Chemical Equipment Operators and Tenders;Millennial; 	11.280 ;10.182; (1.098);-10 %;18 %;17%; (1%);
51;51-4022;Forging Machine Setters, Operators, and Tenders, Metal and Plastic;Millennial; 	6.723 ;5.618; (1.105);-16 %;26 %;25%; (1%);
43;43-4141;New Accounts Clerks;Millennial; 	22.973 ;21.859; (1.114);-5 %;39 %;40%;1%;
51;51-4032;Drilling and Boring Machine Tool Setters, Operators, and Tenders, Metal and Plastic;Millennial; 	6.506 ;5.378; (1.128);-17 %;27 %;26%; (1%);
13;13-2021;Appraisers and Assessors of Real Estate;Millennial; 	19.614 ;18.459; (1.155);-6 %;20 %;21%;1%;
47;47-3016;Helpers--Roofers;Millennial; 	5.664 ;4.496; (1.168);-21 %;35 %;36%;1%;
51;51-9051;Furnace, Kiln, Oven, Drier, and Kettle Operators and Tenders;Millennial; 	4.592 ;3.379; (1.213);-26 %;19 %;17%; (2%);
53;53-7011;Conveyor Operators and Tenders;Millennial; 	14.600 ;13.382; (1.218);-8 %;33 %;33%; (0%);
47;47-2043;Floor Sanders and Finishers;Millennial; 	4.138 ;2.914; (1.224);-30 %;38 %;36%; (2%);
27;27-1011;Art Directors;Millennial; 	16.859 ;15.634; (1.225);-7 %;24 %;25%;1%;
27;27-3043;Writers and Authors;Millennial; 	25.783 ;24.530; (1.253);-5 %;20 %;20%;0%;
25;25-2032;Career/Technical Education Teachers, Secondary School;Millennial; 	18.614 ;17.341; (1.273);-7 %;21 %;21%; (0%);
13;13-2041;Credit Analysts;Millennial; 	28.936 ;27.645; (1.291);-4 %;45 %;44%; (1%);
51;51-4023;Rolling Machine Setters, Operators, and Tenders, Metal and Plastic;Millennial; 	8.055 ;6.760; (1.295);-16 %;20 %;19%; (1%);
11;11-2021;Marketing Managers;Millennial; 	47.921 ;46.625; (1.296);-3 %;26 %;24%; (2%);
51;51-9021;Crushing, Grinding, and Polishing Machine Setters, Operators, and Tenders;Millennial; 	8.646 ;7.349; (1.297);-15 %;26 %;25%; (1%);
47;47-3015;Helpers--Pipelayers, Plumbers, Pipefitters, and Steamfitters;Millennial; 	22.101 ;20.799; (1.302);-6 %;39 %;40%;1%;
49;49-2096;Electronic Equipment Installers and Repairers, Motor Vehicles;Millennial; 	5.802 ;4.500; (1.302);-22 %;42 %;37%; (5%);
49;49-3052;Motorcycle Mechanics;Millennial; 	6.507 ;5.179; (1.328);-20 %;32 %;31%; (1%);
17;17-3027;Mechanical Engineering Technicians;Millennial; 	10.749 ;9.416; (1.333);-12 %;21 %;20%; (1%);
53;53-7021;Crane and Tower Operators;Millennial; 	11.184 ;9.848; (1.336);-12 %;22 %;21%; (1%);
13;13-1141;Compensation, Benefits, and Job Analysis Specialists;Millennial; 	25.822 ;24.456; (1.366);-5 %;27 %;27%; (0%);
47;47-3019;Helpers, Construction Trades, All Other;Millennial; 	10.965 ;9.570; (1.395);-13 %;38 %;40%;2%;
13;13-2082;Tax Preparers;Millennial; 	16.560 ;15.154; (1.406);-8 %;19 %;16%; (3%);
53;53-1021;First-Line Supervisors of Helpers, Laborers, and Material Movers, Hand;Millennial; 	41.239 ;39.804; (1.435);-3 %;24 %;23%; (1%);
17;17-3019;Drafters, All Other;Millennial; 	5.829 ;4.383; (1.446);-25 %;30 %;28%; (2%);
13;13-2052;Personal Financial Advisors;Millennial; 	61.926 ;60.474; (1.452);-2 %;27 %;26%; (1%);
51;51-6062;Textile Cutting Machine Setters, Operators, and Tenders;Millennial; 	4.798 ;3.343; (1.455);-30 %;23 %;22%; (1%);
17;17-3022;Civil Engineering Technicians;Millennial; 	18.634 ;17.172; (1.462);-8 %;25 %;24%; (1%);
49;49-9099;Installation, Maintenance, and Repair Workers, All Other;Millennial; 	44.986 ;43.523; (1.463);-3 %;26 %;26%;0%;
51;51-9071;Jewelers and Precious Stone and Metal Workers;Millennial; 	7.217 ;5.722; (1.495);-21 %;17 %;17%; (0%);
51;51-9141;Semiconductor Processors;Millennial; 	5.987 ;4.484; (1.503);-25 %;23 %;21%; (2%);
53;53-2011;Airline Pilots, Copilots, and Flight Engineers;Millennial; 	11.591 ;10.069; (1.522);-13 %;16 %;15%; (1%);
13;13-2099;Financial Specialists, All Other;Millennial; 	44.132 ;42.594; (1.538);-3 %;28 %;28%; (0%);
23;23-2011;Paralegals and Legal Assistants;Millennial; 	91.083 ;89.537; (1.546);-2 %;33 %;31%; (2%);
43;43-5021;Couriers and Messengers;Millennial; 	23.527 ;21.978; (1.549);-7 %;20 %;20%; (0%);
51;51-2023;Electromechanical Equipment Assemblers;Millennial; 	10.789 ;9.240; (1.549);-14 %;19 %;18%; (1%);
17;17-1012;Landscape Architects;Millennial; 	6.989 ;5.407; (1.582);-23 %;28 %;26%; (2%);
47;47-4011;Construction and Building Inspectors;Millennial; 	19.731 ;18.142; (1.589);-8 %;19 %;18%; (1%);
41;41-9031;Sales Engineers;Millennial; 	15.105 ;13.515; (1.590);-11 %;20 %;18%; (2%);
43;43-3099;Financial Clerks, All Other;Millennial; 	14.384 ;12.790; (1.594);-11 %;32 %;31%; (1%);
51;51-7021;Furniture Finishers;Millennial; 	4.737 ;3.141; (1.596);-34 %;19 %;19%; (0%);
17;17-3012;Electrical and Electronics Drafters;Millennial; 	10.069 ;8.459; (1.610);-16 %;30 %;29%; (1%);
49;49-9043;Maintenance Workers, Machinery;Millennial; 	18.289 ;16.663; (1.626);-9 %;18 %;18%; (0%);
51;51-4111;Tool and Die Makers;Millennial; 	9.214 ;7.575; (1.639);-18 %;10 %;10%; (0%);
27;27-1021;Commercial and Industrial Designers;Millennial; 	14.158 ;12.513; (1.645);-12 %;31 %;31%; (0%);
49;49-9011;Mechanical Door Repairers;Millennial; 	6.370 ;4.725; (1.645);-26 %;31 %;29%; (2%);
27;27-4012;Broadcast Technicians;Millennial; 	11.893 ;10.247; (1.646);-14 %;34 %;32%; (2%);
47;47-2151;Pipelayers;Millennial; 	18.561 ;16.889; (1.672);-9 %;28 %;28%; (0%);
43;43-9031;Desktop Publishers;Millennial; 	6.581 ;4.892; (1.689);-26 %;29 %;28%; (1%);
49;49-2094;Electrical and Electronics Repairers, Commercial and Industrial Equipment;Millennial; 	16.693 ;14.999; (1.694);-10 %;23 %;23%; (0%);
51;51-9191;Adhesive Bonding Machine Operators and Tenders;Millennial; 	5.780 ;4.058; (1.722);-30 %;26 %;24%; (2%);
41;41-2022;Parts Salespersons;Millennial; 	65.595 ;63.871; (1.724);-3 %;28 %;28%; (0%);
19;19-2031;Chemists;Millennial; 	24.464 ;22.725; (1.739);-7 %;28 %;26%; (2%);
51;51-2091;Fiberglass Laminators and Fabricators;Millennial; 	6.637 ;4.898; (1.739);-26 %;28 %;27%; (1%);
13;13-1199;Business Operations Specialists, All Other;Millennial; 	259.546 ;257.804; (1.742);-1 %;27 %;27%; (0%);
11;11-9041;Architectural and Engineering Managers;Millennial; 	21.687 ;19.926; (1.761);-8 %;11 %;11%;0%;
17;17-2061;Computer Hardware Engineers;Millennial; 	24.947 ;23.155; (1.792);-7 %;30 %;28%; (2%);
47;47-2132;Insulation Workers, Mechanical;Millennial; 	14.060 ;12.218; (1.842);-13 %;39 %;38%; (1%);
17;17-3026;Industrial Engineering Technicians;Millennial; 	14.238 ;12.394; (1.844);-13 %;19 %;18%; (1%);
53;53-7032;Excavating and Loading Machine and Dragline Operators;Millennial; 	13.476 ;11.557; (1.919);-14 %;21 %;21%; (0%);
47;47-3014;Helpers--Painters, Paperhangers, Plasterers, and Stucco Masons;Millennial; 	6.433 ;4.471; (1.962);-30 %;36 %;37%;1%;
27;27-3011;Radio and Television Announcers;Millennial; 	12.953 ;10.948; (2.005);-15 %;31 %;29%; (2%);
43;43-9051;Mail Clerks and Mail Machine Operators, Except Postal Service;Millennial; 	31.842 ;29.812; (2.030);-6 %;27 %;26%; (1%);
49;49-9044;Millwrights;Millennial; 	8.449 ;6.413; (2.036);-24 %;17 %;16%; (1%);
51;51-6061;Textile Bleaching and Dyeing Machine Operators and Tenders;Millennial; 	4.953 ;2.888; (2.065);-42 %;28 %;26%; (2%);
27;27-4021;Photographers;Millennial; 	40.757 ;38.563; (2.194);-5 %;32 %;31%; (1%);
51;51-6021;Pressers, Textile, Garment, and Related Materials;Millennial; 	14.555 ;12.327; (2.228);-15 %;23 %;23%; (0%);
15;15-1143;Computer Network Architects;Millennial; 	48.665 ;46.407; (2.258);-5 %;33 %;32%; (1%);
23;23-2093;Title Examiners, Abstractors, and Searchers;Millennial; 	20.202 ;17.940; (2.262);-11 %;33 %;31%; (2%);
37;37-1011;First-Line Supervisors of Housekeeping and Janitorial Workers;Millennial; 	39.328 ;36.973; (2.355);-6 %;17 %;18%;1%;
41;41-9011;Demonstrators and Product Promoters;Millennial; 	26.079 ;23.715; (2.364);-9 %;26 %;25%; (1%);
51;51-4122;Welding, Soldering, and Brazing Machine Setters, Operators, and Tenders;Millennial; 	17.397 ;15.025; (2.372);-14 %;29 %;29%; (0%);
43;43-9011;Computer Operators;Millennial; 	20.521 ;18.144; (2.377);-12 %;24 %;23%; (1%);
43;43-3051;Payroll and Timekeeping Clerks;Millennial; 	49.120 ;46.726; (2.394);-5 %;26 %;25%; (1%);
51;51-9022;Grinding and Polishing Workers, Hand;Millennial; 	10.528 ;8.133; (2.395);-23 %;28 %;26%; (2%);
17;17-1022;Surveyors;Millennial; 	14.533 ;12.071; (2.462);-17 %;30 %;28%; (2%);
51;51-6063;Textile Knitting and Weaving Machine Setters, Operators, and Tenders;Millennial; 	5.776 ;3.233; (2.543);-44 %;18 %;16%; (2%);
47;47-4031;Fence Erectors;Millennial; 	14.367 ;11.822; (2.545);-18 %;40 %;40%; (0%);
47;47-2171;Reinforcing Iron and Rebar Workers;Millennial; 	8.505 ;5.929; (2.576);-30 %;38 %;36%; (2%);
51;51-6093;Upholsterers;Millennial; 	10.603 ;8.003; (2.600);-25 %;22 %;20%; (2%);
27;27-1023;Floral Designers;Millennial; 	14.813 ;12.194; (2.619);-18 %;21 %;22%;1%;
49;49-2097;Electronic Home Entertainment Equipment Installers and Repairers;Millennial; 	17.673 ;15.033; (2.640);-15 %;45 %;40%; (5%);
51;51-6011;Laundry and Dry-Cleaning Workers;Millennial; 	50.686 ;48.043; (2.643);-5 %;22 %;22%;0%;
17;17-3013;Mechanical Drafters;Millennial; 	21.286 ;18.634; (2.652);-12 %;29 %;28%; (1%);
43;43-4041;Credit Authorizers, Checkers, and Clerks;Millennial; 	21.607 ;18.922; (2.685);-12 %;38 %;37%; (1%);
49;49-9031;Home Appliance Repairers;Millennial; 	12.037 ;9.329; (2.708);-22 %;25 %;22%; (3%);
11;11-3051;Industrial Production Managers;Millennial; 	22.911 ;20.196; (2.715);-12 %;13 %;13%;0%;
51;51-9122;Painters, Transportation Equipment;Millennial; 	19.686 ;16.967; (2.719);-14 %;33 %;33%;0%;
51;51-4033;Grinding, Lapping, Polishing, and Buffing Machine Tool Setters, Operators, and Tenders, Metal and Plastic;Millennial; 	19.748 ;17.022; (2.726);-14 %;25 %;24%; (1%);
51;51-3023;Slaughterers and Meat Packers;Millennial; 	30.501 ;27.733; (2.768);-9 %;37 %;35%; (2%);
25;25-2031;Secondary School Teachers, Except Special and Career/Technical Education;Millennial; 	219.594 ;216.818; (2.776);-1 %;23 %;23%;0%;
47;47-4099;Construction and Related Workers, All Other;Millennial; 	13.773 ;10.888; (2.885);-21 %;30 %;29%; (1%);
47;47-2042;Floor Layers, Except Carpet, Wood, and Hard Tiles;Millennial; 	10.491 ;7.547; (2.944);-28 %;35 %;34%; (1%);
47;47-2022;Stonemasons;Millennial; 	8.862 ;5.859; (3.003);-34 %;33 %;32%; (1%);
53;53-3022;Bus Drivers, School or Special Client ;Millennial; 	84.458 ;81.428; (3.030);-4 %;18 %;17%; (1%);
11;11-1011;Chief Executives;Millennial; 	27.584 ;24.541; (3.043);-11 %;8 %;8%; (0%);
45;45-4022;Logging Equipment Operators;Millennial; 	12.178 ;9.102; (3.076);-25 %;24 %;23%; (1%);
47;47-3012;Helpers--Carpenters;Millennial; 	18.267 ;15.178; (3.089);-17 %;35 %;37%;2%;
11;11-9141;Property, Real Estate, and Community Association Managers;Millennial; 	44.616 ;41.522; (3.094);-7 %;17 %;17%;0%;
41;41-9021;Real Estate Brokers;Millennial; 	19.785 ;16.656; (3.129);-16 %;17 %;17%; (0%);
43;43-5051;Postal Service Clerks;Millennial; 	9.782 ;6.600; (3.182);-33 %;11 %;10%; (1%);
43;43-9071;Office Machine Operators, Except Computer;Millennial; 	24.285 ;21.083; (3.202);-13 %;30 %;31%;1%;
53;53-1031;First-Line Supervisors of Transportation and Material-Moving Machine and Vehicle Operators;Millennial; 	46.429 ;43.191; (3.238);-7 %;22 %;22%;0%;
17;17-3031;Surveying and Mapping Technicians;Millennial; 	17.910 ;14.606; (3.304);-18 %;30 %;28%; (2%);
53;53-2031;Flight Attendants;Millennial; 	15.729 ;12.403; (3.326);-21 %;17 %;15%; (2%);
17;17-3023;Electrical and Electronics Engineering Technicians;Millennial; 	33.080 ;29.731; (3.349);-10 %;21 %;20%; (1%);
51;51-2041;Structural Metal Fabricators and Fitters;Millennial; 	21.161 ;17.801; (3.360);-16 %;23 %;22%; (1%);
17;17-2071;Electrical Engineers;Millennial; 	36.883 ;33.496; (3.387);-9 %;21 %;20%; (1%);
43;43-4071;File Clerks;Millennial; 	48.964 ;45.564; (3.400);-7 %;25 %;26%;1%;
51;51-6064;Textile Winding, Twisting, and Drawing Out Machine Setters, Operators, and Tenders;Millennial; 	8.757 ;5.356; (3.401);-39 %;22 %;20%; (2%);
47;47-2071;Paving, Surfacing, and Tamping Equipment Operators;Millennial; 	19.994 ;16.537; (3.457);-17 %;30 %;29%; (1%);
13;13-2053;Insurance Underwriters;Millennial; 	24.938 ;21.479; (3.459);-14 %;25 %;23%; (2%);
51;51-4081;Multiple Machine Tool Setters, Operators, and Tenders, Metal and Plastic;Millennial; 	22.929 ;19.455; (3.474);-15 %;23 %;22%; (1%);
43;43-9022;Word Processors and Typists;Millennial; 	29.386 ;25.787; (3.599);-12 %;23 %;22%; (1%);
51;51-9023;Mixing and Blending Machine Setters, Operators, and Tenders;Millennial; 	33.559 ;29.903; (3.656);-11 %;25 %;25%; (0%);
43;43-4151;Order Clerks;Millennial; 	69.683 ;65.988; (3.695);-5 %;31 %;30%; (1%);
51;51-3022;Meat, Poultry, and Fish Cutters and Trimmers;Millennial; 	57.601 ;53.897; (3.704);-6 %;35 %;34%; (1%);
49;49-9071;Maintenance and Repair Workers, General;Millennial; 	265.852 ;262.012; (3.840);-1 %;19 %;19%;0%;
51;51-4021;Extruding and Drawing Machine Setters, Operators, and Tenders, Metal and Plastic;Millennial; 	22.846 ;18.976; (3.870);-17 %;26 %;25%; (1%);
51;51-9032;Cutting and Slicing Machine Setters, Operators, and Tenders;Millennial; 	18.268 ;14.391; (3.877);-21 %;27 %;25%; (2%);
51;51-9041;Extruding, Forming, Pressing, and Compacting Machine Setters, Operators, and Tenders;Millennial; 	19.450 ;15.483; (3.967);-20 %;24 %;22%; (2%);
43;43-5032;Dispatchers, Except Police, Fire, and Ambulance;Millennial; 	58.739 ;54.749; (3.990);-7 %;29 %;28%; (1%);
51;51-5111;Prepress Technicians and Workers;Millennial; 	11.501 ;7.478; (4.023);-35 %;20 %;19%; (1%);
47;47-3013;Helpers--Electricians;Millennial; 	29.229 ;25.205; (4.024);-14 %;37 %;38%;1%;
49;49-3031;Bus and Truck Mechanics and Diesel Engine Specialists;Millennial; 	63.095 ;59.045; (4.050);-6 %;24 %;23%; (1%);
51;51-5113;Print Binding and Finishing Workers;Millennial; 	12.517 ;8.411; (4.106);-33 %;18 %;16%; (2%);
51;51-9195;Molders, Shapers, and Casters, Except Metal and Plastic;Millennial; 	14.438 ;10.227; (4.211);-29 %;31 %;29%; (2%);
53;53-7061;Cleaners of Vehicles and Equipment;Millennial; 	109.251 ;105.016; (4.235);-4 %;30 %;31%;1%;
49;49-3021;Automotive Body and Related Repairers;Millennial; 	48.900 ;44.534; (4.366);-9 %;28 %;28%;0%;
17;17-2072;Electronics Engineers, Except Computer;Millennial; 	34.271 ;29.882; (4.389);-13 %;23 %;21%; (2%);
51;51-4041;Machinists;Millennial; 	79.691 ;75.261; (4.430);-6 %;19 %;18%; (1%);
47;47-2082;Tapers;Millennial; 	12.847 ;8.363; (4.484);-35 %;38 %;37%; (1%);
33;33-3012;Correctional Officers and Jailers;Millennial; 	104.933 ;100.387; (4.546);-4 %;23 %;22%; (1%);
51;51-9121;Coating, Painting, and Spraying Machine Setters, Operators, and Tenders;Millennial; 	29.316 ;24.638; (4.678);-16 %;30 %;30%; (0%);
25;25-3098;Substitute Teachers;Millennial; 	139.177 ;134.220; (4.957);-4 %;22 %;22%; (0%);
49;49-1011;First-Line Supervisors of Mechanics, Installers, and Repairers;Millennial; 	71.575 ;66.615; (4.960);-7 %;16 %;15%; (1%);
51;51-7041;Sawing Machine Setters, Operators, and Tenders, Wood;Millennial; 	16.193 ;11.113; (5.080);-31 %;29 %;26%; (3%);
47;47-2131;Insulation Workers, Floor, Ceiling, and Wall;Millennial; 	13.624 ;8.472; (5.152);-38 %;35 %;33%; (2%);
17;17-2141;Mechanical Engineers;Millennial; 	69.276 ;63.971; (5.305);-8 %;25 %;24%; (1%);
41;41-3041;Travel Agents;Millennial; 	19.261 ;13.954; (5.307);-28 %;21 %;18%; (3%);
51;51-9196;Paper Goods Machine Setters, Operators, and Tenders;Millennial; 	23.996 ;18.365; (5.631);-23 %;21 %;20%; (1%);
15;15-1131;Computer Programmers;Millennial; 	108.241 ;102.539; (5.702);-5 %;31 %;30%; (1%);
43;43-4011;Brokerage Clerks;Millennial; 	27.085 ;21.345; (5.740);-21 %;39 %;35%; (4%);
13;13-1031;Claims Adjusters, Examiners, and Investigators;Millennial; 	74.841 ;69.098; (5.743);-8 %;27 %;25%; (2%);
47;47-3011;Helpers--Brickmasons, Blockmasons, Stonemasons, and Tile and Marble Setters;Millennial; 	15.120 ;9.365; (5.755);-38 %;35 %;37%;2%;
43;43-4181;Reservation and Transportation Ticket Agents and Travel Clerks;Millennial; 	39.470 ;33.664; (5.806);-15 %;27 %;25%; (2%);
27;27-1025;Interior Designers;Millennial; 	27.737 ;21.921; (5.816);-21 %;29 %;27%; (2%);
41;41-9091;Door-to-Door Sales Workers, News and Street Vendors, and Related Workers;Millennial; 	25.315 ;19.421; (5.894);-23 %;23 %;23%;0%;
47;47-2041;Carpet Installers;Millennial; 	21.370 ;15.476; (5.894);-28 %;36 %;35%; (1%);
13;13-2011;Accountants and Auditors;Millennial; 	367.635 ;361.698; (5.937);-2 %;28 %;27%; (1%);
13;13-1023;Purchasing Agents, Except Wholesale, Retail, and Farm Products;Millennial; 	67.256 ;61.265; (5.991);-9 %;22 %;21%; (1%);
17;17-2112;Industrial Engineers;Millennial; 	49.425 ;43.322; (6.103);-12 %;21 %;20%; (1%);
43;43-5053;Postal Service Mail Sorters, Processors, and Processing Machine Operators;Millennial; 	19.896 ;13.740; (6.156);-31 %;12 %;11%; (1%);
27;27-3022;Reporters and Correspondents;Millennial; 	22.129 ;15.885; (6.244);-28 %;34 %;31%; (3%);
43;43-2011;Switchboard Operators, Including Answering Service;Millennial; 	37.063 ;30.801; (6.262);-17 %;25 %;24%; (1%);
49;49-2011;Computer, Automated Teller, and Office Machine Repairers;Millennial; 	46.719 ;40.357; (6.362);-14 %;32 %;29%; (3%);
43;43-6012;Legal Secretaries;Millennial; 	55.141 ;48.546; (6.595);-12 %;24 %;22%; (2%);
51;51-9199;Production Workers, All Other;Millennial; 	76.798 ;70.105; (6.693);-9 %;29 %;28%; (1%);
51;51-4072;Molding, Coremaking, and Casting Machine Setters, Operators, and Tenders, Metal and Plastic;Millennial; 	33.452 ;26.744; (6.708);-20 %;22 %;22%; (0%);
47;47-2044;Tile and Marble Setters;Millennial; 	26.266 ;19.322; (6.944);-26 %;34 %;33%; (1%);
53;53-7064;Packers and Packagers, Hand;Millennial; 	216.913 ;209.799; (7.114);-3 %;30 %;30%;0%;
43;43-5052;Postal Service Mail Carriers;Millennial; 	41.596 ;34.236; (7.360);-18 %;12 %;12%;0%;
53;53-7063;Machine Feeders and Offbearers;Millennial; 	37.472 ;30.049; (7.423);-20 %;28 %;28%; (0%);
11;11-2022;Sales Managers;Millennial; 	98.172 ;90.609; (7.563);-8 %;25 %;25%; (0%);
43;43-5061;Production, Planning, and Expediting Clerks;Millennial; 	79.554 ;71.986; (7.568);-10 %;26 %;25%; (1%);
17;17-2051;Civil Engineers;Millennial; 	82.328 ;74.688; (7.640);-9 %;28 %;27%; (1%);
47;47-2161;Plasterers and Stucco Masons;Millennial; 	17.630 ;9.836; (7.794);-44 %;37 %;35%; (2%);
51;51-2022;Electrical and Electronic Equipment Assemblers;Millennial; 	45.384 ;37.501; (7.883);-17 %;20 %;19%; (1%);
51;51-9111;Packaging and Filling Machine Operators and Tenders;Millennial; 	114.272 ;106.340; (7.932);-7 %;28 %;29%;1%;
41;41-4011;Sales Representatives, Wholesale and Manufacturing, Technical and Scientific Products;Millennial; 	101.973 ;94.012; (7.961);-8 %;25 %;23%; (2%);
41;41-1012;First-Line Supervisors of Non-Retail Sales Workers;Millennial; 	71.112 ;62.753; (8.359);-12 %;18 %;18%; (0%);
47;47-2121;Glaziers;Millennial; 	25.693 ;17.294; (8.399);-33 %;38 %;37%; (1%);
27;27-3041;Editors;Millennial; 	44.013 ;35.576; (8.437);-19 %;30 %;28%; (2%);
43;43-3071;Tellers;Millennial; 	232.321 ;223.846; (8.475);-4 %;40 %;41%;1%;
11;11-3031;Financial Managers;Millennial; 	121.445 ;112.876; (8.569);-7 %;22 %;22%; (0%);
43;43-9041;Insurance Claims and Policy Processing Clerks;Millennial; 	77.472 ;68.661; (8.811);-11 %;32 %;29%; (3%);
43;43-9021;Data Entry Keyers;Millennial; 	81.019 ;71.875; (9.144);-11 %;32 %;32%;0%;
47;47-2181;Roofers;Millennial; 	59.429 ;50.132; (9.297);-16 %;36 %;35%; (1%);
47;47-2221;Structural Iron and Steel Workers;Millennial; 	27.513 ;18.148; (9.365);-34 %;30 %;29%; (1%);
51;51-6031;Sewing Machine Operators;Millennial; 	34.194 ;24.666; (9.528);-28 %;17 %;16%; (1%);
41;41-3011;Advertising Sales Agents;Millennial; 	73.164 ;63.612; (9.552);-13 %;34 %;34%; (0%);
51;51-4031;Cutting, Punching, and Press Machine Setters, Operators, and Tenders, Metal and Plastic;Millennial; 	55.600 ;45.896; (9.704);-17 %;25 %;25%; (0%);
11;11-9013;Farmers, Ranchers, and Other Agricultural Managers;Millennial; 	71.020 ;60.804; (10.216);-14 %;12 %;12%;0%;
13;13-1051;Cost Estimators;Millennial; 	48.375 ;38.142; (10.233);-21 %;20 %;18%; (2%);
41;41-9022;Real Estate Sales Agents;Millennial; 	89.081 ;78.809; (10.272);-12 %;16 %;16%; (0%);
51;51-7042;Woodworking Machine Setters, Operators, and Tenders, Except Sawing;Millennial; 	27.613 ;17.314; (10.299);-37 %;30 %;28%; (2%);
49;49-3023;Automotive Service Technicians and Mechanics;Millennial; 	228.374 ;218.055; (10.319);-5 %;30 %;29%; (1%);
23;23-1011;Lawyers;Millennial; 	190.666 ;180.184; (10.482);-5 %;23 %;23%; (0%);
49;49-9052;Telecommunications Line Installers and Repairers;Millennial; 	60.852 ;50.361; (10.491);-17 %;39 %;36%; (3%);
43;43-1011;First-Line Supervisors of Office and Administrative Support Workers;Millennial; 	345.263 ;334.421; (10.842);-3 %;24 %;23%; (1%);
51;51-4121;Welders, Cutters, Solderers, and Brazers;Millennial; 	119.297 ;108.381; (10.916);-9 %;30 %;29%; (1%);
51;51-2099;Assemblers and Fabricators, All Other;Millennial; 	95.550 ;84.540; (11.010);-12 %;29 %;30%;1%;
17;17-1011;Architects, Except Landscape and Naval;Millennial; 	39.788 ;28.763; (11.025);-28 %;29 %;26%; (3%);
43;43-3011;Bill and Account Collectors;Millennial; 	170.601 ;159.308; (11.293);-7 %;40 %;39%; (1%);
49;49-9021;Heating, Air Conditioning, and Refrigeration Mechanics and Installers;Millennial; 	107.169 ;95.758; (11.411);-11 %;34 %;32%; (2%);
41;41-2021;Counter and Rental Clerks;Millennial; 	166.592 ;154.932; (11.660);-7 %;34 %;35%;1%;
27;27-1024;Graphic Designers;Millennial; 	99.982 ;88.187; (11.795);-12 %;34 %;33%; (1%);
49;49-2022;Telecommunications Equipment Installers and Repairers, Except Line Installers;Millennial; 	68.849 ;56.934; (11.915);-17 %;29 %;26%; (3%);
47;47-2073;Operating Engineers and Other Construction Equipment Operators;Millennial; 	97.333 ;85.200; (12.133);-12 %;24 %;23%; (1%);
17;17-3011;Architectural and Civil Drafters;Millennial; 	40.552 ;28.338; (12.214);-30 %;34 %;31%; (3%);
51;51-9061;Inspectors, Testers, Sorters, Samplers, and Weighers;Millennial; 	116.421 ;103.740; (12.681);-11 %;23 %;22%; (1%);
47;47-2211;Sheet Metal Workers;Millennial; 	57.437 ;44.454; (12.983);-23 %;32 %;31%; (1%);
43;43-6011;Executive Secretaries and Executive Administrative Assistants;Millennial; 	210.699 ;197.658; (13.041);-6 %;24 %;23%; (1%);
51;51-7011;Cabinetmakers and Bench Carpenters;Millennial; 	35.909 ;22.109; (13.800);-38 %;27 %;24%; (3%);
13;13-2072;Loan Officers;Millennial; 	118.976 ;105.019; (13.957);-12 %;36 %;34%; (2%);
51;51-5112;Printing Press Operators;Millennial; 	50.010 ;36.032; (13.978);-28 %;22 %;20%; (2%);
51;51-9198;Helpers--Production Workers;Millennial; 	155.382 ;140.881; (14.501);-9 %;32 %;32%;0%;
53;53-7051;Industrial Truck and Tractor Operators;Millennial; 	180.661 ;165.028; (15.633);-9 %;32 %;32%; (0%);
43;43-4051;Customer Service Representatives;Millennial; 	890.482 ;873.547; (16.935);-2 %;37 %;37%;0%;
51;51-1011;First-Line Supervisors of Production and Operating Workers;Millennial; 	122.961 ;105.618; (17.343);-14 %;18 %;18%; (0%);
43;43-4131;Loan Interviewers and Clerks;Millennial; 	100.177 ;82.394; (17.783);-18 %;43 %;41%; (2%);
47;47-2021;Brickmasons and Blockmasons;Millennial; 	43.332 ;25.533; (17.799);-41 %;32 %;29%; (3%);
41;41-3031;Securities, Commodities, and Financial Services Sales Agents;Millennial; 	137.380 ;118.625; (18.755);-14 %;34 %;32%; (2%);
41;41-3099;Sales Representatives, Services, All Other;Millennial; 	242.426 ;222.971; (19.455);-8 %;29 %;28%; (1%);
43;43-9061;Office Clerks, General;Millennial; 	863.027 ;840.190; (22.837);-3 %;26 %;26%; (0%);
47;47-2081;Drywall and Ceiling Tile Installers;Millennial; 	63.597 ;39.382; (24.215);-38 %;37 %;35%; (2%);
47;47-2051;Cement Masons and Concrete Finishers;Millennial; 	78.123 ;53.812; (24.311);-31 %;37 %;35%; (2%);
43;43-3031;Bookkeeping, Accounting, and Auditing Clerks;Millennial; 	389.112 ;363.759; (25.353);-7 %;21 %;20%; (1%);
47;47-2152;Plumbers, Pipefitters, and Steamfitters;Millennial; 	154.043 ;128.561; (25.482);-17 %;33 %;31%; (2%);
53;53-3033;Light Truck or Delivery Services Drivers;Millennial; 	209.402 ;183.028; (26.374);-13 %;23 %;22%; (1%);
43;43-5071;Shipping, Receiving, and Traffic Clerks;Millennial; 	234.103 ;207.280; (26.823);-11 %;30 %;30%;0%;
11;11-9021;Construction Managers;Millennial; 	94.581 ;66.769; (27.812);-29 %;18 %;17%; (1%);
47;47-2141;Painters, Construction and Maintenance;Millennial; 	128.754 ;99.502; (29.252);-23 %;27 %;25%; (2%);
53;53-7062;Laborers and Freight, Stock, and Material Movers, Hand;Millennial; 	760.334 ;724.976; (35.358);-5 %;32 %;32%;0%;
47;47-1011;First-Line Supervisors of Construction Trades and Extraction Workers;Millennial; 	154.906 ;119.319; (35.587);-23 %;20 %;19%; (1%);
11;11-1021;General and Operations Managers;Millennial; 	413.598 ;377.253; (36.345);-9 %;19 %;20%;1%;
41;41-4012;Sales Representatives, Wholesale and Manufacturing, Except Technical and Scientific Products;Millennial; 	364.445 ;325.234; (39.211);-11 %;22 %;21%; (1%);
47;47-2111;Electricians;Millennial; 	236.487 ;194.443; (42.044);-18 %;33 %;31%; (2%);
53;53-3032;Heavy and Tractor-Trailer Truck Drivers;Millennial; 	369.694 ;323.909; (45.785);-12 %;19 %;18%; (1%);
43;43-6014;Secretaries and Administrative Assistants, Except Legal, Medical, and Executive;Millennial; 	622.918 ;569.072; (53.846);-9 %;23 %;23%; (0%);
51;51-2092;Team Assemblers;Millennial; 	337.012 ;282.772; (54.240);-16 %;28 %;27%; (1%);
47;47-2061;Construction Laborers;Millennial; 	466.606 ;393.332; (73.274);-16 %;33 %;32%; (1%);
47;47-2031;Carpenters;Millennial; 	401.192 ;288.981; (112.211);-28 %;30 %;29%; (1%);
